Ma_KH,Ten_KH_Masked,Phan_Khuc_KH,Ma_DVKD,So_Du_CASA_Trieu_VND,Co_Tien_Gui_FD,So_Du_FD_Trieu_VND,Co_The_Tin_Dung,Hang_The_TD,Doanh_So_Chi_Tieu_The_Trieu_VND,Trang_Thai_Reactive,So_Luong_SP_Su_Dung
KH_000001,Nguyễn * * Quân,Mass Affluent,DVKD_014,131.4,Có,332.98,Có,Classic Standard,33.33,Bình thường,3
KH_000002,Đỗ * * An,Mass,DVKD_004,105.35,Không,0.0,Có,Classic Standard,8.69,Bình thường,2
KH_000003,Đỗ * * Cường,Mass,DVKD_010,46.09,Không,0.0,Không,Chưa mở thẻ,0.0,Bình thường,1
KH_000004,Võ * * Tuấn,Mass,DVKD_005,31.95,Không,0.0,Có,Signature Infinite,37.07,Bình thường,2
KH_000005,Nguyễn * * Quân,Mass,DVKD_002,5.94,Có,1027.09,Có,Platinum CashBack,26.07,Bình thường,3
KH_000006,Bùi * * Mai,Mass,DVKD_023,5.94,Có,1596.25,Có,Platinum CashBack,31.4,Bình thường,3
KH_000007,Nguyễn * * Sơn,Mass,DVKD_002,2.09,Có,776.7,Không,Chưa mở thẻ,0.0,Bình thường,2
KH_000008,Nguyễn * * Sơn,Mass,DVKD_007,70.39,Không,0.0,Có,Gold Visa,18.74,Bình thường,2
KH_000009,Phan * * Bình,Private Banking,DVKD_020,257.34,Có,2451.33,Có,Classic Standard,42.98,Bình thường,3
KH_000010,Lê * * Thảo,Mass,DVKD_015,43.09,Không,0.0,Không,Chưa mở thẻ,0.0,Bình thường,1
KH_000011,Hoàng * * Phúc,Mass,DVKD_001,0.73,Không,0.0,Có,Classic Standard,21.61,Bình thường,2
KH_000012,Đỗ * * Cường,Priority VIP,DVKD_010,981.0,Có,1342.89,Không,Chưa mở thẻ,0.0,Bình thường,2
KH_000013,Phan * * Phúc,Mass,DVKD_002,62.53,Có,1798.45,Có,Platinum CashBack,11.05,Bình thường,3
KH_000014,Nguyễn * * Vy,Mass Affluent,DVKD_004,66.83,Có,1964.1,Có,Platinum CashBack,23.49,Đã kích hoạt lại thành công,3
KH_000015,Phan * * Vy,Private Banking,DVKD_018,56.19,Có,2093.24,Có,Platinum CashBack,41.3,Bình thường,3
KH_000016,Lê * * Quân,Mass Affluent,DVKD_006,56.73,Có,839.35,Có,Gold Visa,10.83,Bình thường,3
KH_000017,Phạm * * Nam,Mass,DVKD_016,12.7,Không,0.0,Có,Signature Infinite,21.13,Bình thường,2
KH_000018,Đỗ * * Huy,Priority VIP,DVKD_016,208.3,Có,2027.54,Có,Signature Infinite,6.13,Bình thường,3
KH_000019,Phạm * * Vy,Mass,DVKD_014,19.79,Có,530.85,Không,Chưa mở thẻ,0.0,Bình thường,2
KH_000020,Hoàng * * Phúc,Mass,DVKD_022,12.05,Có,1455.67,Không,Chưa mở thẻ,0.0,Bình thường,2
KH_000021,Trần * * Tuấn,Mass,DVKD_015,33.12,Không,0.0,Có,Gold Visa,41.52,Bình thường,2
KH_000022,Huỳnh * * Linh,Mass,DVKD_017,5.26,Không,0.0,Không,Chưa mở thẻ,0.0,Bình thường,1
KH_000023,Vũ * * Quân,Priority VIP,DVKD_006,96.74,Không,0.0,Có,Gold Visa,29.66,Bình thường,2
KH_000024,Phạm * * Sơn,Mass,DVKD_004,15.97,Không,0.0,Có,Signature Infinite,25.58,Đã kích hoạt lại thành công,2
KH_000025,Hoàng * * Hương,Mass Affluent,DVKD_015,170.5,Có,2039.92,Có,Classic Standard,30.49,Bình thường,3
KH_000026,Phạm * * Tuấn,Mass,DVKD_003,53.83,Không,0.0,Không,Chưa mở thẻ,0.0,Bình thường,1
KH_000027,Huỳnh * * Dũng,Mass Affluent,DVKD_010,62.37,Có,2332.57,Có,Gold Visa,17.77,Bình thường,3
KH_000028,Phạm * * Mai,Mass,DVKD_024,25.27,Không,0.0,Không,Chưa mở thẻ,0.0,Đã kích hoạt lại thành công,1
KH_000029,Bùi * * Trang,Mass,DVKD_018,31.41,Không,0.0,Có,Gold Visa,27.99,Bình thường,2
KH_000030,Phan * * Huy,Mass Affluent,DVKD_006,13.32,Có,743.21,Không,Chưa mở thẻ,0.0,Bình thường,2
KH_000031,Vũ * * Vy,Mass,DVKD_016,32.74,Có,362.99,Không,Chưa mở thẻ,0.0,Bình thường,2
KH_000032,Phạm * * Tuấn,Mass,DVKD_014,6.54,Có,1416.75,Không,Chưa mở thẻ,0.0,Bình thường,2
KH_000033,Phan * * Thảo,Mass Affluent,DVKD_007,18.83,Không,0.0,Không,Chưa mở thẻ,0.0,Bình thường,1
KH_000034,Võ * * Tuấn,Mass,DVKD_017,104.08,Không,0.0,Có,Signature Infinite,31.53,Bình thường,2
KH_000035,Vũ * * Khoa,Priority VIP,DVKD_013,943.78,Có,698.1,Không,Chưa mở thẻ,0.0,Bình thường,2
KH_000036,Hoàng * * Khoa,Mass,DVKD_003,57.83,Không,0.0,Có,Gold Visa,24.85,Đã kích hoạt lại thành công,2
KH_000037,Trần * * Trang,Priority VIP,DVKD_018,101.72,Có,285.33,Không,Chưa mở thẻ,0.0,Bình thường,2
KH_000038,Võ * * Bình,Priority VIP,DVKD_014,28.78,Không,0.0,Có,Gold Visa,36.59,Bình thường,2
KH_000039,Lê * * Sơn,Mass,DVKD_023,40.35,Không,0.0,Có,Gold Visa,31.32,Bình thường,2
KH_000040,Đỗ * * Khoa,Mass,DVKD_014,20.3,Không,0.0,Không,Chưa mở thẻ,0.0,Bình thường,1
KH_000041,Phạm * * Linh,Mass Affluent,DVKD_018,36.44,Có,1369.26,Không,Chưa mở thẻ,0.0,Bình thường,2
KH_000042,Đỗ * * Thảo,Mass,DVKD_012,23.92,Có,1266.91,Có,Signature Infinite,41.47,Bình thường,3
KH_000043,Võ * * Tuấn,Mass,DVKD_006,1.22,Không,0.0,Có,Signature Infinite,44.63,Bình thường,2
KH_000044,Bùi * * Trang,Mass,DVKD_013,84.01,Có,2339.25,Không,Chưa mở thẻ,0.0,Bình thường,2
KH_000045,Bùi * * Quân,Mass Affluent,DVKD_024,83.85,Có,2003.34,Có,Gold Visa,15.65,Bình thường,3
KH_000046,Hoàng * * Huy,Mass,DVKD_008,38.02,Không,0.0,Có,Classic Standard,40.55,Đã kích hoạt lại thành công,2
KH_000047,Đỗ * * Nam,Mass,DVKD_020,13.07,Không,0.0,Có,Signature Infinite,8.46,Bình thường,2
KH_000048,Lê * * Nam,Mass Affluent,DVKD_022,205.55,Có,1238.7,Có,Platinum CashBack,38.48,Bình thường,3
KH_000049,Phạm * * Linh,Mass,DVKD_012,27.69,Không,0.0,Có,Platinum CashBack,43.15,Bình thường,2
KH_000050,Bùi * * Quân,Mass,DVKD_014,7.15,Có,927.7,Có,Gold Visa,36.85,Đang tiếp cận,3
KH_000051,Huỳnh * * Giang,Mass,DVKD_003,122.25,Có,1983.16,Không,Chưa mở thẻ,0.0,Bình thường,2
KH_000052,Vũ * * Khoa,Mass Affluent,DVKD_008,417.83,Có,1545.53,Có,Gold Visa,21.03,Bình thường,3
KH_000053,Nguyễn * * Bình,Mass,DVKD_003,98.18,Không,0.0,Không,Chưa mở thẻ,0.0,Bình thường,1
KH_000054,Vũ * * Phúc,Mass,DVKD_010,78.83,Không,0.0,Có,Signature Infinite,5.25,Đã kích hoạt lại thành công,2
KH_000055,Bùi * * Vy,Mass Affluent,DVKD_007,255.1,Có,1381.74,Có,Signature Infinite,12.32,Đã kích hoạt lại thành công,3
KH_000056,Phan * * Trang,Mass,DVKD_003,89.23,Có,245.18,Không,Chưa mở thẻ,0.0,Bình thường,2
KH_000057,Bùi * * Khoa,Mass,DVKD_002,3.24,Không,0.0,Có,Signature Infinite,12.39,Bình thường,2
KH_000058,Võ * * Mai,Mass,DVKD_007,7.63,Có,1955.13,Có,Classic Standard,15.9,Bình thường,3
KH_000059,Đỗ * * Sơn,Mass,DVKD_022,1.62,Có,1984.0,Có,Platinum CashBack,27.57,Bình thường,3
KH_000060,Lê * * An,Mass Affluent,DVKD_012,110.19,Không,0.0,Có,Platinum CashBack,43.28,Bình thường,2
KH_000061,Bùi * * Sơn,Priority VIP,DVKD_001,137.8,Có,1700.85,Không,Chưa mở thẻ,0.0,Bình thường,2
KH_000062,Võ * * Sơn,Mass,DVKD_019,11.08,Có,1952.55,Không,Chưa mở thẻ,0.0,Bình thường,2
KH_000063,Huỳnh * * Sơn,Mass Affluent,DVKD_008,494.08,Không,0.0,Có,Signature Infinite,42.5,Bình thường,2
KH_000064,Huỳnh * * Trang,Mass,DVKD_012,15.44,Không,0.0,Có,Gold Visa,28.16,Bình thường,2
KH_000065,Nguyễn * * Bình,Mass Affluent,DVKD_017,92.34,Có,2171.13,Không,Chưa mở thẻ,0.0,Bình thường,2
KH_000066,Đặng * * Vy,Mass,DVKD_018,27.38,Có,1779.84,Có,Classic Standard,9.32,Bình thường,3
KH_000067,Trần * * Mai,Mass,DVKD_010,5.32,Không,0.0,Không,Chưa mở thẻ,0.0,Bình thường,1
KH_000068,Nguyễn * * Giang,Mass,DVKD_022,56.72,Không,0.0,Có,Gold Visa,32.21,Đã kích hoạt lại thành công,2
KH_000069,Bùi * * An,Mass,DVKD_002,2.71,Không,0.0,Không,Chưa mở thẻ,0.0,Bình thường,1
KH_000070,Lê * * Huy,Mass,DVKD_022,151.7,Có,837.96,Không,Chưa mở thẻ,0.0,Bình thường,2
KH_000071,Hoàng * * Mai,Mass,DVKD_002,51.78,Không,0.0,Có,Classic Standard,40.01,Bình thường,2
KH_000072,Nguyễn * * Quân,Mass,DVKD_024,7.75,Có,1269.63,Có,Gold Visa,7.56,Bình thường,3
KH_000073,Nguyễn * * Huy,Mass,DVKD_002,0.19,Có,2270.8,Có,Classic Standard,39.03,Bình thường,3
KH_000074,Lê * * Trang,Mass Affluent,DVKD_017,473.17,Có,755.84,Có,Gold Visa,23.34,Bình thường,3
KH_000075,Đỗ * * Khoa,Mass,DVKD_005,42.95,Không,0.0,Có,Gold Visa,28.43,Bình thường,2
KH_000076,Phan * * Sơn,Mass,DVKD_004,45.7,Có,589.22,Có,Classic Standard,37.86,Đã kích hoạt lại thành công,3
KH_000077,Bùi * * Nam,Mass,DVKD_008,51.63,Không,0.0,Có,Signature Infinite,41.08,Bình thường,2
KH_000078,Huỳnh * * Bình,Mass Affluent,DVKD_008,21.54,Có,876.81,Không,Chưa mở thẻ,0.0,Bình thường,2
KH_000079,Đặng * * Giang,Mass,DVKD_013,15.54,Không,0.0,Không,Chưa mở thẻ,0.0,Bình thường,1
KH_000080,Huỳnh * * Trang,Priority VIP,DVKD_016,34.48,Có,448.12,Không,Chưa mở thẻ,0.0,Đã kích hoạt lại thành công,2
KH_000081,Đỗ * * Vy,Mass,DVKD_016,69.6,Không,0.0,Có,Signature Infinite,14.15,Bình thường,2
KH_000082,Đỗ * * Nam,Mass,DVKD_006,34.17,Có,861.71,Có,Gold Visa,36.87,Bình thường,3
KH_000083,Võ * * Vy,Mass,DVKD_016,14.06,Không,0.0,Không,Chưa mở thẻ,0.0,Bình thường,1
KH_000084,Hoàng * * Huy,Mass Affluent,DVKD_013,18.39,Có,897.55,Không,Chưa mở thẻ,0.0,Bình thường,2
KH_000085,Vũ * * Tuấn,Private Banking,DVKD_020,104.3,Không,0.0,Có,Gold Visa,37.37,Bình thường,2
KH_000086,Phạm * * Huy,Mass Affluent,DVKD_021,110.13,Có,1125.81,Có,Classic Standard,11.84,Bình thường,3
KH_000087,Võ * * Quân,Mass,DVKD_019,45.78,Có,364.69,Có,Classic Standard,20.28,Bình thường,3
KH_000088,Lê * * Thảo,Mass Affluent,DVKD_006,284.17,Không,0.0,Có,Signature Infinite,23.61,Bình thường,2
KH_000089,Trần * * Dũng,Mass Affluent,DVKD_019,611.03,Có,1570.02,Có,Classic Standard,27.7,Bình thường,3
KH_000090,Phạm * * Nam,Mass,DVKD_012,22.37,Có,1412.83,Có,Classic Standard,43.66,Bình thường,3
KH_000091,Hoàng * * Vy,Mass,DVKD_009,4.46,Không,0.0,Có,Signature Infinite,18.66,Bình thường,2
KH_000092,Lê * * Hương,Mass Affluent,DVKD_020,349.76,Có,2412.86,Không,Chưa mở thẻ,0.0,Bình thường,2
KH_000093,Đỗ * * Dũng,Mass Affluent,DVKD_007,400.51,Có,1427.14,Không,Chưa mở thẻ,0.0,Bình thường,2
KH_000094,Đặng * * Trang,Mass Affluent,DVKD_008,230.69,Có,2391.52,Không,Chưa mở thẻ,0.0,Bình thường,2
KH_000095,Phan * * Quân,Mass,DVKD_012,51.59,Có,1992.04,Có,Classic Standard,15.14,Bình thường,3
KH_000096,Phan * * Quân,Mass,DVKD_003,23.83,Không,0.0,Không,Chưa mở thẻ,0.0,Bình thường,1
KH_000097,Trần * * Quân,Mass,DVKD_006,25.89,Không,0.0,Có,Classic Standard,6.22,Đã kích hoạt lại thành công,2
KH_000098,Phan * * Dũng,Mass,DVKD_023,19.52,Không,0.0,Không,Chưa mở thẻ,0.0,Bình thường,1
KH_000099,Phạm * * Mai,Mass,DVKD_023,0.9,Không,0.0,Có,Gold Visa,29.28,Bình thường,2
KH_000100,Đặng * * Trang,Mass,DVKD_006,4.0,Không,0.0,Không,Chưa mở thẻ,0.0,Đang tiếp cận,1
KH_000101,Đặng * * Nam,Priority VIP,DVKD_021,8.94,Có,2228.67,Không,Chưa mở thẻ,0.0,Bình thường,2
KH_000102,Phạm * * Phúc,Mass,DVKD_022,35.41,Có,200.44,Không,Chưa mở thẻ,0.0,Bình thường,2
KH_000103,Trần * * Bình,Priority VIP,DVKD_008,105.67,Có,757.67,Có,Classic Standard,9.77,Bình thường,3
KH_000104,Võ * * Giang,Mass,DVKD_011,24.87,Có,994.96,Không,Chưa mở thẻ,0.0,Bình thường,2
KH_000105,Bùi * * Sơn,Mass,DVKD_002,83.34,Có,1597.17,Không,Chưa mở thẻ,0.0,Bình thường,2
KH_000106,Phạm * * Bình,Mass,DVKD_020,10.04,Không,0.0,Có,Signature Infinite,37.48,Bình thường,2
KH_000107,Hoàng * * Tuấn,Mass,DVKD_017,18.49,Không,0.0,Không,Chưa mở thẻ,0.0,Bình thường,1
KH_000108,Đặng * * Phúc,Mass,DVKD_021,49.31,Có,259.94,Không,Chưa mở thẻ,0.0,Bình thường,2
KH_000109,Nguyễn * * Quân,Mass,DVKD_016,9.09,Có,1366.19,Có,Platinum CashBack,40.8,Bình thường,3
KH_000110,Võ * * Mai,Mass Affluent,DVKD_009,22.43,Có,234.16,Có,Gold Visa,24.47,Bình thường,3
KH_000111,Võ * * Dũng,Mass Affluent,DVKD_008,95.8,Có,2348.16,Có,Classic Standard,15.03,Bình thường,3
KH_000112,Đỗ * * Linh,Mass,DVKD_009,6.15,Có,904.53,Không,Chưa mở thẻ,0.0,Bình thường,2
KH_000113,Đặng * * Sơn,Priority VIP,DVKD_021,743.39,Không,0.0,Không,Chưa mở thẻ,0.0,Bình thường,1
KH_000114,Lê * * Dũng,Priority VIP,DVKD_009,462.25,Có,627.47,Có,Signature Infinite,41.0,Bình thường,3
KH_000115,Vũ * * Thảo,Mass Affluent,DVKD_011,280.98,Không,0.0,Có,Signature Infinite,28.21,Bình thường,2
KH_000116,Phan * * Giang,Priority VIP,DVKD_017,574.43,Có,975.4,Không,Chưa mở thẻ,0.0,Bình thường,2
KH_000117,Phan * * Khoa,Mass,DVKD_003,56.98,Có,1443.0,Có,Signature Infinite,6.02,Bình thường,3
KH_000118,Lê * * Hương,Mass Affluent,DVKD_019,57.82,Có,762.42,Không,Chưa mở thẻ,0.0,Bình thường,2
KH_000119,Võ * * Khoa,Mass,DVKD_024,78.08,Không,0.0,Không,Chưa mở thẻ,0.0,Đã kích hoạt lại thành công,1
KH_000120,Trần * * Mai,Mass,DVKD_022,27.13,Có,426.07,Không,Chưa mở thẻ,0.0,Bình thường,2
KH_000121,Đặng * * Trang,Mass,DVKD_015,57.66,Không,0.0,Có,Platinum CashBack,20.99,Bình thường,2
KH_000122,Trần * * Huy,Mass Affluent,DVKD_022,633.99,Có,1850.93,Có,Signature Infinite,42.88,Đã kích hoạt lại thành công,3
KH_000123,Phan * * Giang,Mass,DVKD_004,13.4,Không,0.0,Không,Chưa mở thẻ,0.0,Bình thường,1
KH_000124,Trần * * Phúc,Mass Affluent,DVKD_010,32.65,Có,1761.38,Có,Classic Standard,23.34,Bình thường,3
KH_000125,Phan * * Huy,Mass Affluent,DVKD_010,72.43,Không,0.0,Có,Platinum CashBack,41.15,Bình thường,2
KH_000126,Phan * * Huy,Mass,DVKD_002,19.5,Không,0.0,Có,Classic Standard,36.72,Bình thường,2
KH_000127,Võ * * Khoa,Priority VIP,DVKD_006,477.07,Không,0.0,Có,Gold Visa,17.01,Bình thường,2
KH_000128,Nguyễn * * Sơn,Mass,DVKD_024,69.0,Có,978.23,Có,Classic Standard,10.99,Bình thường,3
KH_000129,Phạm * * Giang,Mass,DVKD_011,0.24,Không,0.0,Không,Chưa mở thẻ,0.0,Bình thường,1
KH_000130,Hoàng * * An,Mass,DVKD_016,25.02,Có,309.85,Có,Classic Standard,8.77,Bình thường,3
KH_000131,Đỗ * * Hương,Mass Affluent,DVKD_017,151.28,Có,932.4,Không,Chưa mở thẻ,0.0,Đã kích hoạt lại thành công,2
KH_000132,Vũ * * Quân,Mass,DVKD_024,8.79,Không,0.0,Không,Chưa mở thẻ,0.0,Bình thường,1
KH_000133,Vũ * * Mai,Mass,DVKD_007,4.47,Không,0.0,Không,Chưa mở thẻ,0.0,Bình thường,1
KH_000134,Vũ * * Hương,Mass,DVKD_002,14.42,Không,0.0,Có,Gold Visa,30.9,Bình thường,2
KH_000135,Hoàng * * Mai,Mass Affluent,DVKD_004,801.67,Có,2381.52,Có,Platinum CashBack,11.4,Bình thường,3
KH_000136,Phan * * Trang,Private Banking,DVKD_001,109.31,Có,886.53,Không,Chưa mở thẻ,0.0,Bình thường,2
KH_000137,Huỳnh * * Mai,Mass Affluent,DVKD_010,204.81,Có,302.82,Có,Signature Infinite,31.2,Bình thường,3
KH_000138,Đỗ * * Nam,Mass,DVKD_014,42.49,Không,0.0,Có,Signature Infinite,31.47,Bình thường,2
KH_000139,Võ * * Vy,Mass,DVKD_023,15.82,Có,424.54,Không,Chưa mở thẻ,0.0,Bình thường,2
KH_000140,Võ * * Phúc,Mass,DVKD_002,124.87,Không,0.0,Không,Chưa mở thẻ,0.0,Bình thường,1
KH_000141,Trần * * Linh,Mass,DVKD_014,114.87,Không,0.0,Có,Signature Infinite,9.65,Bình thường,2
KH_000142,Huỳnh * * Thảo,Mass,DVKD_020,10.15,Không,0.0,Không,Chưa mở thẻ,0.0,Bình thường,1
KH_000143,Phạm * * Cường,Mass,DVKD_001,24.07,Có,1027.3,Có,Signature Infinite,14.53,Bình thường,3
KH_000144,Phạm * * Sơn,Mass,DVKD_012,12.53,Có,2152.53,Không,Chưa mở thẻ,0.0,Bình thường,2
KH_000145,Bùi * * Nam,Mass Affluent,DVKD_013,93.87,Có,1685.77,Không,Chưa mở thẻ,0.0,Bình thường,2
KH_000146,Nguyễn * * Cường,Mass Affluent,DVKD_016,10.52,Có,1438.11,Có,Signature Infinite,10.8,Bình thường,3
KH_000147,Phạm * * Nam,Mass Affluent,DVKD_022,263.34,Có,792.24,Không,Chưa mở thẻ,0.0,Bình thường,2
KH_000148,Phạm * * Vy,Mass Affluent,DVKD_014,195.59,Có,359.05,Có,Platinum CashBack,10.95,Bình thường,3
KH_000149,Lê * * Giang,Mass Affluent,DVKD_014,14.8,Có,178.98,Có,Gold Visa,37.66,Đã kích hoạt lại thành công,3
KH_000150,Vũ * * Huy,Mass Affluent,DVKD_017,91.46,Có,242.25,Có,Classic Standard,7.11,Bình thường,3
KH_000151,Phan * * Huy,Mass,DVKD_018,83.61,Có,1610.4,Không,Chưa mở thẻ,0.0,Bình thường,2
KH_000152,Võ * * Trang,Mass,DVKD_019,9.59,Có,2369.02,Không,Chưa mở thẻ,0.0,Đang tiếp cận,2
KH_000153,Đặng * * Thảo,Mass Affluent,DVKD_016,43.83,Có,146.25,Có,Classic Standard,31.78,Bình thường,3
KH_000154,Huỳnh * * An,Mass Affluent,DVKD_006,188.24,Có,1940.93,Có,Platinum CashBack,12.99,Đã kích hoạt lại thành công,3
KH_000155,Đặng * * Mai,Mass Affluent,DVKD_015,1188.33,Có,1734.71,Không,Chưa mở thẻ,0.0,Bình thường,2
KH_000156,Võ * * Linh,Mass Affluent,DVKD_011,77.6,Không,0.0,Có,Platinum CashBack,18.82,Bình thường,2
KH_000157,Hoàng * * Quân,Priority VIP,DVKD_006,312.24,Có,1157.1,Có,Platinum CashBack,33.63,Bình thường,3
KH_000158,Bùi * * Vy,Mass,DVKD_024,50.19,Không,0.0,Có,Classic Standard,33.83,Bình thường,2
KH_000159,Huỳnh * * Linh,Mass Affluent,DVKD_007,75.97,Có,2035.39,Có,Platinum CashBack,19.57,Bình thường,3
KH_000160,Đỗ * * Phúc,Priority VIP,DVKD_024,364.77,Không,0.0,Có,Signature Infinite,42.66,Đã kích hoạt lại thành công,2
KH_000161,Phan * * Mai,Mass,DVKD_003,16.05,Không,0.0,Có,Classic Standard,43.63,Đã kích hoạt lại thành công,2
KH_000162,Bùi * * Huy,Mass,DVKD_010,35.02,Có,368.72,Có,Platinum CashBack,7.06,Bình thường,3
KH_000163,Phạm * * Phúc,Mass Affluent,DVKD_007,281.07,Có,1177.92,Có,Gold Visa,25.54,Đã kích hoạt lại thành công,3
KH_000164,Huỳnh * * Thảo,Priority VIP,DVKD_010,214.87,Có,2425.61,Không,Chưa mở thẻ,0.0,Bình thường,2
KH_000165,Trần * * An,Mass,DVKD_014,3.31,Có,1559.98,Có,Gold Visa,7.36,Bình thường,3
KH_000166,Phạm * * Linh,Mass,DVKD_002,63.13,Có,1504.13,Có,Classic Standard,12.77,Bình thường,3
KH_000167,Huỳnh * * Cường,Mass Affluent,DVKD_008,108.31,Có,1362.16,Có,Signature Infinite,30.12,Bình thường,3
KH_000168,Đặng * * Khoa,Priority VIP,DVKD_023,57.8,Có,2435.19,Có,Classic Standard,6.4,Bình thường,3
KH_000169,Lê * * Tuấn,Mass,DVKD_023,1.46,Không,0.0,Có,Platinum CashBack,5.85,Bình thường,2
KH_000170,Võ * * Giang,Mass,DVKD_005,31.28,Có,2295.73,Có,Signature Infinite,9.58,Bình thường,3
KH_000171,Huỳnh * * Giang,Mass,DVKD_012,39.61,Không,0.0,Có,Gold Visa,31.49,Bình thường,2
KH_000172,Lê * * Dũng,Mass,DVKD_003,0.59,Không,0.0,Có,Gold Visa,29.95,Bình thường,2
KH_000173,Võ * * Nam,Mass,DVKD_018,25.12,Không,0.0,Có,Platinum CashBack,42.54,Đã kích hoạt lại thành công,2
KH_000174,Phan * * Khoa,Mass,DVKD_012,8.99,Không,0.0,Có,Platinum CashBack,12.57,Bình thường,2
KH_000175,Phạm * * Quân,Mass,DVKD_008,36.26,Không,0.0,Không,Chưa mở thẻ,0.0,Bình thường,1
KH_000176,Bùi * * Dũng,Priority VIP,DVKD_017,53.65,Có,1281.88,Không,Chưa mở thẻ,0.0,Bình thường,2
KH_000177,Phạm * * Sơn,Mass,DVKD_024,41.1,Có,137.61,Có,Signature Infinite,41.31,Bình thường,3
KH_000178,Phan * * Khoa,Mass Affluent,DVKD_024,136.91,Có,1773.22,Có,Classic Standard,19.88,Bình thường,3
KH_000179,Trần * * Vy,Mass,DVKD_003,96.61,Có,1878.5,Có,Gold Visa,44.1,Đã kích hoạt lại thành công,3
KH_000180,Võ * * Linh,Mass Affluent,DVKD_013,41.42,Có,1496.14,Không,Chưa mở thẻ,0.0,Bình thường,2
KH_000181,Trần * * Cường,Mass,DVKD_015,14.6,Không,0.0,Có,Signature Infinite,5.21,Bình thường,2
KH_000182,Đỗ * * Giang,Mass Affluent,DVKD_019,33.72,Có,1828.04,Có,Platinum CashBack,28.37,Bình thường,3
KH_000183,Huỳnh * * Cường,Mass,DVKD_003,90.52,Không,0.0,Không,Chưa mở thẻ,0.0,Bình thường,1
KH_000184,Đặng * * Linh,Mass,DVKD_009,73.44,Không,0.0,Không,Chưa mở thẻ,0.0,Bình thường,1
KH_000185,Hoàng * * Vy,Mass,DVKD_022,10.44,Có,236.83,Không,Chưa mở thẻ,0.0,Bình thường,2
KH_000186,Võ * * Linh,Mass,DVKD_011,37.76,Không,0.0,Không,Chưa mở thẻ,0.0,Bình thường,1
KH_000187,Nguyễn * * Hương,Mass Affluent,DVKD_015,475.86,Có,724.46,Có,Signature Infinite,8.41,Đã kích hoạt lại thành công,3
KH_000188,Đỗ * * Cường,Mass,DVKD_020,28.35,Có,1316.55,Không,Chưa mở thẻ,0.0,Bình thường,2
KH_000189,Lê * * Nam,Mass,DVKD_020,26.4,Không,0.0,Không,Chưa mở thẻ,0.0,Bình thường,1
KH_000190,Vũ * * Vy,Mass,DVKD_008,9.69,Không,0.0,Không,Chưa mở thẻ,0.0,Bình thường,1
KH_000191,Đỗ * * Sơn,Mass,DVKD_020,3.42,Có,1601.44,Có,Classic Standard,30.36,Đang tiếp cận,3
KH_000192,Nguyễn * * Vy,Mass,DVKD_019,79.63,Không,0.0,Có,Platinum CashBack,12.23,Bình thường,2
KH_000193,Trần * * Nam,Private Banking,DVKD_001,645.9,Có,1749.21,Không,Chưa mở thẻ,0.0,Bình thường,2
KH_000194,Huỳnh * * Giang,Priority VIP,DVKD_016,280.75,Có,2422.47,Có,Classic Standard,7.86,Bình thường,3
KH_000195,Hoàng * * Tuấn,Mass,DVKD_001,14.49,Có,1032.81,Có,Platinum CashBack,16.15,Bình thường,3
KH_000196,Lê * * Khoa,Priority VIP,DVKD_009,120.28,Không,0.0,Không,Chưa mở thẻ,0.0,Bình thường,1
KH_000197,Phạm * * Dũng,Mass Affluent,DVKD_019,362.45,Có,1611.33,Không,Chưa mở thẻ,0.0,Bình thường,2
KH_000198,Huỳnh * * Vy,Mass Affluent,DVKD_024,636.75,Không,0.0,Không,Chưa mở thẻ,0.0,Bình thường,1
KH_000199,Phan * * Huy,Mass,DVKD_013,76.34,Không,0.0,Không,Chưa mở thẻ,0.0,Bình thường,1
KH_000200,Võ * * Nam,Mass Affluent,DVKD_004,423.8,Có,1087.12,Có,Signature Infinite,29.54,Bình thường,3
KH_000201,Trần * * An,Priority VIP,DVKD_011,287.65,Không,0.0,Không,Chưa mở thẻ,0.0,Bình thường,1
KH_000202,Nguyễn * * Khoa,Mass,DVKD_020,3.08,Không,0.0,Có,Signature Infinite,41.88,Bình thường,2
KH_000203,Nguyễn * * Bình,Mass Affluent,DVKD_021,49.36,Không,0.0,Không,Chưa mở thẻ,0.0,Bình thường,1
KH_000204,Trần * * An,Mass Affluent,DVKD_017,640.7,Không,0.0,Có,Gold Visa,19.79,Bình thường,2
KH_000205,Lê * * Giang,Mass,DVKD_024,32.64,Không,0.0,Có,Platinum CashBack,30.91,Bình thường,2
KH_000206,Vũ * * Bình,Mass,DVKD_016,0.32,Không,0.0,Có,Classic Standard,43.28,Đang tiếp cận,2
KH_000207,Phạm * * Nam,Mass Affluent,DVKD_004,29.96,Có,1093.37,Không,Chưa mở thẻ,0.0,Bình thường,2
KH_000208,Huỳnh * * Giang,Mass,DVKD_011,38.12,Không,0.0,Có,Platinum CashBack,43.5,Đã kích hoạt lại thành công,2
KH_000209,Hoàng * * Sơn,Mass,DVKD_014,0.18,Có,2488.58,Không,Chưa mở thẻ,0.0,Bình thường,2
KH_000210,Trần * * Trang,Mass,DVKD_015,6.14,Không,0.0,Không,Chưa mở thẻ,0.0,Bình thường,1
KH_000211,Trần * * Khoa,Mass,DVKD_023,27.85,Không,0.0,Không,Chưa mở thẻ,0.0,Bình thường,1
KH_000212,Trần * * Trang,Mass,DVKD_018,41.21,Có,883.36,Không,Chưa mở thẻ,0.0,Bình thường,2
KH_000213,Đặng * * Huy,Priority VIP,DVKD_009,295.52,Có,1064.33,Không,Chưa mở thẻ,0.0,Bình thường,2
KH_000214,Huỳnh * * Vy,Mass Affluent,DVKD_013,71.11,Có,656.56,Không,Chưa mở thẻ,0.0,Bình thường,2
KH_000215,Võ * * Dũng,Private Banking,DVKD_015,348.72,Có,2083.82,Không,Chưa mở thẻ,0.0,Bình thường,2
KH_000216,Võ * * Quân,Priority VIP,DVKD_002,75.83,Không,0.0,Có,Classic Standard,26.61,Bình thường,2
KH_000217,Đỗ * * Linh,Mass,DVKD_016,13.78,Không,0.0,Có,Signature Infinite,30.91,Bình thường,2
KH_000218,Hoàng * * Thảo,Mass,DVKD_003,48.03,Có,1482.14,Có,Gold Visa,6.61,Bình thường,3
KH_000219,Hoàng * * Thảo,Mass,DVKD_020,36.71,Không,0.0,Có,Classic Standard,22.95,Bình thường,2
KH_000220,Nguyễn * * Hương,Mass,DVKD_003,66.22,Không,0.0,Không,Chưa mở thẻ,0.0,Bình thường,1
KH_000221,Trần * * Thảo,Mass,DVKD_018,37.51,Không,0.0,Có,Platinum CashBack,12.65,Bình thường,2
KH_000222,Trần * * Phúc,Mass,DVKD_017,29.4,Không,0.0,Không,Chưa mở thẻ,0.0,Bình thường,1
KH_000223,Phan * * Khoa,Mass Affluent,DVKD_007,27.54,Không,0.0,Có,Platinum CashBack,38.04,Bình thường,2
KH_000224,Đặng * * Giang,Mass,DVKD_024,16.04,Không,0.0,Có,Gold Visa,9.15,Đã kích hoạt lại thành công,2
KH_000225,Trần * * Khoa,Mass Affluent,DVKD_020,86.28,Có,159.09,Không,Chưa mở thẻ,0.0,Bình thường,2
KH_000226,Đỗ * * An,Mass,DVKD_020,9.79,Không,0.0,Không,Chưa mở thẻ,0.0,Bình thường,1
KH_000227,Đỗ * * Cường,Mass,DVKD_023,126.43,Không,0.0,Có,Platinum CashBack,36.27,Bình thường,2
KH_000228,Bùi * * Giang,Priority VIP,DVKD_006,139.83,Có,1729.45,Có,Platinum CashBack,36.68,Bình thường,3
KH_000229,Phạm * * Dũng,Mass,DVKD_021,77.91,Không,0.0,Có,Platinum CashBack,32.3,Bình thường,2
KH_000230,Hoàng * * Phúc,Mass,DVKD_015,34.91,Không,0.0,Có,Platinum CashBack,24.19,Bình thường,2
KH_000231,Huỳnh * * Bình,Mass,DVKD_019,55.43,Có,1025.82,Có,Classic Standard,22.03,Bình thường,3
KH_000232,Đỗ * * Quân,Mass,DVKD_014,24.45,Không,0.0,Có,Platinum CashBack,6.02,Bình thường,2
KH_000233,Đặng * * Quân,Private Banking,DVKD_008,240.84,Không,0.0,Có,Classic Standard,10.68,Bình thường,2
KH_000234,Lê * * Dũng,Mass,DVKD_018,23.74,Có,843.99,Không,Chưa mở thẻ,0.0,Bình thường,2
KH_000235,Vũ * * An,Mass,DVKD_008,7.6,Có,1364.84,Có,Platinum CashBack,39.28,Bình thường,3
KH_000236,Võ * * Hương,Mass,DVKD_018,44.86,Không,0.0,Không,Chưa mở thẻ,0.0,Bình thường,1
KH_000237,Lê * * Huy,Mass Affluent,DVKD_006,92.28,Có,212.91,Không,Chưa mở thẻ,0.0,Bình thường,2
KH_000238,Hoàng * * Vy,Mass,DVKD_017,0.86,Có,1083.74,Có,Platinum CashBack,27.66,Bình thường,3
KH_000239,Phạm * * Vy,Priority VIP,DVKD_022,290.35,Có,2213.9,Có,Platinum CashBack,26.16,Đã kích hoạt lại thành công,3
KH_000240,Đỗ * * Tuấn,Mass,DVKD_007,6.82,Có,592.94,Có,Gold Visa,22.53,Bình thường,3
KH_000241,Bùi * * Huy,Private Banking,DVKD_003,789.9,Không,0.0,Không,Chưa mở thẻ,0.0,Bình thường,1
KH_000242,Phạm * * Trang,Mass Affluent,DVKD_017,861.72,Không,0.0,Có,Signature Infinite,11.17,Bình thường,2
KH_000243,Trần * * Hương,Mass,DVKD_003,86.22,Không,0.0,Có,Classic Standard,8.55,Bình thường,2
KH_000244,Trần * * Nam,Mass,DVKD_020,16.18,Có,1796.97,Có,Classic Standard,38.7,Bình thường,3
KH_000245,Đỗ * * Sơn,Mass,DVKD_019,0.55,Không,0.0,Có,Platinum CashBack,29.45,Bình thường,2
KH_000246,Trần * * Giang,Mass,DVKD_010,92.24,Không,0.0,Không,Chưa mở thẻ,0.0,Bình thường,1
KH_000247,Huỳnh * * Dũng,Mass,DVKD_024,19.56,Không,0.0,Có,Classic Standard,25.59,Bình thường,2
KH_000248,Bùi * * Phúc,Mass,DVKD_024,119.03,Không,0.0,Có,Signature Infinite,36.64,Bình thường,2
KH_000249,Đặng * * Sơn,Mass Affluent,DVKD_009,927.85,Không,0.0,Không,Chưa mở thẻ,0.0,Bình thường,1
KH_000250,Võ * * Hương,Mass,DVKD_024,67.11,Không,0.0,Không,Chưa mở thẻ,0.0,Bình thường,1
KH_000251,Trần * * An,Mass,DVKD_012,12.21,Không,0.0,Không,Chưa mở thẻ,0.0,Bình thường,1
KH_000252,Hoàng * * Linh,Mass Affluent,DVKD_014,136.16,Có,171.09,Có,Gold Visa,28.37,Bình thường,3
KH_000253,Phan * * Khoa,Mass Affluent,DVKD_006,533.32,Có,952.26,Có,Platinum CashBack,41.52,Bình thường,3
KH_000254,Trần * * Giang,Priority VIP,DVKD_023,106.72,Không,0.0,Không,Chưa mở thẻ,0.0,Bình thường,1
KH_000255,Đỗ * * Nam,Mass,DVKD_002,6.5,Không,0.0,Không,Chưa mở thẻ,0.0,Bình thường,1
KH_000256,Phan * * Bình,Private Banking,DVKD_004,227.85,Không,0.0,Có,Platinum CashBack,43.45,Bình thường,2
KH_000257,Đặng * * Dũng,Mass Affluent,DVKD_020,770.36,Không,0.0,Có,Classic Standard,30.81,Bình thường,2
KH_000258,Trần * * Linh,Mass Affluent,DVKD_009,333.43,Có,234.24,Có,Gold Visa,33.15,Bình thường,3
KH_000259,Hoàng * * Giang,Mass,DVKD_011,29.54,Có,908.52,Có,Platinum CashBack,44.63,Bình thường,3
KH_000260,Phan * * Linh,Mass Affluent,DVKD_015,28.62,Không,0.0,Không,Chưa mở thẻ,0.0,Bình thường,1
KH_000261,Bùi * * Cường,Mass,DVKD_015,33.41,Không,0.0,Có,Platinum CashBack,43.12,Bình thường,2
KH_000262,Trần * * Khoa,Mass,DVKD_021,161.37,Có,1886.19,Không,Chưa mở thẻ,0.0,Bình thường,2
KH_000263,Trần * * Dũng,Mass,DVKD_004,5.28,Không,0.0,Có,Signature Infinite,39.47,Bình thường,2
KH_000264,Huỳnh * * An,Mass,DVKD_018,25.57,Không,0.0,Có,Classic Standard,31.99,Bình thường,2
KH_000265,Trần * * Quân,Mass,DVKD_001,73.45,Không,0.0,Không,Chưa mở thẻ,0.0,Bình thường,1
KH_000266,Phan * * Quân,Priority VIP,DVKD_024,378.01,Có,2211.51,Có,Classic Standard,7.05,Bình thường,3
KH_000267,Huỳnh * * Bình,Mass,DVKD_021,41.79,Có,2009.27,Có,Signature Infinite,43.08,Bình thường,3
KH_000268,Trần * * Hương,Mass,DVKD_008,42.43,Có,691.29,Không,Chưa mở thẻ,0.0,Đã kích hoạt lại thành công,2
KH_000269,Phạm * * Giang,Mass,DVKD_022,15.59,Không,0.0,Có,Gold Visa,15.36,Bình thường,2
KH_000270,Nguyễn * * Hương,Priority VIP,DVKD_013,97.32,Có,900.13,Không,Chưa mở thẻ,0.0,Bình thường,2
KH_000271,Võ * * Thảo,Mass,DVKD_021,58.01,Không,0.0,Có,Gold Visa,21.21,Bình thường,2
KH_000272,Hoàng * * Giang,Mass,DVKD_004,58.15,Có,415.55,Có,Gold Visa,18.75,Bình thường,3
KH_000273,Trần * * Vy,Mass,DVKD_007,70.63,Không,0.0,Có,Classic Standard,6.93,Đã kích hoạt lại thành công,2
KH_000274,Hoàng * * Vy,Priority VIP,DVKD_012,684.49,Có,1338.83,Có,Gold Visa,43.4,Bình thường,3
KH_000275,Võ * * Trang,Mass,DVKD_017,25.06,Có,2442.51,Không,Chưa mở thẻ,0.0,Bình thường,2
KH_000276,Đặng * * Cường,Mass Affluent,DVKD_006,194.93,Có,1478.69,Có,Platinum CashBack,15.38,Bình thường,3
KH_000277,Phạm * * Phúc,Mass,DVKD_001,56.03,Không,0.0,Có,Platinum CashBack,19.29,Đã kích hoạt lại thành công,2
KH_000278,Vũ * * Vy,Mass Affluent,DVKD_016,293.92,Không,0.0,Không,Chưa mở thẻ,0.0,Bình thường,1
KH_000279,Lê * * An,Mass,DVKD_007,42.37,Không,0.0,Có,Gold Visa,16.14,Đã kích hoạt lại thành công,2
KH_000280,Võ * * Thảo,Mass,DVKD_013,55.6,Không,0.0,Không,Chưa mở thẻ,0.0,Bình thường,1
KH_000281,Nguyễn * * Trang,Mass Affluent,DVKD_001,618.05,Có,1193.11,Không,Chưa mở thẻ,0.0,Bình thường,2
KH_000282,Lê * * Hương,Mass,DVKD_007,14.44,Không,0.0,Có,Gold Visa,17.12,Bình thường,2
KH_000283,Huỳnh * * Huy,Mass Affluent,DVKD_011,131.86,Không,0.0,Có,Platinum CashBack,43.1,Bình thường,2
KH_000284,Đặng * * Giang,Mass Affluent,DVKD_019,27.63,Không,0.0,Không,Chưa mở thẻ,0.0,Bình thường,1
KH_000285,Phạm * * Thảo,Mass,DVKD_021,30.22,Không,0.0,Không,Chưa mở thẻ,0.0,Bình thường,1
KH_000286,Vũ * * Dũng,Mass,DVKD_003,1.28,Không,0.0,Không,Chưa mở thẻ,0.0,Đang tiếp cận,1
KH_000287,Đỗ * * Khoa,Priority VIP,DVKD_006,175.45,Có,204.77,Có,Signature Infinite,28.39,Đã kích hoạt lại thành công,3
KH_000288,Phạm * * An,Mass,DVKD_008,27.38,Có,1974.31,Có,Gold Visa,37.14,Bình thường,3
KH_000289,Trần * * An,Priority VIP,DVKD_011,94.54,Không,0.0,Có,Classic Standard,40.93,Đã kích hoạt lại thành công,2
KH_000290,Lê * * Hương,Mass,DVKD_024,31.28,Có,1419.56,Không,Chưa mở thẻ,0.0,Bình thường,2
KH_000291,Trần * * Dũng,Mass,DVKD_013,1.08,Có,782.32,Có,Platinum CashBack,30.26,Đang tiếp cận,3
KH_000292,Huỳnh * * Nam,Mass,DVKD_010,1.33,Có,659.84,Có,Signature Infinite,19.89,Bình thường,3
KH_000293,Huỳnh * * Sơn,Priority VIP,DVKD_015,484.22,Có,838.5,Không,Chưa mở thẻ,0.0,Đã kích hoạt lại thành công,2
KH_000294,Phạm * * Sơn,Mass,DVKD_005,15.63,Không,0.0,Không,Chưa mở thẻ,0.0,Bình thường,1
KH_000295,Huỳnh * * Dũng,Mass Affluent,DVKD_020,38.05,Có,179.8,Không,Chưa mở thẻ,0.0,Bình thường,2
KH_000296,Phạm * * Cường,Mass,DVKD_008,25.85,Không,0.0,Có,Platinum CashBack,10.76,Bình thường,2
KH_000297,Phạm * * Dũng,Mass Affluent,DVKD_007,411.5,Có,396.18,Không,Chưa mở thẻ,0.0,Bình thường,2
KH_000298,Đỗ * * Khoa,Mass,DVKD_013,8.51,Không,0.0,Không,Chưa mở thẻ,0.0,Bình thường,1
KH_000299,Hoàng * * Bình,Mass,DVKD_005,34.13,Không,0.0,Không,Chưa mở thẻ,0.0,Bình thường,1
KH_000300,Huỳnh * * Bình,Priority VIP,DVKD_004,24.98,Có,2466.44,Có,Platinum CashBack,40.55,Bình thường,3
KH_000301,Lê * * Thảo,Mass,DVKD_007,1.86,Có,862.59,Có,Platinum CashBack,5.97,Bình thường,3
KH_000302,Đỗ * * An,Mass Affluent,DVKD_015,212.21,Có,1990.57,Có,Signature Infinite,35.74,Bình thường,3
KH_000303,Bùi * * Cường,Mass,DVKD_006,27.23,Không,0.0,Có,Platinum CashBack,30.85,Bình thường,2
KH_000304,Trần * * Sơn,Mass,DVKD_009,35.51,Không,0.0,Không,Chưa mở thẻ,0.0,Bình thường,1
KH_000305,Phạm * * An,Mass,DVKD_014,45.32,Không,0.0,Có,Gold Visa,44.74,Đã kích hoạt lại thành công,2
KH_000306,Phạm * * Linh,Mass Affluent,DVKD_014,1042.6,Có,1905.39,Có,Platinum CashBack,12.0,Bình thường,3
KH_000307,Đỗ * * An,Mass,DVKD_006,25.42,Không,0.0,Có,Signature Infinite,41.0,Bình thường,2
KH_000308,Đỗ * * Trang,Mass Affluent,DVKD_022,109.21,Có,1825.82,Không,Chưa mở thẻ,0.0,Bình thường,2
KH_000309,Đặng * * Mai,Private Banking,DVKD_001,443.98,Có,907.65,Không,Chưa mở thẻ,0.0,Bình thường,2
KH_000310,Trần * * Giang,Mass,DVKD_012,11.05,Không,0.0,Có,Gold Visa,25.44,Bình thường,2
KH_000311,Đặng * * Linh,Mass,DVKD_006,20.23,Không,0.0,Có,Signature Infinite,32.53,Bình thường,2
KH_000312,Nguyễn * * Trang,Mass,DVKD_002,2.86,Có,1100.5,Không,Chưa mở thẻ,0.0,Bình thường,2
KH_000313,Nguyễn * * An,Priority VIP,DVKD_001,7.19,Có,923.86,Có,Signature Infinite,17.22,Bình thường,3
KH_000314,Phan * * Mai,Priority VIP,DVKD_002,920.47,Có,816.76,Có,Platinum CashBack,23.54,Bình thường,3
KH_000315,Võ * * Sơn,Mass,DVKD_016,63.27,Không,0.0,Có,Gold Visa,20.05,Bình thường,2
KH_000316,Hoàng * * Hương,Priority VIP,DVKD_001,333.38,Không,0.0,Có,Classic Standard,42.54,Bình thường,2
KH_000317,Đỗ * * Cường,Mass,DVKD_016,18.41,Có,2042.25,Có,Classic Standard,8.92,Bình thường,3
KH_000318,Trần * * Dũng,Mass,DVKD_012,6.66,Không,0.0,Không,Chưa mở thẻ,0.0,Bình thường,1
KH_000319,Vũ * * An,Mass,DVKD_002,5.95,Không,0.0,Có,Signature Infinite,41.9,Bình thường,2
KH_000320,Lê * * Nam,Mass Affluent,DVKD_023,80.64,Có,270.93,Có,Gold Visa,30.4,Bình thường,3
KH_000321,Phạm * * Quân,Mass,DVKD_011,27.89,Không,0.0,Có,Signature Infinite,44.74,Bình thường,2
KH_000322,Nguyễn * * Tuấn,Priority VIP,DVKD_004,351.08,Không,0.0,Không,Chưa mở thẻ,0.0,Đã kích hoạt lại thành công,1
KH_000323,Võ * * Thảo,Mass,DVKD_006,37.78,Không,0.0,Có,Gold Visa,33.37,Bình thường,2
KH_000324,Hoàng * * Tuấn,Mass,DVKD_006,11.49,Không,0.0,Có,Gold Visa,34.3,Bình thường,2
KH_000325,Bùi * * Nam,Mass,DVKD_004,108.43,Không,0.0,Không,Chưa mở thẻ,0.0,Bình thường,1
KH_000326,Trần * * Hương,Mass,DVKD_002,46.87,Không,0.0,Có,Gold Visa,19.38,Bình thường,2
KH_000327,Hoàng * * Trang,Mass Affluent,DVKD_010,226.3,Có,112.36,Có,Platinum CashBack,39.03,Đã kích hoạt lại thành công,3
KH_000328,Đặng * * Linh,Mass Affluent,DVKD_022,264.89,Có,2406.67,Có,Signature Infinite,21.7,Bình thường,3
KH_000329,Nguyễn * * Tuấn,Private Banking,DVKD_001,152.33,Có,1847.01,Có,Gold Visa,39.82,Bình thường,3
KH_000330,Đỗ * * Huy,Mass,DVKD_022,9.96,Không,0.0,Có,Classic Standard,34.95,Bình thường,2
KH_000331,Lê * * Dũng,Mass Affluent,DVKD_022,123.2,Có,1407.92,Không,Chưa mở thẻ,0.0,Bình thường,2
KH_000332,Đặng * * Nam,Mass Affluent,DVKD_003,397.09,Có,1886.99,Có,Gold Visa,18.31,Bình thường,3
KH_000333,Huỳnh * * Vy,Mass,DVKD_009,0.51,Không,0.0,Có,Signature Infinite,19.66,Bình thường,2
KH_000334,Vũ * * Trang,Mass,DVKD_023,4.32,Không,0.0,Có,Signature Infinite,36.13,Bình thường,2
KH_000335,Bùi * * Huy,Private Banking,DVKD_006,13.19,Có,1451.5,Có,Platinum CashBack,7.42,Bình thường,3
KH_000336,Bùi * * Giang,Priority VIP,DVKD_012,11.64,Có,921.28,Có,Classic Standard,20.1,Bình thường,3
KH_000337,Võ * * Nam,Mass,DVKD_024,67.7,Không,0.0,Không,Chưa mở thẻ,0.0,Bình thường,1
KH_000338,Nguyễn * * Dũng,Mass,DVKD_005,42.57,Không,0.0,Có,Platinum CashBack,42.64,Bình thường,2
KH_000339,Đặng * * Quân,Mass,DVKD_017,22.5,Không,0.0,Không,Chưa mở thẻ,0.0,Bình thường,1
KH_000340,Vũ * * Bình,Mass Affluent,DVKD_017,28.83,Có,652.32,Có,Classic Standard,20.45,Bình thường,3
KH_000341,Phạm * * Linh,Mass,DVKD_016,23.68,Không,0.0,Có,Gold Visa,35.02,Bình thường,2
KH_000342,Lê * * Tuấn,Mass,DVKD_006,22.45,Có,1065.73,Không,Chưa mở thẻ,0.0,Bình thường,2
KH_000343,Lê * * Phúc,Mass,DVKD_022,6.66,Không,0.0,Có,Gold Visa,19.22,Bình thường,2
KH_000344,Hoàng * * Linh,Mass,DVKD_010,19.91,Có,1053.49,Không,Chưa mở thẻ,0.0,Bình thường,2
KH_000345,Phạm * * Phúc,Mass,DVKD_015,17.79,Không,0.0,Không,Chưa mở thẻ,0.0,Bình thường,1
KH_000346,Lê * * Bình,Priority VIP,DVKD_001,267.88,Có,1313.42,Không,Chưa mở thẻ,0.0,Đã kích hoạt lại thành công,2
KH_000347,Phan * * Mai,Mass,DVKD_001,35.28,Không,0.0,Có,Signature Infinite,18.1,Bình thường,2
KH_000348,Hoàng * * Giang,Mass,DVKD_013,1.62,Không,0.0,Không,Chưa mở thẻ,0.0,Bình thường,1
KH_000349,Bùi * * Khoa,Mass,DVKD_009,16.43,Không,0.0,Không,Chưa mở thẻ,0.0,Bình thường,1
KH_000350,Đặng * * Trang,Priority VIP,DVKD_010,275.27,Có,459.71,Không,Chưa mở thẻ,0.0,Bình thường,2
KH_000351,Phan * * Dũng,Mass,DVKD_019,24.48,Không,0.0,Có,Signature Infinite,14.14,Bình thường,2
KH_000352,Phạm * * Nam,Mass Affluent,DVKD_020,543.58,Có,501.81,Có,Signature Infinite,35.37,Bình thường,3
KH_000353,Đỗ * * Linh,Mass,DVKD_016,37.62,Không,0.0,Không,Chưa mở thẻ,0.0,Bình thường,1
KH_000354,Đặng * * Linh,Mass,DVKD_019,6.22,Không,0.0,Không,Chưa mở thẻ,0.0,Bình thường,1
KH_000355,Nguyễn * * Phúc,Mass,DVKD_010,2.56,Không,0.0,Có,Platinum CashBack,28.73,Bình thường,2
KH_000356,Huỳnh * * Trang,Mass,DVKD_009,35.99,Không,0.0,Có,Classic Standard,32.85,Bình thường,2
KH_000357,Võ * * Huy,Mass,DVKD_011,0.94,Có,124.37,Có,Signature Infinite,22.5,Bình thường,3
KH_000358,Đặng * * Sơn,Mass Affluent,DVKD_009,246.78,Có,1903.74,Có,Signature Infinite,8.37,Bình thường,3
KH_000359,Phan * * Hương,Priority VIP,DVKD_006,788.83,Có,1299.38,Có,Platinum CashBack,35.15,Bình thường,3
KH_000360,Trần * * Dũng,Mass,DVKD_023,29.99,Không,0.0,Không,Chưa mở thẻ,0.0,Bình thường,1
KH_000361,Phan * * Cường,Mass,DVKD_024,17.2,Có,407.53,Có,Classic Standard,16.8,Bình thường,3
KH_000362,Vũ * * Nam,Priority VIP,DVKD_007,288.63,Có,2022.74,Có,Classic Standard,43.98,Bình thường,3
KH_000363,Lê * * Bình,Mass,DVKD_005,21.45,Không,0.0,Có,Classic Standard,17.82,Bình thường,2
KH_000364,Đỗ * * Bình,Mass,DVKD_019,27.61,Có,1075.47,Không,Chưa mở thẻ,0.0,Bình thường,2
KH_000365,Trần * * Hương,Mass,DVKD_003,99.33,Không,0.0,Có,Classic Standard,31.02,Bình thường,2
KH_000366,Lê * * Cường,Mass,DVKD_021,17.08,Có,263.41,Có,Signature Infinite,30.77,Bình thường,3
KH_000367,Trần * * Vy,Mass Affluent,DVKD_015,909.75,Có,1165.3,Không,Chưa mở thẻ,0.0,Bình thường,2
KH_000368,Huỳnh * * Tuấn,Priority VIP,DVKD_003,660.12,Có,878.39,Có,Classic Standard,35.15,Bình thường,3
KH_000369,Đỗ * * An,Mass,DVKD_001,7.63,Có,1701.32,Có,Platinum CashBack,30.5,Đang tiếp cận,3
KH_000370,Đỗ * * Phúc,Priority VIP,DVKD_010,20.13,Có,2178.9,Có,Platinum CashBack,26.12,Bình thường,3
KH_000371,Đặng * * Trang,Mass Affluent,DVKD_021,29.74,Có,659.03,Không,Chưa mở thẻ,0.0,Bình thường,2
KH_000372,Huỳnh * * Cường,Mass Affluent,DVKD_007,5.15,Có,1911.06,Có,Gold Visa,9.17,Bình thường,3
KH_000373,Đặng * * Sơn,Mass,DVKD_012,3.47,Không,0.0,Không,Chưa mở thẻ,0.0,Bình thường,1
KH_000374,Hoàng * * Quân,Priority VIP,DVKD_009,321.68,Có,193.13,Có,Gold Visa,31.12,Bình thường,3
KH_000375,Vũ * * Quân,Mass,DVKD_010,2.58,Có,499.71,Có,Platinum CashBack,28.8,Đang tiếp cận,3
KH_000376,Phạm * * Tuấn,Mass,DVKD_023,13.45,Không,0.0,Có,Classic Standard,34.92,Đã kích hoạt lại thành công,2
KH_000377,Đỗ * * Tuấn,Mass,DVKD_014,65.22,Có,853.08,Có,Gold Visa,33.12,Bình thường,3
KH_000378,Đỗ * * An,Mass,DVKD_020,0.82,Không,0.0,Có,Signature Infinite,31.43,Bình thường,2
KH_000379,Bùi * * Nam,Mass,DVKD_019,58.96,Có,1630.91,Có,Gold Visa,5.57,Bình thường,3
KH_000380,Nguyễn * * Giang,Priority VIP,DVKD_023,92.7,Không,0.0,Có,Signature Infinite,40.03,Bình thường,2
KH_000381,Trần * * Tuấn,Mass,DVKD_012,4.4,Không,0.0,Không,Chưa mở thẻ,0.0,Bình thường,1
KH_000382,Lê * * Sơn,Mass Affluent,DVKD_004,334.08,Có,2265.73,Có,Classic Standard,19.3,Bình thường,3
KH_000383,Đỗ * * Khoa,Private Banking,DVKD_010,277.59,Có,1348.7,Không,Chưa mở thẻ,0.0,Đã kích hoạt lại thành công,2
KH_000384,Võ * * Dũng,Mass,DVKD_021,73.48,Không,0.0,Có,Classic Standard,37.1,Bình thường,2
KH_000385,Bùi * * Dũng,Mass Affluent,DVKD_023,371.92,Có,1395.67,Có,Gold Visa,12.93,Bình thường,3
KH_000386,Võ * * Tuấn,Mass,DVKD_016,56.94,Không,0.0,Có,Signature Infinite,27.04,Bình thường,2
KH_000387,Phan * * Phúc,Mass Affluent,DVKD_023,92.77,Có,669.38,Có,Platinum CashBack,27.1,Bình thường,3
KH_000388,Đặng * * Phúc,Mass,DVKD_001,6.84,Có,1920.4,Có,Platinum CashBack,32.69,Bình thường,3
KH_000389,Lê * * Mai,Priority VIP,DVKD_012,388.85,Có,276.63,Có,Classic Standard,37.47,Đã kích hoạt lại thành công,3
KH_000390,Đỗ * * Phúc,Mass Affluent,DVKD_019,460.38,Có,1580.62,Không,Chưa mở thẻ,0.0,Bình thường,2
KH_000391,Nguyễn * * Dũng,Mass Affluent,DVKD_017,1303.96,Có,2007.38,Không,Chưa mở thẻ,0.0,Bình thường,2
KH_000392,Lê * * Hương,Mass,DVKD_023,18.62,Có,2476.79,Không,Chưa mở thẻ,0.0,Bình thường,2
KH_000393,Đặng * * Nam,Mass,DVKD_022,16.28,Có,241.74,Không,Chưa mở thẻ,0.0,Bình thường,2
KH_000394,Lê * * Hương,Mass Affluent,DVKD_016,419.43,Có,982.25,Không,Chưa mở thẻ,0.0,Bình thường,2
KH_000395,Phạm * * Linh,Mass,DVKD_009,14.59,Không,0.0,Có,Gold Visa,19.07,Bình thường,2
KH_000396,Võ * * Tuấn,Priority VIP,DVKD_001,747.64,Có,501.35,Có,Signature Infinite,41.81,Bình thường,3
KH_000397,Phan * * Mai,Mass,DVKD_015,68.42,Có,1824.78,Có,Gold Visa,35.28,Bình thường,3
KH_000398,Trần * * An,Mass,DVKD_010,19.61,Không,0.0,Không,Chưa mở thẻ,0.0,Bình thường,1
KH_000399,Bùi * * Mai,Mass,DVKD_010,48.64,Không,0.0,Có,Platinum CashBack,24.82,Bình thường,2
KH_000400,Huỳnh * * Thảo,Mass Affluent,DVKD_001,393.3,Không,0.0,Có,Platinum CashBack,40.59,Bình thường,2
KH_000401,Huỳnh * * Linh,Mass Affluent,DVKD_024,30.47,Có,1316.61,Không,Chưa mở thẻ,0.0,Bình thường,2
KH_000402,Nguyễn * * Dũng,Priority VIP,DVKD_004,651.96,Có,1625.24,Có,Gold Visa,5.15,Bình thường,3
KH_000403,Phạm * * Mai,Mass,DVKD_015,24.63,Có,1718.31,Có,Signature Infinite,24.0,Bình thường,3
KH_000404,Bùi * * Tuấn,Mass Affluent,DVKD_009,490.37,Có,243.65,Không,Chưa mở thẻ,0.0,Bình thường,2
KH_000405,Đặng * * Mai,Mass,DVKD_014,13.5,Có,2062.41,Không,Chưa mở thẻ,0.0,Bình thường,2
KH_000406,Huỳnh * * Huy,Mass Affluent,DVKD_021,632.46,Không,0.0,Có,Platinum CashBack,31.52,Bình thường,2
KH_000407,Trần * * Tuấn,Mass,DVKD_008,17.25,Không,0.0,Có,Signature Infinite,36.01,Bình thường,2
KH_000408,Hoàng * * Thảo,Mass,DVKD_019,0.38,Có,2463.21,Không,Chưa mở thẻ,0.0,Bình thường,2
KH_000409,Đỗ * * Huy,Mass,DVKD_014,82.53,Có,549.46,Có,Classic Standard,17.83,Bình thường,3
KH_000410,Bùi * * Trang,Mass,DVKD_010,3.35,Không,0.0,Có,Platinum CashBack,30.1,Bình thường,2
KH_000411,Nguyễn * * Giang,Mass,DVKD_020,13.46,Có,1741.3,Có,Platinum CashBack,25.69,Bình thường,3
KH_000412,Bùi * * An,Mass,DVKD_022,104.89,Không,0.0,Có,Platinum CashBack,13.66,Bình thường,2
KH_000413,Phạm * * Sơn,Mass,DVKD_002,105.28,Có,2300.76,Có,Signature Infinite,7.97,Bình thường,3
KH_000414,Nguyễn * * Linh,Mass,DVKD_005,29.82,Không,0.0,Không,Chưa mở thẻ,0.0,Bình thường,1
KH_000415,Hoàng * * Quân,Mass,DVKD_017,34.97,Không,0.0,Không,Chưa mở thẻ,0.0,Bình thường,1
KH_000416,Hoàng * * Tuấn,Mass,DVKD_010,20.83,Không,0.0,Không,Chưa mở thẻ,0.0,Đã kích hoạt lại thành công,1
KH_000417,Võ * * Sơn,Mass,DVKD_010,12.15,Không,0.0,Không,Chưa mở thẻ,0.0,Đã kích hoạt lại thành công,1
KH_000418,Huỳnh * * Hương,Mass Affluent,DVKD_013,111.58,Có,2438.37,Có,Classic Standard,15.68,Đã kích hoạt lại thành công,3
KH_000419,Võ * * Tuấn,Mass,DVKD_020,39.07,Không,0.0,Có,Signature Infinite,7.73,Bình thường,2
KH_000420,Vũ * * Trang,Priority VIP,DVKD_006,390.83,Có,203.32,Có,Signature Infinite,35.32,Bình thường,3
KH_000421,Lê * * Quân,Mass,DVKD_007,54.89,Không,0.0,Có,Platinum CashBack,36.92,Bình thường,2
KH_000422,Lê * * Hương,Mass,DVKD_008,54.56,Có,1068.63,Không,Chưa mở thẻ,0.0,Bình thường,2
KH_000423,Phạm * * Khoa,Mass,DVKD_003,3.35,Không,0.0,Có,Gold Visa,24.42,Bình thường,2
KH_000424,Vũ * * Vy,Mass,DVKD_013,23.87,Không,0.0,Không,Chưa mở thẻ,0.0,Bình thường,1
KH_000425,Đỗ * * Quân,Mass,DVKD_015,2.07,Có,236.34,Có,Classic Standard,20.78,Bình thường,3
KH_000426,Phan * * Trang,Mass Affluent,DVKD_012,223.29,Có,2099.71,Không,Chưa mở thẻ,0.0,Bình thường,2
KH_000427,Phạm * * Tuấn,Mass Affluent,DVKD_004,163.12,Có,441.09,Có,Gold Visa,39.94,Bình thường,3
KH_000428,Phạm * * Trang,Mass Affluent,DVKD_001,612.25,Có,1090.37,Có,Classic Standard,32.33,Bình thường,3
KH_000429,Trần * * Linh,Mass,DVKD_006,15.13,Có,1785.88,Có,Classic Standard,32.35,Bình thường,3
KH_000430,Đỗ * * Phúc,Mass,DVKD_013,4.36,Không,0.0,Có,Signature Infinite,24.64,Bình thường,2
KH_000431,Võ * * Nam,Mass,DVKD_009,5.4,Không,0.0,Có,Platinum CashBack,20.84,Bình thường,2
KH_000432,Bùi * * Giang,Mass Affluent,DVKD_022,401.36,Có,763.67,Không,Chưa mở thẻ,0.0,Bình thường,2
KH_000433,Đỗ * * Tuấn,Mass,DVKD_014,33.7,Không,0.0,Có,Signature Infinite,26.49,Bình thường,2
KH_000434,Võ * * Tuấn,Mass,DVKD_021,3.73,Có,1953.87,Không,Chưa mở thẻ,0.0,Bình thường,2
KH_000435,Trần * * Phúc,Mass Affluent,DVKD_015,24.6,Có,2356.04,Có,Platinum CashBack,11.68,Bình thường,3
KH_000436,Vũ * * Dũng,Private Banking,DVKD_018,338.02,Có,646.39,Không,Chưa mở thẻ,0.0,Bình thường,2
KH_000437,Vũ * * Linh,Mass,DVKD_018,2.64,Có,2408.06,Có,Classic Standard,23.97,Bình thường,3
KH_000438,Đỗ * * Linh,Priority VIP,DVKD_003,483.05,Có,1727.93,Có,Classic Standard,10.14,Đã kích hoạt lại thành công,3
KH_000439,Đỗ * * Dũng,Mass,DVKD_011,42.87,Có,1614.2,Có,Platinum CashBack,7.91,Bình thường,3
KH_000440,Huỳnh * * Thảo,Mass,DVKD_008,2.97,Không,0.0,Có,Signature Infinite,10.93,Đang tiếp cận,2
KH_000441,Nguyễn * * Giang,Mass Affluent,DVKD_016,24.82,Có,158.69,Có,Platinum CashBack,17.07,Bình thường,3
KH_000442,Đỗ * * Huy,Mass Affluent,DVKD_006,1208.33,Có,766.8,Có,Signature Infinite,30.47,Bình thường,3
KH_000443,Võ * * Hương,Mass,DVKD_010,16.41,Có,484.37,Không,Chưa mở thẻ,0.0,Bình thường,2
KH_000444,Hoàng * * Nam,Mass,DVKD_019,16.21,Không,0.0,Không,Chưa mở thẻ,0.0,Bình thường,1
KH_000445,Bùi * * Trang,Mass,DVKD_023,58.65,Không,0.0,Có,Classic Standard,44.4,Bình thường,2
KH_000446,Phạm * * Hương,Mass Affluent,DVKD_024,823.81,Có,2277.19,Không,Chưa mở thẻ,0.0,Bình thường,2
KH_000447,Nguyễn * * Khoa,Mass,DVKD_011,149.41,Có,2006.97,Có,Classic Standard,8.54,Bình thường,3
KH_000448,Đặng * * An,Mass,DVKD_021,49.0,Có,512.06,Không,Chưa mở thẻ,0.0,Bình thường,2
KH_000449,Đặng * * Vy,Mass Affluent,DVKD_019,132.17,Có,940.34,Không,Chưa mở thẻ,0.0,Đã kích hoạt lại thành công,2
KH_000450,Đỗ * * Huy,Mass Affluent,DVKD_002,24.41,Có,1808.62,Không,Chưa mở thẻ,0.0,Đã kích hoạt lại thành công,2
KH_000451,Nguyễn * * Linh,Mass,DVKD_013,52.54,Có,278.96,Có,Gold Visa,30.4,Bình thường,3
KH_000452,Huỳnh * * Quân,Mass,DVKD_019,28.61,Không,0.0,Có,Classic Standard,6.38,Bình thường,2
KH_000453,Hoàng * * Khoa,Mass,DVKD_011,19.32,Có,1590.09,Có,Signature Infinite,29.2,Bình thường,3
KH_000454,Hoàng * * Linh,Mass,DVKD_022,82.89,Không,0.0,Không,Chưa mở thẻ,0.0,Bình thường,1
KH_000455,Trần * * Vy,Mass,DVKD_002,4.13,Không,0.0,Có,Classic Standard,25.56,Bình thường,2
KH_000456,Phan * * Cường,Mass,DVKD_005,23.75,Không,0.0,Không,Chưa mở thẻ,0.0,Bình thường,1
KH_000457,Phạm * * Bình,Mass,DVKD_010,0.4,Không,0.0,Có,Platinum CashBack,19.36,Đang tiếp cận,2
KH_000458,Phạm * * Cường,Mass,DVKD_011,22.13,Không,0.0,Không,Chưa mở thẻ,0.0,Bình thường,1
KH_000459,Lê * * Hương,Mass Affluent,DVKD_006,16.23,Không,0.0,Không,Chưa mở thẻ,0.0,Bình thường,1
KH_000460,Võ * * Nam,Mass,DVKD_002,4.43,Không,0.0,Có,Gold Visa,22.3,Đang tiếp cận,2
KH_000461,Bùi * * An,Mass,DVKD_004,4.38,Không,0.0,Có,Platinum CashBack,37.18,Bình thường,2
KH_000462,Vũ * * Quân,Mass Affluent,DVKD_008,293.32,Có,518.0,Không,Chưa mở thẻ,0.0,Bình thường,2
KH_000463,Hoàng * * Trang,Mass,DVKD_023,47.97,Không,0.0,Có,Signature Infinite,22.01,Bình thường,2
KH_000464,Phạm * * Vy,Mass,DVKD_010,30.64,Không,0.0,Có,Classic Standard,27.47,Bình thường,2
KH_000465,Hoàng * * Phúc,Mass,DVKD_008,114.62,Không,0.0,Có,Platinum CashBack,10.07,Bình thường,2
KH_000466,Võ * * Quân,Mass,DVKD_007,16.44,Có,1337.67,Không,Chưa mở thẻ,0.0,Bình thường,2
KH_000467,Đỗ * * Nam,Mass,DVKD_008,11.78,Không,0.0,Có,Gold Visa,30.12,Bình thường,2
KH_000468,Phan * * Thảo,Mass,DVKD_014,71.03,Không,0.0,Có,Classic Standard,10.3,Bình thường,2
KH_000469,Đỗ * * Trang,Mass Affluent,DVKD_011,70.86,Có,2424.69,Có,Classic Standard,13.69,Bình thường,3
KH_000470,Huỳnh * * Giang,Mass Affluent,DVKD_010,924.8,Có,487.52,Có,Gold Visa,11.32,Bình thường,3
KH_000471,Phạm * * Phúc,Mass,DVKD_022,0.43,Không,0.0,Không,Chưa mở thẻ,0.0,Bình thường,1
KH_000472,Bùi * * Khoa,Mass,DVKD_005,122.59,Có,1343.25,Không,Chưa mở thẻ,0.0,Đã kích hoạt lại thành công,2
KH_000473,Phan * * Huy,Mass,DVKD_004,1.54,Không,0.0,Không,Chưa mở thẻ,0.0,Bình thường,1
KH_000474,Võ * * Thảo,Mass,DVKD_006,77.62,Có,2410.63,Có,Platinum CashBack,19.78,Bình thường,3
KH_000475,Bùi * * Dũng,Mass,DVKD_002,26.26,Không,0.0,Có,Platinum CashBack,43.75,Bình thường,2
KH_000476,Trần * * Khoa,Mass,DVKD_024,173.49,Không,0.0,Có,Gold Visa,39.65,Bình thường,2
KH_000477,Nguyễn * * Hương,Mass Affluent,DVKD_020,21.47,Không,0.0,Có,Signature Infinite,28.02,Bình thường,2
KH_000478,Lê * * Giang,Mass,DVKD_003,28.25,Không,0.0,Có,Gold Visa,23.63,Bình thường,2
KH_000479,Huỳnh * * Vy,Mass Affluent,DVKD_020,975.4,Có,507.13,Có,Classic Standard,29.43,Bình thường,3
KH_000480,Đặng * * Huy,Mass Affluent,DVKD_007,207.32,Có,758.9,Có,Classic Standard,20.64,Bình thường,3
KH_000481,Lê * * Bình,Mass,DVKD_020,34.74,Không,0.0,Có,Platinum CashBack,28.62,Bình thường,2
KH_000482,Nguyễn * * Nam,Mass,DVKD_016,41.65,Không,0.0,Không,Chưa mở thẻ,0.0,Bình thường,1
KH_000483,Đặng * * Giang,Mass Affluent,DVKD_015,169.72,Có,1544.38,Có,Signature Infinite,5.09,Đã kích hoạt lại thành công,3
KH_000484,Nguyễn * * Hương,Mass Affluent,DVKD_020,276.55,Có,546.52,Không,Chưa mở thẻ,0.0,Bình thường,2
KH_000485,Nguyễn * * Trang,Mass,DVKD_008,30.72,Không,0.0,Không,Chưa mở thẻ,0.0,Bình thường,1
KH_000486,Huỳnh * * Trang,Mass,DVKD_002,81.0,Không,0.0,Có,Platinum CashBack,33.19,Bình thường,2
KH_000487,Lê * * Phúc,Mass,DVKD_016,1.63,Không,0.0,Có,Classic Standard,40.68,Bình thường,2
KH_000488,Phạm * * An,Mass Affluent,DVKD_011,92.36,Có,2370.97,Có,Gold Visa,20.54,Đã kích hoạt lại thành công,3
KH_000489,Phan * * Linh,Mass,DVKD_014,105.14,Có,2342.18,Có,Platinum CashBack,25.35,Bình thường,3
KH_000490,Nguyễn * * Huy,Mass,DVKD_020,77.34,Không,0.0,Không,Chưa mở thẻ,0.0,Bình thường,1
KH_000491,Nguyễn * * Bình,Mass Affluent,DVKD_021,170.29,Có,1034.49,Có,Signature Infinite,9.39,Bình thường,3
KH_000492,Phạm * * Mai,Mass,DVKD_018,33.88,Có,675.93,Không,Chưa mở thẻ,0.0,Bình thường,2
KH_000493,Đỗ * * Linh,Mass Affluent,DVKD_008,90.96,Có,2150.18,Có,Classic Standard,40.07,Bình thường,3
KH_000494,Nguyễn * * Khoa,Mass,DVKD_007,7.29,Có,1508.97,Không,Chưa mở thẻ,0.0,Bình thường,2
KH_000495,Huỳnh * * Nam,Mass,DVKD_013,21.81,Có,2348.51,Có,Gold Visa,16.2,Bình thường,3
KH_000496,Lê * * An,Mass Affluent,DVKD_015,122.07,Có,1860.66,Có,Platinum CashBack,19.4,Bình thường,3
KH_000497,Nguyễn * * Cường,Private Banking,DVKD_024,245.35,Có,989.1,Không,Chưa mở thẻ,0.0,Đã kích hoạt lại thành công,2
KH_000498,Nguyễn * * Tuấn,Mass,DVKD_015,2.83,Có,2091.03,Có,Platinum CashBack,34.27,Bình thường,3
KH_000499,Huỳnh * * Hương,Mass,DVKD_015,128.27,Không,0.0,Có,Classic Standard,7.99,Bình thường,2
KH_000500,Vũ * * Nam,Mass,DVKD_005,149.94,Không,0.0,Có,Platinum CashBack,21.88,Bình thường,2
KH_000501,Đỗ * * Trang,Mass,DVKD_024,41.93,Không,0.0,Có,Classic Standard,19.82,Bình thường,2
KH_000502,Phạm * * Bình,Mass,DVKD_010,26.88,Không,0.0,Có,Classic Standard,39.24,Bình thường,2
KH_000503,Võ * * Sơn,Mass,DVKD_007,12.96,Có,1006.63,Có,Classic Standard,29.09,Bình thường,3
KH_000504,Nguyễn * * Phúc,Mass Affluent,DVKD_023,470.65,Không,0.0,Không,Chưa mở thẻ,0.0,Bình thường,1
KH_000505,Nguyễn * * Sơn,Mass Affluent,DVKD_010,323.21,Có,313.14,Có,Gold Visa,12.37,Đã kích hoạt lại thành công,3
KH_000506,Bùi * * Vy,Mass Affluent,DVKD_017,49.69,Có,549.76,Có,Classic Standard,17.89,Bình thường,3
KH_000507,Hoàng * * Quân,Mass,DVKD_011,84.64,Không,0.0,Có,Platinum CashBack,9.11,Bình thường,2
KH_000508,Nguyễn * * Trang,Mass Affluent,DVKD_018,484.12,Không,0.0,Có,Gold Visa,40.11,Bình thường,2
KH_000509,Võ * * Giang,Mass,DVKD_007,104.71,Có,764.96,Có,Classic Standard,13.96,Bình thường,3
KH_000510,Phạm * * Trang,Mass Affluent,DVKD_024,362.21,Không,0.0,Có,Platinum CashBack,38.41,Bình thường,2
KH_000511,Phạm * * Cường,Mass,DVKD_001,33.26,Không,0.0,Không,Chưa mở thẻ,0.0,Bình thường,1
KH_000512,Đặng * * Mai,Priority VIP,DVKD_013,151.68,Không,0.0,Có,Platinum CashBack,24.27,Bình thường,2
KH_000513,Đỗ * * Quân,Mass,DVKD_024,94.47,Không,0.0,Có,Gold Visa,33.04,Đã kích hoạt lại thành công,2
KH_000514,Bùi * * Nam,Mass,DVKD_004,70.36,Có,2164.18,Không,Chưa mở thẻ,0.0,Bình thường,2
KH_000515,Lê * * Vy,Private Banking,DVKD_015,12.96,Có,680.42,Có,Gold Visa,19.8,Bình thường,3
KH_000516,Đỗ * * Khoa,Mass,DVKD_014,0.94,Có,2303.15,Có,Platinum CashBack,6.09,Bình thường,3
KH_000517,Phạm * * Linh,Mass,DVKD_023,16.53,Có,1191.16,Có,Gold Visa,33.4,Bình thường,3
KH_000518,Huỳnh * * Mai,Priority VIP,DVKD_020,465.82,Có,774.19,Không,Chưa mở thẻ,0.0,Bình thường,2
KH_000519,Phạm * * Nam,Mass,DVKD_012,152.75,Không,0.0,Có,Classic Standard,29.27,Bình thường,2
KH_000520,Đỗ * * Khoa,Mass,DVKD_010,5.71,Không,0.0,Có,Classic Standard,10.51,Bình thường,2
KH_000521,Đỗ * * Tuấn,Mass,DVKD_009,31.56,Không,0.0,Có,Signature Infinite,38.88,Bình thường,2
KH_000522,Võ * * Bình,Mass,DVKD_011,16.78,Không,0.0,Có,Classic Standard,14.81,Đã kích hoạt lại thành công,2
KH_000523,Phan * * Hương,Mass Affluent,DVKD_015,981.04,Có,836.31,Có,Signature Infinite,17.08,Bình thường,3
KH_000524,Trần * * Huy,Mass,DVKD_013,64.61,Có,667.58,Có,Gold Visa,8.7,Bình thường,3
KH_000525,Đặng * * Thảo,Mass Affluent,DVKD_012,510.21,Có,346.84,Không,Chưa mở thẻ,0.0,Bình thường,2
KH_000526,Võ * * Sơn,Mass,DVKD_020,22.13,Không,0.0,Có,Classic Standard,13.3,Bình thường,2
KH_000527,Đỗ * * Hương,Mass Affluent,DVKD_003,150.03,Có,2462.49,Có,Platinum CashBack,5.43,Bình thường,3
KH_000528,Đặng * * Dũng,Mass,DVKD_016,11.18,Có,1019.66,Không,Chưa mở thẻ,0.0,Bình thường,2
KH_000529,Đỗ * * Huy,Mass,DVKD_004,2.03,Không,0.0,Không,Chưa mở thẻ,0.0,Bình thường,1
KH_000530,Nguyễn * * Mai,Mass,DVKD_007,70.01,Không,0.0,Có,Classic Standard,10.83,Bình thường,2
KH_000531,Đỗ * * Hương,Priority VIP,DVKD_020,469.31,Có,1040.15,Có,Platinum CashBack,20.33,Bình thường,3
KH_000532,Bùi * * Hương,Mass,DVKD_009,286.04,Không,0.0,Không,Chưa mở thẻ,0.0,Bình thường,1
KH_000533,Phan * * Mai,Priority VIP,DVKD_023,1594.56,Có,899.13,Không,Chưa mở thẻ,0.0,Đã kích hoạt lại thành công,2
KH_000534,Huỳnh * * Huy,Mass,DVKD_018,28.37,Không,0.0,Có,Platinum CashBack,33.96,Bình thường,2
KH_000535,Huỳnh * * Quân,Mass Affluent,DVKD_002,410.28,Không,0.0,Có,Classic Standard,40.98,Bình thường,2
KH_000536,Phan * * Vy,Mass,DVKD_024,101.37,Không,0.0,Có,Gold Visa,41.72,Bình thường,2
KH_000537,Lê * * Khoa,Priority VIP,DVKD_012,530.54,Có,854.95,Có,Classic Standard,30.68,Bình thường,3
KH_000538,Võ * * Giang,Mass,DVKD_010,9.95,Không,0.0,Có,Signature Infinite,29.77,Bình thường,2
KH_000539,Huỳnh * * Tuấn,Mass,DVKD_021,20.96,Không,0.0,Có,Platinum CashBack,38.19,Đã kích hoạt lại thành công,2
KH_000540,Hoàng * * Sơn,Mass Affluent,DVKD_018,38.72,Có,809.01,Không,Chưa mở thẻ,0.0,Bình thường,2
KH_000541,Vũ * * Trang,Private Banking,DVKD_019,862.46,Không,0.0,Không,Chưa mở thẻ,0.0,Bình thường,1
KH_000542,Phan * * Vy,Mass,DVKD_012,32.61,Có,1466.0,Không,Chưa mở thẻ,0.0,Bình thường,2
KH_000543,Võ * * Nam,Mass Affluent,DVKD_023,72.69,Có,399.03,Có,Gold Visa,8.99,Đã kích hoạt lại thành công,3
KH_000544,Hoàng * * Sơn,Mass Affluent,DVKD_017,311.87,Có,120.26,Có,Classic Standard,8.69,Bình thường,3
KH_000545,Huỳnh * * An,Mass,DVKD_002,33.69,Không,0.0,Có,Signature Infinite,41.67,Bình thường,2
KH_000546,Lê * * Tuấn,Mass,DVKD_012,15.52,Có,1227.89,Có,Classic Standard,27.22,Đã kích hoạt lại thành công,3
KH_000547,Võ * * Sơn,Mass,DVKD_007,4.22,Không,0.0,Có,Platinum CashBack,11.76,Bình thường,2
KH_000548,Phan * * Bình,Mass,DVKD_024,38.97,Có,1220.58,Không,Chưa mở thẻ,0.0,Bình thường,2
KH_000549,Đỗ * * An,Mass,DVKD_017,25.71,Không,0.0,Có,Classic Standard,13.03,Bình thường,2
KH_000550,Đặng * * Sơn,Mass Affluent,DVKD_020,414.35,Không,0.0,Có,Platinum CashBack,13.54,Bình thường,2
KH_000551,Bùi * * Huy,Mass,DVKD_002,25.7,Có,107.21,Có,Platinum CashBack,38.57,Bình thường,3
KH_000552,Trần * * Quân,Mass Affluent,DVKD_010,535.3,Có,1582.92,Có,Signature Infinite,43.79,Bình thường,3
KH_000553,Vũ * * Cường,Mass,DVKD_022,28.1,Có,2474.55,Không,Chưa mở thẻ,0.0,Bình thường,2
KH_000554,Trần * * Thảo,Mass Affluent,DVKD_019,230.47,Có,1531.49,Không,Chưa mở thẻ,0.0,Bình thường,2
KH_000555,Nguyễn * * Trang,Mass,DVKD_017,73.25,Không,0.0,Không,Chưa mở thẻ,0.0,Bình thường,1
KH_000556,Bùi * * An,Mass,DVKD_010,18.08,Có,508.78,Không,Chưa mở thẻ,0.0,Bình thường,2
KH_000557,Võ * * Tuấn,Mass,DVKD_011,5.04,Không,0.0,Có,Classic Standard,42.47,Bình thường,2
KH_000558,Bùi * * Huy,Mass,DVKD_020,1.02,Không,0.0,Có,Platinum CashBack,20.4,Bình thường,2
KH_000559,Nguyễn * * Trang,Mass Affluent,DVKD_021,393.98,Có,484.24,Có,Gold Visa,30.89,Bình thường,3
KH_000560,Đặng * * Phúc,Mass Affluent,DVKD_019,271.15,Có,2071.61,Không,Chưa mở thẻ,0.0,Bình thường,2
KH_000561,Trần * * Linh,Mass,DVKD_015,42.62,Có,2346.05,Không,Chưa mở thẻ,0.0,Bình thường,2
KH_000562,Huỳnh * * Cường,Priority VIP,DVKD_019,67.05,Có,785.63,Không,Chưa mở thẻ,0.0,Bình thường,2
KH_000563,Võ * * Thảo,Mass,DVKD_005,5.13,Có,1368.9,Có,Gold Visa,33.09,Bình thường,3
KH_000564,Đặng * * Vy,Priority VIP,DVKD_001,4.1,Không,0.0,Không,Chưa mở thẻ,0.0,Bình thường,1
KH_000565,Huỳnh * * Mai,Mass,DVKD_005,15.11,Không,0.0,Có,Gold Visa,17.77,Bình thường,2
KH_000566,Phan * * Khoa,Mass Affluent,DVKD_012,249.59,Có,885.05,Có,Gold Visa,6.27,Bình thường,3
KH_000567,Phan * * Khoa,Mass,DVKD_006,17.43,Không,0.0,Có,Gold Visa,20.35,Bình thường,2
KH_000568,Nguyễn * * Dũng,Mass Affluent,DVKD_024,161.09,Có,1402.79,Có,Gold Visa,32.09,Bình thường,3
KH_000569,Bùi * * Sơn,Mass Affluent,DVKD_004,656.62,Không,0.0,Có,Classic Standard,25.28,Bình thường,2
KH_000570,Hoàng * * Quân,Mass,DVKD_004,14.98,Có,1177.38,Có,Gold Visa,36.97,Bình thường,3
KH_000571,Phan * * Vy,Mass,DVKD_008,25.25,Có,914.11,Có,Gold Visa,35.2,Bình thường,3
KH_000572,Vũ * * Dũng,Mass Affluent,DVKD_016,428.64,Có,1239.27,Không,Chưa mở thẻ,0.0,Bình thường,2
KH_000573,Lê * * Cường,Mass Affluent,DVKD_009,141.42,Không,0.0,Không,Chưa mở thẻ,0.0,Bình thường,1
KH_000574,Huỳnh * * Dũng,Mass,DVKD_011,34.06,Không,0.0,Có,Signature Infinite,14.95,Bình thường,2
KH_000575,Trần * * An,Mass,DVKD_012,69.41,Có,945.47,Có,Platinum CashBack,31.16,Bình thường,3
KH_000576,Bùi * * Dũng,Priority VIP,DVKD_021,836.13,Có,1242.64,Có,Platinum CashBack,5.83,Bình thường,3
KH_000577,Vũ * * Hương,Mass,DVKD_005,5.57,Không,0.0,Có,Classic Standard,31.58,Bình thường,2
KH_000578,Trần * * Dũng,Mass,DVKD_003,91.41,Không,0.0,Có,Classic Standard,38.64,Bình thường,2
KH_000579,Lê * * An,Mass,DVKD_017,23.71,Có,1540.17,Không,Chưa mở thẻ,0.0,Bình thường,2
KH_000580,Nguyễn * * Mai,Mass,DVKD_010,10.46,Không,0.0,Không,Chưa mở thẻ,0.0,Bình thường,1
KH_000581,Trần * * Quân,Mass,DVKD_016,21.51,Không,0.0,Có,Classic Standard,7.97,Bình thường,2
KH_000582,Hoàng * * Quân,Mass,DVKD_012,136.98,Có,293.27,Có,Signature Infinite,37.19,Bình thường,3
KH_000583,Phạm * * An,Mass,DVKD_012,23.75,Không,0.0,Không,Chưa mở thẻ,0.0,Bình thường,1
KH_000584,Huỳnh * * Quân,Mass,DVKD_009,13.95,Không,0.0,Có,Gold Visa,10.69,Bình thường,2
KH_000585,Phạm * * Cường,Mass,DVKD_012,35.12,Không,0.0,Có,Signature Infinite,24.61,Bình thường,2
KH_000586,Võ * * Thảo,Mass Affluent,DVKD_016,76.9,Có,1374.1,Có,Gold Visa,15.06,Bình thường,3
KH_000587,Đặng * * Phúc,Mass Affluent,DVKD_001,22.09,Không,0.0,Không,Chưa mở thẻ,0.0,Bình thường,1
KH_000588,Nguyễn * * Khoa,Mass,DVKD_024,4.83,Có,432.51,Có,Signature Infinite,41.63,Bình thường,3
KH_000589,Hoàng * * Dũng,Mass Affluent,DVKD_024,38.37,Có,2373.01,Có,Signature Infinite,44.97,Bình thường,3
KH_000590,Vũ * * Mai,Mass Affluent,DVKD_007,46.13,Có,1245.7,Có,Classic Standard,37.61,Bình thường,3
KH_000591,Phan * * An,Mass Affluent,DVKD_021,41.85,Có,1784.87,Có,Classic Standard,44.37,Bình thường,3
KH_000592,Hoàng * * Phúc,Mass Affluent,DVKD_021,286.74,Có,148.27,Có,Classic Standard,41.07,Bình thường,3
KH_000593,Phan * * Vy,Mass,DVKD_016,7.03,Không,0.0,Không,Chưa mở thẻ,0.0,Bình thường,1
KH_000594,Phan * * An,Mass,DVKD_017,14.84,Có,529.45,Không,Chưa mở thẻ,0.0,Bình thường,2
KH_000595,Hoàng * * An,Mass Affluent,DVKD_018,635.87,Có,167.03,Không,Chưa mở thẻ,0.0,Bình thường,2
KH_000596,Phạm * * Mai,Mass,DVKD_019,22.48,Không,0.0,Có,Classic Standard,8.58,Bình thường,2
KH_000597,Đặng * * Thảo,Mass,DVKD_004,38.55,Không,0.0,Không,Chưa mở thẻ,0.0,Bình thường,1
KH_000598,Đặng * * Cường,Mass Affluent,DVKD_024,52.96,Có,1131.02,Có,Gold Visa,43.5,Bình thường,3
KH_000599,Võ * * Huy,Mass,DVKD_023,7.47,Có,2224.3,Không,Chưa mở thẻ,0.0,Bình thường,2
KH_000600,Phan * * Bình,Mass,DVKD_024,1.46,Không,0.0,Có,Platinum CashBack,25.91,Bình thường,2
KH_000601,Võ * * An,Mass,DVKD_016,6.48,Không,0.0,Có,Classic Standard,34.37,Bình thường,2
KH_000602,Võ * * Mai,Mass,DVKD_023,11.43,Không,0.0,Không,Chưa mở thẻ,0.0,Đã kích hoạt lại thành công,1
KH_000603,Vũ * * Bình,Mass,DVKD_023,6.82,Không,0.0,Có,Classic Standard,34.5,Bình thường,2
KH_000604,Lê * * Mai,Mass,DVKD_024,3.25,Không,0.0,Có,Classic Standard,29.31,Bình thường,2
KH_000605,Trần * * Thảo,Mass Affluent,DVKD_020,36.0,Có,131.99,Có,Gold Visa,35.07,Bình thường,3
KH_000606,Lê * * Dũng,Mass,DVKD_021,21.62,Không,0.0,Có,Classic Standard,18.78,Bình thường,2
KH_000607,Võ * * Linh,Mass,DVKD_018,8.09,Không,0.0,Có,Gold Visa,31.4,Bình thường,2
KH_000608,Phan * * Tuấn,Mass,DVKD_006,15.85,Có,153.81,Không,Chưa mở thẻ,0.0,Bình thường,2
KH_000609,Vũ * * Phúc,Mass,DVKD_017,24.5,Có,1200.51,Có,Signature Infinite,36.86,Bình thường,3
KH_000610,Phan * * Nam,Mass,DVKD_021,41.04,Có,1139.85,Có,Platinum CashBack,21.36,Bình thường,3
KH_000611,Phan * * Hương,Priority VIP,DVKD_001,11.23,Có,886.71,Có,Gold Visa,5.59,Bình thường,3
KH_000612,Đỗ * * Hương,Mass,DVKD_010,56.23,Không,0.0,Có,Gold Visa,20.78,Bình thường,2
KH_000613,Phạm * * Phúc,Private Banking,DVKD_004,276.81,Có,1174.37,Có,Platinum CashBack,11.06,Bình thường,3
KH_000614,Huỳnh * * Cường,Mass,DVKD_023,2.99,Không,0.0,Không,Chưa mở thẻ,0.0,Đang tiếp cận,1
KH_000615,Võ * * Vy,Mass Affluent,DVKD_024,579.08,Có,1515.64,Không,Chưa mở thẻ,0.0,Bình thường,2
KH_000616,Huỳnh * * Hương,Mass,DVKD_004,88.78,Không,0.0,Có,Signature Infinite,5.71,Bình thường,2
KH_000617,Đỗ * * Dũng,Mass,DVKD_020,2.21,Có,589.9,Không,Chưa mở thẻ,0.0,Bình thường,2
KH_000618,Bùi * * Cường,Mass,DVKD_003,11.35,Có,1149.95,Không,Chưa mở thẻ,0.0,Bình thường,2
KH_000619,Lê * * Tuấn,Mass Affluent,DVKD_006,459.46,Có,1649.94,Có,Signature Infinite,43.53,Bình thường,3
KH_000620,Lê * * Sơn,Mass,DVKD_010,48.28,Có,2061.06,Có,Classic Standard,17.01,Bình thường,3
KH_000621,Nguyễn * * Cường,Priority VIP,DVKD_007,57.11,Có,1365.51,Có,Gold Visa,28.17,Bình thường,3
KH_000622,Nguyễn * * Tuấn,Mass,DVKD_013,8.22,Không,0.0,Có,Gold Visa,10.47,Bình thường,2
KH_000623,Phạm * * Quân,Mass,DVKD_014,16.2,Có,1478.27,Có,Gold Visa,8.94,Bình thường,3
KH_000624,Vũ * * Trang,Mass Affluent,DVKD_004,185.55,Có,1807.15,Không,Chưa mở thẻ,0.0,Bình thường,2
KH_000625,Trần * * Dũng,Mass,DVKD_009,33.71,Không,0.0,Có,Classic Standard,13.12,Bình thường,2
KH_000626,Trần * * Nam,Mass,DVKD_014,16.11,Không,0.0,Có,Classic Standard,37.68,Đã kích hoạt lại thành công,2
KH_000627,Nguyễn * * Nam,Mass Affluent,DVKD_014,173.85,Có,1849.76,Có,Signature Infinite,16.21,Bình thường,3
KH_000628,Đặng * * Huy,Mass,DVKD_008,48.17,Không,0.0,Có,Signature Infinite,5.02,Bình thường,2
KH_000629,Bùi * * Hương,Mass,DVKD_006,1.31,Có,967.55,Không,Chưa mở thẻ,0.0,Bình thường,2
KH_000630,Nguyễn * * Trang,Priority VIP,DVKD_007,81.46,Có,1860.67,Có,Gold Visa,35.43,Bình thường,3
KH_000631,Võ * * An,Mass Affluent,DVKD_008,349.86,Có,1947.23,Có,Classic Standard,15.89,Bình thường,3
KH_000632,Võ * * Trang,Mass,DVKD_011,78.95,Không,0.0,Có,Platinum CashBack,31.44,Đã kích hoạt lại thành công,2
KH_000633,Vũ * * Cường,Mass Affluent,DVKD_012,200.7,Có,441.39,Có,Gold Visa,37.76,Bình thường,3
KH_000634,Nguyễn * * Khoa,Mass,DVKD_023,26.58,Không,0.0,Có,Classic Standard,32.66,Bình thường,2
KH_000635,Huỳnh * * An,Mass Affluent,DVKD_007,31.74,Không,0.0,Có,Classic Standard,33.41,Bình thường,2
KH_000636,Huỳnh * * Nam,Mass Affluent,DVKD_016,166.08,Có,1591.23,Có,Classic Standard,40.9,Bình thường,3
KH_000637,Bùi * * Linh,Mass,DVKD_021,26.62,Có,1675.77,Có,Signature Infinite,23.77,Bình thường,3
KH_000638,Đặng * * Khoa,Mass,DVKD_017,9.72,Không,0.0,Có,Signature Infinite,6.31,Bình thường,2
KH_000639,Đặng * * Linh,Mass,DVKD_004,10.98,Có,481.1,Có,Gold Visa,28.35,Bình thường,3
KH_000640,Đỗ * * Giang,Mass,DVKD_024,16.58,Có,235.2,Không,Chưa mở thẻ,0.0,Đã kích hoạt lại thành công,2
KH_000641,Đặng * * Mai,Mass,DVKD_008,0.71,Không,0.0,Có,Gold Visa,28.76,Bình thường,2
KH_000642,Phan * * Tuấn,Priority VIP,DVKD_008,108.84,Có,901.71,Có,Signature Infinite,42.2,Bình thường,3
KH_000643,Nguyễn * * Vy,Mass Affluent,DVKD_021,66.52,Có,131.61,Có,Signature Infinite,32.22,Bình thường,3
KH_000644,Trần * * Trang,Mass,DVKD_021,13.89,Không,0.0,Không,Chưa mở thẻ,0.0,Bình thường,1
KH_000645,Hoàng * * Trang,Priority VIP,DVKD_002,35.72,Có,1907.53,Có,Gold Visa,43.58,Bình thường,3
KH_000646,Nguyễn * * Hương,Mass Affluent,DVKD_012,619.38,Có,1049.46,Có,Platinum CashBack,32.49,Bình thường,3
KH_000647,Vũ * * Giang,Mass,DVKD_009,31.51,Không,0.0,Có,Platinum CashBack,6.07,Bình thường,2
KH_000648,Lê * * Vy,Mass,DVKD_009,39.78,Không,0.0,Không,Chưa mở thẻ,0.0,Bình thường,1
KH_000649,Hoàng * * An,Mass,DVKD_004,54.48,Có,173.95,Không,Chưa mở thẻ,0.0,Bình thường,2
KH_000650,Phạm * * Vy,Mass,DVKD_022,24.15,Không,0.0,Có,Platinum CashBack,14.24,Đã kích hoạt lại thành công,2
KH_000651,Lê * * Bình,Mass,DVKD_019,3.18,Có,1523.47,Không,Chưa mở thẻ,0.0,Bình thường,2
KH_000652,Trần * * Sơn,Mass Affluent,DVKD_020,215.67,Không,0.0,Có,Gold Visa,24.33,Đã kích hoạt lại thành công,2
KH_000653,Nguyễn * * Dũng,Mass,DVKD_009,30.94,Không,0.0,Không,Chưa mở thẻ,0.0,Bình thường,1
KH_000654,Vũ * * Linh,Mass,DVKD_001,47.89,Có,1918.15,Không,Chưa mở thẻ,0.0,Bình thường,2
KH_000655,Hoàng * * Mai,Mass,DVKD_005,19.78,Không,0.0,Không,Chưa mở thẻ,0.0,Bình thường,1
KH_000656,Phạm * * Vy,Mass,DVKD_016,4.78,Không,0.0,Có,Signature Infinite,12.44,Bình thường,2
KH_000657,Phạm * * Quân,Mass,DVKD_001,11.68,Có,2056.55,Có,Signature Infinite,16.46,Bình thường,3
KH_000658,Đỗ * * Tuấn,Mass,DVKD_010,15.79,Có,353.6,Có,Classic Standard,23.39,Bình thường,3
KH_000659,Đỗ * * Khoa,Priority VIP,DVKD_024,290.7,Có,1700.41,Có,Classic Standard,33.38,Đã kích hoạt lại thành công,3
KH_000660,Nguyễn * * Huy,Mass,DVKD_005,29.6,Có,883.16,Có,Classic Standard,5.8,Bình thường,3
KH_000661,Đặng * * Huy,Mass,DVKD_017,15.41,Không,0.0,Có,Signature Infinite,16.2,Bình thường,2
KH_000662,Vũ * * Khoa,Mass Affluent,DVKD_016,1205.73,Có,1588.26,Có,Classic Standard,40.62,Bình thường,3
KH_000663,Phạm * * Quân,Mass,DVKD_016,32.58,Có,982.09,Có,Platinum CashBack,33.88,Bình thường,3
KH_000664,Nguyễn * * Khoa,Mass,DVKD_001,9.48,Không,0.0,Có,Gold Visa,32.27,Bình thường,2
KH_000665,Đỗ * * Huy,Mass,DVKD_002,3.76,Không,0.0,Không,Chưa mở thẻ,0.0,Bình thường,1
KH_000666,Bùi * * Phúc,Mass Affluent,DVKD_015,46.45,Có,2293.62,Có,Gold Visa,29.21,Bình thường,3
KH_000667,Bùi * * Dũng,Mass,DVKD_015,9.88,Không,0.0,Có,Classic Standard,17.02,Bình thường,2
KH_000668,Trần * * Bình,Mass Affluent,DVKD_022,49.05,Có,444.04,Không,Chưa mở thẻ,0.0,Bình thường,2
KH_000669,Nguyễn * * Giang,Mass Affluent,DVKD_007,57.82,Có,515.89,Có,Signature Infinite,39.66,Bình thường,3
KH_000670,Phan * * Vy,Mass,DVKD_017,11.75,Không,0.0,Không,Chưa mở thẻ,0.0,Bình thường,1
KH_000671,Bùi * * Nam,Mass,DVKD_014,6.66,Có,1367.7,Có,Platinum CashBack,27.95,Bình thường,3
KH_000672,Hoàng * * An,Mass Affluent,DVKD_009,635.81,Không,0.0,Không,Chưa mở thẻ,0.0,Bình thường,1
KH_000673,Võ * * Khoa,Mass,DVKD_007,2.93,Có,1173.01,Có,Gold Visa,20.07,Bình thường,3
KH_000674,Võ * * Vy,Mass,DVKD_007,26.02,Có,2089.0,Có,Gold Visa,17.58,Bình thường,3
KH_000675,Phạm * * Quân,Mass,DVKD_014,18.49,Không,0.0,Không,Chưa mở thẻ,0.0,Bình thường,1
KH_000676,Phạm * * Giang,Mass,DVKD_021,141.35,Có,1746.29,Có,Platinum CashBack,11.01,Bình thường,3
KH_000677,Võ * * Mai,Priority VIP,DVKD_021,33.27,Không,0.0,Không,Chưa mở thẻ,0.0,Bình thường,1
KH_000678,Huỳnh * * Khoa,Mass,DVKD_006,17.75,Không,0.0,Có,Classic Standard,17.81,Đã kích hoạt lại thành công,2
KH_000679,Võ * * Linh,Mass Affluent,DVKD_012,976.94,Không,0.0,Không,Chưa mở thẻ,0.0,Bình thường,1
KH_000680,Vũ * * Sơn,Mass Affluent,DVKD_012,561.75,Không,0.0,Không,Chưa mở thẻ,0.0,Bình thường,1
KH_000681,Lê * * Phúc,Mass Affluent,DVKD_010,475.63,Có,1791.81,Có,Classic Standard,29.28,Bình thường,3
KH_000682,Trần * * Vy,Mass Affluent,DVKD_002,83.52,Có,900.32,Không,Chưa mở thẻ,0.0,Bình thường,2
KH_000683,Huỳnh * * Bình,Mass,DVKD_024,6.56,Có,1083.73,Không,Chưa mở thẻ,0.0,Bình thường,2
KH_000684,Phan * * Tuấn,Mass,DVKD_021,38.66,Có,1060.7,Có,Gold Visa,39.08,Đã kích hoạt lại thành công,3
KH_000685,Hoàng * * Hương,Mass,DVKD_003,92.76,Không,0.0,Không,Chưa mở thẻ,0.0,Bình thường,1
KH_000686,Đỗ * * An,Mass Affluent,DVKD_013,227.82,Có,1263.16,Có,Platinum CashBack,15.68,Bình thường,3
KH_000687,Trần * * Tuấn,Private Banking,DVKD_010,237.36,Có,1853.02,Có,Gold Visa,41.33,Bình thường,3
KH_000688,Nguyễn * * Giang,Mass,DVKD_015,11.5,Không,0.0,Có,Platinum CashBack,19.54,Bình thường,2
KH_000689,Lê * * Nam,Mass Affluent,DVKD_005,410.89,Có,608.85,Không,Chưa mở thẻ,0.0,Bình thường,2
KH_000690,Lê * * Vy,Mass,DVKD_004,7.25,Không,0.0,Có,Classic Standard,9.81,Bình thường,2
KH_000691,Huỳnh * * Khoa,Mass,DVKD_021,13.69,Không,0.0,Có,Signature Infinite,38.07,Bình thường,2
KH_000692,Võ * * Sơn,Mass,DVKD_023,19.4,Không,0.0,Có,Platinum CashBack,22.56,Bình thường,2
KH_000693,Phan * * Hương,Mass Affluent,DVKD_021,198.38,Không,0.0,Có,Signature Infinite,42.11,Bình thường,2
KH_000694,Hoàng * * Mai,Mass,DVKD_009,9.72,Không,0.0,Có,Gold Visa,29.89,Bình thường,2
KH_000695,Lê * * Vy,Mass Affluent,DVKD_011,34.16,Có,2270.22,Không,Chưa mở thẻ,0.0,Đã kích hoạt lại thành công,2
KH_000696,Bùi * * Hương,Mass Affluent,DVKD_016,264.1,Không,0.0,Có,Gold Visa,9.6,Bình thường,2
KH_000697,Bùi * * Phúc,Mass,DVKD_023,11.92,Có,854.15,Có,Platinum CashBack,31.58,Bình thường,3
KH_000698,Lê * * Dũng,Mass,DVKD_024,30.47,Không,0.0,Có,Platinum CashBack,40.49,Bình thường,2
KH_000699,Đặng * * Trang,Mass,DVKD_014,5.87,Không,0.0,Có,Platinum CashBack,14.89,Bình thường,2
KH_000700,Đặng * * Khoa,Priority VIP,DVKD_023,183.71,Có,1164.61,Không,Chưa mở thẻ,0.0,Đã kích hoạt lại thành công,2
KH_000701,Phan * * An,Mass,DVKD_020,26.62,Có,467.15,Có,Gold Visa,33.02,Bình thường,3
KH_000702,Phan * * Giang,Mass,DVKD_016,1.86,Không,0.0,Không,Chưa mở thẻ,0.0,Bình thường,1
KH_000703,Lê * * Sơn,Mass,DVKD_002,14.36,Không,0.0,Có,Classic Standard,19.39,Bình thường,2
KH_000704,Vũ * * An,Mass Affluent,DVKD_021,40.42,Có,869.06,Có,Signature Infinite,20.86,Bình thường,3
KH_000705,Đỗ * * Khoa,Mass Affluent,DVKD_014,18.33,Có,1223.52,Có,Signature Infinite,32.33,Bình thường,3
KH_000706,Đặng * * Trang,Mass,DVKD_004,161.04,Có,2129.3,Có,Gold Visa,28.75,Bình thường,3
KH_000707,Vũ * * Trang,Mass,DVKD_024,13.62,Không,0.0,Không,Chưa mở thẻ,0.0,Bình thường,1
KH_000708,Đỗ * * Quân,Mass Affluent,DVKD_024,464.82,Có,1100.0,Có,Gold Visa,22.39,Bình thường,3
KH_000709,Hoàng * * Sơn,Mass,DVKD_024,10.29,Có,1329.2,Có,Platinum CashBack,27.25,Bình thường,3
KH_000710,Nguyễn * * Quân,Mass,DVKD_023,40.04,Có,2377.82,Không,Chưa mở thẻ,0.0,Bình thường,2
KH_000711,Nguyễn * * Nam,Mass Affluent,DVKD_011,399.86,Không,0.0,Không,Chưa mở thẻ,0.0,Bình thường,1
KH_000712,Võ * * Cường,Mass Affluent,DVKD_024,253.53,Có,1993.01,Không,Chưa mở thẻ,0.0,Bình thường,2
KH_000713,Hoàng * * Dũng,Mass,DVKD_002,22.32,Không,0.0,Có,Signature Infinite,44.07,Đã kích hoạt lại thành công,2
KH_000714,Phạm * * Giang,Mass Affluent,DVKD_020,148.61,Có,734.82,Có,Platinum CashBack,41.52,Bình thường,3
KH_000715,Đỗ * * An,Mass,DVKD_021,15.02,Không,0.0,Không,Chưa mở thẻ,0.0,Bình thường,1
KH_000716,Phạm * * Bình,Mass,DVKD_007,92.84,Có,1614.54,Có,Gold Visa,6.54,Bình thường,3
KH_000717,Đỗ * * Huy,Mass,DVKD_005,62.15,Không,0.0,Không,Chưa mở thẻ,0.0,Bình thường,1
KH_000718,Đặng * * Bình,Mass,DVKD_006,117.36,Không,0.0,Có,Gold Visa,7.72,Bình thường,2
KH_000719,Hoàng * * Huy,Mass Affluent,DVKD_024,37.16,Có,1152.84,Có,Gold Visa,28.81,Bình thường,3
KH_000720,Võ * * Hương,Mass Affluent,DVKD_021,367.51,Có,473.38,Có,Classic Standard,38.9,Bình thường,3
KH_000721,Đặng * * Giang,Mass,DVKD_022,97.51,Không,0.0,Có,Gold Visa,30.45,Bình thường,2
KH_000722,Vũ * * Giang,Mass,DVKD_015,7.0,Không,0.0,Có,Classic Standard,33.47,Bình thường,2
KH_000723,Đỗ * * Trang,Mass,DVKD_022,2.41,Có,2307.96,Có,Gold Visa,28.62,Đang tiếp cận,3
KH_000724,Huỳnh * * Mai,Mass,DVKD_009,47.3,Không,0.0,Có,Classic Standard,44.35,Bình thường,2
KH_000725,Vũ * * Huy,Priority VIP,DVKD_015,239.24,Có,2105.52,Có,Platinum CashBack,29.3,Bình thường,3
KH_000726,Đặng * * Cường,Mass Affluent,DVKD_008,516.34,Có,2129.59,Không,Chưa mở thẻ,0.0,Bình thường,2
KH_000727,Phan * * Giang,Mass,DVKD_006,5.27,Không,0.0,Có,Platinum CashBack,34.74,Bình thường,2
KH_000728,Huỳnh * * Quân,Mass Affluent,DVKD_022,444.09,Có,188.27,Có,Classic Standard,11.58,Đã kích hoạt lại thành công,3
KH_000729,Trần * * Linh,Mass,DVKD_013,7.88,Không,0.0,Có,Gold Visa,7.86,Bình thường,2
KH_000730,Võ * * Tuấn,Private Banking,DVKD_007,50.04,Không,0.0,Có,Gold Visa,26.46,Bình thường,2
KH_000731,Phạm * * Phúc,Mass,DVKD_020,6.28,Có,1727.44,Không,Chưa mở thẻ,0.0,Bình thường,2
KH_000732,Bùi * * Tuấn,Mass,DVKD_018,58.98,Có,1615.31,Không,Chưa mở thẻ,0.0,Bình thường,2
KH_000733,Phan * * Phúc,Private Banking,DVKD_013,306.38,Có,1216.66,Có,Signature Infinite,32.62,Bình thường,3
KH_000734,Võ * * Hương,Mass,DVKD_005,25.91,Không,0.0,Có,Signature Infinite,42.15,Bình thường,2
KH_000735,Đặng * * Vy,Mass,DVKD_007,15.56,Có,477.4,Không,Chưa mở thẻ,0.0,Bình thường,2
KH_000736,Phạm * * An,Mass Affluent,DVKD_008,587.22,Có,566.01,Có,Signature Infinite,38.3,Bình thường,3
KH_000737,Đỗ * * Tuấn,Mass Affluent,DVKD_024,139.53,Có,2297.53,Không,Chưa mở thẻ,0.0,Bình thường,2
KH_000738,Võ * * Khoa,Mass,DVKD_021,59.36,Có,1678.86,Có,Classic Standard,20.66,Bình thường,3
KH_000739,Trần * * An,Mass Affluent,DVKD_001,161.92,Không,0.0,Có,Gold Visa,14.19,Bình thường,2
KH_000740,Phạm * * Nam,Mass Affluent,DVKD_019,132.47,Có,1546.92,Không,Chưa mở thẻ,0.0,Bình thường,2
KH_000741,Bùi * * Thảo,Mass,DVKD_022,21.74,Không,0.0,Có,Platinum CashBack,15.17,Bình thường,2
KH_000742,Võ * * Nam,Priority VIP,DVKD_022,100.42,Có,979.36,Không,Chưa mở thẻ,0.0,Bình thường,2
KH_000743,Lê * * Sơn,Mass,DVKD_016,48.19,Không,0.0,Có,Classic Standard,5.25,Bình thường,2
KH_000744,Đỗ * * Mai,Priority VIP,DVKD_008,195.61,Có,371.34,Không,Chưa mở thẻ,0.0,Bình thường,2
KH_000745,Bùi * * Dũng,Mass,DVKD_014,9.25,Có,1542.09,Không,Chưa mở thẻ,0.0,Bình thường,2
KH_000746,Vũ * * Dũng,Mass,DVKD_016,80.44,Không,0.0,Có,Signature Infinite,31.66,Bình thường,2
KH_000747,Huỳnh * * Giang,Mass Affluent,DVKD_019,135.61,Không,0.0,Có,Gold Visa,38.79,Bình thường,2
KH_000748,Lê * * Khoa,Mass Affluent,DVKD_014,219.6,Không,0.0,Có,Platinum CashBack,13.68,Bình thường,2
KH_000749,Phan * * Linh,Mass,DVKD_017,82.93,Không,0.0,Có,Gold Visa,20.22,Bình thường,2
KH_000750,Vũ * * Vy,Mass,DVKD_001,34.26,Không,0.0,Có,Signature Infinite,44.44,Bình thường,2
KH_000751,Trần * * Dũng,Priority VIP,DVKD_005,34.81,Có,1443.5,Có,Gold Visa,13.26,Bình thường,3
KH_000752,Phan * * Trang,Priority VIP,DVKD_023,786.97,Không,0.0,Không,Chưa mở thẻ,0.0,Bình thường,1
KH_000753,Phan * * Sơn,Mass,DVKD_014,34.58,Có,880.61,Không,Chưa mở thẻ,0.0,Bình thường,2
KH_000754,Lê * * Phúc,Mass Affluent,DVKD_016,114.19,Có,932.71,Có,Signature Infinite,10.06,Bình thường,3
KH_000755,Phạm * * Huy,Private Banking,DVKD_006,41.99,Có,1569.22,Không,Chưa mở thẻ,0.0,Bình thường,2
KH_000756,Võ * * Sơn,Mass,DVKD_019,55.3,Không,0.0,Có,Signature Infinite,23.77,Bình thường,2
KH_000757,Đặng * * Sơn,Priority VIP,DVKD_004,270.98,Không,0.0,Có,Signature Infinite,42.63,Bình thường,2
KH_000758,Huỳnh * * Mai,Mass,DVKD_022,26.68,Có,1564.33,Có,Signature Infinite,40.87,Đã kích hoạt lại thành công,3
KH_000759,Đỗ * * Thảo,Mass Affluent,DVKD_010,628.12,Có,1568.45,Có,Platinum CashBack,27.19,Đã kích hoạt lại thành công,3
KH_000760,Vũ * * Quân,Mass Affluent,DVKD_013,435.12,Có,1336.58,Có,Signature Infinite,39.86,Đã kích hoạt lại thành công,3
KH_000761,Huỳnh * * Vy,Mass,DVKD_014,5.76,Có,2261.51,Có,Classic Standard,29.8,Bình thường,3
KH_000762,Huỳnh * * Khoa,Mass,DVKD_005,13.07,Có,825.56,Có,Gold Visa,40.0,Bình thường,3
KH_000763,Phạm * * Giang,Mass,DVKD_004,10.0,Có,2191.77,Có,Gold Visa,39.26,Bình thường,3
KH_000764,Đặng * * Tuấn,Private Banking,DVKD_023,381.46,Có,2048.0,Có,Signature Infinite,44.49,Bình thường,3
KH_000765,Lê * * Khoa,Mass,DVKD_002,1.19,Không,0.0,Không,Chưa mở thẻ,0.0,Bình thường,1
KH_000766,Trần * * Hương,Mass,DVKD_010,29.53,Có,530.51,Có,Signature Infinite,6.21,Đã kích hoạt lại thành công,3
KH_000767,Đặng * * Khoa,Mass Affluent,DVKD_003,402.48,Không,0.0,Có,Gold Visa,11.32,Đã kích hoạt lại thành công,2
KH_000768,Đỗ * * Giang,Mass Affluent,DVKD_007,586.23,Có,1758.98,Không,Chưa mở thẻ,0.0,Bình thường,2
KH_000769,Võ * * Mai,Mass,DVKD_013,14.65,Có,918.32,Có,Platinum CashBack,29.94,Bình thường,3
KH_000770,Phan * * Trang,Mass,DVKD_011,60.26,Không,0.0,Không,Chưa mở thẻ,0.0,Bình thường,1
KH_000771,Vũ * * Khoa,Mass,DVKD_004,4.1,Có,1371.32,Không,Chưa mở thẻ,0.0,Bình thường,2
KH_000772,Trần * * Cường,Mass Affluent,DVKD_010,524.65,Có,2243.33,Không,Chưa mở thẻ,0.0,Bình thường,2
KH_000773,Nguyễn * * Vy,Mass,DVKD_003,4.77,Có,2453.28,Có,Classic Standard,26.98,Đang tiếp cận,3
KH_000774,Đỗ * * Quân,Priority VIP,DVKD_013,141.77,Có,393.28,Không,Chưa mở thẻ,0.0,Đã kích hoạt lại thành công,2
KH_000775,Bùi * * An,Priority VIP,DVKD_010,446.88,Không,0.0,Có,Gold Visa,33.24,Bình thường,2
KH_000776,Vũ * * Huy,Mass,DVKD_001,5.68,Không,0.0,Không,Chưa mở thẻ,0.0,Bình thường,1
KH_000777,Lê * * Giang,Mass Affluent,DVKD_024,72.91,Có,1702.35,Có,Classic Standard,36.07,Bình thường,3
KH_000778,Hoàng * * Sơn,Mass,DVKD_002,44.84,Không,0.0,Có,Platinum CashBack,9.63,Bình thường,2
KH_000779,Lê * * Phúc,Mass,DVKD_020,44.56,Không,0.0,Có,Gold Visa,12.7,Bình thường,2
KH_000780,Trần * * Giang,Mass,DVKD_006,35.87,Có,425.88,Có,Classic Standard,29.41,Bình thường,3
KH_000781,Hoàng * * Trang,Mass,DVKD_003,41.44,Không,0.0,Không,Chưa mở thẻ,0.0,Bình thường,1
KH_000782,Hoàng * * Thảo,Mass,DVKD_020,27.39,Không,0.0,Có,Classic Standard,21.47,Bình thường,2
KH_000783,Bùi * * Dũng,Mass,DVKD_003,10.15,Có,1794.07,Không,Chưa mở thẻ,0.0,Bình thường,2
KH_000784,Trần * * Tuấn,Mass Affluent,DVKD_004,118.77,Không,0.0,Có,Gold Visa,16.88,Bình thường,2
KH_000785,Vũ * * Mai,Priority VIP,DVKD_004,56.11,Có,1180.08,Có,Gold Visa,7.48,Đã kích hoạt lại thành công,3
KH_000786,Huỳnh * * Trang,Mass Affluent,DVKD_016,669.45,Có,1143.83,Có,Signature Infinite,29.76,Bình thường,3
KH_000787,Nguyễn * * Linh,Mass,DVKD_016,30.65,Có,270.67,Có,Platinum CashBack,13.81,Bình thường,3
KH_000788,Phan * * Quân,Mass,DVKD_008,17.93,Có,1746.17,Có,Gold Visa,41.59,Bình thường,3
KH_000789,Trần * * Quân,Mass Affluent,DVKD_021,173.57,Có,1847.84,Không,Chưa mở thẻ,0.0,Bình thường,2
KH_000790,Vũ * * Vy,Mass Affluent,DVKD_012,823.99,Có,2412.6,Có,Gold Visa,7.7,Đã kích hoạt lại thành công,3
KH_000791,Đặng * * Bình,Mass,DVKD_004,5.83,Có,183.35,Có,Gold Visa,13.29,Bình thường,3
KH_000792,Đặng * * Giang,Mass,DVKD_006,30.89,Không,0.0,Có,Classic Standard,37.85,Bình thường,2
KH_000793,Vũ * * An,Mass Affluent,DVKD_021,197.4,Có,1833.38,Có,Classic Standard,31.73,Đã kích hoạt lại thành công,3
KH_000794,Đặng * * Linh,Mass Affluent,DVKD_019,264.7,Có,2031.72,Có,Signature Infinite,15.58,Bình thường,3
KH_000795,Bùi * * Quân,Mass,DVKD_020,0.64,Có,1958.83,Không,Chưa mở thẻ,0.0,Bình thường,2
KH_000796,Hoàng * * Bình,Mass,DVKD_006,71.98,Có,1945.25,Có,Gold Visa,29.36,Bình thường,3
KH_000797,Hoàng * * Sơn,Mass,DVKD_011,94.15,Không,0.0,Có,Gold Visa,16.35,Bình thường,2
KH_000798,Bùi * * Sơn,Mass,DVKD_013,29.15,Có,1661.04,Không,Chưa mở thẻ,0.0,Bình thường,2
KH_000799,Huỳnh * * Trang,Mass,DVKD_009,41.75,Không,0.0,Có,Signature Infinite,25.8,Bình thường,2
KH_000800,Lê * * Huy,Mass,DVKD_010,89.51,Có,2321.64,Không,Chưa mở thẻ,0.0,Bình thường,2
KH_000801,Đặng * * Cường,Mass Affluent,DVKD_003,343.95,Không,0.0,Có,Classic Standard,14.49,Bình thường,2
KH_000802,Phạm * * Thảo,Mass Affluent,DVKD_014,46.34,Không,0.0,Có,Gold Visa,5.92,Bình thường,2
KH_000803,Phạm * * Huy,Priority VIP,DVKD_016,240.44,Có,2422.24,Có,Platinum CashBack,17.2,Bình thường,3
KH_000804,Hoàng * * Cường,Priority VIP,DVKD_008,261.3,Có,1158.26,Có,Platinum CashBack,11.21,Bình thường,3
KH_000805,Lê * * Hương,Mass,DVKD_022,19.32,Có,1971.67,Có,Gold Visa,38.22,Bình thường,3
KH_000806,Nguyễn * * Hương,Mass,DVKD_011,46.67,Có,1386.15,Không,Chưa mở thẻ,0.0,Bình thường,2
KH_000807,Đỗ * * Khoa,Mass,DVKD_024,95.33,Không,0.0,Có,Platinum CashBack,38.99,Bình thường,2
KH_000808,Bùi * * Hương,Mass,DVKD_013,90.93,Không,0.0,Có,Classic Standard,14.17,Bình thường,2
KH_000809,Hoàng * * Linh,Mass Affluent,DVKD_010,167.82,Có,2073.03,Có,Gold Visa,34.15,Bình thường,3
KH_000810,Đỗ * * Nam,Mass Affluent,DVKD_006,33.65,Không,0.0,Có,Platinum CashBack,29.57,Bình thường,2
KH_000811,Bùi * * Hương,Priority VIP,DVKD_013,1172.97,Có,2407.73,Không,Chưa mở thẻ,0.0,Bình thường,2
KH_000812,Đặng * * Phúc,Mass,DVKD_024,63.9,Có,1840.16,Không,Chưa mở thẻ,0.0,Bình thường,2
KH_000813,Đỗ * * Quân,Mass Affluent,DVKD_013,37.28,Có,1324.36,Không,Chưa mở thẻ,0.0,Bình thường,2
KH_000814,Phan * * Khoa,Priority VIP,DVKD_006,710.17,Không,0.0,Có,Gold Visa,21.75,Bình thường,2
KH_000815,Hoàng * * Trang,Mass Affluent,DVKD_015,571.04,Có,1995.55,Có,Classic Standard,26.69,Bình thường,3
KH_000816,Trần * * Linh,Mass,DVKD_009,25.6,Có,1825.19,Có,Platinum CashBack,7.31,Bình thường,3
KH_000817,Phan * * Huy,Mass Affluent,DVKD_012,250.52,Không,0.0,Không,Chưa mở thẻ,0.0,Bình thường,1
KH_000818,Phạm * * Mai,Mass,DVKD_002,17.82,Không,0.0,Có,Platinum CashBack,15.39,Bình thường,2
KH_000819,Lê * * Nam,Priority VIP,DVKD_024,15.77,Có,2273.99,Không,Chưa mở thẻ,0.0,Bình thường,2
KH_000820,Bùi * * Mai,Mass,DVKD_024,14.29,Không,0.0,Không,Chưa mở thẻ,0.0,Đã kích hoạt lại thành công,1
KH_000821,Phan * * Hương,Mass Affluent,DVKD_014,454.67,Có,1304.99,Không,Chưa mở thẻ,0.0,Bình thường,2
KH_000822,Bùi * * An,Mass,DVKD_016,0.16,Không,0.0,Có,Signature Infinite,29.94,Bình thường,2
KH_000823,Vũ * * Hương,Mass Affluent,DVKD_021,113.6,Có,176.3,Không,Chưa mở thẻ,0.0,Bình thường,2
KH_000824,Lê * * Thảo,Mass,DVKD_017,17.77,Không,0.0,Có,Classic Standard,19.93,Bình thường,2
KH_000825,Đỗ * * Nam,Mass,DVKD_020,26.98,Không,0.0,Có,Platinum CashBack,17.68,Đã kích hoạt lại thành công,2
KH_000826,Lê * * Quân,Mass,DVKD_020,88.34,Không,0.0,Không,Chưa mở thẻ,0.0,Bình thường,1
KH_000827,Trần * * Vy,Mass,DVKD_012,14.88,Có,1764.1,Có,Classic Standard,34.74,Bình thường,3
KH_000828,Phan * * Cường,Mass,DVKD_011,14.91,Có,206.64,Có,Gold Visa,23.23,Bình thường,3
KH_000829,Phạm * * Trang,Mass,DVKD_013,46.81,Không,0.0,Có,Signature Infinite,44.08,Bình thường,2
KH_000830,Đỗ * * Dũng,Mass Affluent,DVKD_006,168.53,Có,1396.01,Có,Classic Standard,35.21,Bình thường,3
KH_000831,Vũ * * Huy,Mass,DVKD_023,8.9,Có,755.39,Có,Classic Standard,25.11,Bình thường,3
KH_000832,Phạm * * Hương,Mass Affluent,DVKD_005,168.64,Có,1541.13,Không,Chưa mở thẻ,0.0,Bình thường,2
KH_000833,Phan * * Bình,Mass Affluent,DVKD_006,42.51,Có,2264.7,Có,Gold Visa,37.72,Bình thường,3
KH_000834,Lê * * Vy,Mass,DVKD_004,6.79,Không,0.0,Không,Chưa mở thẻ,0.0,Đang tiếp cận,1
KH_000835,Võ * * Bình,Mass,DVKD_005,24.15,Có,2005.33,Có,Signature Infinite,12.46,Bình thường,3
KH_000836,Trần * * Quân,Mass Affluent,DVKD_024,152.01,Có,462.12,Có,Classic Standard,6.9,Bình thường,3
KH_000837,Phạm * * Trang,Mass,DVKD_006,86.22,Không,0.0,Có,Gold Visa,23.19,Bình thường,2
KH_000838,Nguyễn * * Bình,Mass,DVKD_001,15.75,Không,0.0,Có,Signature Infinite,26.91,Bình thường,2
KH_000839,Vũ * * Cường,Mass,DVKD_003,30.41,Có,341.49,Có,Signature Infinite,13.48,Đã kích hoạt lại thành công,3
KH_000840,Trần * * Nam,Mass,DVKD_018,35.01,Có,2495.48,Không,Chưa mở thẻ,0.0,Bình thường,2
KH_000841,Hoàng * * Sơn,Mass,DVKD_007,0.46,Không,0.0,Không,Chưa mở thẻ,0.0,Bình thường,1
KH_000842,Phan * * Huy,Mass,DVKD_017,38.12,Có,1732.74,Không,Chưa mở thẻ,0.0,Đã kích hoạt lại thành công,2
KH_000843,Vũ * * Sơn,Mass,DVKD_006,6.86,Không,0.0,Không,Chưa mở thẻ,0.0,Bình thường,1
KH_000844,Bùi * * Giang,Priority VIP,DVKD_006,908.88,Có,1154.45,Có,Platinum CashBack,16.6,Bình thường,3
KH_000845,Đỗ * * Tuấn,Mass Affluent,DVKD_002,45.07,Có,1036.84,Không,Chưa mở thẻ,0.0,Bình thường,2
KH_000846,Phạm * * Mai,Mass,DVKD_015,18.74,Có,208.46,Không,Chưa mở thẻ,0.0,Bình thường,2
KH_000847,Hoàng * * Linh,Mass,DVKD_021,3.12,Không,0.0,Không,Chưa mở thẻ,0.0,Bình thường,1
KH_000848,Vũ * * Sơn,Mass Affluent,DVKD_023,1615.06,Có,151.65,Có,Platinum CashBack,30.18,Đã kích hoạt lại thành công,3
KH_000849,Trần * * Phúc,Mass,DVKD_023,24.41,Không,0.0,Có,Gold Visa,19.13,Bình thường,2
KH_000850,Phạm * * Thảo,Mass Affluent,DVKD_012,253.35,Có,2012.39,Có,Classic Standard,31.83,Bình thường,3
KH_000851,Đỗ * * Mai,Mass,DVKD_008,2.43,Không,0.0,Có,Platinum CashBack,10.34,Đang tiếp cận,2
KH_000852,Lê * * Huy,Mass,DVKD_006,48.51,Có,246.95,Không,Chưa mở thẻ,0.0,Bình thường,2
KH_000853,Bùi * * Nam,Mass,DVKD_001,8.25,Không,0.0,Có,Signature Infinite,13.06,Bình thường,2
KH_000854,Bùi * * Bình,Priority VIP,DVKD_011,639.33,Có,1216.82,Không,Chưa mở thẻ,0.0,Bình thường,2
KH_000855,Đặng * * Vy,Mass,DVKD_016,8.04,Không,0.0,Có,Signature Infinite,27.03,Bình thường,2
KH_000856,Trần * * Phúc,Mass Affluent,DVKD_007,59.24,Không,0.0,Có,Classic Standard,27.96,Bình thường,2
KH_000857,Nguyễn * * Hương,Mass,DVKD_015,1.3,Không,0.0,Có,Classic Standard,15.18,Bình thường,2
KH_000858,Đỗ * * Khoa,Mass Affluent,DVKD_005,178.86,Có,2364.16,Không,Chưa mở thẻ,0.0,Bình thường,2
KH_000859,Nguyễn * * Dũng,Mass Affluent,DVKD_007,232.97,Không,0.0,Không,Chưa mở thẻ,0.0,Bình thường,1
KH_000860,Phan * * Trang,Mass Affluent,DVKD_011,19.03,Không,0.0,Có,Gold Visa,33.55,Bình thường,2
KH_000861,Phạm * * Bình,Private Banking,DVKD_018,418.32,Có,2130.13,Không,Chưa mở thẻ,0.0,Bình thường,2
KH_000862,Huỳnh * * Vy,Mass,DVKD_020,21.13,Không,0.0,Có,Signature Infinite,27.89,Bình thường,2
KH_000863,Nguyễn * * Bình,Private Banking,DVKD_022,208.08,Có,2056.87,Có,Signature Infinite,19.37,Bình thường,3
KH_000864,Hoàng * * Phúc,Mass,DVKD_014,20.34,Không,0.0,Có,Gold Visa,26.86,Bình thường,2
KH_000865,Vũ * * Quân,Mass Affluent,DVKD_024,143.39,Có,533.04,Có,Gold Visa,22.85,Bình thường,3
KH_000866,Huỳnh * * Thảo,Mass,DVKD_019,28.71,Không,0.0,Có,Platinum CashBack,13.64,Bình thường,2
KH_000867,Trần * * Cường,Mass Affluent,DVKD_001,47.24,Có,1079.04,Có,Signature Infinite,43.69,Bình thường,3
KH_000868,Nguyễn * * Giang,Mass,DVKD_009,7.03,Có,2304.15,Có,Platinum CashBack,41.16,Bình thường,3
KH_000869,Lê * * Bình,Mass Affluent,DVKD_019,554.11,Không,0.0,Không,Chưa mở thẻ,0.0,Bình thường,1
KH_000870,Đỗ * * Sơn,Mass,DVKD_022,102.23,Không,0.0,Có,Gold Visa,38.42,Bình thường,2
KH_000871,Đặng * * Giang,Private Banking,DVKD_010,130.84,Có,1127.1,Không,Chưa mở thẻ,0.0,Bình thường,2
KH_000872,Đặng * * Khoa,Mass Affluent,DVKD_019,88.4,Có,577.85,Có,Classic Standard,37.72,Bình thường,3
KH_000873,Đỗ * * Thảo,Mass,DVKD_022,36.15,Không,0.0,Có,Signature Infinite,42.26,Bình thường,2
KH_000874,Nguyễn * * Thảo,Mass,DVKD_024,18.39,Không,0.0,Có,Gold Visa,30.17,Bình thường,2
KH_000875,Đỗ * * Nam,Mass,DVKD_013,0.9,Có,2177.24,Có,Classic Standard,16.66,Bình thường,3
KH_000876,Phạm * * Giang,Mass,DVKD_018,5.94,Không,0.0,Có,Signature Infinite,15.17,Bình thường,2
KH_000877,Phan * * Sơn,Priority VIP,DVKD_001,352.43,Không,0.0,Không,Chưa mở thẻ,0.0,Bình thường,1
KH_000878,Đỗ * * Sơn,Mass Affluent,DVKD_006,301.18,Có,2142.7,Không,Chưa mở thẻ,0.0,Bình thường,2
KH_000879,Đỗ * * Sơn,Mass,DVKD_012,0.96,Không,0.0,Không,Chưa mở thẻ,0.0,Bình thường,1
KH_000880,Bùi * * Khoa,Mass,DVKD_001,8.78,Không,0.0,Không,Chưa mở thẻ,0.0,Đang tiếp cận,1
KH_000881,Hoàng * * Nam,Mass Affluent,DVKD_013,73.57,Có,447.79,Không,Chưa mở thẻ,0.0,Đã kích hoạt lại thành công,2
KH_000882,Nguyễn * * Trang,Mass,DVKD_008,39.0,Có,1674.48,Không,Chưa mở thẻ,0.0,Bình thường,2
KH_000883,Hoàng * * Linh,Mass,DVKD_022,0.7,Không,0.0,Có,Platinum CashBack,44.27,Bình thường,2
KH_000884,Huỳnh * * Phúc,Mass Affluent,DVKD_002,30.78,Có,1446.86,Có,Platinum CashBack,7.23,Bình thường,3
KH_000885,Nguyễn * * Cường,Mass Affluent,DVKD_016,450.53,Không,0.0,Có,Signature Infinite,27.6,Bình thường,2
KH_000886,Phạm * * Trang,Mass,DVKD_021,6.88,Không,0.0,Có,Signature Infinite,44.61,Bình thường,2
KH_000887,Phan * * Dũng,Mass,DVKD_009,37.02,Không,0.0,Không,Chưa mở thẻ,0.0,Bình thường,1
KH_000888,Võ * * An,Priority VIP,DVKD_024,76.17,Có,556.0,Có,Gold Visa,31.33,Bình thường,3
KH_000889,Huỳnh * * Nam,Mass,DVKD_001,3.67,Không,0.0,Không,Chưa mở thẻ,0.0,Bình thường,1
KH_000890,Trần * * Quân,Mass Affluent,DVKD_019,78.01,Có,405.67,Không,Chưa mở thẻ,0.0,Bình thường,2
KH_000891,Lê * * Nam,Mass Affluent,DVKD_002,358.71,Không,0.0,Có,Classic Standard,24.46,Đã kích hoạt lại thành công,2
KH_000892,Phạm * * Linh,Mass,DVKD_014,67.75,Không,0.0,Không,Chưa mở thẻ,0.0,Bình thường,1
KH_000893,Phan * * Sơn,Mass,DVKD_001,62.06,Có,1693.34,Có,Classic Standard,26.02,Bình thường,3
KH_000894,Lê * * Quân,Mass,DVKD_010,17.71,Không,0.0,Có,Gold Visa,28.59,Bình thường,2
KH_000895,Hoàng * * Giang,Mass,DVKD_023,38.6,Không,0.0,Có,Signature Infinite,19.94,Đã kích hoạt lại thành công,2
KH_000896,Vũ * * Vy,Mass,DVKD_023,8.03,Không,0.0,Có,Signature Infinite,21.08,Bình thường,2
KH_000897,Đặng * * Tuấn,Mass,DVKD_018,12.14,Có,735.23,Không,Chưa mở thẻ,0.0,Bình thường,2
KH_000898,Bùi * * Cường,Mass Affluent,DVKD_023,634.65,Có,161.86,Không,Chưa mở thẻ,0.0,Bình thường,2
KH_000899,Nguyễn * * Khoa,Priority VIP,DVKD_005,3.66,Có,2284.26,Có,Classic Standard,43.92,Bình thường,3
KH_000900,Phạm * * Vy,Mass,DVKD_013,3.13,Có,1276.25,Có,Platinum CashBack,37.86,Bình thường,3
KH_000901,Trần * * Tuấn,Priority VIP,DVKD_020,65.25,Có,1897.84,Có,Platinum CashBack,35.52,Bình thường,3
KH_000902,Nguyễn * * Giang,Mass,DVKD_019,0.94,Không,0.0,Không,Chưa mở thẻ,0.0,Bình thường,1
KH_000903,Phan * * Linh,Mass,DVKD_006,7.01,Không,0.0,Có,Signature Infinite,21.69,Bình thường,2
KH_000904,Võ * * Dũng,Private Banking,DVKD_008,244.94,Có,468.65,Có,Gold Visa,28.17,Bình thường,3
KH_000905,Lê * * Thảo,Mass,DVKD_006,19.15,Không,0.0,Có,Platinum CashBack,12.6,Bình thường,2
KH_000906,Đặng * * Linh,Mass Affluent,DVKD_009,624.92,Có,2258.18,Có,Signature Infinite,35.87,Đã kích hoạt lại thành công,3
KH_000907,Hoàng * * Bình,Mass,DVKD_015,59.52,Không,0.0,Có,Gold Visa,22.15,Bình thường,2
KH_000908,Võ * * Huy,Mass,DVKD_021,14.64,Không,0.0,Không,Chưa mở thẻ,0.0,Bình thường,1
KH_000909,Phan * * Huy,Private Banking,DVKD_007,84.09,Có,206.67,Có,Gold Visa,27.14,Bình thường,3
KH_000910,Nguyễn * * Huy,Mass,DVKD_014,16.71,Không,0.0,Không,Chưa mở thẻ,0.0,Đã kích hoạt lại thành công,1
KH_000911,Lê * * Hương,Mass Affluent,DVKD_005,249.85,Không,0.0,Có,Platinum CashBack,18.94,Đã kích hoạt lại thành công,2
KH_000912,Bùi * * Bình,Mass Affluent,DVKD_012,87.38,Có,1607.79,Có,Gold Visa,18.28,Bình thường,3
KH_000913,Phan * * Nam,Mass,DVKD_009,34.25,Không,0.0,Không,Chưa mở thẻ,0.0,Bình thường,1
KH_000914,Võ * * Linh,Priority VIP,DVKD_018,147.46,Có,2458.66,Không,Chưa mở thẻ,0.0,Bình thường,2
KH_000915,Nguyễn * * Thảo,Mass,DVKD_021,28.11,Không,0.0,Có,Signature Infinite,18.36,Bình thường,2
KH_000916,Võ * * Dũng,Private Banking,DVKD_008,160.42,Có,1974.92,Có,Classic Standard,36.93,Bình thường,3
KH_000917,Phan * * Giang,Mass,DVKD_014,12.21,Có,2246.0,Có,Signature Infinite,9.64,Bình thường,3
KH_000918,Trần * * Trang,Mass Affluent,DVKD_002,830.27,Có,1210.69,Không,Chưa mở thẻ,0.0,Bình thường,2
KH_000919,Trần * * Tuấn,Mass,DVKD_008,50.48,Có,571.81,Có,Gold Visa,19.73,Bình thường,3
KH_000920,Nguyễn * * Phúc,Mass,DVKD_019,5.28,Có,1628.36,Có,Classic Standard,41.67,Bình thường,3
KH_000921,Đỗ * * An,Mass Affluent,DVKD_002,567.98,Không,0.0,Không,Chưa mở thẻ,0.0,Đã kích hoạt lại thành công,1
KH_000922,Đỗ * * Nam,Mass Affluent,DVKD_013,187.13,Có,1978.24,Có,Classic Standard,32.97,Đã kích hoạt lại thành công,3
KH_000923,Võ * * Bình,Mass,DVKD_011,78.73,Có,1841.72,Có,Classic Standard,32.16,Bình thường,3
KH_000924,Đỗ * * Phúc,Mass Affluent,DVKD_001,450.44,Có,590.61,Có,Classic Standard,33.46,Bình thường,3
KH_000925,Trần * * Giang,Mass Affluent,DVKD_023,155.05,Có,1122.91,Có,Platinum CashBack,21.47,Bình thường,3
KH_000926,Vũ * * Quân,Mass,DVKD_013,0.8,Không,0.0,Có,Gold Visa,33.8,Bình thường,2
KH_000927,Hoàng * * Nam,Priority VIP,DVKD_012,87.61,Không,0.0,Có,Gold Visa,8.66,Đã kích hoạt lại thành công,2
KH_000928,Phạm * * Quân,Mass,DVKD_022,27.3,Có,1064.79,Không,Chưa mở thẻ,0.0,Bình thường,2
KH_000929,Vũ * * Cường,Mass,DVKD_019,35.13,Không,0.0,Không,Chưa mở thẻ,0.0,Bình thường,1
KH_000930,Phạm * * Quân,Mass,DVKD_010,10.44,Không,0.0,Không,Chưa mở thẻ,0.0,Bình thường,1
KH_000931,Vũ * * Bình,Mass,DVKD_016,5.25,Có,1222.08,Có,Platinum CashBack,29.97,Bình thường,3
KH_000932,Trần * * Bình,Mass Affluent,DVKD_018,504.39,Có,2068.38,Có,Classic Standard,39.63,Bình thường,3
KH_000933,Lê * * Dũng,Mass,DVKD_001,145.62,Không,0.0,Không,Chưa mở thẻ,0.0,Bình thường,1
KH_000934,Trần * * Nam,Mass Affluent,DVKD_015,208.85,Có,2032.61,Có,Platinum CashBack,17.15,Bình thường,3
KH_000935,Trần * * Nam,Mass,DVKD_013,6.59,Không,0.0,Có,Classic Standard,19.54,Đang tiếp cận,2
KH_000936,Nguyễn * * Hương,Mass Affluent,DVKD_017,89.01,Có,285.0,Không,Chưa mở thẻ,0.0,Bình thường,2
KH_000937,Vũ * * An,Mass Affluent,DVKD_020,5.2,Có,794.23,Có,Gold Visa,8.45,Bình thường,3
KH_000938,Phan * * Bình,Mass,DVKD_016,85.99,Có,749.84,Có,Platinum CashBack,17.75,Bình thường,3
KH_000939,Võ * * Nam,Mass,DVKD_012,4.38,Không,0.0,Có,Platinum CashBack,9.59,Bình thường,2
KH_000940,Hoàng * * Huy,Mass,DVKD_017,30.07,Không,0.0,Có,Platinum CashBack,43.05,Bình thường,2
KH_000941,Phan * * Thảo,Priority VIP,DVKD_006,89.68,Có,682.93,Có,Signature Infinite,28.12,Bình thường,3
KH_000942,Phạm * * Nam,Mass,DVKD_019,28.27,Không,0.0,Có,Classic Standard,40.85,Bình thường,2
KH_000943,Hoàng * * Quân,Mass Affluent,DVKD_018,295.09,Có,1672.48,Có,Platinum CashBack,8.42,Bình thường,3
KH_000944,Phạm * * Tuấn,Mass,DVKD_009,61.97,Không,0.0,Có,Gold Visa,9.37,Bình thường,2
KH_000945,Trần * * Linh,Mass,DVKD_016,8.09,Không,0.0,Có,Signature Infinite,27.19,Bình thường,2
KH_000946,Đặng * * Cường,Priority VIP,DVKD_008,3.1,Có,1680.05,Có,Platinum CashBack,23.3,Bình thường,3
KH_000947,Đặng * * Hương,Mass Affluent,DVKD_004,41.22,Có,1994.11,Có,Classic Standard,43.13,Đã kích hoạt lại thành công,3
KH_000948,Nguyễn * * Linh,Mass,DVKD_016,80.6,Có,1547.55,Có,Gold Visa,7.17,Bình thường,3
KH_000949,Đỗ * * Sơn,Priority VIP,DVKD_023,579.77,Có,545.72,Không,Chưa mở thẻ,0.0,Bình thường,2
KH_000950,Đỗ * * An,Mass,DVKD_014,31.84,Không,0.0,Có,Gold Visa,13.19,Bình thường,2
KH_000951,Phan * * Khoa,Mass,DVKD_012,32.12,Không,0.0,Có,Classic Standard,25.66,Đã kích hoạt lại thành công,2
KH_000952,Phạm * * Nam,Mass,DVKD_008,38.28,Không,0.0,Có,Gold Visa,20.61,Bình thường,2
KH_000953,Đỗ * * Linh,Mass,DVKD_018,6.75,Có,2053.09,Không,Chưa mở thẻ,0.0,Bình thường,2
KH_000954,Trần * * An,Mass,DVKD_023,86.04,Có,619.73,Không,Chưa mở thẻ,0.0,Bình thường,2
KH_000955,Lê * * Khoa,Mass,DVKD_012,18.99,Không,0.0,Không,Chưa mở thẻ,0.0,Bình thường,1
KH_000956,Bùi * * Trang,Priority VIP,DVKD_022,135.27,Có,1505.74,Có,Platinum CashBack,41.9,Bình thường,3
KH_000957,Đặng * * Khoa,Mass Affluent,DVKD_008,204.88,Không,0.0,Không,Chưa mở thẻ,0.0,Bình thường,1
KH_000958,Huỳnh * * Dũng,Mass,DVKD_016,1.68,Không,0.0,Không,Chưa mở thẻ,0.0,Bình thường,1
KH_000959,Phan * * Huy,Mass Affluent,DVKD_004,50.92,Có,1105.51,Có,Classic Standard,27.73,Bình thường,3
KH_000960,Nguyễn * * Sơn,Mass,DVKD_006,46.88,Không,0.0,Không,Chưa mở thẻ,0.0,Bình thường,1
KH_000961,Phan * * Cường,Priority VIP,DVKD_017,24.2,Không,0.0,Có,Classic Standard,25.99,Bình thường,2
KH_000962,Nguyễn * * Khoa,Mass Affluent,DVKD_024,258.78,Có,1810.74,Có,Gold Visa,37.16,Bình thường,3
KH_000963,Nguyễn * * Quân,Mass,DVKD_016,9.85,Không,0.0,Có,Platinum CashBack,15.1,Bình thường,2
KH_000964,Hoàng * * Sơn,Mass,DVKD_007,17.26,Không,0.0,Có,Classic Standard,30.7,Bình thường,2
KH_000965,Lê * * Trang,Mass Affluent,DVKD_022,95.38,Có,552.07,Không,Chưa mở thẻ,0.0,Bình thường,2
KH_000966,Đặng * * Phúc,Mass Affluent,DVKD_004,123.07,Có,1107.0,Không,Chưa mở thẻ,0.0,Bình thường,2
KH_000967,Hoàng * * Sơn,Priority VIP,DVKD_002,355.48,Không,0.0,Không,Chưa mở thẻ,0.0,Bình thường,1
KH_000968,Huỳnh * * Sơn,Mass,DVKD_011,12.34,Có,773.28,Có,Classic Standard,9.4,Bình thường,3
KH_000969,Bùi * * Sơn,Mass,DVKD_003,29.25,Có,669.24,Có,Signature Infinite,38.99,Bình thường,3
KH_000970,Vũ * * Sơn,Mass,DVKD_024,22.62,Có,1907.71,Có,Classic Standard,9.29,Bình thường,3
KH_000971,Võ * * Linh,Mass Affluent,DVKD_011,305.11,Có,369.83,Có,Classic Standard,37.62,Bình thường,3
KH_000972,Lê * * Huy,Mass,DVKD_002,96.67,Có,534.42,Có,Classic Standard,40.33,Bình thường,3
KH_000973,Hoàng * * Sơn,Mass,DVKD_007,46.16,Có,958.28,Có,Gold Visa,22.7,Đã kích hoạt lại thành công,3
KH_000974,Đặng * * Mai,Mass,DVKD_014,8.47,Có,2238.16,Có,Signature Infinite,13.41,Bình thường,3
KH_000975,Võ * * Huy,Mass,DVKD_013,1.11,Không,0.0,Có,Signature Infinite,41.39,Bình thường,2
KH_000976,Phan * * Linh,Mass,DVKD_008,10.65,Không,0.0,Không,Chưa mở thẻ,0.0,Bình thường,1
KH_000977,Phạm * * Giang,Mass Affluent,DVKD_003,253.14,Có,104.18,Không,Chưa mở thẻ,0.0,Đã kích hoạt lại thành công,2
KH_000978,Đỗ * * Linh,Mass,DVKD_002,1.85,Có,1637.0,Không,Chưa mở thẻ,0.0,Bình thường,2
KH_000979,Hoàng * * Khoa,Private Banking,DVKD_005,192.05,Không,0.0,Có,Platinum CashBack,31.18,Bình thường,2
KH_000980,Vũ * * Tuấn,Mass,DVKD_007,31.8,Có,1961.7,Không,Chưa mở thẻ,0.0,Bình thường,2
KH_000981,Vũ * * Sơn,Mass,DVKD_022,14.24,Có,1735.83,Không,Chưa mở thẻ,0.0,Bình thường,2
KH_000982,Hoàng * * Vy,Mass Affluent,DVKD_003,412.62,Có,845.63,Có,Signature Infinite,25.78,Bình thường,3
KH_000983,Bùi * * Phúc,Priority VIP,DVKD_003,31.56,Không,0.0,Có,Platinum CashBack,20.61,Bình thường,2
KH_000984,Phạm * * Nam,Mass,DVKD_011,2.73,Có,967.0,Có,Classic Standard,44.36,Bình thường,3
KH_000985,Vũ * * Dũng,Mass,DVKD_001,45.59,Không,0.0,Có,Gold Visa,25.35,Bình thường,2
KH_000986,Vũ * * Trang,Priority VIP,DVKD_014,191.57,Có,594.88,Không,Chưa mở thẻ,0.0,Bình thường,2
KH_000987,Trần * * Thảo,Mass Affluent,DVKD_013,326.49,Không,0.0,Có,Signature Infinite,14.57,Bình thường,2
KH_000988,Võ * * Sơn,Priority VIP,DVKD_010,159.77,Có,152.65,Không,Chưa mở thẻ,0.0,Bình thường,2
KH_000989,Bùi * * Vy,Mass,DVKD_012,9.9,Không,0.0,Có,Gold Visa,43.26,Bình thường,2
KH_000990,Nguyễn * * Trang,Priority VIP,DVKD_013,478.75,Có,264.22,Có,Gold Visa,16.47,Bình thường,3
KH_000991,Đỗ * * Thảo,Mass,DVKD_007,56.23,Không,0.0,Có,Classic Standard,28.02,Bình thường,2
KH_000992,Lê * * Trang,Mass Affluent,DVKD_009,332.21,Có,2269.77,Có,Signature Infinite,30.35,Bình thường,3
KH_000993,Lê * * Sơn,Mass,DVKD_006,11.12,Có,295.34,Có,Classic Standard,23.25,Bình thường,3
KH_000994,Đỗ * * Trang,Mass,DVKD_014,31.23,Không,0.0,Có,Gold Visa,13.82,Bình thường,2
KH_000995,Hoàng * * Quân,Mass Affluent,DVKD_016,125.39,Có,1462.92,Không,Chưa mở thẻ,0.0,Bình thường,2
KH_000996,Lê * * Thảo,Priority VIP,DVKD_007,26.89,Có,245.34,Có,Platinum CashBack,33.34,Bình thường,3
KH_000997,Vũ * * Huy,Priority VIP,DVKD_013,697.96,Có,604.15,Có,Signature Infinite,35.79,Đã kích hoạt lại thành công,3
KH_000998,Đặng * * Hương,Mass Affluent,DVKD_008,41.2,Có,249.72,Không,Chưa mở thẻ,0.0,Bình thường,2
KH_000999,Đặng * * Vy,Mass,DVKD_021,105.02,Có,288.92,Có,Signature Infinite,31.89,Bình thường,3
KH_001000,Bùi * * An,Mass,DVKD_010,20.67,Không,0.0,Không,Chưa mở thẻ,0.0,Bình thường,1
KH_001001,Nguyễn * * An,Mass,DVKD_019,7.17,Không,0.0,Không,Chưa mở thẻ,0.0,Bình thường,1
KH_001002,Lê * * Giang,Mass,DVKD_006,27.32,Có,452.3,Có,Classic Standard,36.9,Đã kích hoạt lại thành công,3
KH_001003,Hoàng * * Tuấn,Mass Affluent,DVKD_019,577.68,Có,156.07,Không,Chưa mở thẻ,0.0,Bình thường,2
KH_001004,Trần * * Thảo,Mass Affluent,DVKD_017,368.93,Có,1266.15,Không,Chưa mở thẻ,0.0,Bình thường,2
KH_001005,Đặng * * Cường,Private Banking,DVKD_013,459.98,Có,1723.78,Có,Platinum CashBack,14.48,Bình thường,3
KH_001006,Trần * * Tuấn,Mass,DVKD_012,37.63,Có,379.78,Có,Classic Standard,16.05,Bình thường,3
KH_001007,Trần * * Tuấn,Mass,DVKD_017,41.25,Có,556.44,Có,Classic Standard,16.82,Bình thường,3
KH_001008,Trần * * Trang,Mass Affluent,DVKD_011,529.7,Có,1513.8,Có,Signature Infinite,38.57,Bình thường,3
KH_001009,Bùi * * Linh,Mass,DVKD_020,10.05,Có,1817.25,Có,Classic Standard,39.14,Bình thường,3
KH_001010,Phạm * * Trang,Priority VIP,DVKD_001,188.22,Có,1638.12,Không,Chưa mở thẻ,0.0,Bình thường,2
KH_001011,Lê * * Khoa,Mass,DVKD_009,8.75,Có,528.0,Có,Platinum CashBack,26.92,Bình thường,3
KH_001012,Bùi * * Bình,Mass Affluent,DVKD_005,1230.76,Có,2451.19,Không,Chưa mở thẻ,0.0,Bình thường,2
KH_001013,Hoàng * * Phúc,Mass Affluent,DVKD_003,807.37,Có,248.15,Có,Platinum CashBack,37.94,Đã kích hoạt lại thành công,3
KH_001014,Đặng * * Nam,Mass,DVKD_019,1.41,Không,0.0,Có,Signature Infinite,35.2,Bình thường,2
KH_001015,Nguyễn * * Tuấn,Mass,DVKD_005,42.8,Không,0.0,Không,Chưa mở thẻ,0.0,Bình thường,1
KH_001016,Võ * * Quân,Mass,DVKD_023,90.78,Không,0.0,Có,Signature Infinite,37.74,Bình thường,2
KH_001017,Trần * * Linh,Mass Affluent,DVKD_005,55.76,Có,428.91,Có,Classic Standard,10.25,Bình thường,3
KH_001018,Trần * * Vy,Mass Affluent,DVKD_021,234.98,Có,1263.05,Có,Classic Standard,29.96,Bình thường,3
KH_001019,Đặng * * Dũng,Mass,DVKD_011,86.48,Có,552.61,Có,Signature Infinite,10.31,Bình thường,3
KH_001020,Nguyễn * * Dũng,Mass Affluent,DVKD_023,9.67,Có,175.44,Không,Chưa mở thẻ,0.0,Bình thường,2
KH_001021,Trần * * Phúc,Mass Affluent,DVKD_024,334.71,Có,912.29,Có,Platinum CashBack,7.57,Đã kích hoạt lại thành công,3
KH_001022,Đỗ * * Bình,Priority VIP,DVKD_001,98.81,Có,665.75,Có,Classic Standard,31.51,Đã kích hoạt lại thành công,3
KH_001023,Nguyễn * * Hương,Mass,DVKD_023,90.38,Không,0.0,Có,Signature Infinite,20.92,Đã kích hoạt lại thành công,2
KH_001024,Vũ * * Bình,Mass,DVKD_001,123.99,Không,0.0,Có,Gold Visa,24.32,Bình thường,2
KH_001025,Đặng * * Mai,Mass,DVKD_021,101.05,Có,2221.24,Có,Platinum CashBack,31.65,Bình thường,3
KH_001026,Trần * * Tuấn,Mass,DVKD_009,22.5,Không,0.0,Có,Platinum CashBack,31.41,Bình thường,2
KH_001027,Lê * * Huy,Mass Affluent,DVKD_007,554.63,Có,1244.36,Có,Classic Standard,7.17,Đã kích hoạt lại thành công,3
KH_001028,Hoàng * * Khoa,Mass Affluent,DVKD_008,521.2,Có,1015.59,Có,Gold Visa,31.75,Bình thường,3
KH_001029,Hoàng * * Quân,Priority VIP,DVKD_024,107.62,Có,1398.65,Có,Gold Visa,38.79,Bình thường,3
KH_001030,Huỳnh * * Mai,Mass,DVKD_009,61.8,Không,0.0,Có,Signature Infinite,28.98,Bình thường,2
KH_001031,Võ * * Giang,Mass,DVKD_010,1.32,Không,0.0,Có,Classic Standard,33.02,Bình thường,2
KH_001032,Trần * * Khoa,Mass,DVKD_019,31.75,Không,0.0,Có,Classic Standard,10.16,Bình thường,2
KH_001033,Trần * * Trang,Mass,DVKD_009,9.15,Không,0.0,Có,Signature Infinite,22.04,Bình thường,2
KH_001034,Đặng * * Mai,Mass,DVKD_024,4.5,Không,0.0,Có,Classic Standard,14.81,Bình thường,2
KH_001035,Võ * * Nam,Mass,DVKD_024,2.8,Có,2243.6,Không,Chưa mở thẻ,0.0,Bình thường,2
KH_001036,Trần * * Linh,Mass Affluent,DVKD_003,333.67,Không,0.0,Không,Chưa mở thẻ,0.0,Đã kích hoạt lại thành công,1
KH_001037,Lê * * Bình,Mass,DVKD_007,14.54,Có,980.18,Không,Chưa mở thẻ,0.0,Bình thường,2
KH_001038,Hoàng * * Giang,Mass,DVKD_011,45.15,Có,2302.73,Có,Platinum CashBack,5.83,Bình thường,3
KH_001039,Đặng * * Cường,Mass Affluent,DVKD_021,18.93,Có,1410.69,Không,Chưa mở thẻ,0.0,Bình thường,2
KH_001040,Đặng * * Giang,Mass,DVKD_014,13.26,Không,0.0,Không,Chưa mở thẻ,0.0,Bình thường,1
KH_001041,Phạm * * Thảo,Mass,DVKD_007,27.14,Có,2141.14,Không,Chưa mở thẻ,0.0,Bình thường,2
KH_001042,Vũ * * Tuấn,Mass,DVKD_016,54.74,Không,0.0,Có,Gold Visa,33.7,Đã kích hoạt lại thành công,2
KH_001043,Huỳnh * * Mai,Mass,DVKD_015,13.43,Có,1203.46,Có,Signature Infinite,28.73,Bình thường,3
KH_001044,Phan * * Thảo,Mass Affluent,DVKD_024,275.3,Có,1693.84,Không,Chưa mở thẻ,0.0,Bình thường,2
KH_001045,Vũ * * Dũng,Mass,DVKD_019,76.0,Có,129.05,Có,Classic Standard,29.1,Bình thường,3
KH_001046,Bùi * * Huy,Mass,DVKD_009,33.49,Có,1769.3,Không,Chưa mở thẻ,0.0,Bình thường,2
KH_001047,Đỗ * * Tuấn,Priority VIP,DVKD_023,74.26,Có,417.28,Không,Chưa mở thẻ,0.0,Bình thường,2
KH_001048,Bùi * * Nam,Mass,DVKD_011,0.86,Không,0.0,Không,Chưa mở thẻ,0.0,Bình thường,1
KH_001049,Nguyễn * * Huy,Mass Affluent,DVKD_016,571.47,Không,0.0,Không,Chưa mở thẻ,0.0,Bình thường,1
KH_001050,Đỗ * * Giang,Mass,DVKD_001,0.75,Không,0.0,Không,Chưa mở thẻ,0.0,Đang tiếp cận,1
KH_001051,Hoàng * * Khoa,Mass,DVKD_016,72.7,Không,0.0,Không,Chưa mở thẻ,0.0,Đã kích hoạt lại thành công,1
KH_001052,Vũ * * Bình,Mass,DVKD_018,26.35,Không,0.0,Không,Chưa mở thẻ,0.0,Bình thường,1
KH_001053,Vũ * * Bình,Priority VIP,DVKD_001,783.44,Có,979.93,Có,Signature Infinite,17.64,Bình thường,3
KH_001054,Vũ * * Khoa,Mass,DVKD_003,56.12,Không,0.0,Có,Classic Standard,18.02,Bình thường,2
KH_001055,Bùi * * Dũng,Mass,DVKD_017,216.38,Không,0.0,Có,Gold Visa,36.62,Bình thường,2
KH_001056,Vũ * * Nam,Mass,DVKD_013,15.12,Có,2130.08,Có,Signature Infinite,41.2,Bình thường,3
KH_001057,Võ * * Trang,Mass,DVKD_018,51.01,Không,0.0,Có,Platinum CashBack,33.09,Bình thường,2
KH_001058,Vũ * * Khoa,Mass Affluent,DVKD_003,143.93,Có,601.42,Có,Gold Visa,12.26,Đã kích hoạt lại thành công,3
KH_001059,Vũ * * Tuấn,Priority VIP,DVKD_002,183.03,Không,0.0,Có,Platinum CashBack,19.67,Bình thường,2
KH_001060,Lê * * Linh,Mass,DVKD_005,34.56,Không,0.0,Không,Chưa mở thẻ,0.0,Bình thường,1
KH_001061,Phan * * Cường,Mass,DVKD_005,72.41,Không,0.0,Có,Classic Standard,37.94,Bình thường,2
KH_001062,Huỳnh * * Hương,Mass,DVKD_015,144.91,Không,0.0,Không,Chưa mở thẻ,0.0,Bình thường,1
KH_001063,Nguyễn * * Sơn,Mass,DVKD_010,51.18,Có,1055.61,Có,Platinum CashBack,12.93,Bình thường,3
KH_001064,Vũ * * An,Mass,DVKD_005,18.93,Có,674.89,Không,Chưa mở thẻ,0.0,Bình thường,2
KH_001065,Đặng * * Thảo,Priority VIP,DVKD_024,153.18,Có,249.22,Có,Gold Visa,20.71,Bình thường,3
KH_001066,Vũ * * Giang,Private Banking,DVKD_016,374.59,Không,0.0,Không,Chưa mở thẻ,0.0,Bình thường,1
KH_001067,Bùi * * Sơn,Mass,DVKD_024,9.55,Không,0.0,Có,Platinum CashBack,18.64,Bình thường,2
KH_001068,Vũ * * Mai,Mass Affluent,DVKD_004,32.78,Có,1752.91,Có,Platinum CashBack,37.61,Bình thường,3
KH_001069,Đỗ * * Trang,Mass,DVKD_015,15.33,Không,0.0,Có,Classic Standard,39.19,Bình thường,2
KH_001070,Đặng * * Tuấn,Priority VIP,DVKD_013,94.81,Có,1608.36,Có,Signature Infinite,5.4,Đã kích hoạt lại thành công,3
KH_001071,Đặng * * Vy,Mass,DVKD_002,12.3,Không,0.0,Có,Gold Visa,20.94,Bình thường,2
KH_001072,Nguyễn * * Phúc,Mass Affluent,DVKD_024,74.5,Có,861.49,Có,Gold Visa,12.31,Bình thường,3
KH_001073,Đặng * * Mai,Mass,DVKD_013,1.51,Không,0.0,Có,Platinum CashBack,43.84,Bình thường,2
KH_001074,Phạm * * Bình,Mass,DVKD_021,0.63,Có,1342.01,Không,Chưa mở thẻ,0.0,Bình thường,2
KH_001075,Huỳnh * * Tuấn,Mass,DVKD_003,154.0,Không,0.0,Có,Platinum CashBack,28.03,Bình thường,2
KH_001076,Phạm * * Linh,Priority VIP,DVKD_011,156.3,Có,985.28,Có,Gold Visa,18.97,Bình thường,3
KH_001077,Đặng * * Linh,Mass,DVKD_006,16.98,Không,0.0,Không,Chưa mở thẻ,0.0,Bình thường,1
KH_001078,Đặng * * Hương,Mass Affluent,DVKD_015,318.73,Có,1382.93,Có,Signature Infinite,44.14,Bình thường,3
KH_001079,Huỳnh * * Huy,Priority VIP,DVKD_021,68.94,Có,1580.77,Không,Chưa mở thẻ,0.0,Đã kích hoạt lại thành công,2
KH_001080,Phạm * * Thảo,Mass Affluent,DVKD_009,838.59,Có,2414.83,Có,Classic Standard,31.59,Đã kích hoạt lại thành công,3
KH_001081,Bùi * * Mai,Mass Affluent,DVKD_012,432.15,Có,2242.67,Có,Gold Visa,25.44,Bình thường,3
KH_001082,Đặng * * Phúc,Mass,DVKD_021,3.28,Có,1020.31,Có,Gold Visa,12.95,Bình thường,3
KH_001083,Phan * * Thảo,Private Banking,DVKD_011,151.36,Có,373.05,Có,Classic Standard,19.42,Bình thường,3
KH_001084,Bùi * * Khoa,Priority VIP,DVKD_020,591.62,Không,0.0,Có,Signature Infinite,21.85,Đã kích hoạt lại thành công,2
KH_001085,Hoàng * * Hương,Mass Affluent,DVKD_024,810.76,Có,2126.39,Có,Platinum CashBack,32.75,Bình thường,3
KH_001086,Đặng * * Sơn,Mass,DVKD_013,22.05,Không,0.0,Có,Classic Standard,21.25,Bình thường,2
KH_001087,Võ * * Trang,Mass,DVKD_003,33.26,Có,972.35,Không,Chưa mở thẻ,0.0,Bình thường,2
KH_001088,Lê * * Dũng,Mass Affluent,DVKD_008,51.17,Có,1442.99,Không,Chưa mở thẻ,0.0,Bình thường,2
KH_001089,Hoàng * * Giang,Mass,DVKD_020,165.53,Không,0.0,Không,Chưa mở thẻ,0.0,Bình thường,1
KH_001090,Phạm * * Tuấn,Mass,DVKD_008,9.22,Không,0.0,Có,Gold Visa,22.63,Bình thường,2
KH_001091,Đỗ * * Sơn,Mass Affluent,DVKD_005,800.8,Có,1384.37,Không,Chưa mở thẻ,0.0,Bình thường,2
KH_001092,Phan * * Huy,Mass,DVKD_014,36.71,Không,0.0,Có,Signature Infinite,41.63,Bình thường,2
KH_001093,Vũ * * Phúc,Mass,DVKD_009,32.75,Không,0.0,Có,Signature Infinite,36.91,Bình thường,2
KH_001094,Hoàng * * Sơn,Priority VIP,DVKD_013,201.28,Có,826.97,Có,Classic Standard,6.0,Bình thường,3
KH_001095,Võ * * Bình,Mass,DVKD_014,9.18,Có,1560.82,Không,Chưa mở thẻ,0.0,Bình thường,2
KH_001096,Huỳnh * * Mai,Priority VIP,DVKD_019,54.38,Có,768.17,Có,Signature Infinite,16.97,Bình thường,3
KH_001097,Võ * * Sơn,Mass Affluent,DVKD_004,69.74,Có,1407.19,Không,Chưa mở thẻ,0.0,Bình thường,2
KH_001098,Huỳnh * * Huy,Mass,DVKD_020,7.22,Không,0.0,Không,Chưa mở thẻ,0.0,Bình thường,1
KH_001099,Phạm * * Linh,Mass,DVKD_021,52.93,Không,0.0,Không,Chưa mở thẻ,0.0,Bình thường,1
KH_001100,Đỗ * * Vy,Mass Affluent,DVKD_021,120.67,Có,1585.46,Có,Gold Visa,29.68,Bình thường,3
KH_001101,Đỗ * * Thảo,Mass,DVKD_007,2.09,Không,0.0,Có,Platinum CashBack,25.6,Đang tiếp cận,2
KH_001102,Võ * * Mai,Mass,DVKD_009,121.7,Không,0.0,Có,Signature Infinite,19.98,Bình thường,2
KH_001103,Bùi * * Quân,Private Banking,DVKD_010,602.65,Có,1474.3,Không,Chưa mở thẻ,0.0,Bình thường,2
KH_001104,Bùi * * Vy,Mass,DVKD_002,91.97,Có,728.78,Không,Chưa mở thẻ,0.0,Đã kích hoạt lại thành công,2
KH_001105,Lê * * Cường,Mass,DVKD_001,184.8,Không,0.0,Có,Gold Visa,19.71,Bình thường,2
KH_001106,Phạm * * Hương,Mass,DVKD_017,6.69,Có,1161.11,Có,Platinum CashBack,40.83,Bình thường,3
KH_001107,Lê * * Khoa,Mass,DVKD_008,17.66,Có,980.82,Có,Gold Visa,31.25,Bình thường,3
KH_001108,Nguyễn * * Cường,Mass Affluent,DVKD_013,397.54,Có,2075.32,Không,Chưa mở thẻ,0.0,Đã kích hoạt lại thành công,2
KH_001109,Nguyễn * * Tuấn,Mass,DVKD_015,41.68,Có,758.07,Có,Gold Visa,44.02,Bình thường,3
KH_001110,Hoàng * * Giang,Mass,DVKD_015,5.85,Có,1572.82,Có,Gold Visa,27.56,Bình thường,3
KH_001111,Bùi * * Sơn,Mass,DVKD_023,59.22,Không,0.0,Có,Gold Visa,43.95,Đã kích hoạt lại thành công,2
KH_001112,Vũ * * Dũng,Mass,DVKD_007,8.9,Không,0.0,Không,Chưa mở thẻ,0.0,Bình thường,1
KH_001113,Hoàng * * Bình,Mass Affluent,DVKD_002,70.94,Không,0.0,Có,Gold Visa,23.22,Đã kích hoạt lại thành công,2
KH_001114,Võ * * Thảo,Mass,DVKD_016,26.95,Có,1356.27,Có,Gold Visa,11.66,Đã kích hoạt lại thành công,3
KH_001115,Võ * * Tuấn,Mass Affluent,DVKD_009,251.66,Có,1230.59,Có,Gold Visa,35.58,Bình thường,3
KH_001116,Huỳnh * * Giang,Mass,DVKD_002,30.37,Có,2115.41,Có,Classic Standard,8.24,Bình thường,3
KH_001117,Phan * * Bình,Mass,DVKD_002,3.36,Không,0.0,Có,Signature Infinite,7.49,Bình thường,2
KH_001118,Đỗ * * Tuấn,Mass Affluent,DVKD_004,587.81,Có,1952.29,Có,Signature Infinite,9.13,Đã kích hoạt lại thành công,3
KH_001119,Hoàng * * Thảo,Mass,DVKD_004,10.8,Có,1541.56,Có,Gold Visa,24.35,Bình thường,3
KH_001120,Vũ * * Vy,Mass Affluent,DVKD_013,38.84,Có,314.15,Có,Gold Visa,30.53,Đã kích hoạt lại thành công,3
KH_001121,Phan * * Hương,Mass,DVKD_020,76.86,Không,0.0,Có,Platinum CashBack,24.99,Bình thường,2
KH_001122,Hoàng * * Nam,Mass,DVKD_022,109.05,Không,0.0,Có,Signature Infinite,16.67,Bình thường,2
KH_001123,Nguyễn * * Vy,Mass,DVKD_007,69.35,Không,0.0,Có,Gold Visa,14.8,Bình thường,2
KH_001124,Hoàng * * Nam,Mass Affluent,DVKD_010,464.29,Có,2065.27,Có,Gold Visa,25.39,Bình thường,3
KH_001125,Trần * * Tuấn,Mass Affluent,DVKD_001,298.18,Không,0.0,Có,Classic Standard,30.37,Bình thường,2
KH_001126,Vũ * * Cường,Mass,DVKD_022,28.01,Không,0.0,Có,Platinum CashBack,11.44,Bình thường,2
KH_001127,Đỗ * * Cường,Mass Affluent,DVKD_005,25.48,Có,2155.97,Có,Platinum CashBack,10.17,Bình thường,3
KH_001128,Trần * * Khoa,Mass,DVKD_015,18.38,Không,0.0,Có,Classic Standard,33.58,Bình thường,2
KH_001129,Phạm * * Thảo,Mass,DVKD_017,16.32,Không,0.0,Không,Chưa mở thẻ,0.0,Bình thường,1
KH_001130,Đặng * * Giang,Mass,DVKD_003,10.53,Không,0.0,Có,Signature Infinite,20.72,Bình thường,2
KH_001131,Phan * * Giang,Mass,DVKD_005,44.98,Không,0.0,Không,Chưa mở thẻ,0.0,Bình thường,1
KH_001132,Đỗ * * Giang,Mass Affluent,DVKD_014,191.78,Có,2359.25,Có,Classic Standard,22.54,Bình thường,3
KH_001133,Hoàng * * Vy,Mass,DVKD_018,2.96,Không,0.0,Có,Platinum CashBack,21.87,Bình thường,2
KH_001134,Đặng * * Hương,Priority VIP,DVKD_022,69.63,Có,1297.72,Có,Platinum CashBack,23.93,Đã kích hoạt lại thành công,3
KH_001135,Vũ * * Linh,Mass,DVKD_008,40.24,Không,0.0,Không,Chưa mở thẻ,0.0,Bình thường,1
KH_001136,Trần * * Hương,Priority VIP,DVKD_023,22.17,Có,1893.36,Có,Classic Standard,36.41,Bình thường,3
KH_001137,Phạm * * Phúc,Mass Affluent,DVKD_005,533.46,Không,0.0,Không,Chưa mở thẻ,0.0,Bình thường,1
KH_001138,Hoàng * * Mai,Mass,DVKD_021,23.92,Có,586.19,Không,Chưa mở thẻ,0.0,Đã kích hoạt lại thành công,2
KH_001139,Hoàng * * Dũng,Priority VIP,DVKD_013,183.42,Có,1663.46,Có,Classic Standard,31.16,Bình thường,3
KH_001140,Nguyễn * * An,Mass Affluent,DVKD_017,251.3,Có,1842.97,Có,Platinum CashBack,5.75,Bình thường,3
KH_001141,Hoàng * * Linh,Mass,DVKD_019,60.94,Không,0.0,Có,Signature Infinite,41.1,Bình thường,2
KH_001142,Võ * * Quân,Mass Affluent,DVKD_009,119.68,Có,1267.31,Có,Classic Standard,27.63,Bình thường,3
KH_001143,Vũ * * Khoa,Priority VIP,DVKD_017,317.31,Có,1228.18,Có,Gold Visa,35.99,Bình thường,3
KH_001144,Huỳnh * * Trang,Mass,DVKD_023,29.19,Không,0.0,Không,Chưa mở thẻ,0.0,Đã kích hoạt lại thành công,1
KH_001145,Trần * * Trang,Mass,DVKD_011,10.87,Có,180.66,Có,Gold Visa,12.39,Bình thường,3
KH_001146,Phạm * * Linh,Mass,DVKD_005,73.81,Có,2067.39,Có,Signature Infinite,35.66,Bình thường,3
KH_001147,Lê * * Nam,Mass,DVKD_002,55.88,Không,0.0,Không,Chưa mở thẻ,0.0,Bình thường,1
KH_001148,Đỗ * * Bình,Mass,DVKD_009,37.6,Có,1444.21,Có,Platinum CashBack,13.85,Bình thường,3
KH_001149,Phạm * * Phúc,Priority VIP,DVKD_007,532.28,Có,1204.72,Không,Chưa mở thẻ,0.0,Bình thường,2
KH_001150,Đỗ * * Phúc,Mass,DVKD_008,70.69,Có,1350.79,Không,Chưa mở thẻ,0.0,Bình thường,2
KH_001151,Hoàng * * Thảo,Mass Affluent,DVKD_015,345.03,Có,2037.34,Không,Chưa mở thẻ,0.0,Bình thường,2
KH_001152,Phạm * * Sơn,Mass,DVKD_014,63.49,Không,0.0,Có,Classic Standard,44.0,Bình thường,2
KH_001153,Huỳnh * * Khoa,Mass Affluent,DVKD_014,334.76,Có,2419.76,Không,Chưa mở thẻ,0.0,Bình thường,2
KH_001154,Bùi * * Bình,Mass,DVKD_009,39.9,Không,0.0,Có,Signature Infinite,15.02,Bình thường,2
KH_001155,Trần * * Hương,Priority VIP,DVKD_002,269.9,Không,0.0,Có,Classic Standard,26.84,Bình thường,2
KH_001156,Trần * * Dũng,Mass Affluent,DVKD_009,391.22,Có,250.29,Có,Signature Infinite,38.41,Bình thường,3
KH_001157,Trần * * Trang,Mass,DVKD_022,6.04,Có,2443.63,Có,Platinum CashBack,22.33,Bình thường,3
KH_001158,Vũ * * Vy,Mass,DVKD_010,74.46,Có,2419.83,Không,Chưa mở thẻ,0.0,Bình thường,2
KH_001159,Đỗ * * Nam,Mass,DVKD_014,71.91,Không,0.0,Không,Chưa mở thẻ,0.0,Bình thường,1
KH_001160,Phạm * * Bình,Mass,DVKD_010,1.04,Không,0.0,Không,Chưa mở thẻ,0.0,Bình thường,1
KH_001161,Võ * * Bình,Priority VIP,DVKD_013,489.34,Có,2093.51,Không,Chưa mở thẻ,0.0,Bình thường,2
KH_001162,Vũ * * Trang,Mass Affluent,DVKD_021,38.63,Có,651.43,Có,Signature Infinite,31.28,Bình thường,3
KH_001163,Nguyễn * * Quân,Priority VIP,DVKD_008,114.28,Có,2029.8,Có,Gold Visa,33.94,Bình thường,3
KH_001164,Võ * * Huy,Priority VIP,DVKD_006,380.98,Có,1634.53,Có,Gold Visa,36.41,Bình thường,3
KH_001165,Phạm * * Quân,Mass,DVKD_012,6.13,Không,0.0,Có,Gold Visa,8.04,Bình thường,2
KH_001166,Huỳnh * * Linh,Mass,DVKD_007,59.62,Có,1644.79,Có,Gold Visa,8.45,Bình thường,3
KH_001167,Đặng * * Giang,Mass,DVKD_022,62.46,Có,1714.98,Có,Signature Infinite,21.34,Bình thường,3
KH_001168,Đỗ * * Tuấn,Mass Affluent,DVKD_009,198.29,Có,1318.95,Không,Chưa mở thẻ,0.0,Bình thường,2
KH_001169,Đặng * * Huy,Mass Affluent,DVKD_006,1.79,Có,2206.1,Có,Gold Visa,35.72,Bình thường,3
KH_001170,Vũ * * Quân,Mass Affluent,DVKD_006,94.73,Có,1758.73,Có,Platinum CashBack,13.58,Bình thường,3
KH_001171,Trần * * Nam,Private Banking,DVKD_004,268.67,Không,0.0,Không,Chưa mở thẻ,0.0,Bình thường,1
KH_001172,Lê * * Sơn,Private Banking,DVKD_012,1112.49,Có,888.06,Có,Gold Visa,35.68,Bình thường,3
KH_001173,Huỳnh * * Tuấn,Private Banking,DVKD_012,279.77,Có,1066.93,Không,Chưa mở thẻ,0.0,Bình thường,2
KH_001174,Phan * * Vy,Mass,DVKD_003,10.53,Có,849.3,Có,Platinum CashBack,5.65,Bình thường,3
KH_001175,Võ * * Trang,Mass Affluent,DVKD_002,281.44,Có,112.86,Có,Gold Visa,43.88,Đã kích hoạt lại thành công,3
KH_001176,Phạm * * Phúc,Mass Affluent,DVKD_006,217.42,Không,0.0,Không,Chưa mở thẻ,0.0,Bình thường,1
KH_001177,Võ * * Cường,Mass Affluent,DVKD_010,423.76,Có,339.05,Có,Gold Visa,22.74,Bình thường,3
KH_001178,Đặng * * Sơn,Priority VIP,DVKD_010,31.68,Không,0.0,Có,Platinum CashBack,13.03,Bình thường,2
KH_001179,Nguyễn * * Nam,Mass Affluent,DVKD_015,400.79,Có,249.23,Có,Signature Infinite,35.74,Đã kích hoạt lại thành công,3
KH_001180,Phan * * Quân,Mass,DVKD_011,27.28,Không,0.0,Có,Platinum CashBack,33.2,Bình thường,2
KH_001181,Lê * * Dũng,Mass Affluent,DVKD_013,923.05,Có,2467.18,Không,Chưa mở thẻ,0.0,Đã kích hoạt lại thành công,2
KH_001182,Nguyễn * * Quân,Mass,DVKD_008,14.64,Có,1043.4,Có,Classic Standard,40.0,Bình thường,3
KH_001183,Trần * * Nam,Priority VIP,DVKD_004,280.38,Có,464.44,Có,Gold Visa,23.46,Bình thường,3
KH_001184,Huỳnh * * Dũng,Mass,DVKD_011,94.1,Không,0.0,Có,Signature Infinite,19.57,Bình thường,2
KH_001185,Huỳnh * * Quân,Mass Affluent,DVKD_007,30.28,Có,368.21,Không,Chưa mở thẻ,0.0,Bình thường,2
KH_001186,Vũ * * Linh,Private Banking,DVKD_009,775.11,Không,0.0,Có,Classic Standard,36.46,Đã kích hoạt lại thành công,2
KH_001187,Nguyễn * * Bình,Priority VIP,DVKD_021,326.03,Không,0.0,Có,Gold Visa,7.07,Bình thường,2
KH_001188,Đặng * * Huy,Priority VIP,DVKD_003,19.67,Không,0.0,Không,Chưa mở thẻ,0.0,Bình thường,1
KH_001189,Đặng * * An,Mass Affluent,DVKD_014,100.25,Có,1718.01,Có,Signature Infinite,8.94,Bình thường,3
KH_001190,Trần * * Giang,Mass,DVKD_010,43.11,Không,0.0,Có,Classic Standard,29.52,Bình thường,2
KH_001191,Vũ * * Khoa,Mass,DVKD_014,2.44,Có,1278.83,Có,Gold Visa,11.96,Bình thường,3
KH_001192,Đỗ * * Giang,Mass,DVKD_023,30.54,Không,0.0,Có,Platinum CashBack,39.32,Bình thường,2
KH_001193,Nguyễn * * Huy,Mass Affluent,DVKD_024,118.85,Không,0.0,Có,Signature Infinite,41.17,Đã kích hoạt lại thành công,2
KH_001194,Đặng * * Linh,Priority VIP,DVKD_013,271.6,Có,562.41,Có,Signature Infinite,9.95,Bình thường,3
KH_001195,Bùi * * Trang,Mass,DVKD_008,1.64,Không,0.0,Có,Gold Visa,39.61,Bình thường,2
KH_001196,Phan * * Hương,Private Banking,DVKD_023,574.59,Có,2233.51,Có,Classic Standard,24.3,Đã kích hoạt lại thành công,3
KH_001197,Huỳnh * * Bình,Mass,DVKD_012,127.06,Không,0.0,Có,Classic Standard,14.63,Bình thường,2
KH_001198,Võ * * Dũng,Priority VIP,DVKD_015,971.55,Không,0.0,Không,Chưa mở thẻ,0.0,Bình thường,1
KH_001199,Trần * * Quân,Mass,DVKD_009,48.47,Không,0.0,Không,Chưa mở thẻ,0.0,Bình thường,1
KH_001200,Phan * * Huy,Mass Affluent,DVKD_020,39.02,Có,2236.62,Không,Chưa mở thẻ,0.0,Bình thường,2
KH_001201,Đỗ * * Cường,Mass,DVKD_014,49.7,Không,0.0,Có,Platinum CashBack,41.04,Bình thường,2
KH_001202,Huỳnh * * An,Mass,DVKD_019,0.87,Không,0.0,Có,Signature Infinite,5.36,Bình thường,2
KH_001203,Đặng * * Sơn,Priority VIP,DVKD_003,6.26,Có,1155.65,Có,Signature Infinite,18.96,Bình thường,3
KH_001204,Đặng * * An,Mass Affluent,DVKD_013,109.48,Không,0.0,Có,Platinum CashBack,44.77,Bình thường,2
KH_001205,Nguyễn * * Trang,Mass,DVKD_020,23.47,Không,0.0,Không,Chưa mở thẻ,0.0,Bình thường,1
KH_001206,Nguyễn * * Thảo,Mass Affluent,DVKD_020,412.01,Có,2010.2,Có,Platinum CashBack,12.1,Đã kích hoạt lại thành công,3
KH_001207,Phan * * An,Mass,DVKD_024,40.24,Không,0.0,Có,Platinum CashBack,15.3,Bình thường,2
KH_001208,Phan * * Vy,Mass Affluent,DVKD_021,165.32,Có,450.22,Không,Chưa mở thẻ,0.0,Bình thường,2
KH_001209,Đặng * * Mai,Mass,DVKD_008,11.19,Có,2066.43,Có,Platinum CashBack,35.43,Bình thường,3
KH_001210,Huỳnh * * Quân,Mass Affluent,DVKD_002,1638.43,Có,214.99,Có,Gold Visa,40.72,Đã kích hoạt lại thành công,3
KH_001211,Võ * * Nam,Mass Affluent,DVKD_004,155.52,Không,0.0,Không,Chưa mở thẻ,0.0,Bình thường,1
KH_001212,Bùi * * Phúc,Priority VIP,DVKD_018,168.1,Có,2022.04,Có,Platinum CashBack,12.42,Bình thường,3
KH_001213,Bùi * * Vy,Mass,DVKD_021,6.25,Có,1611.19,Không,Chưa mở thẻ,0.0,Bình thường,2
KH_001214,Nguyễn * * Trang,Mass,DVKD_024,55.43,Không,0.0,Có,Classic Standard,6.2,Bình thường,2
KH_001215,Huỳnh * * Mai,Mass,DVKD_001,41.41,Không,0.0,Có,Platinum CashBack,17.76,Bình thường,2
KH_001216,Bùi * * Vy,Mass Affluent,DVKD_018,69.85,Có,2199.18,Có,Signature Infinite,38.13,Bình thường,3
KH_001217,Phạm * * Quân,Mass,DVKD_008,3.01,Không,0.0,Không,Chưa mở thẻ,0.0,Bình thường,1
KH_001218,Phan * * Vy,Priority VIP,DVKD_024,319.48,Có,978.25,Không,Chưa mở thẻ,0.0,Bình thường,2
KH_001219,Trần * * An,Priority VIP,DVKD_009,297.58,Có,2395.85,Có,Classic Standard,17.53,Bình thường,3
KH_001220,Đỗ * * Quân,Mass,DVKD_014,11.17,Không,0.0,Có,Signature Infinite,25.94,Đã kích hoạt lại thành công,2
KH_001221,Võ * * Tuấn,Mass,DVKD_009,105.46,Có,1162.01,Không,Chưa mở thẻ,0.0,Bình thường,2
KH_001222,Phan * * Tuấn,Mass,DVKD_010,5.73,Không,0.0,Không,Chưa mở thẻ,0.0,Bình thường,1
KH_001223,Đặng * * Giang,Mass Affluent,DVKD_004,158.54,Có,1539.56,Có,Signature Infinite,42.26,Bình thường,3
KH_001224,Huỳnh * * Nam,Mass,DVKD_013,100.64,Có,1238.12,Không,Chưa mở thẻ,0.0,Bình thường,2
KH_001225,Trần * * Hương,Mass Affluent,DVKD_018,152.39,Có,1623.46,Có,Gold Visa,28.15,Bình thường,3
KH_001226,Đỗ * * Cường,Mass,DVKD_021,35.61,Không,0.0,Có,Gold Visa,7.5,Bình thường,2
KH_001227,Bùi * * Huy,Mass,DVKD_021,17.74,Có,1230.54,Không,Chưa mở thẻ,0.0,Bình thường,2
KH_001228,Bùi * * Phúc,Mass Affluent,DVKD_013,89.74,Có,706.02,Không,Chưa mở thẻ,0.0,Bình thường,2
KH_001229,Trần * * Hương,Mass,DVKD_009,144.68,Không,0.0,Có,Platinum CashBack,39.46,Bình thường,2
KH_001230,Vũ * * Khoa,Mass,DVKD_014,18.43,Có,1212.32,Có,Gold Visa,13.85,Bình thường,3
KH_001231,Đỗ * * Cường,Mass,DVKD_008,78.58,Có,794.8,Có,Platinum CashBack,16.05,Bình thường,3
KH_001232,Trần * * Phúc,Mass,DVKD_019,9.15,Có,1246.08,Có,Classic Standard,25.76,Bình thường,3
KH_001233,Nguyễn * * Linh,Mass,DVKD_004,8.39,Có,2421.67,Có,Gold Visa,20.61,Bình thường,3
KH_001234,Nguyễn * * Sơn,Mass,DVKD_003,1.11,Không,0.0,Không,Chưa mở thẻ,0.0,Bình thường,1
KH_001235,Hoàng * * An,Mass,DVKD_012,36.91,Không,0.0,Có,Platinum CashBack,11.69,Đã kích hoạt lại thành công,2
KH_001236,Phan * * Dũng,Mass,DVKD_010,16.09,Có,2499.16,Có,Signature Infinite,24.28,Đã kích hoạt lại thành công,3
KH_001237,Đặng * * Mai,Mass,DVKD_023,69.92,Có,1714.83,Không,Chưa mở thẻ,0.0,Bình thường,2
KH_001238,Hoàng * * Phúc,Mass,DVKD_020,22.43,Có,796.45,Có,Signature Infinite,23.18,Bình thường,3
KH_001239,Đặng * * Hương,Mass,DVKD_012,120.68,Có,699.63,Có,Platinum CashBack,9.02,Bình thường,3
KH_001240,Trần * * Trang,Mass,DVKD_001,7.18,Không,0.0,Có,Classic Standard,34.75,Bình thường,2
KH_001241,Hoàng * * Hương,Mass,DVKD_010,71.04,Có,2136.05,Có,Platinum CashBack,21.91,Bình thường,3
KH_001242,Nguyễn * * Cường,Mass Affluent,DVKD_004,419.66,Có,181.14,Có,Classic Standard,33.23,Bình thường,3
KH_001243,Bùi * * Phúc,Mass,DVKD_015,51.58,Không,0.0,Có,Gold Visa,30.97,Bình thường,2
KH_001244,Trần * * Tuấn,Mass,DVKD_019,65.2,Có,1332.24,Không,Chưa mở thẻ,0.0,Bình thường,2
KH_001245,Huỳnh * * Bình,Mass,DVKD_006,50.1,Có,2331.46,Không,Chưa mở thẻ,0.0,Bình thường,2
KH_001246,Phan * * Thảo,Mass Affluent,DVKD_004,275.54,Có,1593.34,Không,Chưa mở thẻ,0.0,Bình thường,2
KH_001247,Phạm * * Nam,Mass,DVKD_001,4.92,Không,0.0,Có,Classic Standard,16.37,Bình thường,2
KH_001248,Trần * * Bình,Mass,DVKD_017,1.16,Không,0.0,Không,Chưa mở thẻ,0.0,Bình thường,1
KH_001249,Huỳnh * * Thảo,Mass,DVKD_021,88.77,Không,0.0,Không,Chưa mở thẻ,0.0,Bình thường,1
KH_001250,Bùi * * Bình,Mass,DVKD_004,33.56,Không,0.0,Có,Classic Standard,22.28,Bình thường,2
KH_001251,Lê * * Cường,Mass,DVKD_011,55.73,Không,0.0,Có,Classic Standard,29.88,Bình thường,2
KH_001252,Huỳnh * * Giang,Mass Affluent,DVKD_016,183.92,Không,0.0,Có,Gold Visa,12.45,Bình thường,2
KH_001253,Phạm * * Nam,Mass,DVKD_012,4.37,Không,0.0,Có,Classic Standard,26.14,Bình thường,2
KH_001254,Bùi * * Phúc,Priority VIP,DVKD_018,37.45,Không,0.0,Có,Signature Infinite,20.28,Bình thường,2
KH_001255,Lê * * Quân,Mass Affluent,DVKD_007,323.95,Có,2189.58,Có,Signature Infinite,43.71,Bình thường,3
KH_001256,Phạm * * Dũng,Mass,DVKD_013,19.69,Không,0.0,Có,Gold Visa,6.97,Bình thường,2
KH_001257,Bùi * * Hương,Mass,DVKD_007,7.83,Không,0.0,Có,Platinum CashBack,14.14,Bình thường,2
KH_001258,Phan * * Mai,Mass,DVKD_006,23.68,Không,0.0,Có,Gold Visa,15.52,Bình thường,2
KH_001259,Võ * * Bình,Mass Affluent,DVKD_020,18.58,Có,1113.38,Có,Platinum CashBack,37.81,Bình thường,3
KH_001260,Nguyễn * * Mai,Mass,DVKD_010,30.53,Không,0.0,Không,Chưa mở thẻ,0.0,Đã kích hoạt lại thành công,1
KH_001261,Lê * * Phúc,Private Banking,DVKD_006,87.73,Có,956.36,Có,Platinum CashBack,11.21,Bình thường,3
KH_001262,Huỳnh * * Hương,Mass,DVKD_006,55.91,Có,1923.06,Có,Gold Visa,16.36,Bình thường,3
KH_001263,Lê * * Linh,Mass,DVKD_004,13.01,Không,0.0,Không,Chưa mở thẻ,0.0,Bình thường,1
KH_001264,Lê * * Trang,Priority VIP,DVKD_021,170.06,Có,1838.52,Có,Signature Infinite,34.62,Bình thường,3
KH_001265,Huỳnh * * Phúc,Mass Affluent,DVKD_006,3.27,Không,0.0,Có,Classic Standard,25.52,Bình thường,2
KH_001266,Phan * * Phúc,Mass Affluent,DVKD_024,21.06,Có,173.19,Có,Platinum CashBack,40.9,Đã kích hoạt lại thành công,3
KH_001267,Phan * * Giang,Priority VIP,DVKD_014,139.55,Không,0.0,Có,Platinum CashBack,29.66,Đã kích hoạt lại thành công,2
KH_001268,Hoàng * * Dũng,Private Banking,DVKD_017,183.07,Có,729.26,Không,Chưa mở thẻ,0.0,Bình thường,2
KH_001269,Bùi * * Quân,Mass,DVKD_011,32.07,Có,733.1,Không,Chưa mở thẻ,0.0,Bình thường,2
KH_001270,Đỗ * * Bình,Mass Affluent,DVKD_014,96.55,Có,2250.47,Có,Gold Visa,30.3,Bình thường,3
KH_001271,Hoàng * * Tuấn,Mass,DVKD_010,41.56,Không,0.0,Có,Platinum CashBack,16.96,Bình thường,2
KH_001272,Đỗ * * Giang,Private Banking,DVKD_001,550.76,Không,0.0,Có,Signature Infinite,12.47,Bình thường,2
KH_001273,Trần * * Hương,Mass,DVKD_018,52.97,Có,1050.16,Không,Chưa mở thẻ,0.0,Bình thường,2
KH_001274,Đỗ * * Vy,Mass,DVKD_014,1.41,Có,1105.78,Có,Classic Standard,7.46,Bình thường,3
KH_001275,Hoàng * * Hương,Mass,DVKD_007,22.92,Có,384.32,Có,Platinum CashBack,14.68,Bình thường,3
KH_001276,Phạm * * Nam,Private Banking,DVKD_001,31.04,Có,500.68,Có,Gold Visa,11.78,Bình thường,3
KH_001277,Trần * * Linh,Mass,DVKD_008,9.7,Có,305.75,Có,Classic Standard,37.11,Bình thường,3
KH_001278,Võ * * Mai,Mass,DVKD_022,151.1,Không,0.0,Có,Signature Infinite,20.33,Bình thường,2
KH_001279,Vũ * * Bình,Mass Affluent,DVKD_018,43.04,Không,0.0,Không,Chưa mở thẻ,0.0,Bình thường,1
KH_001280,Nguyễn * * Hương,Mass,DVKD_013,24.18,Có,1012.61,Không,Chưa mở thẻ,0.0,Bình thường,2
KH_001281,Hoàng * * Hương,Mass,DVKD_008,33.7,Không,0.0,Có,Signature Infinite,35.66,Bình thường,2
KH_001282,Phan * * Mai,Mass,DVKD_003,42.43,Không,0.0,Có,Classic Standard,27.13,Bình thường,2
KH_001283,Bùi * * Mai,Mass,DVKD_020,28.71,Không,0.0,Không,Chưa mở thẻ,0.0,Bình thường,1
KH_001284,Trần * * Quân,Mass,DVKD_022,0.34,Không,0.0,Có,Classic Standard,39.92,Bình thường,2
KH_001285,Đặng * * Vy,Mass,DVKD_004,13.83,Có,1675.63,Có,Platinum CashBack,30.4,Đã kích hoạt lại thành công,3
KH_001286,Võ * * Huy,Mass,DVKD_015,25.52,Có,2409.32,Không,Chưa mở thẻ,0.0,Bình thường,2
KH_001287,Đỗ * * Cường,Mass,DVKD_021,3.22,Không,0.0,Có,Signature Infinite,15.76,Bình thường,2
KH_001288,Huỳnh * * Bình,Mass,DVKD_008,15.11,Không,0.0,Không,Chưa mở thẻ,0.0,Đã kích hoạt lại thành công,1
KH_001289,Trần * * Vy,Mass Affluent,DVKD_024,9.45,Có,588.57,Có,Platinum CashBack,22.74,Bình thường,3
KH_001290,Phan * * Hương,Mass,DVKD_005,2.86,Không,0.0,Có,Signature Infinite,36.73,Bình thường,2
KH_001291,Phan * * Vy,Mass,DVKD_015,17.7,Có,744.56,Có,Classic Standard,10.59,Bình thường,3
KH_001292,Vũ * * Vy,Mass,DVKD_002,4.98,Không,0.0,Có,Signature Infinite,44.12,Bình thường,2
KH_001293,Hoàng * * An,Mass Affluent,DVKD_020,234.71,Không,0.0,Không,Chưa mở thẻ,0.0,Bình thường,1
KH_001294,Hoàng * * Giang,Mass,DVKD_003,40.93,Không,0.0,Có,Gold Visa,29.69,Bình thường,2
KH_001295,Trần * * Mai,Mass,DVKD_023,56.43,Không,0.0,Có,Classic Standard,30.05,Bình thường,2
KH_001296,Võ * * Khoa,Mass,DVKD_001,7.82,Có,749.55,Có,Classic Standard,38.28,Bình thường,3
KH_001297,Lê * * An,Mass,DVKD_019,6.42,Có,1239.62,Không,Chưa mở thẻ,0.0,Bình thường,2
KH_001298,Phạm * * Sơn,Mass,DVKD_016,3.87,Có,1833.81,Có,Signature Infinite,15.42,Bình thường,3
KH_001299,Hoàng * * Bình,Mass,DVKD_019,35.41,Không,0.0,Có,Signature Infinite,6.53,Bình thường,2
KH_001300,Võ * * Quân,Mass Affluent,DVKD_021,343.22,Có,493.18,Không,Chưa mở thẻ,0.0,Bình thường,2
KH_001301,Vũ * * Hương,Mass,DVKD_009,1.12,Không,0.0,Có,Gold Visa,17.59,Bình thường,2
KH_001302,Phạm * * Dũng,Mass,DVKD_006,96.33,Có,1975.28,Có,Gold Visa,13.25,Bình thường,3
KH_001303,Nguyễn * * Sơn,Mass,DVKD_007,1.87,Không,0.0,Có,Signature Infinite,41.24,Bình thường,2
KH_001304,Phạm * * Linh,Mass Affluent,DVKD_023,218.22,Không,0.0,Có,Signature Infinite,26.99,Bình thường,2
KH_001305,Phan * * Khoa,Mass Affluent,DVKD_008,345.7,Có,2150.81,Có,Signature Infinite,31.82,Bình thường,3
KH_001306,Đỗ * * Quân,Mass,DVKD_020,71.67,Không,0.0,Không,Chưa mở thẻ,0.0,Bình thường,1
KH_001307,Phan * * Khoa,Private Banking,DVKD_022,350.58,Không,0.0,Có,Gold Visa,33.33,Bình thường,2
KH_001308,Huỳnh * * Dũng,Mass,DVKD_007,56.63,Không,0.0,Có,Gold Visa,13.53,Bình thường,2
KH_001309,Huỳnh * * Bình,Mass,DVKD_007,14.51,Không,0.0,Không,Chưa mở thẻ,0.0,Bình thường,1
KH_001310,Lê * * Dũng,Mass,DVKD_009,59.03,Không,0.0,Có,Platinum CashBack,11.19,Bình thường,2
KH_001311,Đặng * * Bình,Priority VIP,DVKD_012,23.38,Có,2246.24,Không,Chưa mở thẻ,0.0,Bình thường,2
KH_001312,Hoàng * * Vy,Mass,DVKD_015,78.82,Không,0.0,Có,Classic Standard,7.05,Bình thường,2
KH_001313,Hoàng * * Nam,Mass,DVKD_022,27.76,Không,0.0,Có,Classic Standard,41.88,Đã kích hoạt lại thành công,2
KH_001314,Lê * * Giang,Mass,DVKD_011,59.5,Không,0.0,Không,Chưa mở thẻ,0.0,Bình thường,1
KH_001315,Phan * * Tuấn,Mass Affluent,DVKD_024,168.58,Có,2159.47,Có,Classic Standard,13.84,Bình thường,3
KH_001316,Đặng * * Trang,Mass Affluent,DVKD_017,288.86,Có,1391.19,Không,Chưa mở thẻ,0.0,Bình thường,2
KH_001317,Lê * * Nam,Priority VIP,DVKD_003,209.27,Không,0.0,Có,Platinum CashBack,42.03,Đã kích hoạt lại thành công,2
KH_001318,Hoàng * * Linh,Private Banking,DVKD_008,368.27,Có,1169.54,Có,Gold Visa,10.75,Bình thường,3
KH_001319,Huỳnh * * Mai,Priority VIP,DVKD_001,23.84,Có,2431.97,Có,Classic Standard,24.38,Đã kích hoạt lại thành công,3
KH_001320,Huỳnh * * Mai,Mass Affluent,DVKD_005,17.43,Có,732.96,Không,Chưa mở thẻ,0.0,Bình thường,2
KH_001321,Đặng * * Sơn,Mass,DVKD_019,9.93,Không,0.0,Có,Gold Visa,32.42,Bình thường,2
KH_001322,Võ * * Thảo,Mass Affluent,DVKD_008,48.67,Có,966.4,Không,Chưa mở thẻ,0.0,Bình thường,2
KH_001323,Lê * * Tuấn,Mass,DVKD_009,71.89,Không,0.0,Có,Classic Standard,42.22,Bình thường,2
KH_001324,Huỳnh * * Vy,Mass Affluent,DVKD_008,69.29,Không,0.0,Không,Chưa mở thẻ,0.0,Bình thường,1
KH_001325,Phan * * Dũng,Private Banking,DVKD_011,1042.75,Có,1974.03,Không,Chưa mở thẻ,0.0,Bình thường,2
KH_001326,Võ * * Huy,Mass,DVKD_015,14.38,Không,0.0,Không,Chưa mở thẻ,0.0,Bình thường,1
KH_001327,Vũ * * Trang,Mass,DVKD_021,7.04,Có,2100.1,Có,Signature Infinite,8.45,Bình thường,3
KH_001328,Vũ * * Tuấn,Mass,DVKD_015,54.57,Có,1216.36,Có,Platinum CashBack,19.45,Bình thường,3
KH_001329,Phan * * Tuấn,Mass,DVKD_001,37.63,Không,0.0,Không,Chưa mở thẻ,0.0,Bình thường,1
KH_001330,Phạm * * Bình,Mass,DVKD_023,24.13,Có,2092.35,Có,Signature Infinite,31.23,Bình thường,3
KH_001331,Phạm * * Hương,Mass,DVKD_012,28.37,Không,0.0,Có,Signature Infinite,29.83,Bình thường,2
KH_001332,Hoàng * * Thảo,Mass,DVKD_008,44.45,Không,0.0,Có,Gold Visa,29.74,Bình thường,2
KH_001333,Phạm * * Quân,Mass,DVKD_004,9.08,Có,2289.35,Có,Signature Infinite,18.01,Bình thường,3
KH_001334,Nguyễn * * Trang,Priority VIP,DVKD_024,1570.42,Có,236.89,Có,Gold Visa,32.11,Bình thường,3
KH_001335,Hoàng * * Giang,Mass,DVKD_009,128.82,Có,1302.45,Có,Gold Visa,25.37,Bình thường,3
KH_001336,Phạm * * Cường,Mass Affluent,DVKD_001,294.21,Có,1945.83,Có,Signature Infinite,19.28,Bình thường,3
KH_001337,Đỗ * * Thảo,Mass,DVKD_001,7.79,Không,0.0,Không,Chưa mở thẻ,0.0,Bình thường,1
KH_001338,Đặng * * Cường,Mass Affluent,DVKD_009,319.24,Có,2390.29,Không,Chưa mở thẻ,0.0,Bình thường,2
KH_001339,Huỳnh * * Thảo,Mass Affluent,DVKD_019,20.98,Có,2460.87,Không,Chưa mở thẻ,0.0,Bình thường,2
KH_001340,Hoàng * * Nam,Mass,DVKD_008,1.09,Không,0.0,Có,Platinum CashBack,28.32,Bình thường,2
KH_001341,Hoàng * * Tuấn,Mass,DVKD_018,10.43,Không,0.0,Không,Chưa mở thẻ,0.0,Bình thường,1
KH_001342,Phạm * * Linh,Mass,DVKD_015,21.74,Không,0.0,Có,Classic Standard,23.92,Bình thường,2
KH_001343,Huỳnh * * Cường,Mass Affluent,DVKD_020,567.57,Có,437.55,Có,Gold Visa,38.17,Bình thường,3
KH_001344,Vũ * * Dũng,Mass Affluent,DVKD_002,363.69,Có,2258.0,Có,Classic Standard,33.26,Bình thường,3
KH_001345,Vũ * * Sơn,Mass,DVKD_011,47.51,Không,0.0,Không,Chưa mở thẻ,0.0,Bình thường,1
KH_001346,Bùi * * Huy,Mass,DVKD_021,19.4,Không,0.0,Có,Gold Visa,44.36,Bình thường,2
KH_001347,Bùi * * Khoa,Mass,DVKD_012,14.86,Không,0.0,Có,Gold Visa,25.84,Bình thường,2
KH_001348,Bùi * * Tuấn,Mass,DVKD_018,16.23,Không,0.0,Có,Gold Visa,42.09,Bình thường,2
KH_001349,Phạm * * Vy,Mass,DVKD_006,153.79,Không,0.0,Không,Chưa mở thẻ,0.0,Bình thường,1
KH_001350,Phan * * Bình,Mass Affluent,DVKD_018,11.46,Không,0.0,Có,Gold Visa,39.62,Bình thường,2
KH_001351,Bùi * * Thảo,Mass,DVKD_021,70.62,Có,347.05,Không,Chưa mở thẻ,0.0,Bình thường,2
KH_001352,Phạm * * Hương,Mass Affluent,DVKD_019,242.02,Không,0.0,Có,Signature Infinite,39.95,Bình thường,2
KH_001353,Đỗ * * An,Mass Affluent,DVKD_020,161.66,Có,1644.92,Có,Gold Visa,16.41,Bình thường,3
KH_001354,Võ * * Thảo,Mass,DVKD_018,45.22,Không,0.0,Không,Chưa mở thẻ,0.0,Đã kích hoạt lại thành công,1
KH_001355,Võ * * Sơn,Mass,DVKD_020,23.34,Không,0.0,Có,Platinum CashBack,40.29,Bình thường,2
KH_001356,Vũ * * Khoa,Mass Affluent,DVKD_023,578.73,Có,568.74,Có,Signature Infinite,32.11,Bình thường,3
KH_001357,Vũ * * Dũng,Mass,DVKD_006,80.84,Không,0.0,Có,Classic Standard,26.76,Bình thường,2
KH_001358,Nguyễn * * Giang,Mass,DVKD_019,19.17,Có,458.7,Có,Signature Infinite,9.2,Đã kích hoạt lại thành công,3
KH_001359,Bùi * * Khoa,Mass,DVKD_014,11.34,Không,0.0,Có,Platinum CashBack,27.25,Bình thường,2
KH_001360,Vũ * * Sơn,Mass Affluent,DVKD_020,251.26,Có,961.41,Không,Chưa mở thẻ,0.0,Bình thường,2
KH_001361,Phan * * Vy,Mass,DVKD_024,85.21,Không,0.0,Có,Classic Standard,19.97,Bình thường,2
KH_001362,Nguyễn * * Thảo,Mass,DVKD_013,8.28,Không,0.0,Có,Classic Standard,22.53,Đang tiếp cận,2
KH_001363,Phạm * * Thảo,Mass,DVKD_001,34.14,Có,377.94,Có,Platinum CashBack,44.92,Bình thường,3
KH_001364,Nguyễn * * Cường,Mass Affluent,DVKD_005,279.57,Có,934.68,Có,Platinum CashBack,27.15,Bình thường,3
KH_001365,Trần * * Hương,Mass Affluent,DVKD_023,369.86,Không,0.0,Có,Signature Infinite,10.86,Đã kích hoạt lại thành công,2
KH_001366,Huỳnh * * Hương,Mass Affluent,DVKD_016,39.5,Có,169.13,Không,Chưa mở thẻ,0.0,Bình thường,2
KH_001367,Huỳnh * * Mai,Mass,DVKD_006,44.04,Không,0.0,Có,Gold Visa,13.59,Bình thường,2
KH_001368,Đỗ * * An,Mass,DVKD_003,83.9,Không,0.0,Có,Platinum CashBack,42.91,Bình thường,2
KH_001369,Bùi * * Tuấn,Mass Affluent,DVKD_013,55.46,Có,684.23,Không,Chưa mở thẻ,0.0,Bình thường,2
KH_001370,Bùi * * Trang,Private Banking,DVKD_012,75.94,Có,1588.01,Có,Classic Standard,28.84,Bình thường,3
KH_001371,Trần * * Nam,Mass,DVKD_013,124.4,Có,2246.91,Có,Platinum CashBack,5.7,Bình thường,3
KH_001372,Đỗ * * Thảo,Mass,DVKD_005,6.99,Không,0.0,Có,Platinum CashBack,21.59,Bình thường,2
KH_001373,Vũ * * Hương,Mass,DVKD_024,67.44,Không,0.0,Có,Gold Visa,19.72,Bình thường,2
KH_001374,Nguyễn * * Dũng,Mass,DVKD_009,23.72,Có,1245.82,Không,Chưa mở thẻ,0.0,Bình thường,2
KH_001375,Phạm * * Tuấn,Mass Affluent,DVKD_017,79.52,Không,0.0,Có,Classic Standard,40.11,Bình thường,2
KH_001376,Lê * * Huy,Mass,DVKD_023,71.61,Không,0.0,Có,Gold Visa,13.22,Bình thường,2
KH_001377,Phan * * Dũng,Mass Affluent,DVKD_022,165.01,Có,465.49,Có,Gold Visa,31.37,Bình thường,3
KH_001378,Bùi * * Cường,Mass,DVKD_004,25.31,Không,0.0,Có,Gold Visa,32.73,Bình thường,2
KH_001379,Võ * * Cường,Priority VIP,DVKD_023,124.63,Có,1091.09,Không,Chưa mở thẻ,0.0,Bình thường,2
KH_001380,Nguyễn * * Trang,Mass,DVKD_004,31.46,Có,2331.82,Có,Classic Standard,33.1,Bình thường,3
KH_001381,Phạm * * Bình,Mass,DVKD_011,6.25,Không,0.0,Có,Platinum CashBack,30.15,Đang tiếp cận,2
KH_001382,Đỗ * * Dũng,Mass,DVKD_015,17.36,Không,0.0,Không,Chưa mở thẻ,0.0,Bình thường,1
KH_001383,Phan * * Thảo,Mass Affluent,DVKD_011,976.4,Có,834.47,Không,Chưa mở thẻ,0.0,Bình thường,2
KH_001384,Phan * * Tuấn,Mass Affluent,DVKD_022,83.6,Có,1788.99,Có,Classic Standard,40.83,Bình thường,3
KH_001385,Huỳnh * * Nam,Mass,DVKD_017,37.42,Có,1661.37,Có,Signature Infinite,17.39,Bình thường,3
KH_001386,Phan * * Khoa,Mass Affluent,DVKD_006,110.13,Có,497.85,Không,Chưa mở thẻ,0.0,Bình thường,2
KH_001387,Lê * * Phúc,Mass Affluent,DVKD_001,415.77,Có,691.41,Có,Classic Standard,37.58,Đã kích hoạt lại thành công,3
KH_001388,Lê * * Khoa,Mass,DVKD_016,4.91,Không,0.0,Có,Classic Standard,17.37,Bình thường,2
KH_001389,Nguyễn * * Dũng,Mass Affluent,DVKD_011,980.17,Có,1345.5,Không,Chưa mở thẻ,0.0,Bình thường,2
KH_001390,Trần * * Giang,Mass,DVKD_010,21.17,Có,2203.02,Có,Classic Standard,12.75,Bình thường,3
KH_001391,Đỗ * * Bình,Mass,DVKD_013,9.42,Không,0.0,Có,Signature Infinite,18.0,Bình thường,2
KH_001392,Bùi * * Tuấn,Mass Affluent,DVKD_024,21.37,Có,2118.59,Có,Gold Visa,32.43,Bình thường,3
KH_001393,Phan * * Cường,Mass Affluent,DVKD_016,52.09,Có,1017.18,Có,Platinum CashBack,29.99,Bình thường,3
KH_001394,Hoàng * * Phúc,Mass,DVKD_015,25.67,Không,0.0,Có,Signature Infinite,43.74,Bình thường,2
KH_001395,Đặng * * Tuấn,Mass,DVKD_001,14.38,Có,2048.25,Có,Signature Infinite,34.08,Bình thường,3
KH_001396,Huỳnh * * Cường,Mass Affluent,DVKD_002,494.31,Có,2309.82,Có,Gold Visa,35.15,Bình thường,3
KH_001397,Huỳnh * * An,Priority VIP,DVKD_009,157.83,Có,2476.22,Có,Signature Infinite,7.72,Bình thường,3
KH_001398,Đặng * * Thảo,Mass Affluent,DVKD_002,80.07,Không,0.0,Không,Chưa mở thẻ,0.0,Bình thường,1
KH_001399,Lê * * Vy,Mass,DVKD_010,33.6,Không,0.0,Có,Gold Visa,28.55,Bình thường,2
KH_001400,Hoàng * * Huy,Priority VIP,DVKD_023,343.51,Không,0.0,Không,Chưa mở thẻ,0.0,Bình thường,1
KH_001401,Bùi * * Quân,Mass,DVKD_022,6.4,Không,0.0,Không,Chưa mở thẻ,0.0,Bình thường,1
KH_001402,Đặng * * Mai,Mass,DVKD_022,6.42,Không,0.0,Có,Signature Infinite,23.32,Bình thường,2
KH_001403,Phạm * * Cường,Mass,DVKD_008,1.31,Không,0.0,Có,Gold Visa,13.33,Bình thường,2
KH_001404,Trần * * Dũng,Mass,DVKD_008,46.67,Có,243.89,Có,Platinum CashBack,12.55,Bình thường,3
KH_001405,Phan * * Thảo,Mass,DVKD_007,38.15,Có,1507.42,Có,Platinum CashBack,12.1,Bình thường,3
KH_001406,Bùi * * Nam,Mass,DVKD_021,22.53,Không,0.0,Có,Signature Infinite,42.07,Bình thường,2
KH_001407,Võ * * Vy,Mass,DVKD_018,65.06,Không,0.0,Có,Signature Infinite,41.76,Bình thường,2
KH_001408,Vũ * * Bình,Priority VIP,DVKD_007,458.7,Không,0.0,Có,Classic Standard,10.41,Bình thường,2
KH_001409,Lê * * Giang,Mass,DVKD_002,30.81,Không,0.0,Không,Chưa mở thẻ,0.0,Bình thường,1
KH_001410,Trần * * Huy,Mass,DVKD_005,70.95,Không,0.0,Không,Chưa mở thẻ,0.0,Bình thường,1
KH_001411,Đặng * * Quân,Mass,DVKD_003,8.07,Không,0.0,Có,Classic Standard,41.15,Bình thường,2
KH_001412,Phan * * Giang,Mass,DVKD_008,4.15,Không,0.0,Có,Gold Visa,41.9,Bình thường,2
KH_001413,Vũ * * Dũng,Mass,DVKD_015,11.0,Không,0.0,Có,Platinum CashBack,27.82,Bình thường,2
KH_001414,Nguyễn * * Hương,Mass,DVKD_003,2.06,Không,0.0,Có,Platinum CashBack,32.2,Bình thường,2
KH_001415,Phạm * * Giang,Mass,DVKD_020,26.51,Có,1673.99,Có,Gold Visa,6.6,Bình thường,3
KH_001416,Bùi * * Quân,Mass,DVKD_023,96.54,Không,0.0,Không,Chưa mở thẻ,0.0,Bình thường,1
KH_001417,Nguyễn * * Cường,Mass,DVKD_019,1.4,Không,0.0,Có,Gold Visa,38.74,Bình thường,2
KH_001418,Võ * * Mai,Mass,DVKD_019,4.56,Có,1181.11,Có,Signature Infinite,15.92,Bình thường,3
KH_001419,Phan * * Giang,Mass,DVKD_016,21.06,Không,0.0,Không,Chưa mở thẻ,0.0,Bình thường,1
KH_001420,Đặng * * Huy,Mass,DVKD_003,95.07,Không,0.0,Không,Chưa mở thẻ,0.0,Bình thường,1
KH_001421,Đỗ * * An,Mass,DVKD_019,13.3,Không,0.0,Có,Platinum CashBack,26.24,Bình thường,2
KH_001422,Đỗ * * Nam,Mass,DVKD_011,24.77,Có,1586.41,Không,Chưa mở thẻ,0.0,Bình thường,2
KH_001423,Trần * * Hương,Mass,DVKD_021,1.49,Không,0.0,Có,Gold Visa,18.23,Bình thường,2
KH_001424,Vũ * * Vy,Mass,DVKD_021,5.62,Không,0.0,Không,Chưa mở thẻ,0.0,Bình thường,1
KH_001425,Huỳnh * * Trang,Mass,DVKD_002,151.02,Có,954.87,Không,Chưa mở thẻ,0.0,Bình thường,2
KH_001426,Võ * * Mai,Priority VIP,DVKD_012,939.63,Không,0.0,Không,Chưa mở thẻ,0.0,Bình thường,1
KH_001427,Lê * * Linh,Mass,DVKD_016,0.17,Không,0.0,Không,Chưa mở thẻ,0.0,Bình thường,1
KH_001428,Võ * * Mai,Mass Affluent,DVKD_018,849.14,Có,1316.98,Có,Signature Infinite,27.68,Bình thường,3
KH_001429,Bùi * * Cường,Mass Affluent,DVKD_017,285.38,Có,2469.58,Không,Chưa mở thẻ,0.0,Bình thường,2
KH_001430,Vũ * * Quân,Priority VIP,DVKD_001,566.81,Không,0.0,Có,Classic Standard,37.81,Bình thường,2
KH_001431,Phạm * * Giang,Private Banking,DVKD_019,169.82,Có,399.45,Có,Signature Infinite,9.04,Bình thường,3
KH_001432,Đỗ * * Sơn,Mass,DVKD_018,25.37,Có,1761.01,Có,Signature Infinite,6.13,Bình thường,3
KH_001433,Phan * * Nam,Mass,DVKD_022,23.49,Có,778.82,Có,Signature Infinite,17.85,Bình thường,3
KH_001434,Phan * * Linh,Mass Affluent,DVKD_004,307.78,Có,601.73,Có,Platinum CashBack,21.96,Bình thường,3
KH_001435,Phạm * * An,Mass,DVKD_001,5.26,Không,0.0,Có,Gold Visa,42.63,Bình thường,2
KH_001436,Đặng * * An,Mass,DVKD_002,1.07,Không,0.0,Có,Platinum CashBack,24.62,Đang tiếp cận,2
KH_001437,Võ * * Linh,Mass Affluent,DVKD_005,103.06,Có,1866.56,Có,Platinum CashBack,5.5,Bình thường,3
KH_001438,Đỗ * * Trang,Mass,DVKD_005,42.69,Không,0.0,Không,Chưa mở thẻ,0.0,Đã kích hoạt lại thành công,1
KH_001439,Lê * * Trang,Mass,DVKD_005,7.89,Không,0.0,Có,Gold Visa,27.51,Bình thường,2
KH_001440,Bùi * * Mai,Mass Affluent,DVKD_023,313.35,Có,1986.43,Không,Chưa mở thẻ,0.0,Bình thường,2
KH_001441,Bùi * * Nam,Priority VIP,DVKD_005,981.02,Có,336.85,Có,Platinum CashBack,29.2,Bình thường,3
KH_001442,Võ * * Sơn,Private Banking,DVKD_018,27.61,Có,326.88,Có,Classic Standard,13.85,Bình thường,3
KH_001443,Hoàng * * Linh,Mass Affluent,DVKD_015,312.64,Có,646.49,Không,Chưa mở thẻ,0.0,Bình thường,2
KH_001444,Võ * * Nam,Mass,DVKD_001,20.53,Không,0.0,Có,Gold Visa,15.77,Đã kích hoạt lại thành công,2
KH_001445,Huỳnh * * Dũng,Mass Affluent,DVKD_012,567.29,Có,1091.87,Có,Classic Standard,38.01,Bình thường,3
KH_001446,Phạm * * Mai,Mass Affluent,DVKD_023,54.59,Có,444.31,Không,Chưa mở thẻ,0.0,Bình thường,2
KH_001447,Đặng * * Tuấn,Mass Affluent,DVKD_021,330.31,Có,763.13,Không,Chưa mở thẻ,0.0,Bình thường,2
KH_001448,Trần * * Phúc,Mass,DVKD_024,63.73,Không,0.0,Không,Chưa mở thẻ,0.0,Bình thường,1
KH_001449,Lê * * Mai,Mass Affluent,DVKD_019,810.16,Có,241.65,Có,Classic Standard,41.24,Bình thường,3
KH_001450,Phan * * Trang,Mass,DVKD_017,40.24,Có,2054.23,Có,Classic Standard,42.54,Bình thường,3
KH_001451,Trần * * Nam,Priority VIP,DVKD_002,192.5,Không,0.0,Có,Platinum CashBack,18.01,Đã kích hoạt lại thành công,2
KH_001452,Đặng * * Trang,Mass,DVKD_013,33.67,Không,0.0,Có,Platinum CashBack,8.93,Bình thường,2
KH_001453,Huỳnh * * Vy,Mass,DVKD_020,71.11,Có,812.09,Có,Classic Standard,7.34,Bình thường,3
KH_001454,Hoàng * * Quân,Mass,DVKD_021,29.59,Không,0.0,Không,Chưa mở thẻ,0.0,Bình thường,1
KH_001455,Huỳnh * * Tuấn,Mass Affluent,DVKD_008,8.64,Có,2424.79,Có,Gold Visa,30.41,Bình thường,3
KH_001456,Đỗ * * Huy,Mass Affluent,DVKD_011,748.41,Có,2433.8,Có,Platinum CashBack,5.78,Bình thường,3
KH_001457,Đặng * * Trang,Mass,DVKD_002,40.94,Không,0.0,Có,Gold Visa,27.26,Bình thường,2
KH_001458,Bùi * * Trang,Priority VIP,DVKD_019,316.01,Có,1028.69,Có,Classic Standard,41.1,Bình thường,3
KH_001459,Đỗ * * Tuấn,Mass,DVKD_010,8.5,Có,824.55,Không,Chưa mở thẻ,0.0,Bình thường,2
KH_001460,Lê * * Trang,Mass Affluent,DVKD_002,301.15,Có,196.3,Không,Chưa mở thẻ,0.0,Bình thường,2
KH_001461,Lê * * Cường,Private Banking,DVKD_015,140.18,Có,2436.93,Không,Chưa mở thẻ,0.0,Bình thường,2
KH_001462,Đặng * * Bình,Mass,DVKD_006,36.87,Có,1061.91,Có,Signature Infinite,8.59,Đã kích hoạt lại thành công,3
KH_001463,Huỳnh * * Nam,Mass,DVKD_023,3.94,Không,0.0,Có,Gold Visa,30.65,Bình thường,2
KH_001464,Phạm * * Sơn,Mass,DVKD_023,37.54,Không,0.0,Có,Signature Infinite,12.58,Bình thường,2
KH_001465,Hoàng * * Giang,Mass,DVKD_015,260.46,Có,277.75,Có,Gold Visa,35.38,Bình thường,3
KH_001466,Đỗ * * Dũng,Mass,DVKD_001,1.73,Có,1075.42,Có,Signature Infinite,12.32,Đang tiếp cận,3
KH_001467,Võ * * Bình,Mass,DVKD_021,132.3,Có,583.82,Không,Chưa mở thẻ,0.0,Bình thường,2
KH_001468,Phan * * Nam,Priority VIP,DVKD_022,146.27,Không,0.0,Có,Platinum CashBack,27.7,Đã kích hoạt lại thành công,2
KH_001469,Lê * * Mai,Mass,DVKD_023,71.61,Có,1500.61,Có,Classic Standard,17.39,Bình thường,3
KH_001470,Lê * * Khoa,Priority VIP,DVKD_001,427.01,Có,2006.04,Có,Classic Standard,22.26,Đã kích hoạt lại thành công,3
KH_001471,Bùi * * An,Mass,DVKD_023,29.3,Không,0.0,Có,Signature Infinite,13.42,Bình thường,2
KH_001472,Phan * * Sơn,Priority VIP,DVKD_012,375.52,Có,2446.41,Có,Gold Visa,34.27,Đã kích hoạt lại thành công,3
KH_001473,Nguyễn * * Sơn,Private Banking,DVKD_006,590.23,Có,2454.91,Không,Chưa mở thẻ,0.0,Bình thường,2
KH_001474,Huỳnh * * Phúc,Mass Affluent,DVKD_011,144.97,Có,1480.12,Có,Classic Standard,20.65,Bình thường,3
KH_001475,Phan * * An,Mass,DVKD_020,13.86,Có,1412.35,Có,Gold Visa,10.28,Bình thường,3
KH_001476,Phạm * * Bình,Priority VIP,DVKD_016,308.39,Có,1993.42,Không,Chưa mở thẻ,0.0,Bình thường,2
KH_001477,Đỗ * * Hương,Mass Affluent,DVKD_023,461.85,Có,512.26,Không,Chưa mở thẻ,0.0,Đã kích hoạt lại thành công,2
KH_001478,Võ * * Cường,Mass,DVKD_022,50.28,Có,685.56,Có,Classic Standard,25.6,Bình thường,3
KH_001479,Hoàng * * Mai,Mass Affluent,DVKD_001,447.6,Không,0.0,Có,Gold Visa,23.39,Bình thường,2
KH_001480,Hoàng * * Dũng,Priority VIP,DVKD_017,160.15,Có,1608.11,Có,Gold Visa,39.59,Bình thường,3
KH_001481,Trần * * Cường,Mass Affluent,DVKD_019,476.79,Không,0.0,Có,Classic Standard,24.89,Bình thường,2
KH_001482,Bùi * * Quân,Mass,DVKD_011,4.48,Không,0.0,Không,Chưa mở thẻ,0.0,Bình thường,1
KH_001483,Đỗ * * Nam,Mass,DVKD_017,27.52,Không,0.0,Có,Gold Visa,23.81,Bình thường,2
KH_001484,Hoàng * * Thảo,Mass,DVKD_008,0.2,Không,0.0,Có,Classic Standard,26.62,Bình thường,2
KH_001485,Phan * * An,Mass,DVKD_006,13.74,Có,390.75,Có,Classic Standard,37.9,Bình thường,3
KH_001486,Lê * * Cường,Mass,DVKD_015,15.98,Không,0.0,Có,Gold Visa,8.74,Bình thường,2
KH_001487,Võ * * Phúc,Mass Affluent,DVKD_024,141.25,Có,1820.53,Có,Platinum CashBack,32.39,Bình thường,3
KH_001488,Nguyễn * * Trang,Mass,DVKD_018,41.61,Không,0.0,Không,Chưa mở thẻ,0.0,Bình thường,1
KH_001489,Lê * * Huy,Mass,DVKD_009,17.22,Không,0.0,Có,Platinum CashBack,10.76,Bình thường,2
KH_001490,Lê * * Dũng,Mass,DVKD_007,20.84,Không,0.0,Không,Chưa mở thẻ,0.0,Bình thường,1
KH_001491,Phạm * * Nam,Priority VIP,DVKD_017,75.94,Có,1222.38,Có,Classic Standard,34.89,Đã kích hoạt lại thành công,3
KH_001492,Lê * * Nam,Mass,DVKD_019,16.35,Không,0.0,Không,Chưa mở thẻ,0.0,Đã kích hoạt lại thành công,1
KH_001493,Phan * * Khoa,Mass,DVKD_015,9.02,Có,385.7,Không,Chưa mở thẻ,0.0,Bình thường,2
KH_001494,Vũ * * Dũng,Mass,DVKD_024,2.66,Không,0.0,Có,Classic Standard,16.17,Bình thường,2
KH_001495,Trần * * An,Mass Affluent,DVKD_005,258.99,Có,1838.66,Không,Chưa mở thẻ,0.0,Bình thường,2
KH_001496,Hoàng * * Giang,Mass Affluent,DVKD_003,308.91,Có,1795.63,Có,Signature Infinite,5.46,Bình thường,3
KH_001497,Trần * * Quân,Priority VIP,DVKD_010,270.55,Có,560.6,Không,Chưa mở thẻ,0.0,Bình thường,2
KH_001498,Võ * * Phúc,Mass,DVKD_005,21.79,Có,993.03,Có,Gold Visa,33.11,Bình thường,3
KH_001499,Trần * * Quân,Mass,DVKD_014,16.72,Có,880.89,Không,Chưa mở thẻ,0.0,Bình thường,2
KH_001500,Đặng * * Nam,Mass,DVKD_003,69.66,Không,0.0,Có,Gold Visa,31.33,Bình thường,2
KH_001501,Trần * * Sơn,Priority VIP,DVKD_013,204.98,Có,1709.41,Có,Signature Infinite,17.72,Bình thường,3
KH_001502,Hoàng * * Dũng,Mass,DVKD_017,22.83,Có,1023.51,Có,Signature Infinite,21.75,Đã kích hoạt lại thành công,3
KH_001503,Vũ * * Cường,Mass,DVKD_019,0.91,Có,2159.66,Có,Gold Visa,34.98,Bình thường,3
KH_001504,Bùi * * Cường,Mass Affluent,DVKD_014,116.87,Không,0.0,Có,Gold Visa,32.82,Bình thường,2
KH_001505,Bùi * * An,Mass,DVKD_015,16.74,Không,0.0,Có,Gold Visa,24.24,Bình thường,2
KH_001506,Võ * * Cường,Mass,DVKD_014,17.81,Không,0.0,Có,Platinum CashBack,25.04,Bình thường,2
KH_001507,Võ * * Tuấn,Mass,DVKD_002,30.38,Có,1670.04,Không,Chưa mở thẻ,0.0,Bình thường,2
KH_001508,Vũ * * Trang,Priority VIP,DVKD_003,213.56,Có,1455.05,Có,Classic Standard,13.81,Bình thường,3
KH_001509,Đặng * * Thảo,Mass,DVKD_003,32.77,Không,0.0,Có,Gold Visa,7.05,Bình thường,2
KH_001510,Huỳnh * * Bình,Mass Affluent,DVKD_018,405.35,Có,2267.28,Có,Gold Visa,33.95,Bình thường,3
KH_001511,Trần * * Hương,Priority VIP,DVKD_004,469.44,Có,1122.53,Không,Chưa mở thẻ,0.0,Bình thường,2
KH_001512,Trần * * Vy,Mass,DVKD_020,44.32,Có,2462.76,Không,Chưa mở thẻ,0.0,Bình thường,2
KH_001513,Trần * * Sơn,Mass,DVKD_020,108.95,Có,184.62,Có,Platinum CashBack,42.64,Bình thường,3
KH_001514,Phan * * Dũng,Mass,DVKD_002,0.64,Không,0.0,Không,Chưa mở thẻ,0.0,Bình thường,1
KH_001515,Võ * * Mai,Mass,DVKD_008,7.63,Có,1804.22,Có,Platinum CashBack,27.96,Bình thường,3
KH_001516,Đặng * * Dũng,Priority VIP,DVKD_008,2.13,Có,499.65,Không,Chưa mở thẻ,0.0,Bình thường,2
KH_001517,Vũ * * Khoa,Priority VIP,DVKD_018,291.94,Không,0.0,Không,Chưa mở thẻ,0.0,Bình thường,1
KH_001518,Đỗ * * An,Mass Affluent,DVKD_014,639.26,Có,2357.28,Có,Gold Visa,6.52,Bình thường,3
KH_001519,Bùi * * Vy,Mass,DVKD_007,9.77,Có,534.63,Có,Classic Standard,7.56,Bình thường,3
KH_001520,Đặng * * Cường,Private Banking,DVKD_016,732.98,Không,0.0,Có,Gold Visa,42.25,Bình thường,2
KH_001521,Trần * * Trang,Mass,DVKD_009,2.18,Không,0.0,Không,Chưa mở thẻ,0.0,Bình thường,1
KH_001522,Trần * * Phúc,Mass,DVKD_006,95.37,Có,412.84,Có,Classic Standard,41.93,Bình thường,3
KH_001523,Đặng * * Sơn,Mass,DVKD_009,15.16,Không,0.0,Không,Chưa mở thẻ,0.0,Bình thường,1
KH_001524,Huỳnh * * Mai,Mass,DVKD_003,3.74,Có,1791.64,Có,Gold Visa,39.78,Bình thường,3
KH_001525,Đặng * * Dũng,Mass Affluent,DVKD_024,186.28,Không,0.0,Không,Chưa mở thẻ,0.0,Bình thường,1
KH_001526,Võ * * Nam,Mass,DVKD_001,10.39,Có,2053.47,Có,Signature Infinite,38.09,Bình thường,3
KH_001527,Đặng * * Trang,Mass,DVKD_009,11.74,Có,1793.48,Không,Chưa mở thẻ,0.0,Bình thường,2
KH_001528,Trần * * Mai,Mass,DVKD_002,12.85,Có,2280.3,Có,Gold Visa,34.77,Đã kích hoạt lại thành công,3
KH_001529,Đặng * * Khoa,Mass,DVKD_018,56.86,Không,0.0,Có,Classic Standard,33.88,Bình thường,2
KH_001530,Phạm * * Cường,Priority VIP,DVKD_012,216.92,Không,0.0,Không,Chưa mở thẻ,0.0,Đã kích hoạt lại thành công,1
KH_001531,Hoàng * * Linh,Mass,DVKD_019,13.05,Không,0.0,Không,Chưa mở thẻ,0.0,Bình thường,1
KH_001532,Nguyễn * * Quân,Mass,DVKD_018,32.99,Có,2214.1,Không,Chưa mở thẻ,0.0,Bình thường,2
KH_001533,Bùi * * Hương,Mass Affluent,DVKD_019,352.61,Có,1520.26,Không,Chưa mở thẻ,0.0,Bình thường,2
KH_001534,Phạm * * Bình,Mass,DVKD_009,11.14,Không,0.0,Không,Chưa mở thẻ,0.0,Bình thường,1
KH_001535,Trần * * Huy,Mass,DVKD_023,18.68,Không,0.0,Không,Chưa mở thẻ,0.0,Bình thường,1
KH_001536,Bùi * * Phúc,Mass Affluent,DVKD_021,36.39,Có,1147.44,Có,Classic Standard,6.56,Bình thường,3
KH_001537,Phan * * Phúc,Mass Affluent,DVKD_005,55.96,Có,663.35,Không,Chưa mở thẻ,0.0,Bình thường,2
KH_001538,Đặng * * An,Mass,DVKD_009,40.0,Có,225.56,Có,Gold Visa,28.27,Bình thường,3
KH_001539,Huỳnh * * Linh,Mass,DVKD_008,7.01,Không,0.0,Có,Signature Infinite,41.83,Bình thường,2
KH_001540,Võ * * Quân,Mass,DVKD_014,26.07,Có,1926.06,Có,Signature Infinite,7.09,Bình thường,3
KH_001541,Phạm * * Thảo,Mass,DVKD_003,43.21,Có,1818.64,Có,Signature Infinite,30.37,Đã kích hoạt lại thành công,3
KH_001542,Nguyễn * * Trang,Private Banking,DVKD_006,31.65,Có,998.51,Có,Gold Visa,27.17,Bình thường,3
KH_001543,Võ * * Dũng,Mass,DVKD_023,29.32,Không,0.0,Không,Chưa mở thẻ,0.0,Bình thường,1
KH_001544,Bùi * * Vy,Mass,DVKD_003,10.38,Có,2043.84,Không,Chưa mở thẻ,0.0,Bình thường,2
KH_001545,Đỗ * * Linh,Mass Affluent,DVKD_004,922.56,Không,0.0,Không,Chưa mở thẻ,0.0,Bình thường,1
KH_001546,Đỗ * * Dũng,Mass,DVKD_012,23.13,Có,642.62,Không,Chưa mở thẻ,0.0,Bình thường,2
KH_001547,Lê * * Dũng,Priority VIP,DVKD_024,459.16,Có,1405.73,Có,Platinum CashBack,32.33,Bình thường,3
KH_001548,Lê * * Nam,Mass,DVKD_023,27.97,Không,0.0,Có,Platinum CashBack,5.22,Đã kích hoạt lại thành công,2
KH_001549,Nguyễn * * Dũng,Mass,DVKD_015,1.55,Không,0.0,Có,Gold Visa,9.48,Bình thường,2
KH_001550,Hoàng * * Linh,Mass,DVKD_018,35.1,Có,1620.41,Không,Chưa mở thẻ,0.0,Bình thường,2
KH_001551,Phan * * Cường,Priority VIP,DVKD_013,846.78,Có,405.03,Có,Classic Standard,5.22,Bình thường,3
KH_001552,Lê * * Mai,Mass,DVKD_021,32.21,Có,925.92,Có,Gold Visa,13.06,Bình thường,3
KH_001553,Trần * * Quân,Mass,DVKD_018,59.86,Có,1650.28,Không,Chưa mở thẻ,0.0,Bình thường,2
KH_001554,Lê * * Cường,Mass,DVKD_024,75.46,Có,569.67,Có,Signature Infinite,15.82,Bình thường,3
KH_001555,Vũ * * Mai,Mass Affluent,DVKD_017,72.48,Có,2304.98,Không,Chưa mở thẻ,0.0,Bình thường,2
KH_001556,Huỳnh * * Sơn,Priority VIP,DVKD_011,66.73,Không,0.0,Có,Gold Visa,23.69,Bình thường,2
KH_001557,Huỳnh * * Sơn,Mass,DVKD_006,33.04,Không,0.0,Không,Chưa mở thẻ,0.0,Bình thường,1
KH_001558,Đỗ * * Nam,Mass Affluent,DVKD_004,148.23,Có,1580.23,Không,Chưa mở thẻ,0.0,Bình thường,2
KH_001559,Bùi * * Tuấn,Mass Affluent,DVKD_021,512.88,Có,2059.27,Có,Gold Visa,38.32,Bình thường,3
KH_001560,Bùi * * Tuấn,Mass,DVKD_005,80.6,Không,0.0,Có,Classic Standard,34.44,Bình thường,2
KH_001561,Võ * * Giang,Mass,DVKD_008,15.26,Không,0.0,Có,Gold Visa,16.25,Bình thường,2
KH_001562,Vũ * * Mai,Private Banking,DVKD_024,75.69,Không,0.0,Không,Chưa mở thẻ,0.0,Bình thường,1
KH_001563,Phạm * * Bình,Mass,DVKD_006,53.08,Có,1528.97,Không,Chưa mở thẻ,0.0,Bình thường,2
KH_001564,Lê * * Mai,Mass Affluent,DVKD_019,89.97,Có,1545.55,Không,Chưa mở thẻ,0.0,Bình thường,2
KH_001565,Hoàng * * Huy,Mass,DVKD_012,60.53,Không,0.0,Có,Platinum CashBack,28.31,Bình thường,2
KH_001566,Đỗ * * Sơn,Mass,DVKD_001,19.29,Không,0.0,Có,Signature Infinite,44.65,Bình thường,2
KH_001567,Đặng * * Nam,Mass Affluent,DVKD_022,308.35,Có,1138.31,Không,Chưa mở thẻ,0.0,Bình thường,2
KH_001568,Lê * * Cường,Mass,DVKD_006,3.51,Không,0.0,Có,Gold Visa,33.41,Bình thường,2
KH_001569,Bùi * * Huy,Mass Affluent,DVKD_009,273.78,Có,1373.99,Không,Chưa mở thẻ,0.0,Bình thường,2
KH_001570,Nguyễn * * Khoa,Mass,DVKD_019,21.04,Không,0.0,Có,Signature Infinite,21.08,Bình thường,2
KH_001571,Phan * * Dũng,Mass Affluent,DVKD_002,247.34,Không,0.0,Không,Chưa mở thẻ,0.0,Bình thường,1
KH_001572,Huỳnh * * Phúc,Mass Affluent,DVKD_008,51.5,Không,0.0,Có,Platinum CashBack,41.68,Bình thường,2
KH_001573,Phan * * Khoa,Mass Affluent,DVKD_003,373.83,Có,673.91,Không,Chưa mở thẻ,0.0,Đã kích hoạt lại thành công,2
KH_001574,Lê * * Trang,Mass,DVKD_011,69.52,Có,1274.74,Có,Gold Visa,31.87,Bình thường,3
KH_001575,Hoàng * * Hương,Priority VIP,DVKD_011,68.4,Có,1438.88,Có,Signature Infinite,18.75,Bình thường,3
KH_001576,Hoàng * * Linh,Priority VIP,DVKD_008,28.17,Có,291.96,Có,Classic Standard,14.06,Bình thường,3
KH_001577,Võ * * An,Mass,DVKD_005,0.84,Không,0.0,Có,Platinum CashBack,23.76,Đang tiếp cận,2
KH_001578,Đặng * * Trang,Mass,DVKD_006,35.95,Có,1872.96,Không,Chưa mở thẻ,0.0,Đã kích hoạt lại thành công,2
KH_001579,Phạm * * Sơn,Mass Affluent,DVKD_004,261.57,Không,0.0,Có,Gold Visa,22.54,Bình thường,2
KH_001580,Phan * * Cường,Mass,DVKD_013,27.69,Có,1552.35,Có,Gold Visa,17.19,Bình thường,3
KH_001581,Võ * * Trang,Mass,DVKD_010,9.24,Có,968.53,Có,Classic Standard,21.51,Bình thường,3
KH_001582,Nguyễn * * Phúc,Mass,DVKD_015,17.35,Không,0.0,Không,Chưa mở thẻ,0.0,Đã kích hoạt lại thành công,1
KH_001583,Võ * * Cường,Mass,DVKD_014,31.59,Không,0.0,Có,Signature Infinite,38.05,Bình thường,2
KH_001584,Đặng * * Phúc,Mass Affluent,DVKD_017,192.28,Có,469.68,Có,Gold Visa,23.66,Bình thường,3
KH_001585,Phan * * Vy,Mass,DVKD_015,154.18,Không,0.0,Có,Gold Visa,41.79,Bình thường,2
KH_001586,Đỗ * * An,Priority VIP,DVKD_018,41.07,Có,678.88,Có,Platinum CashBack,41.96,Bình thường,3
KH_001587,Phạm * * Vy,Mass Affluent,DVKD_023,332.62,Có,1326.39,Có,Platinum CashBack,43.72,Bình thường,3
KH_001588,Phạm * * Thảo,Mass,DVKD_008,18.13,Không,0.0,Có,Classic Standard,29.62,Bình thường,2
KH_001589,Phan * * Phúc,Mass,DVKD_024,19.56,Không,0.0,Có,Gold Visa,38.11,Bình thường,2
KH_001590,Vũ * * Vy,Mass Affluent,DVKD_011,354.04,Có,2433.52,Có,Classic Standard,13.46,Bình thường,3
KH_001591,Nguyễn * * Mai,Mass Affluent,DVKD_008,330.14,Có,876.06,Không,Chưa mở thẻ,0.0,Bình thường,2
KH_001592,Phan * * Cường,Mass,DVKD_012,165.88,Có,2205.05,Có,Classic Standard,39.27,Bình thường,3
KH_001593,Trần * * Linh,Mass,DVKD_021,4.81,Không,0.0,Có,Signature Infinite,17.53,Bình thường,2
KH_001594,Trần * * Tuấn,Mass,DVKD_012,3.85,Không,0.0,Có,Platinum CashBack,37.65,Đang tiếp cận,2
KH_001595,Phan * * Dũng,Mass Affluent,DVKD_019,360.8,Có,263.87,Có,Platinum CashBack,44.65,Bình thường,3
KH_001596,Huỳnh * * Quân,Mass Affluent,DVKD_021,241.83,Có,426.1,Có,Gold Visa,20.6,Bình thường,3
KH_001597,Hoàng * * Sơn,Mass,DVKD_020,11.21,Không,0.0,Không,Chưa mở thẻ,0.0,Bình thường,1
KH_001598,Đỗ * * Thảo,Mass Affluent,DVKD_012,23.17,Không,0.0,Không,Chưa mở thẻ,0.0,Đã kích hoạt lại thành công,1
KH_001599,Đặng * * Thảo,Mass Affluent,DVKD_012,25.07,Có,2482.14,Có,Classic Standard,34.98,Bình thường,3
KH_001600,Phạm * * An,Priority VIP,DVKD_003,628.91,Có,1199.8,Có,Signature Infinite,8.21,Bình thường,3
KH_001601,Huỳnh * * Tuấn,Mass,DVKD_020,7.46,Có,2034.51,Có,Gold Visa,36.1,Bình thường,3
KH_001602,Võ * * Dũng,Mass,DVKD_021,13.67,Không,0.0,Có,Gold Visa,34.37,Bình thường,2
KH_001603,Bùi * * Phúc,Mass Affluent,DVKD_020,71.97,Có,688.01,Không,Chưa mở thẻ,0.0,Đã kích hoạt lại thành công,2
KH_001604,Huỳnh * * Phúc,Mass Affluent,DVKD_015,122.78,Có,590.81,Không,Chưa mở thẻ,0.0,Bình thường,2
KH_001605,Phạm * * Tuấn,Priority VIP,DVKD_015,20.15,Có,513.82,Có,Platinum CashBack,23.74,Bình thường,3
KH_001606,Đỗ * * Quân,Mass Affluent,DVKD_002,204.96,Có,130.88,Có,Classic Standard,44.63,Bình thường,3
KH_001607,Vũ * * Khoa,Priority VIP,DVKD_017,19.6,Không,0.0,Không,Chưa mở thẻ,0.0,Bình thường,1
KH_001608,Đặng * * Phúc,Mass,DVKD_024,56.39,Có,1733.41,Có,Signature Infinite,29.67,Bình thường,3
KH_001609,Nguyễn * * Huy,Mass,DVKD_024,9.32,Không,0.0,Không,Chưa mở thẻ,0.0,Bình thường,1
KH_001610,Võ * * Quân,Mass,DVKD_009,27.18,Không,0.0,Có,Signature Infinite,16.64,Bình thường,2
KH_001611,Lê * * Hương,Mass,DVKD_016,74.23,Có,2403.32,Có,Signature Infinite,17.89,Bình thường,3
KH_001612,Trần * * Cường,Priority VIP,DVKD_001,294.65,Có,425.37,Có,Signature Infinite,15.82,Bình thường,3
KH_001613,Trần * * Quân,Mass,DVKD_011,26.65,Không,0.0,Có,Classic Standard,28.28,Bình thường,2
KH_001614,Phan * * Quân,Mass,DVKD_017,13.72,Không,0.0,Không,Chưa mở thẻ,0.0,Đã kích hoạt lại thành công,1
KH_001615,Nguyễn * * Dũng,Mass,DVKD_017,14.17,Không,0.0,Có,Signature Infinite,16.42,Bình thường,2
KH_001616,Phan * * An,Mass,DVKD_014,38.75,Không,0.0,Có,Gold Visa,34.72,Bình thường,2
KH_001617,Phan * * Nam,Mass,DVKD_010,179.88,Không,0.0,Không,Chưa mở thẻ,0.0,Đã kích hoạt lại thành công,1
KH_001618,Phan * * Linh,Priority VIP,DVKD_023,303.59,Không,0.0,Có,Platinum CashBack,6.92,Bình thường,2
KH_001619,Nguyễn * * An,Mass,DVKD_024,28.56,Không,0.0,Có,Signature Infinite,9.02,Bình thường,2
KH_001620,Trần * * Nam,Mass,DVKD_024,45.91,Có,2328.53,Không,Chưa mở thẻ,0.0,Đã kích hoạt lại thành công,2
KH_001621,Hoàng * * Nam,Private Banking,DVKD_021,175.24,Có,2274.38,Có,Gold Visa,20.77,Bình thường,3
KH_001622,Nguyễn * * Hương,Mass,DVKD_012,2.17,Không,0.0,Không,Chưa mở thẻ,0.0,Bình thường,1
KH_001623,Trần * * Nam,Mass Affluent,DVKD_007,231.34,Có,976.39,Có,Gold Visa,43.39,Bình thường,3
KH_001624,Bùi * * Mai,Mass,DVKD_017,110.64,Có,1669.1,Có,Classic Standard,21.18,Bình thường,3
KH_001625,Võ * * Linh,Mass,DVKD_017,6.75,Không,0.0,Không,Chưa mở thẻ,0.0,Đang tiếp cận,1
KH_001626,Vũ * * Giang,Private Banking,DVKD_007,327.94,Không,0.0,Có,Platinum CashBack,40.91,Bình thường,2
KH_001627,Phan * * Trang,Mass Affluent,DVKD_008,62.81,Có,1347.53,Không,Chưa mở thẻ,0.0,Bình thường,2
KH_001628,Đặng * * Bình,Mass,DVKD_017,26.86,Có,1058.1,Có,Classic Standard,32.82,Đã kích hoạt lại thành công,3
KH_001629,Lê * * Khoa,Mass,DVKD_009,3.56,Không,0.0,Có,Signature Infinite,14.75,Bình thường,2
KH_001630,Trần * * Nam,Mass Affluent,DVKD_012,167.58,Có,356.19,Có,Platinum CashBack,24.56,Bình thường,3
KH_001631,Lê * * Bình,Priority VIP,DVKD_006,395.15,Có,1739.9,Có,Signature Infinite,22.51,Bình thường,3
KH_001632,Vũ * * Vy,Mass,DVKD_008,14.95,Không,0.0,Có,Classic Standard,42.15,Bình thường,2
KH_001633,Hoàng * * Cường,Mass,DVKD_022,38.27,Không,0.0,Có,Platinum CashBack,29.7,Bình thường,2
KH_001634,Võ * * Bình,Mass Affluent,DVKD_012,444.34,Có,1308.72,Có,Classic Standard,17.3,Bình thường,3
KH_001635,Đặng * * Khoa,Mass,DVKD_019,91.69,Không,0.0,Không,Chưa mở thẻ,0.0,Bình thường,1
KH_001636,Trần * * Phúc,Mass,DVKD_001,9.36,Không,0.0,Không,Chưa mở thẻ,0.0,Bình thường,1
KH_001637,Phan * * An,Private Banking,DVKD_004,142.71,Có,327.63,Có,Classic Standard,37.08,Bình thường,3
KH_001638,Đỗ * * Linh,Mass,DVKD_001,5.79,Không,0.0,Có,Gold Visa,7.84,Bình thường,2
KH_001639,Võ * * Quân,Mass,DVKD_010,171.17,Không,0.0,Có,Signature Infinite,7.86,Đã kích hoạt lại thành công,2
KH_001640,Đỗ * * Trang,Mass Affluent,DVKD_017,732.85,Không,0.0,Có,Classic Standard,35.14,Bình thường,2
KH_001641,Phạm * * Mai,Priority VIP,DVKD_020,217.4,Có,155.9,Có,Platinum CashBack,13.39,Bình thường,3
KH_001642,Phạm * * Sơn,Mass Affluent,DVKD_018,516.7,Có,830.27,Có,Classic Standard,22.68,Đã kích hoạt lại thành công,3
KH_001643,Võ * * Quân,Mass Affluent,DVKD_005,206.07,Có,1343.3,Có,Signature Infinite,27.91,Đã kích hoạt lại thành công,3
KH_001644,Phạm * * Khoa,Mass,DVKD_006,34.2,Có,1252.53,Không,Chưa mở thẻ,0.0,Bình thường,2
KH_001645,Huỳnh * * Khoa,Private Banking,DVKD_022,26.14,Có,385.49,Có,Platinum CashBack,7.34,Bình thường,3
KH_001646,Huỳnh * * Trang,Mass,DVKD_005,49.27,Không,0.0,Không,Chưa mở thẻ,0.0,Bình thường,1
KH_001647,Nguyễn * * Cường,Mass,DVKD_011,4.78,Không,0.0,Có,Signature Infinite,21.02,Đang tiếp cận,2
KH_001648,Đỗ * * Nam,Mass,DVKD_007,61.22,Không,0.0,Có,Classic Standard,32.84,Bình thường,2
KH_001649,Trần * * Thảo,Mass,DVKD_023,53.32,Không,0.0,Có,Gold Visa,27.44,Bình thường,2
KH_001650,Trần * * Linh,Mass,DVKD_003,43.17,Không,0.0,Có,Gold Visa,36.78,Bình thường,2
KH_001651,Vũ * * Nam,Mass Affluent,DVKD_021,10.31,Có,1384.83,Không,Chưa mở thẻ,0.0,Bình thường,2
KH_001652,Lê * * Nam,Priority VIP,DVKD_020,101.12,Có,151.51,Không,Chưa mở thẻ,0.0,Bình thường,2
KH_001653,Hoàng * * Thảo,Mass,DVKD_014,10.69,Không,0.0,Có,Gold Visa,24.75,Bình thường,2
KH_001654,Nguyễn * * Huy,Priority VIP,DVKD_019,125.02,Có,1859.04,Có,Platinum CashBack,7.19,Bình thường,3
KH_001655,Phan * * Dũng,Mass,DVKD_014,3.21,Không,0.0,Có,Gold Visa,8.87,Bình thường,2
KH_001656,Nguyễn * * Tuấn,Mass,DVKD_013,96.74,Có,1375.56,Có,Signature Infinite,11.48,Bình thường,3
KH_001657,Đỗ * * Cường,Mass,DVKD_022,28.24,Không,0.0,Có,Gold Visa,12.41,Đã kích hoạt lại thành công,2
KH_001658,Võ * * Giang,Priority VIP,DVKD_020,102.09,Có,1745.21,Có,Gold Visa,14.68,Đã kích hoạt lại thành công,3
KH_001659,Phạm * * Nam,Mass,DVKD_002,17.7,Không,0.0,Không,Chưa mở thẻ,0.0,Bình thường,1
KH_001660,Lê * * Huy,Private Banking,DVKD_013,165.97,Có,2467.78,Không,Chưa mở thẻ,0.0,Bình thường,2
KH_001661,Võ * * Quân,Priority VIP,DVKD_022,256.98,Có,1807.55,Có,Platinum CashBack,31.04,Bình thường,3
KH_001662,Đỗ * * Nam,Mass Affluent,DVKD_005,203.0,Có,1304.05,Không,Chưa mở thẻ,0.0,Bình thường,2
KH_001663,Phạm * * An,Mass,DVKD_023,88.14,Có,600.17,Có,Signature Infinite,12.28,Bình thường,3
KH_001664,Võ * * Hương,Priority VIP,DVKD_017,192.39,Có,2055.0,Có,Gold Visa,11.5,Đã kích hoạt lại thành công,3
KH_001665,Đỗ * * Quân,Mass,DVKD_007,169.69,Có,992.26,Có,Signature Infinite,36.12,Bình thường,3
KH_001666,Võ * * Thảo,Priority VIP,DVKD_024,533.87,Có,1029.24,Không,Chưa mở thẻ,0.0,Bình thường,2
KH_001667,Huỳnh * * Cường,Mass Affluent,DVKD_019,65.47,Có,2313.73,Không,Chưa mở thẻ,0.0,Bình thường,2
KH_001668,Đặng * * Tuấn,Mass,DVKD_016,93.37,Không,0.0,Có,Platinum CashBack,17.37,Bình thường,2
KH_001669,Phan * * Cường,Mass,DVKD_011,4.33,Không,0.0,Có,Classic Standard,8.21,Bình thường,2
KH_001670,Huỳnh * * Vy,Mass,DVKD_017,59.53,Không,0.0,Có,Classic Standard,42.19,Bình thường,2
KH_001671,Đỗ * * Trang,Mass,DVKD_015,16.77,Không,0.0,Không,Chưa mở thẻ,0.0,Bình thường,1
KH_001672,Đặng * * An,Mass,DVKD_003,73.62,Không,0.0,Có,Signature Infinite,33.44,Bình thường,2
KH_001673,Đặng * * Bình,Mass,DVKD_013,70.89,Có,2421.13,Có,Signature Infinite,30.82,Bình thường,3
KH_001674,Võ * * Dũng,Mass,DVKD_024,57.38,Có,1669.51,Có,Gold Visa,20.99,Đã kích hoạt lại thành công,3
KH_001675,Lê * * Vy,Mass,DVKD_019,54.63,Không,0.0,Có,Classic Standard,17.38,Bình thường,2
KH_001676,Vũ * * Hương,Mass,DVKD_024,12.72,Có,355.16,Có,Signature Infinite,41.02,Đã kích hoạt lại thành công,3
KH_001677,Bùi * * Mai,Mass Affluent,DVKD_013,23.63,Không,0.0,Có,Classic Standard,27.69,Bình thường,2
KH_001678,Vũ * * Dũng,Mass,DVKD_023,18.05,Không,0.0,Không,Chưa mở thẻ,0.0,Bình thường,1
KH_001679,Hoàng * * Khoa,Mass,DVKD_009,6.67,Có,615.19,Không,Chưa mở thẻ,0.0,Bình thường,2
KH_001680,Nguyễn * * Cường,Mass Affluent,DVKD_005,332.44,Không,0.0,Không,Chưa mở thẻ,0.0,Bình thường,1
KH_001681,Đỗ * * Bình,Mass,DVKD_002,14.87,Không,0.0,Không,Chưa mở thẻ,0.0,Đã kích hoạt lại thành công,1
KH_001682,Phạm * * An,Mass,DVKD_003,129.98,Không,0.0,Có,Platinum CashBack,32.24,Bình thường,2
KH_001683,Trần * * Huy,Mass Affluent,DVKD_019,286.82,Có,2471.5,Có,Platinum CashBack,11.33,Bình thường,3
KH_001684,Phan * * Mai,Mass,DVKD_019,60.5,Không,0.0,Có,Signature Infinite,44.77,Bình thường,2
KH_001685,Bùi * * Vy,Mass,DVKD_002,4.98,Không,0.0,Không,Chưa mở thẻ,0.0,Bình thường,1
KH_001686,Bùi * * Cường,Mass Affluent,DVKD_024,554.57,Có,363.38,Không,Chưa mở thẻ,0.0,Bình thường,2
KH_001687,Nguyễn * * Quân,Priority VIP,DVKD_001,717.02,Có,1650.53,Có,Platinum CashBack,8.11,Bình thường,3
KH_001688,Nguyễn * * Mai,Mass,DVKD_022,23.37,Không,0.0,Không,Chưa mở thẻ,0.0,Bình thường,1
KH_001689,Nguyễn * * Cường,Mass,DVKD_024,32.62,Không,0.0,Có,Gold Visa,21.8,Bình thường,2
KH_001690,Lê * * Quân,Mass,DVKD_001,50.66,Có,1654.9,Không,Chưa mở thẻ,0.0,Bình thường,2
KH_001691,Phan * * Khoa,Mass,DVKD_005,6.73,Có,1379.02,Có,Gold Visa,25.39,Bình thường,3
KH_001692,Trần * * Thảo,Mass,DVKD_001,24.44,Có,982.89,Có,Classic Standard,35.6,Bình thường,3
KH_001693,Đặng * * Huy,Mass,DVKD_018,17.8,Không,0.0,Có,Classic Standard,28.28,Bình thường,2
KH_001694,Đặng * * Tuấn,Mass,DVKD_023,5.54,Có,136.01,Có,Gold Visa,5.39,Bình thường,3
KH_001695,Võ * * Huy,Mass,DVKD_006,16.03,Có,283.34,Có,Platinum CashBack,44.34,Bình thường,3
KH_001696,Huỳnh * * Hương,Mass,DVKD_018,2.47,Không,0.0,Có,Gold Visa,6.86,Bình thường,2
KH_001697,Vũ * * Nam,Mass Affluent,DVKD_016,7.32,Có,430.9,Có,Platinum CashBack,34.24,Bình thường,3
KH_001698,Vũ * * Dũng,Mass Affluent,DVKD_012,40.66,Có,2153.65,Có,Classic Standard,39.97,Bình thường,3
KH_001699,Huỳnh * * Giang,Mass Affluent,DVKD_003,923.99,Có,1927.52,Có,Gold Visa,38.71,Bình thường,3
KH_001700,Hoàng * * Huy,Mass,DVKD_017,27.91,Không,0.0,Không,Chưa mở thẻ,0.0,Bình thường,1
KH_001701,Hoàng * * Thảo,Mass,DVKD_017,118.17,Không,0.0,Có,Gold Visa,21.25,Bình thường,2
KH_001702,Hoàng * * Thảo,Mass,DVKD_015,19.83,Không,0.0,Không,Chưa mở thẻ,0.0,Bình thường,1
KH_001703,Phạm * * Tuấn,Priority VIP,DVKD_013,104.64,Không,0.0,Có,Gold Visa,5.79,Bình thường,2
KH_001704,Trần * * Trang,Mass,DVKD_003,24.69,Không,0.0,Có,Gold Visa,36.48,Bình thường,2
KH_001705,Bùi * * Huy,Private Banking,DVKD_023,162.11,Không,0.0,Có,Gold Visa,6.32,Bình thường,2
KH_001706,Phan * * Tuấn,Mass,DVKD_020,3.91,Không,0.0,Có,Platinum CashBack,15.41,Bình thường,2
KH_001707,Trần * * Huy,Mass,DVKD_007,35.84,Không,0.0,Không,Chưa mở thẻ,0.0,Bình thường,1
KH_001708,Bùi * * Thảo,Mass,DVKD_018,8.52,Có,1402.64,Có,Signature Infinite,12.22,Bình thường,3
KH_001709,Trần * * Khoa,Mass,DVKD_019,33.83,Không,0.0,Có,Gold Visa,6.28,Đã kích hoạt lại thành công,2
KH_001710,Vũ * * Trang,Mass Affluent,DVKD_004,294.11,Có,1519.53,Có,Signature Infinite,14.3,Bình thường,3
KH_001711,Vũ * * Tuấn,Priority VIP,DVKD_006,46.17,Có,560.95,Không,Chưa mở thẻ,0.0,Bình thường,2
KH_001712,Đặng * * Quân,Mass Affluent,DVKD_003,17.73,Không,0.0,Có,Platinum CashBack,26.16,Bình thường,2
KH_001713,Phan * * Hương,Mass,DVKD_005,53.12,Có,2085.68,Có,Gold Visa,5.2,Bình thường,3
KH_001714,Phạm * * Linh,Mass,DVKD_003,21.55,Không,0.0,Không,Chưa mở thẻ,0.0,Đã kích hoạt lại thành công,1
KH_001715,Huỳnh * * Cường,Private Banking,DVKD_005,16.78,Có,934.76,Không,Chưa mở thẻ,0.0,Bình thường,2
KH_001716,Lê * * An,Priority VIP,DVKD_023,1476.14,Không,0.0,Có,Signature Infinite,9.39,Đã kích hoạt lại thành công,2
KH_001717,Võ * * Huy,Mass,DVKD_015,2.08,Có,1927.52,Có,Platinum CashBack,38.0,Bình thường,3
KH_001718,Phan * * Mai,Private Banking,DVKD_002,332.52,Không,0.0,Không,Chưa mở thẻ,0.0,Bình thường,1
KH_001719,Phan * * Vy,Mass,DVKD_018,144.04,Không,0.0,Không,Chưa mở thẻ,0.0,Bình thường,1
KH_001720,Đặng * * Khoa,Mass,DVKD_016,9.57,Không,0.0,Có,Platinum CashBack,20.84,Bình thường,2
KH_001721,Phạm * * Sơn,Mass Affluent,DVKD_024,42.96,Có,224.78,Có,Gold Visa,27.95,Bình thường,3
KH_001722,Huỳnh * * An,Mass,DVKD_016,4.53,Không,0.0,Có,Classic Standard,33.24,Bình thường,2
KH_001723,Huỳnh * * Vy,Mass,DVKD_020,12.65,Không,0.0,Có,Platinum CashBack,6.35,Bình thường,2
KH_001724,Đỗ * * Quân,Mass,DVKD_013,3.73,Không,0.0,Không,Chưa mở thẻ,0.0,Bình thường,1
KH_001725,Đỗ * * Cường,Mass Affluent,DVKD_003,329.89,Có,348.86,Có,Signature Infinite,7.6,Bình thường,3
KH_001726,Đặng * * Khoa,Mass,DVKD_013,2.25,Không,0.0,Có,Gold Visa,6.41,Bình thường,2
KH_001727,Đặng * * Giang,Priority VIP,DVKD_002,199.41,Có,361.26,Có,Gold Visa,24.63,Bình thường,3
KH_001728,Phạm * * Linh,Priority VIP,DVKD_005,1599.61,Có,1817.14,Có,Signature Infinite,14.0,Bình thường,3
KH_001729,Phạm * * Linh,Private Banking,DVKD_023,470.92,Có,1324.13,Có,Gold Visa,33.68,Bình thường,3
KH_001730,Bùi * * Linh,Mass,DVKD_002,33.43,Không,0.0,Không,Chưa mở thẻ,0.0,Bình thường,1
KH_001731,Huỳnh * * Dũng,Priority VIP,DVKD_015,102.38,Có,549.95,Có,Gold Visa,42.14,Bình thường,3
KH_001732,Phạm * * Mai,Priority VIP,DVKD_001,273.81,Có,1220.81,Có,Gold Visa,19.45,Bình thường,3
KH_001733,Đặng * * Tuấn,Mass,DVKD_024,26.21,Không,0.0,Có,Gold Visa,33.09,Bình thường,2
KH_001734,Lê * * Quân,Mass,DVKD_023,19.43,Không,0.0,Có,Classic Standard,43.7,Bình thường,2
KH_001735,Huỳnh * * Nam,Mass,DVKD_004,4.9,Không,0.0,Không,Chưa mở thẻ,0.0,Bình thường,1
KH_001736,Trần * * An,Mass,DVKD_014,76.19,Không,0.0,Có,Signature Infinite,32.22,Bình thường,2
KH_001737,Võ * * Sơn,Mass Affluent,DVKD_007,167.28,Có,257.68,Không,Chưa mở thẻ,0.0,Bình thường,2
KH_001738,Đặng * * Trang,Mass,DVKD_023,7.58,Không,0.0,Có,Platinum CashBack,20.93,Bình thường,2
KH_001739,Lê * * Thảo,Mass,DVKD_017,16.05,Có,594.47,Không,Chưa mở thẻ,0.0,Bình thường,2
KH_001740,Huỳnh * * Mai,Priority VIP,DVKD_010,149.7,Có,124.98,Có,Classic Standard,28.19,Bình thường,3
KH_001741,Huỳnh * * Quân,Mass,DVKD_005,61.52,Có,959.56,Có,Classic Standard,24.86,Bình thường,3
KH_001742,Huỳnh * * Hương,Mass,DVKD_019,46.3,Có,2097.88,Không,Chưa mở thẻ,0.0,Đã kích hoạt lại thành công,2
KH_001743,Đặng * * Tuấn,Priority VIP,DVKD_024,410.66,Có,468.17,Không,Chưa mở thẻ,0.0,Bình thường,2
KH_001744,Lê * * Bình,Mass,DVKD_006,0.39,Có,2075.96,Có,Classic Standard,14.63,Bình thường,3
KH_001745,Nguyễn * * Cường,Priority VIP,DVKD_012,150.67,Không,0.0,Có,Classic Standard,17.79,Bình thường,2
KH_001746,Phan * * Cường,Mass,DVKD_013,22.98,Không,0.0,Không,Chưa mở thẻ,0.0,Đã kích hoạt lại thành công,1
KH_001747,Đặng * * Dũng,Mass Affluent,DVKD_014,5.43,Không,0.0,Có,Gold Visa,23.75,Bình thường,2
KH_001748,Hoàng * * Thảo,Priority VIP,DVKD_010,84.24,Có,2303.54,Không,Chưa mở thẻ,0.0,Bình thường,2
KH_001749,Đỗ * * Trang,Mass Affluent,DVKD_006,399.93,Có,1335.59,Có,Platinum CashBack,34.88,Bình thường,3
KH_001750,Phan * * Mai,Mass,DVKD_003,5.16,Không,0.0,Có,Gold Visa,34.28,Bình thường,2
KH_001751,Hoàng * * Thảo,Mass,DVKD_016,26.82,Không,0.0,Không,Chưa mở thẻ,0.0,Bình thường,1
KH_001752,Huỳnh * * Nam,Mass Affluent,DVKD_023,67.85,Không,0.0,Không,Chưa mở thẻ,0.0,Bình thường,1
KH_001753,Phạm * * Trang,Mass,DVKD_014,0.43,Có,763.97,Không,Chưa mở thẻ,0.0,Bình thường,2
KH_001754,Đỗ * * Huy,Mass Affluent,DVKD_015,77.29,Có,2189.57,Không,Chưa mở thẻ,0.0,Bình thường,2
KH_001755,Vũ * * Phúc,Mass,DVKD_016,130.36,Không,0.0,Có,Classic Standard,12.46,Bình thường,2
KH_001756,Đặng * * Thảo,Mass Affluent,DVKD_006,452.8,Không,0.0,Không,Chưa mở thẻ,0.0,Đã kích hoạt lại thành công,1
KH_001757,Đỗ * * Huy,Mass,DVKD_022,112.29,Không,0.0,Không,Chưa mở thẻ,0.0,Bình thường,1
KH_001758,Phan * * Phúc,Mass Affluent,DVKD_011,187.36,Có,902.1,Có,Platinum CashBack,34.24,Bình thường,3
KH_001759,Phạm * * Sơn,Mass Affluent,DVKD_012,32.55,Có,481.0,Không,Chưa mở thẻ,0.0,Bình thường,2
KH_001760,Lê * * Vy,Private Banking,DVKD_009,222.32,Có,1787.53,Không,Chưa mở thẻ,0.0,Bình thường,2
KH_001761,Đặng * * Hương,Mass Affluent,DVKD_011,169.63,Có,2063.45,Không,Chưa mở thẻ,0.0,Bình thường,2
KH_001762,Nguyễn * * Phúc,Mass,DVKD_009,65.11,Không,0.0,Không,Chưa mở thẻ,0.0,Đã kích hoạt lại thành công,1
KH_001763,Lê * * Phúc,Mass,DVKD_012,3.61,Không,0.0,Có,Platinum CashBack,11.62,Bình thường,2
KH_001764,Vũ * * Hương,Mass,DVKD_015,23.45,Không,0.0,Có,Gold Visa,39.81,Bình thường,2
KH_001765,Đặng * * Sơn,Private Banking,DVKD_009,45.52,Có,153.42,Có,Classic Standard,10.76,Bình thường,3
KH_001766,Nguyễn * * Cường,Priority VIP,DVKD_021,109.92,Có,2314.19,Không,Chưa mở thẻ,0.0,Bình thường,2
KH_001767,Đặng * * Phúc,Mass,DVKD_021,46.79,Có,2183.33,Có,Signature Infinite,39.26,Bình thường,3
KH_001768,Huỳnh * * Sơn,Mass Affluent,DVKD_014,180.96,Có,268.73,Có,Platinum CashBack,31.69,Bình thường,3
KH_001769,Vũ * * Phúc,Mass Affluent,DVKD_022,132.0,Có,397.68,Không,Chưa mở thẻ,0.0,Bình thường,2
KH_001770,Đỗ * * Quân,Mass,DVKD_013,17.56,Có,1096.01,Có,Platinum CashBack,43.23,Đã kích hoạt lại thành công,3
KH_001771,Võ * * Bình,Mass,DVKD_018,21.53,Không,0.0,Có,Classic Standard,19.44,Bình thường,2
KH_001772,Bùi * * Phúc,Mass,DVKD_004,53.8,Có,1340.75,Có,Signature Infinite,27.07,Bình thường,3
KH_001773,Đỗ * * Cường,Mass,DVKD_019,77.92,Không,0.0,Có,Platinum CashBack,31.82,Bình thường,2
KH_001774,Hoàng * * Hương,Mass,DVKD_024,108.8,Có,331.3,Có,Classic Standard,18.74,Bình thường,3
KH_001775,Nguyễn * * Hương,Mass Affluent,DVKD_004,432.88,Có,560.85,Không,Chưa mở thẻ,0.0,Bình thường,2
KH_001776,Nguyễn * * Mai,Mass,DVKD_015,13.26,Không,0.0,Có,Signature Infinite,30.3,Bình thường,2
KH_001777,Trần * * Trang,Mass,DVKD_022,40.78,Không,0.0,Có,Classic Standard,30.35,Bình thường,2
KH_001778,Đỗ * * Quân,Mass,DVKD_018,20.14,Không,0.0,Có,Platinum CashBack,44.84,Bình thường,2
KH_001779,Bùi * * Hương,Priority VIP,DVKD_008,82.3,Có,406.67,Có,Signature Infinite,15.49,Bình thường,3
KH_001780,Lê * * Dũng,Private Banking,DVKD_009,514.65,Không,0.0,Không,Chưa mở thẻ,0.0,Bình thường,1
KH_001781,Phạm * * Giang,Mass Affluent,DVKD_009,10.97,Có,1550.7,Có,Signature Infinite,37.9,Đã kích hoạt lại thành công,3
KH_001782,Võ * * Linh,Mass,DVKD_001,81.21,Có,335.8,Không,Chưa mở thẻ,0.0,Bình thường,2
KH_001783,Nguyễn * * Linh,Mass Affluent,DVKD_013,173.3,Có,1316.36,Có,Signature Infinite,44.7,Bình thường,3
KH_001784,Hoàng * * Vy,Mass,DVKD_012,35.49,Có,2435.83,Có,Signature Infinite,35.59,Bình thường,3
KH_001785,Huỳnh * * Tuấn,Mass,DVKD_023,37.69,Không,0.0,Có,Signature Infinite,35.97,Đã kích hoạt lại thành công,2
KH_001786,Đặng * * Quân,Mass,DVKD_007,78.92,Không,0.0,Có,Platinum CashBack,10.74,Bình thường,2
KH_001787,Nguyễn * * Thảo,Priority VIP,DVKD_022,283.48,Có,677.24,Không,Chưa mở thẻ,0.0,Bình thường,2
KH_001788,Nguyễn * * Vy,Mass,DVKD_009,33.31,Không,0.0,Có,Signature Infinite,14.25,Bình thường,2
KH_001789,Trần * * Huy,Mass,DVKD_007,2.41,Không,0.0,Có,Signature Infinite,19.99,Bình thường,2
KH_001790,Phạm * * Cường,Priority VIP,DVKD_015,204.58,Có,962.48,Không,Chưa mở thẻ,0.0,Bình thường,2
KH_001791,Phan * * Cường,Mass,DVKD_014,5.7,Không,0.0,Có,Gold Visa,30.61,Bình thường,2
KH_001792,Vũ * * Vy,Mass,DVKD_018,46.8,Không,0.0,Không,Chưa mở thẻ,0.0,Đã kích hoạt lại thành công,1
KH_001793,Đặng * * Phúc,Mass,DVKD_023,25.13,Có,404.65,Có,Gold Visa,38.31,Bình thường,3
KH_001794,Bùi * * Dũng,Priority VIP,DVKD_020,319.24,Có,242.71,Có,Signature Infinite,29.3,Bình thường,3
KH_001795,Huỳnh * * Huy,Mass Affluent,DVKD_012,11.92,Có,2354.34,Có,Signature Infinite,29.92,Bình thường,3
KH_001796,Hoàng * * Sơn,Mass,DVKD_023,3.1,Không,0.0,Có,Signature Infinite,23.43,Bình thường,2
KH_001797,Đặng * * Quân,Mass Affluent,DVKD_013,352.78,Có,1401.06,Không,Chưa mở thẻ,0.0,Bình thường,2
KH_001798,Phan * * Bình,Priority VIP,DVKD_005,20.95,Có,477.8,Có,Signature Infinite,15.15,Bình thường,3
KH_001799,Bùi * * Sơn,Mass,DVKD_017,2.59,Có,980.24,Có,Platinum CashBack,9.56,Bình thường,3
KH_001800,Đỗ * * Quân,Mass,DVKD_014,0.43,Không,0.0,Có,Platinum CashBack,13.36,Đang tiếp cận,2
KH_001801,Nguyễn * * Linh,Mass,DVKD_005,109.73,Không,0.0,Có,Platinum CashBack,37.07,Bình thường,2
KH_001802,Lê * * Sơn,Mass,DVKD_018,46.81,Không,0.0,Không,Chưa mở thẻ,0.0,Bình thường,1
KH_001803,Phạm * * Linh,Mass Affluent,DVKD_002,122.02,Có,2037.03,Có,Gold Visa,33.42,Bình thường,3
KH_001804,Trần * * Khoa,Mass Affluent,DVKD_023,98.49,Không,0.0,Có,Signature Infinite,29.6,Bình thường,2
KH_001805,Huỳnh * * Khoa,Mass Affluent,DVKD_001,120.49,Có,2396.57,Có,Gold Visa,21.95,Bình thường,3
KH_001806,Vũ * * Huy,Mass,DVKD_012,52.15,Không,0.0,Có,Signature Infinite,18.46,Bình thường,2
KH_001807,Vũ * * Huy,Mass Affluent,DVKD_015,303.2,Có,2279.64,Có,Classic Standard,5.45,Đã kích hoạt lại thành công,3
KH_001808,Đặng * * Trang,Mass Affluent,DVKD_021,57.35,Có,2284.88,Có,Gold Visa,15.93,Bình thường,3
KH_001809,Hoàng * * Giang,Mass,DVKD_017,6.7,Không,0.0,Có,Platinum CashBack,31.93,Bình thường,2
KH_001810,Phan * * Thảo,Mass,DVKD_014,3.63,Có,794.93,Có,Signature Infinite,44.63,Bình thường,3
KH_001811,Huỳnh * * Phúc,Mass,DVKD_003,37.79,Không,0.0,Có,Signature Infinite,40.06,Bình thường,2
KH_001812,Bùi * * Linh,Private Banking,DVKD_015,404.74,Có,2495.42,Có,Classic Standard,33.9,Bình thường,3
KH_001813,Huỳnh * * Linh,Mass,DVKD_023,10.78,Không,0.0,Có,Signature Infinite,8.81,Bình thường,2
KH_001814,Võ * * Trang,Mass,DVKD_017,0.74,Không,0.0,Có,Gold Visa,34.2,Bình thường,2
KH_001815,Lê * * Bình,Mass,DVKD_009,3.0,Không,0.0,Không,Chưa mở thẻ,0.0,Bình thường,1
KH_001816,Phạm * * Quân,Mass,DVKD_013,120.32,Không,0.0,Không,Chưa mở thẻ,0.0,Bình thường,1
KH_001817,Hoàng * * Cường,Mass,DVKD_004,12.26,Không,0.0,Có,Classic Standard,19.34,Bình thường,2
KH_001818,Đặng * * Bình,Mass,DVKD_016,51.32,Không,0.0,Có,Gold Visa,25.72,Đã kích hoạt lại thành công,2
KH_001819,Trần * * Linh,Mass,DVKD_013,34.3,Không,0.0,Có,Signature Infinite,7.97,Bình thường,2
KH_001820,Lê * * Cường,Mass,DVKD_022,16.84,Không,0.0,Không,Chưa mở thẻ,0.0,Bình thường,1
KH_001821,Vũ * * Trang,Mass Affluent,DVKD_001,64.48,Có,1997.83,Có,Platinum CashBack,41.11,Bình thường,3
KH_001822,Vũ * * Huy,Mass Affluent,DVKD_024,36.23,Có,2296.49,Không,Chưa mở thẻ,0.0,Bình thường,2
KH_001823,Nguyễn * * Tuấn,Mass Affluent,DVKD_003,267.27,Không,0.0,Có,Gold Visa,39.03,Bình thường,2
KH_001824,Trần * * Vy,Mass Affluent,DVKD_024,417.21,Có,2412.71,Không,Chưa mở thẻ,0.0,Bình thường,2
KH_001825,Lê * * Mai,Mass,DVKD_015,36.14,Không,0.0,Không,Chưa mở thẻ,0.0,Bình thường,1
KH_001826,Bùi * * Nam,Mass,DVKD_014,26.45,Không,0.0,Có,Platinum CashBack,10.72,Bình thường,2
KH_001827,Phan * * Tuấn,Mass Affluent,DVKD_021,12.0,Có,706.29,Có,Classic Standard,5.62,Đã kích hoạt lại thành công,3
KH_001828,Đặng * * Cường,Mass Affluent,DVKD_015,968.08,Có,1641.97,Có,Classic Standard,13.53,Bình thường,3
KH_001829,Bùi * * Hương,Mass Affluent,DVKD_005,448.85,Có,1324.71,Có,Gold Visa,29.54,Bình thường,3
KH_001830,Bùi * * Thảo,Mass Affluent,DVKD_007,97.01,Có,1289.66,Không,Chưa mở thẻ,0.0,Bình thường,2
KH_001831,Vũ * * Nam,Mass Affluent,DVKD_009,1094.95,Có,722.28,Có,Signature Infinite,44.51,Bình thường,3
KH_001832,Bùi * * Hương,Mass Affluent,DVKD_012,257.88,Không,0.0,Có,Platinum CashBack,40.46,Bình thường,2
KH_001833,Phạm * * Giang,Mass Affluent,DVKD_004,244.52,Không,0.0,Không,Chưa mở thẻ,0.0,Bình thường,1
KH_001834,Đặng * * An,Mass,DVKD_004,48.25,Có,1353.34,Có,Classic Standard,26.71,Bình thường,3
KH_001835,Đặng * * Vy,Mass Affluent,DVKD_006,467.63,Có,674.74,Không,Chưa mở thẻ,0.0,Bình thường,2
KH_001836,Hoàng * * Trang,Priority VIP,DVKD_001,299.18,Có,2293.72,Có,Signature Infinite,28.1,Bình thường,3
KH_001837,Vũ * * Hương,Mass Affluent,DVKD_003,38.38,Không,0.0,Có,Classic Standard,31.32,Bình thường,2
KH_001838,Bùi * * Giang,Mass,DVKD_024,14.45,Không,0.0,Có,Gold Visa,33.88,Bình thường,2
KH_001839,Bùi * * Bình,Priority VIP,DVKD_022,737.03,Không,0.0,Có,Platinum CashBack,9.73,Đã kích hoạt lại thành công,2
KH_001840,Bùi * * Cường,Mass Affluent,DVKD_014,71.23,Có,1539.15,Có,Classic Standard,9.54,Bình thường,3
KH_001841,Trần * * Sơn,Mass,DVKD_022,16.29,Có,682.34,Có,Classic Standard,24.01,Bình thường,3
KH_001842,Bùi * * Tuấn,Mass,DVKD_010,19.8,Có,1658.16,Có,Platinum CashBack,18.72,Bình thường,3
KH_001843,Hoàng * * Tuấn,Priority VIP,DVKD_002,162.05,Có,2115.22,Có,Platinum CashBack,43.46,Bình thường,3
KH_001844,Lê * * Thảo,Mass Affluent,DVKD_008,265.77,Không,0.0,Không,Chưa mở thẻ,0.0,Bình thường,1
KH_001845,Đặng * * Sơn,Mass,DVKD_017,100.31,Không,0.0,Có,Gold Visa,14.38,Bình thường,2
KH_001846,Bùi * * Phúc,Mass,DVKD_012,9.64,Không,0.0,Không,Chưa mở thẻ,0.0,Bình thường,1
KH_001847,Trần * * An,Mass Affluent,DVKD_021,36.27,Có,179.79,Có,Classic Standard,44.02,Bình thường,3
KH_001848,Huỳnh * * An,Private Banking,DVKD_010,61.6,Không,0.0,Có,Signature Infinite,24.77,Bình thường,2
KH_001849,Lê * * Huy,Mass,DVKD_008,76.29,Không,0.0,Có,Signature Infinite,44.96,Bình thường,2
KH_001850,Phan * * Linh,Mass,DVKD_015,36.33,Có,2098.03,Có,Classic Standard,9.88,Bình thường,3
KH_001851,Phan * * Phúc,Mass,DVKD_017,11.79,Không,0.0,Có,Classic Standard,19.88,Bình thường,2
KH_001852,Phan * * Mai,Mass,DVKD_005,59.24,Không,0.0,Không,Chưa mở thẻ,0.0,Đã kích hoạt lại thành công,1
KH_001853,Đặng * * Trang,Mass,DVKD_014,69.16,Có,915.5,Có,Signature Infinite,16.51,Bình thường,3
KH_001854,Phạm * * Vy,Mass,DVKD_018,65.6,Không,0.0,Có,Gold Visa,17.15,Bình thường,2
KH_001855,Đặng * * Thảo,Priority VIP,DVKD_018,703.47,Có,973.04,Có,Classic Standard,42.48,Bình thường,3
KH_001856,Nguyễn * * Linh,Mass,DVKD_002,10.17,Có,1907.43,Có,Gold Visa,24.96,Bình thường,3
KH_001857,Đặng * * Sơn,Mass,DVKD_002,49.23,Không,0.0,Có,Classic Standard,20.95,Bình thường,2
KH_001858,Đặng * * Giang,Mass,DVKD_021,21.6,Không,0.0,Không,Chưa mở thẻ,0.0,Đã kích hoạt lại thành công,1
KH_001859,Hoàng * * Vy,Priority VIP,DVKD_022,516.64,Có,525.21,Có,Platinum CashBack,38.57,Bình thường,3
KH_001860,Vũ * * Trang,Mass Affluent,DVKD_016,365.05,Có,2305.2,Có,Platinum CashBack,30.37,Bình thường,3
KH_001861,Bùi * * Mai,Mass,DVKD_007,52.43,Có,875.85,Không,Chưa mở thẻ,0.0,Bình thường,2
KH_001862,Võ * * Nam,Mass Affluent,DVKD_014,298.92,Không,0.0,Không,Chưa mở thẻ,0.0,Bình thường,1
KH_001863,Huỳnh * * Mai,Private Banking,DVKD_007,54.69,Có,176.09,Không,Chưa mở thẻ,0.0,Đã kích hoạt lại thành công,2
KH_001864,Trần * * Nam,Mass Affluent,DVKD_002,220.5,Có,462.5,Có,Signature Infinite,38.48,Bình thường,3
KH_001865,Nguyễn * * Cường,Mass,DVKD_015,146.23,Không,0.0,Có,Signature Infinite,15.81,Bình thường,2
KH_001866,Huỳnh * * Nam,Mass,DVKD_023,96.98,Có,1989.0,Có,Platinum CashBack,14.04,Bình thường,3
KH_001867,Vũ * * Sơn,Mass,DVKD_010,1.54,Không,0.0,Có,Gold Visa,35.52,Bình thường,2
KH_001868,Phạm * * Huy,Mass,DVKD_001,6.3,Không,0.0,Có,Classic Standard,19.74,Bình thường,2
KH_001869,Đặng * * Thảo,Mass,DVKD_022,4.94,Không,0.0,Có,Signature Infinite,22.12,Bình thường,2
KH_001870,Võ * * Khoa,Mass Affluent,DVKD_001,362.48,Có,1813.16,Có,Signature Infinite,20.93,Bình thường,3
KH_001871,Vũ * * Vy,Mass,DVKD_006,59.59,Không,0.0,Có,Signature Infinite,20.35,Bình thường,2
KH_001872,Phan * * Nam,Priority VIP,DVKD_006,67.25,Có,308.91,Có,Platinum CashBack,24.07,Bình thường,3
KH_001873,Đỗ * * Thảo,Mass Affluent,DVKD_005,197.38,Có,1936.73,Có,Gold Visa,11.86,Bình thường,3
KH_001874,Huỳnh * * Sơn,Mass,DVKD_015,64.29,Không,0.0,Có,Platinum CashBack,36.96,Bình thường,2
KH_001875,Đặng * * Giang,Mass,DVKD_013,46.19,Có,2287.37,Không,Chưa mở thẻ,0.0,Đã kích hoạt lại thành công,2
KH_001876,Bùi * * Linh,Priority VIP,DVKD_024,218.79,Không,0.0,Có,Signature Infinite,43.77,Bình thường,2
KH_001877,Huỳnh * * Bình,Mass,DVKD_018,31.24,Có,1458.4,Không,Chưa mở thẻ,0.0,Bình thường,2
KH_001878,Vũ * * Cường,Mass Affluent,DVKD_022,198.8,Có,1933.05,Có,Signature Infinite,43.41,Bình thường,3
KH_001879,Vũ * * Khoa,Private Banking,DVKD_010,98.89,Có,2423.73,Có,Gold Visa,10.07,Bình thường,3
KH_001880,Vũ * * Quân,Mass,DVKD_008,29.14,Không,0.0,Không,Chưa mở thẻ,0.0,Bình thường,1
KH_001881,Lê * * Khoa,Mass Affluent,DVKD_017,326.93,Có,764.25,Có,Gold Visa,42.44,Bình thường,3
KH_001882,Phan * * Bình,Mass Affluent,DVKD_022,578.51,Không,0.0,Không,Chưa mở thẻ,0.0,Bình thường,1
KH_001883,Phan * * Giang,Mass Affluent,DVKD_013,283.19,Không,0.0,Có,Gold Visa,14.88,Bình thường,2
KH_001884,Huỳnh * * Bình,Mass Affluent,DVKD_023,400.9,Có,1410.04,Không,Chưa mở thẻ,0.0,Bình thường,2
KH_001885,Võ * * Nam,Mass,DVKD_010,6.11,Không,0.0,Không,Chưa mở thẻ,0.0,Bình thường,1
KH_001886,Võ * * Vy,Mass,DVKD_008,21.67,Có,2248.23,Có,Gold Visa,13.85,Bình thường,3
KH_001887,Phạm * * Linh,Mass,DVKD_017,0.33,Không,0.0,Không,Chưa mở thẻ,0.0,Bình thường,1
KH_001888,Đặng * * Vy,Mass,DVKD_010,9.91,Không,0.0,Có,Signature Infinite,10.55,Đang tiếp cận,2
KH_001889,Lê * * Khoa,Mass,DVKD_006,45.37,Không,0.0,Có,Classic Standard,18.0,Bình thường,2
KH_001890,Võ * * Mai,Mass,DVKD_006,168.17,Không,0.0,Không,Chưa mở thẻ,0.0,Bình thường,1
KH_001891,Đỗ * * Sơn,Mass,DVKD_019,3.66,Không,0.0,Có,Platinum CashBack,6.52,Bình thường,2
KH_001892,Bùi * * Thảo,Mass,DVKD_005,17.97,Không,0.0,Có,Signature Infinite,43.24,Bình thường,2
KH_001893,Phạm * * Trang,Mass,DVKD_018,56.34,Không,0.0,Không,Chưa mở thẻ,0.0,Bình thường,1
KH_001894,Đỗ * * An,Mass Affluent,DVKD_024,63.9,Có,425.9,Có,Platinum CashBack,19.26,Bình thường,3
KH_001895,Lê * * Cường,Mass,DVKD_007,28.35,Không,0.0,Không,Chưa mở thẻ,0.0,Bình thường,1
KH_001896,Hoàng * * Phúc,Mass,DVKD_005,46.23,Không,0.0,Có,Classic Standard,41.23,Bình thường,2
KH_001897,Hoàng * * An,Priority VIP,DVKD_024,267.98,Có,1601.21,Có,Gold Visa,35.22,Bình thường,3
KH_001898,Đỗ * * Thảo,Mass,DVKD_003,7.29,Không,0.0,Có,Gold Visa,36.86,Bình thường,2
KH_001899,Phan * * Huy,Mass,DVKD_019,15.37,Không,0.0,Không,Chưa mở thẻ,0.0,Bình thường,1
KH_001900,Trần * * Huy,Mass Affluent,DVKD_004,428.82,Có,2093.5,Không,Chưa mở thẻ,0.0,Bình thường,2
KH_001901,Nguyễn * * Mai,Priority VIP,DVKD_019,226.22,Có,809.94,Có,Classic Standard,30.76,Bình thường,3
KH_001902,Vũ * * Dũng,Mass,DVKD_020,0.18,Có,783.43,Không,Chưa mở thẻ,0.0,Bình thường,2
KH_001903,Võ * * Quân,Mass,DVKD_003,50.09,Có,1127.55,Không,Chưa mở thẻ,0.0,Bình thường,2
KH_001904,Đặng * * Mai,Mass,DVKD_021,1.26,Không,0.0,Có,Signature Infinite,40.21,Bình thường,2
KH_001905,Đặng * * Mai,Mass,DVKD_013,47.93,Có,736.8,Có,Platinum CashBack,34.44,Bình thường,3
KH_001906,Huỳnh * * Linh,Mass,DVKD_016,7.92,Không,0.0,Không,Chưa mở thẻ,0.0,Bình thường,1
KH_001907,Trần * * Quân,Mass,DVKD_005,111.01,Không,0.0,Không,Chưa mở thẻ,0.0,Bình thường,1
KH_001908,Trần * * Linh,Mass Affluent,DVKD_020,128.46,Có,2219.45,Có,Signature Infinite,39.84,Bình thường,3
KH_001909,Đặng * * Nam,Priority VIP,DVKD_004,110.85,Có,1423.98,Có,Classic Standard,40.83,Bình thường,3
KH_001910,Đỗ * * Bình,Mass,DVKD_008,5.64,Có,1554.32,Có,Signature Infinite,5.34,Bình thường,3
KH_001911,Võ * * Mai,Mass Affluent,DVKD_023,102.12,Không,0.0,Có,Platinum CashBack,14.59,Bình thường,2
KH_001912,Vũ * * Thảo,Priority VIP,DVKD_007,585.97,Có,2128.12,Không,Chưa mở thẻ,0.0,Bình thường,2
KH_001913,Phan * * Sơn,Mass Affluent,DVKD_001,1570.45,Có,1712.62,Có,Signature Infinite,38.54,Bình thường,3
KH_001914,Đặng * * Linh,Mass Affluent,DVKD_005,128.62,Không,0.0,Có,Classic Standard,7.71,Bình thường,2
KH_001915,Vũ * * Phúc,Mass,DVKD_001,20.84,Không,0.0,Có,Platinum CashBack,40.98,Bình thường,2
KH_001916,Phạm * * Mai,Mass,DVKD_017,44.81,Không,0.0,Không,Chưa mở thẻ,0.0,Bình thường,1
KH_001917,Lê * * Khoa,Mass,DVKD_011,76.06,Không,0.0,Có,Platinum CashBack,32.14,Đã kích hoạt lại thành công,2
KH_001918,Vũ * * Dũng,Mass,DVKD_024,31.47,Không,0.0,Có,Platinum CashBack,16.52,Bình thường,2
KH_001919,Vũ * * Nam,Mass,DVKD_013,17.39,Có,1805.57,Có,Signature Infinite,44.17,Bình thường,3
KH_001920,Hoàng * * Bình,Mass Affluent,DVKD_016,148.98,Có,1934.58,Không,Chưa mở thẻ,0.0,Bình thường,2
KH_001921,Trần * * Vy,Mass Affluent,DVKD_024,333.05,Không,0.0,Có,Platinum CashBack,43.6,Bình thường,2
KH_001922,Huỳnh * * Quân,Mass Affluent,DVKD_020,0.9,Không,0.0,Không,Chưa mở thẻ,0.0,Đang tiếp cận,1
KH_001923,Vũ * * Thảo,Mass,DVKD_003,33.83,Không,0.0,Có,Signature Infinite,18.31,Đã kích hoạt lại thành công,2
KH_001924,Võ * * Nam,Mass,DVKD_023,15.37,Không,0.0,Có,Classic Standard,34.38,Bình thường,2
KH_001925,Đỗ * * Huy,Mass,DVKD_013,55.33,Không,0.0,Có,Classic Standard,6.31,Bình thường,2
KH_001926,Đỗ * * Giang,Mass,DVKD_024,3.42,Không,0.0,Có,Platinum CashBack,18.96,Bình thường,2
KH_001927,Đỗ * * Trang,Mass,DVKD_013,31.05,Có,371.96,Không,Chưa mở thẻ,0.0,Đã kích hoạt lại thành công,2
KH_001928,Phan * * Hương,Mass,DVKD_005,22.95,Không,0.0,Có,Classic Standard,27.58,Bình thường,2
KH_001929,Lê * * Sơn,Mass,DVKD_020,35.98,Có,1874.46,Không,Chưa mở thẻ,0.0,Đã kích hoạt lại thành công,2
KH_001930,Hoàng * * Dũng,Mass Affluent,DVKD_002,18.77,Không,0.0,Có,Gold Visa,30.31,Bình thường,2
KH_001931,Trần * * Mai,Mass Affluent,DVKD_013,242.89,Có,1296.85,Không,Chưa mở thẻ,0.0,Bình thường,2
KH_001932,Đặng * * Khoa,Mass,DVKD_023,28.85,Không,0.0,Không,Chưa mở thẻ,0.0,Bình thường,1
KH_001933,Đỗ * * Bình,Mass,DVKD_024,28.79,Không,0.0,Có,Signature Infinite,12.74,Bình thường,2
KH_001934,Lê * * Sơn,Mass,DVKD_022,32.38,Không,0.0,Có,Signature Infinite,23.96,Đã kích hoạt lại thành công,2
KH_001935,Phạm * * Khoa,Mass,DVKD_005,39.5,Không,0.0,Có,Classic Standard,16.52,Bình thường,2
KH_001936,Nguyễn * * Quân,Mass,DVKD_021,57.21,Không,0.0,Có,Classic Standard,27.37,Bình thường,2
KH_001937,Nguyễn * * Phúc,Mass Affluent,DVKD_007,88.05,Có,2455.95,Có,Signature Infinite,24.06,Bình thường,3
KH_001938,Hoàng * * Mai,Mass,DVKD_009,61.01,Không,0.0,Có,Gold Visa,17.02,Bình thường,2
KH_001939,Lê * * Huy,Mass,DVKD_022,24.14,Không,0.0,Không,Chưa mở thẻ,0.0,Đã kích hoạt lại thành công,1
KH_001940,Vũ * * Thảo,Mass,DVKD_004,2.81,Không,0.0,Có,Platinum CashBack,31.11,Bình thường,2
KH_001941,Lê * * An,Mass,DVKD_001,2.11,Không,0.0,Có,Gold Visa,26.1,Bình thường,2
KH_001942,Bùi * * Trang,Mass,DVKD_009,14.24,Có,1736.62,Có,Gold Visa,25.35,Bình thường,3
KH_001943,Huỳnh * * Bình,Mass,DVKD_020,53.78,Không,0.0,Có,Platinum CashBack,22.15,Bình thường,2
KH_001944,Vũ * * Hương,Priority VIP,DVKD_024,344.37,Có,2441.11,Có,Classic Standard,5.58,Bình thường,3
KH_001945,Huỳnh * * An,Mass,DVKD_012,54.39,Có,2202.55,Có,Platinum CashBack,6.71,Đã kích hoạt lại thành công,3
KH_001946,Trần * * Bình,Priority VIP,DVKD_005,203.92,Có,1316.65,Không,Chưa mở thẻ,0.0,Bình thường,2
KH_001947,Võ * * Tuấn,Mass Affluent,DVKD_011,162.45,Có,559.18,Có,Gold Visa,15.1,Bình thường,3
KH_001948,Đặng * * Giang,Mass,DVKD_013,5.58,Không,0.0,Có,Classic Standard,9.05,Bình thường,2
KH_001949,Đỗ * * Quân,Priority VIP,DVKD_016,111.38,Có,640.14,Có,Gold Visa,15.12,Bình thường,3
KH_001950,Nguyễn * * Khoa,Mass Affluent,DVKD_017,159.37,Có,1162.94,Có,Platinum CashBack,17.5,Bình thường,3
KH_001951,Trần * * Sơn,Mass,DVKD_018,3.25,Có,589.16,Có,Platinum CashBack,27.49,Bình thường,3
KH_001952,Đặng * * Vy,Mass,DVKD_003,8.72,Có,966.24,Có,Gold Visa,22.46,Bình thường,3
KH_001953,Võ * * Tuấn,Mass,DVKD_024,31.92,Không,0.0,Có,Platinum CashBack,21.04,Bình thường,2
KH_001954,Võ * * Huy,Private Banking,DVKD_015,372.55,Không,0.0,Không,Chưa mở thẻ,0.0,Bình thường,1
KH_001955,Huỳnh * * Thảo,Private Banking,DVKD_009,1793.53,Có,2127.69,Có,Gold Visa,33.87,Bình thường,3
KH_001956,Phan * * Dũng,Mass,DVKD_020,94.67,Không,0.0,Có,Classic Standard,7.68,Bình thường,2
KH_001957,Đặng * * Hương,Mass,DVKD_006,36.01,Không,0.0,Không,Chưa mở thẻ,0.0,Bình thường,1
KH_001958,Võ * * Trang,Mass,DVKD_006,19.14,Không,0.0,Có,Classic Standard,35.67,Bình thường,2
KH_001959,Võ * * Dũng,Mass,DVKD_011,35.39,Có,1724.19,Không,Chưa mở thẻ,0.0,Bình thường,2
KH_001960,Phạm * * Thảo,Mass Affluent,DVKD_018,431.24,Không,0.0,Không,Chưa mở thẻ,0.0,Bình thường,1
KH_001961,Trần * * Tuấn,Mass,DVKD_014,4.41,Không,0.0,Không,Chưa mở thẻ,0.0,Bình thường,1
KH_001962,Hoàng * * Vy,Mass,DVKD_016,18.46,Có,2155.6,Có,Signature Infinite,20.26,Bình thường,3
KH_001963,Phan * * Phúc,Mass Affluent,DVKD_004,512.78,Có,340.85,Có,Classic Standard,27.9,Đã kích hoạt lại thành công,3
KH_001964,Lê * * Sơn,Mass Affluent,DVKD_016,135.59,Có,1063.33,Có,Classic Standard,7.93,Bình thường,3
KH_001965,Nguyễn * * An,Mass Affluent,DVKD_023,237.53,Có,2207.13,Có,Gold Visa,44.76,Bình thường,3
KH_001966,Đỗ * * Giang,Mass Affluent,DVKD_007,248.13,Không,0.0,Không,Chưa mở thẻ,0.0,Bình thường,1
KH_001967,Đỗ * * Thảo,Mass Affluent,DVKD_004,57.1,Không,0.0,Có,Classic Standard,17.42,Bình thường,2
KH_001968,Phan * * Huy,Mass Affluent,DVKD_023,125.94,Có,2483.65,Có,Classic Standard,21.27,Bình thường,3
KH_001969,Đỗ * * Trang,Mass,DVKD_001,14.25,Không,0.0,Có,Signature Infinite,10.1,Bình thường,2
KH_001970,Trần * * Quân,Mass,DVKD_020,0.93,Có,2231.11,Có,Gold Visa,40.78,Bình thường,3
KH_001971,Phạm * * Tuấn,Mass,DVKD_011,0.86,Không,0.0,Không,Chưa mở thẻ,0.0,Bình thường,1
KH_001972,Võ * * Hương,Mass Affluent,DVKD_016,498.96,Có,2042.49,Có,Classic Standard,29.92,Đã kích hoạt lại thành công,3
KH_001973,Đỗ * * Phúc,Mass,DVKD_007,11.16,Không,0.0,Có,Gold Visa,32.89,Bình thường,2
KH_001974,Phạm * * Dũng,Mass,DVKD_017,25.55,Có,212.36,Không,Chưa mở thẻ,0.0,Bình thường,2
KH_001975,Đặng * * Trang,Priority VIP,DVKD_008,99.36,Không,0.0,Có,Gold Visa,5.38,Bình thường,2
KH_001976,Đặng * * Giang,Mass,DVKD_013,98.87,Có,1664.67,Có,Signature Infinite,27.6,Bình thường,3
KH_001977,Huỳnh * * Bình,Mass,DVKD_022,10.51,Không,0.0,Không,Chưa mở thẻ,0.0,Bình thường,1
KH_001978,Hoàng * * Cường,Mass,DVKD_013,19.65,Có,436.25,Không,Chưa mở thẻ,0.0,Bình thường,2
KH_001979,Bùi * * Quân,Mass,DVKD_004,72.15,Không,0.0,Có,Classic Standard,34.72,Bình thường,2
KH_001980,Hoàng * * Cường,Mass,DVKD_016,64.57,Có,1075.65,Có,Classic Standard,5.14,Bình thường,3
KH_001981,Huỳnh * * Khoa,Mass,DVKD_014,7.21,Có,781.91,Không,Chưa mở thẻ,0.0,Bình thường,2
KH_001982,Lê * * Nam,Mass Affluent,DVKD_001,454.37,Không,0.0,Có,Signature Infinite,10.08,Bình thường,2
KH_001983,Trần * * Cường,Mass Affluent,DVKD_021,171.59,Có,1834.79,Không,Chưa mở thẻ,0.0,Bình thường,2
KH_001984,Nguyễn * * Khoa,Mass Affluent,DVKD_021,184.7,Có,1358.4,Có,Signature Infinite,9.54,Bình thường,3
KH_001985,Đặng * * Nam,Mass,DVKD_002,5.01,Không,0.0,Có,Signature Infinite,44.04,Bình thường,2
KH_001986,Đỗ * * Linh,Mass Affluent,DVKD_004,23.53,Có,839.1,Có,Gold Visa,18.71,Bình thường,3
KH_001987,Vũ * * Quân,Mass,DVKD_019,45.56,Không,0.0,Có,Signature Infinite,17.18,Bình thường,2
KH_001988,Trần * * Sơn,Mass,DVKD_015,24.01,Không,0.0,Không,Chưa mở thẻ,0.0,Bình thường,1
KH_001989,Trần * * Giang,Mass,DVKD_003,20.1,Có,1236.6,Có,Platinum CashBack,39.79,Bình thường,3
KH_001990,Huỳnh * * Trang,Private Banking,DVKD_002,366.1,Có,941.82,Có,Classic Standard,29.62,Bình thường,3
KH_001991,Huỳnh * * Sơn,Mass Affluent,DVKD_011,406.1,Có,1242.83,Không,Chưa mở thẻ,0.0,Bình thường,2
KH_001992,Võ * * Cường,Mass,DVKD_020,6.06,Có,2202.24,Có,Platinum CashBack,26.61,Bình thường,3
KH_001993,Hoàng * * An,Mass,DVKD_001,32.98,Có,1694.79,Có,Gold Visa,42.7,Bình thường,3
KH_001994,Nguyễn * * Linh,Mass Affluent,DVKD_009,40.72,Có,2462.79,Có,Platinum CashBack,7.44,Bình thường,3
KH_001995,Vũ * * Vy,Mass,DVKD_013,48.71,Không,0.0,Có,Gold Visa,43.75,Bình thường,2
KH_001996,Lê * * Hương,Mass,DVKD_008,37.45,Có,897.23,Không,Chưa mở thẻ,0.0,Bình thường,2
KH_001997,Huỳnh * * Cường,Mass,DVKD_020,109.82,Có,1743.05,Có,Signature Infinite,13.87,Bình thường,3
KH_001998,Lê * * An,Mass,DVKD_007,2.5,Có,1800.24,Có,Gold Visa,43.53,Đang tiếp cận,3
KH_001999,Võ * * Cường,Private Banking,DVKD_021,16.45,Có,860.27,Có,Signature Infinite,18.78,Bình thường,3
KH_002000,Trần * * An,Mass,DVKD_013,11.6,Không,0.0,Có,Gold Visa,20.57,Bình thường,2
KH_002001,Phạm * * Bình,Mass,DVKD_023,10.62,Có,508.13,Không,Chưa mở thẻ,0.0,Bình thường,2
KH_002002,Lê * * Cường,Mass,DVKD_011,9.93,Không,0.0,Không,Chưa mở thẻ,0.0,Bình thường,1
KH_002003,Huỳnh * * Nam,Mass,DVKD_009,82.85,Có,1693.53,Có,Classic Standard,27.25,Bình thường,3
KH_002004,Lê * * Hương,Mass,DVKD_015,10.05,Không,0.0,Có,Classic Standard,42.6,Bình thường,2
KH_002005,Đặng * * Giang,Mass Affluent,DVKD_015,88.87,Có,328.23,Không,Chưa mở thẻ,0.0,Bình thường,2
KH_002006,Lê * * Cường,Mass,DVKD_008,49.86,Không,0.0,Có,Platinum CashBack,38.94,Bình thường,2
KH_002007,Võ * * Cường,Mass,DVKD_011,20.91,Có,1385.01,Có,Classic Standard,10.67,Đã kích hoạt lại thành công,3
KH_002008,Huỳnh * * Linh,Priority VIP,DVKD_014,419.8,Có,1985.79,Có,Gold Visa,17.04,Bình thường,3
KH_002009,Phạm * * Nam,Mass,DVKD_002,2.37,Không,0.0,Không,Chưa mở thẻ,0.0,Bình thường,1
KH_002010,Phan * * Giang,Mass Affluent,DVKD_005,187.21,Không,0.0,Có,Platinum CashBack,12.45,Bình thường,2
KH_002011,Võ * * Hương,Mass,DVKD_008,1.2,Không,0.0,Có,Classic Standard,42.06,Bình thường,2
KH_002012,Hoàng * * Bình,Mass,DVKD_010,2.26,Không,0.0,Có,Signature Infinite,27.29,Bình thường,2
KH_002013,Đỗ * * Mai,Mass,DVKD_021,82.92,Có,1111.78,Có,Signature Infinite,7.36,Bình thường,3
KH_002014,Đỗ * * Vy,Mass,DVKD_011,5.25,Không,0.0,Có,Signature Infinite,42.61,Bình thường,2
KH_002015,Trần * * Phúc,Mass Affluent,DVKD_016,212.85,Có,1810.61,Có,Classic Standard,42.68,Bình thường,3
KH_002016,Bùi * * Quân,Mass,DVKD_024,18.53,Không,0.0,Không,Chưa mở thẻ,0.0,Bình thường,1
KH_002017,Phạm * * Nam,Mass Affluent,DVKD_009,119.48,Không,0.0,Không,Chưa mở thẻ,0.0,Đã kích hoạt lại thành công,1
KH_002018,Bùi * * Vy,Mass Affluent,DVKD_003,644.26,Có,1266.59,Có,Platinum CashBack,20.9,Bình thường,3
KH_002019,Bùi * * Dũng,Priority VIP,DVKD_019,6.18,Có,1953.55,Có,Gold Visa,21.2,Bình thường,3
KH_002020,Lê * * Nam,Private Banking,DVKD_022,305.21,Có,2471.57,Có,Gold Visa,44.06,Bình thường,3
KH_002021,Võ * * Bình,Mass,DVKD_001,115.76,Không,0.0,Không,Chưa mở thẻ,0.0,Bình thường,1
KH_002022,Phan * * Vy,Mass,DVKD_014,28.75,Không,0.0,Có,Classic Standard,32.13,Bình thường,2
KH_002023,Lê * * Giang,Mass,DVKD_007,96.66,Không,0.0,Không,Chưa mở thẻ,0.0,Bình thường,1
KH_002024,Phan * * Hương,Priority VIP,DVKD_014,15.03,Có,1207.08,Không,Chưa mở thẻ,0.0,Bình thường,2
KH_002025,Võ * * Cường,Mass Affluent,DVKD_005,151.94,Có,1205.15,Có,Platinum CashBack,30.88,Bình thường,3
KH_002026,Vũ * * Dũng,Mass,DVKD_023,10.55,Không,0.0,Có,Platinum CashBack,31.65,Bình thường,2
KH_002027,Hoàng * * Linh,Mass,DVKD_015,45.93,Không,0.0,Không,Chưa mở thẻ,0.0,Bình thường,1
KH_002028,Hoàng * * Dũng,Mass Affluent,DVKD_010,1114.14,Có,2284.16,Có,Gold Visa,13.52,Bình thường,3
KH_002029,Bùi * * Mai,Mass Affluent,DVKD_013,83.0,Có,1383.97,Có,Gold Visa,27.27,Bình thường,3
KH_002030,Đặng * * Khoa,Mass,DVKD_011,37.16,Không,0.0,Có,Classic Standard,37.34,Bình thường,2
KH_002031,Trần * * Khoa,Mass Affluent,DVKD_022,61.82,Có,407.18,Không,Chưa mở thẻ,0.0,Bình thường,2
KH_002032,Huỳnh * * Dũng,Priority VIP,DVKD_004,233.29,Không,0.0,Không,Chưa mở thẻ,0.0,Đã kích hoạt lại thành công,1
KH_002033,Hoàng * * Tuấn,Priority VIP,DVKD_015,174.58,Không,0.0,Có,Platinum CashBack,26.81,Bình thường,2
KH_002034,Huỳnh * * Linh,Mass,DVKD_011,125.15,Có,1652.5,Không,Chưa mở thẻ,0.0,Bình thường,2
KH_002035,Đặng * * Linh,Mass Affluent,DVKD_002,262.6,Có,1630.44,Không,Chưa mở thẻ,0.0,Bình thường,2
KH_002036,Phan * * Trang,Mass Affluent,DVKD_015,120.41,Không,0.0,Có,Platinum CashBack,33.93,Bình thường,2
KH_002037,Đỗ * * Nam,Mass,DVKD_004,4.24,Có,2208.31,Có,Classic Standard,11.81,Bình thường,3
KH_002038,Bùi * * Quân,Mass,DVKD_003,5.74,Có,1505.99,Không,Chưa mở thẻ,0.0,Bình thường,2
KH_002039,Hoàng * * Phúc,Mass Affluent,DVKD_009,71.48,Có,913.5,Có,Signature Infinite,35.55,Bình thường,3
KH_002040,Võ * * Giang,Mass,DVKD_007,10.11,Không,0.0,Có,Platinum CashBack,8.94,Đã kích hoạt lại thành công,2
KH_002041,Bùi * * Dũng,Mass,DVKD_023,66.54,Không,0.0,Có,Classic Standard,37.4,Bình thường,2
KH_002042,Nguyễn * * Nam,Mass,DVKD_017,28.83,Không,0.0,Có,Classic Standard,30.11,Bình thường,2
KH_002043,Võ * * Quân,Mass,DVKD_007,25.94,Không,0.0,Không,Chưa mở thẻ,0.0,Bình thường,1
KH_002044,Vũ * * Huy,Mass,DVKD_022,4.27,Không,0.0,Có,Gold Visa,37.56,Bình thường,2
KH_002045,Phan * * Huy,Mass Affluent,DVKD_021,550.79,Không,0.0,Không,Chưa mở thẻ,0.0,Bình thường,1
KH_002046,Võ * * Cường,Mass,DVKD_016,44.91,Không,0.0,Có,Platinum CashBack,26.82,Bình thường,2
KH_002047,Bùi * * Thảo,Mass,DVKD_003,2.45,Có,148.84,Có,Gold Visa,15.74,Bình thường,3
KH_002048,Huỳnh * * Bình,Mass,DVKD_010,43.07,Có,1169.8,Có,Platinum CashBack,13.4,Bình thường,3
KH_002049,Đỗ * * Khoa,Mass,DVKD_003,27.45,Có,2028.04,Có,Platinum CashBack,35.69,Bình thường,3
KH_002050,Đặng * * Tuấn,Mass,DVKD_022,2.98,Không,0.0,Có,Signature Infinite,27.66,Bình thường,2
KH_002051,Võ * * Giang,Mass Affluent,DVKD_003,171.65,Có,2056.77,Có,Signature Infinite,19.26,Bình thường,3
KH_002052,Nguyễn * * An,Mass Affluent,DVKD_008,185.64,Có,2453.06,Có,Gold Visa,8.35,Bình thường,3
KH_002053,Lê * * An,Mass,DVKD_004,6.34,Không,0.0,Có,Platinum CashBack,7.71,Bình thường,2
KH_002054,Bùi * * Trang,Priority VIP,DVKD_008,815.7,Có,1094.79,Có,Gold Visa,10.44,Bình thường,3
KH_002055,Bùi * * Phúc,Mass,DVKD_013,66.39,Có,452.72,Có,Classic Standard,9.96,Bình thường,3
KH_002056,Đặng * * Khoa,Mass Affluent,DVKD_019,309.6,Có,646.94,Có,Classic Standard,27.52,Đã kích hoạt lại thành công,3
KH_002057,Nguyễn * * Mai,Mass Affluent,DVKD_018,173.72,Không,0.0,Không,Chưa mở thẻ,0.0,Bình thường,1
KH_002058,Vũ * * Nam,Mass Affluent,DVKD_019,148.58,Có,363.72,Không,Chưa mở thẻ,0.0,Bình thường,2
KH_002059,Đỗ * * Tuấn,Mass,DVKD_007,36.84,Không,0.0,Có,Classic Standard,24.48,Bình thường,2
KH_002060,Trần * * Quân,Mass Affluent,DVKD_024,220.75,Không,0.0,Có,Platinum CashBack,15.7,Bình thường,2
KH_002061,Võ * * Nam,Mass,DVKD_010,2.25,Không,0.0,Có,Gold Visa,17.67,Bình thường,2
KH_002062,Võ * * Hương,Mass,DVKD_014,25.15,Có,2027.75,Có,Signature Infinite,43.38,Đã kích hoạt lại thành công,3
KH_002063,Huỳnh * * An,Mass,DVKD_017,57.47,Không,0.0,Không,Chưa mở thẻ,0.0,Bình thường,1
KH_002064,Huỳnh * * Bình,Mass Affluent,DVKD_018,172.14,Có,1620.91,Có,Gold Visa,39.78,Bình thường,3
KH_002065,Hoàng * * Bình,Mass,DVKD_003,1.87,Không,0.0,Không,Chưa mở thẻ,0.0,Bình thường,1
KH_002066,Phan * * Thảo,Mass,DVKD_004,54.01,Không,0.0,Có,Platinum CashBack,10.68,Bình thường,2
KH_002067,Bùi * * Thảo,Mass,DVKD_018,7.87,Không,0.0,Có,Classic Standard,15.68,Bình thường,2
KH_002068,Lê * * Cường,Mass,DVKD_011,10.47,Có,202.9,Có,Platinum CashBack,41.14,Bình thường,3
KH_002069,Trần * * Phúc,Mass,DVKD_009,6.3,Không,0.0,Không,Chưa mở thẻ,0.0,Bình thường,1
KH_002070,Nguyễn * * Vy,Mass,DVKD_024,14.03,Không,0.0,Có,Signature Infinite,36.62,Bình thường,2
KH_002071,Trần * * Mai,Mass,DVKD_005,49.48,Không,0.0,Không,Chưa mở thẻ,0.0,Bình thường,1
KH_002072,Vũ * * Linh,Mass,DVKD_009,25.64,Có,1435.28,Có,Signature Infinite,18.29,Bình thường,3
KH_002073,Phan * * Sơn,Mass Affluent,DVKD_003,64.19,Có,1325.07,Có,Signature Infinite,30.49,Bình thường,3
KH_002074,Hoàng * * Thảo,Mass,DVKD_023,73.58,Có,835.51,Có,Platinum CashBack,42.31,Đã kích hoạt lại thành công,3
KH_002075,Huỳnh * * Hương,Mass,DVKD_013,74.09,Không,0.0,Có,Signature Infinite,9.82,Bình thường,2
KH_002076,Phan * * Nam,Mass Affluent,DVKD_021,572.51,Có,2063.59,Không,Chưa mở thẻ,0.0,Bình thường,2
KH_002077,Huỳnh * * Khoa,Mass,DVKD_023,9.55,Không,0.0,Không,Chưa mở thẻ,0.0,Đang tiếp cận,1
KH_002078,Bùi * * Bình,Mass,DVKD_019,21.0,Không,0.0,Có,Platinum CashBack,11.4,Bình thường,2
KH_002079,Phan * * Trang,Mass,DVKD_020,146.97,Có,1037.1,Không,Chưa mở thẻ,0.0,Bình thường,2
KH_002080,Hoàng * * Dũng,Mass,DVKD_003,51.75,Không,0.0,Không,Chưa mở thẻ,0.0,Bình thường,1
KH_002081,Trần * * An,Private Banking,DVKD_012,7.71,Có,1075.59,Không,Chưa mở thẻ,0.0,Bình thường,2
KH_002082,Phạm * * An,Mass,DVKD_010,2.36,Không,0.0,Có,Signature Infinite,14.34,Bình thường,2
KH_002083,Võ * * Nam,Priority VIP,DVKD_018,174.58,Có,570.07,Có,Gold Visa,38.46,Bình thường,3
KH_002084,Hoàng * * Mai,Mass,DVKD_019,83.98,Không,0.0,Không,Chưa mở thẻ,0.0,Bình thường,1
KH_002085,Huỳnh * * Dũng,Mass Affluent,DVKD_004,216.64,Có,1685.08,Không,Chưa mở thẻ,0.0,Bình thường,2
KH_002086,Đỗ * * Tuấn,Mass,DVKD_005,24.11,Có,1748.33,Không,Chưa mở thẻ,0.0,Bình thường,2
KH_002087,Huỳnh * * Huy,Priority VIP,DVKD_024,31.21,Có,474.48,Không,Chưa mở thẻ,0.0,Bình thường,2
KH_002088,Nguyễn * * Linh,Mass Affluent,DVKD_023,299.43,Có,287.06,Không,Chưa mở thẻ,0.0,Bình thường,2
KH_002089,Bùi * * Thảo,Mass Affluent,DVKD_024,483.43,Có,1482.35,Có,Classic Standard,14.6,Bình thường,3
KH_002090,Võ * * Phúc,Mass,DVKD_003,16.75,Có,801.89,Không,Chưa mở thẻ,0.0,Bình thường,2
KH_002091,Phạm * * Huy,Mass Affluent,DVKD_008,418.43,Có,1431.85,Có,Platinum CashBack,20.93,Bình thường,3
KH_002092,Vũ * * Giang,Mass,DVKD_010,116.81,Không,0.0,Không,Chưa mở thẻ,0.0,Bình thường,1
KH_002093,Lê * * Huy,Mass Affluent,DVKD_021,63.8,Có,1329.57,Có,Classic Standard,22.23,Bình thường,3
KH_002094,Vũ * * Cường,Mass,DVKD_022,25.93,Không,0.0,Có,Classic Standard,43.34,Đã kích hoạt lại thành công,2
KH_002095,Đặng * * Khoa,Mass Affluent,DVKD_022,94.77,Có,672.49,Không,Chưa mở thẻ,0.0,Bình thường,2
KH_002096,Nguyễn * * Bình,Mass,DVKD_016,55.1,Có,863.45,Có,Signature Infinite,26.78,Đã kích hoạt lại thành công,3
KH_002097,Lê * * Nam,Priority VIP,DVKD_009,241.3,Có,1188.22,Không,Chưa mở thẻ,0.0,Bình thường,2
KH_002098,Lê * * Hương,Mass,DVKD_024,35.24,Không,0.0,Không,Chưa mở thẻ,0.0,Bình thường,1
KH_002099,Huỳnh * * Hương,Mass,DVKD_013,55.97,Không,0.0,Có,Signature Infinite,11.27,Bình thường,2
KH_002100,Lê * * Mai,Mass,DVKD_014,17.64,Không,0.0,Có,Classic Standard,14.66,Bình thường,2
KH_002101,Trần * * Quân,Mass,DVKD_017,86.32,Không,0.0,Có,Signature Infinite,41.56,Bình thường,2
KH_002102,Lê * * An,Mass Affluent,DVKD_006,213.22,Có,1358.55,Có,Gold Visa,12.99,Đã kích hoạt lại thành công,3
KH_002103,Huỳnh * * Giang,Priority VIP,DVKD_024,48.14,Có,188.41,Có,Gold Visa,42.88,Bình thường,3
KH_002104,Bùi * * Nam,Mass,DVKD_012,41.66,Không,0.0,Có,Platinum CashBack,34.01,Bình thường,2
KH_002105,Nguyễn * * Tuấn,Mass,DVKD_017,55.17,Có,1391.02,Có,Platinum CashBack,35.87,Bình thường,3
KH_002106,Phan * * Bình,Priority VIP,DVKD_011,106.66,Không,0.0,Có,Gold Visa,7.52,Bình thường,2
KH_002107,Bùi * * Cường,Mass,DVKD_004,68.12,Có,1847.24,Có,Gold Visa,6.49,Bình thường,3
KH_002108,Phan * * Dũng,Mass,DVKD_023,82.81,Không,0.0,Có,Gold Visa,35.93,Đã kích hoạt lại thành công,2
KH_002109,Phan * * Quân,Priority VIP,DVKD_021,90.78,Có,1506.5,Không,Chưa mở thẻ,0.0,Bình thường,2
KH_002110,Phạm * * Mai,Mass Affluent,DVKD_006,1149.6,Có,227.63,Có,Signature Infinite,23.77,Bình thường,3
KH_002111,Võ * * Giang,Mass,DVKD_001,5.31,Không,0.0,Không,Chưa mở thẻ,0.0,Bình thường,1
KH_002112,Đặng * * Hương,Mass,DVKD_010,7.9,Không,0.0,Có,Signature Infinite,18.88,Bình thường,2
KH_002113,Phan * * Hương,Mass,DVKD_011,7.13,Có,1939.1,Có,Platinum CashBack,24.92,Bình thường,3
KH_002114,Trần * * Huy,Mass,DVKD_004,78.55,Không,0.0,Có,Signature Infinite,42.74,Bình thường,2
KH_002115,Phạm * * Tuấn,Mass Affluent,DVKD_013,297.41,Có,1492.63,Không,Chưa mở thẻ,0.0,Bình thường,2
KH_002116,Trần * * Dũng,Mass,DVKD_023,5.77,Không,0.0,Không,Chưa mở thẻ,0.0,Đang tiếp cận,1
KH_002117,Huỳnh * * Mai,Mass,DVKD_017,20.31,Có,1448.73,Có,Platinum CashBack,41.62,Bình thường,3
KH_002118,Trần * * Nam,Mass,DVKD_010,33.44,Có,461.48,Không,Chưa mở thẻ,0.0,Đã kích hoạt lại thành công,2
KH_002119,Đặng * * Mai,Mass,DVKD_005,3.05,Không,0.0,Có,Gold Visa,33.04,Bình thường,2
KH_002120,Bùi * * An,Mass Affluent,DVKD_012,599.37,Có,990.34,Có,Platinum CashBack,32.32,Bình thường,3
KH_002121,Võ * * Cường,Mass Affluent,DVKD_018,455.73,Có,728.44,Không,Chưa mở thẻ,0.0,Bình thường,2
KH_002122,Bùi * * An,Mass,DVKD_014,24.63,Có,341.39,Có,Gold Visa,27.18,Bình thường,3
KH_002123,Phan * * Quân,Mass Affluent,DVKD_021,956.23,Không,0.0,Không,Chưa mở thẻ,0.0,Bình thường,1
KH_002124,Nguyễn * * Dũng,Mass,DVKD_020,18.93,Không,0.0,Có,Gold Visa,38.63,Bình thường,2
KH_002125,Vũ * * Cường,Mass,DVKD_023,144.97,Không,0.0,Không,Chưa mở thẻ,0.0,Bình thường,1
KH_002126,Trần * * Bình,Mass Affluent,DVKD_018,308.67,Có,2098.81,Không,Chưa mở thẻ,0.0,Bình thường,2
KH_002127,Phạm * * Linh,Mass,DVKD_013,35.24,Không,0.0,Không,Chưa mở thẻ,0.0,Bình thường,1
KH_002128,Đỗ * * Vy,Mass,DVKD_008,6.35,Có,182.86,Có,Platinum CashBack,44.21,Bình thường,3
KH_002129,Hoàng * * Khoa,Mass,DVKD_016,74.78,Không,0.0,Không,Chưa mở thẻ,0.0,Bình thường,1
KH_002130,Phạm * * Bình,Mass,DVKD_021,19.52,Không,0.0,Không,Chưa mở thẻ,0.0,Bình thường,1
KH_002131,Huỳnh * * Dũng,Mass,DVKD_014,6.2,Không,0.0,Có,Classic Standard,23.65,Bình thường,2
KH_002132,Võ * * Tuấn,Mass,DVKD_022,0.44,Không,0.0,Có,Platinum CashBack,44.67,Bình thường,2
KH_002133,Phạm * * Huy,Mass,DVKD_002,28.71,Không,0.0,Có,Classic Standard,36.04,Bình thường,2
KH_002134,Lê * * Trang,Mass Affluent,DVKD_014,209.86,Có,1700.93,Không,Chưa mở thẻ,0.0,Bình thường,2
KH_002135,Võ * * An,Mass,DVKD_006,44.47,Không,0.0,Không,Chưa mở thẻ,0.0,Bình thường,1
KH_002136,Nguyễn * * Giang,Mass,DVKD_020,77.34,Không,0.0,Không,Chưa mở thẻ,0.0,Bình thường,1
KH_002137,Vũ * * Linh,Mass,DVKD_004,2.9,Không,0.0,Không,Chưa mở thẻ,0.0,Bình thường,1
KH_002138,Vũ * * Khoa,Mass Affluent,DVKD_012,368.17,Có,798.83,Có,Platinum CashBack,20.01,Đã kích hoạt lại thành công,3
KH_002139,Đỗ * * Sơn,Mass,DVKD_002,7.26,Không,0.0,Có,Classic Standard,35.47,Bình thường,2
KH_002140,Lê * * Cường,Mass,DVKD_020,68.36,Có,2019.26,Không,Chưa mở thẻ,0.0,Bình thường,2
KH_002141,Nguyễn * * Tuấn,Mass,DVKD_011,59.84,Có,358.88,Có,Gold Visa,11.72,Bình thường,3
KH_002142,Võ * * Linh,Mass,DVKD_004,27.24,Có,251.71,Có,Gold Visa,8.18,Bình thường,3
KH_002143,Trần * * Tuấn,Mass Affluent,DVKD_006,346.84,Có,310.73,Có,Gold Visa,19.42,Bình thường,3
KH_002144,Vũ * * Tuấn,Mass,DVKD_016,13.21,Không,0.0,Có,Gold Visa,44.1,Bình thường,2
KH_002145,Phan * * Trang,Mass Affluent,DVKD_006,178.38,Có,2091.36,Không,Chưa mở thẻ,0.0,Bình thường,2
KH_002146,Phạm * * Vy,Mass,DVKD_014,60.34,Không,0.0,Có,Gold Visa,30.64,Đã kích hoạt lại thành công,2
KH_002147,Huỳnh * * Phúc,Mass,DVKD_023,21.52,Không,0.0,Có,Platinum CashBack,28.33,Bình thường,2
KH_002148,Đỗ * * Vy,Mass,DVKD_008,15.5,Không,0.0,Có,Classic Standard,6.41,Bình thường,2
KH_002149,Vũ * * Mai,Mass,DVKD_010,23.86,Có,576.69,Có,Gold Visa,12.12,Bình thường,3
KH_002150,Phan * * Phúc,Mass,DVKD_016,61.66,Không,0.0,Có,Classic Standard,28.33,Bình thường,2
KH_002151,Huỳnh * * Khoa,Mass,DVKD_011,14.29,Không,0.0,Có,Gold Visa,16.6,Bình thường,2
KH_002152,Huỳnh * * Cường,Mass,DVKD_019,6.68,Không,0.0,Không,Chưa mở thẻ,0.0,Bình thường,1
KH_002153,Lê * * An,Mass,DVKD_008,43.57,Không,0.0,Có,Signature Infinite,34.55,Bình thường,2
KH_002154,Phạm * * Huy,Mass,DVKD_021,61.2,Có,495.78,Không,Chưa mở thẻ,0.0,Bình thường,2
KH_002155,Nguyễn * * Sơn,Mass,DVKD_016,3.71,Có,766.9,Có,Classic Standard,16.9,Bình thường,3
KH_002156,Hoàng * * Linh,Mass,DVKD_019,9.6,Có,1272.33,Không,Chưa mở thẻ,0.0,Bình thường,2
KH_002157,Trần * * Linh,Mass,DVKD_022,5.36,Không,0.0,Có,Classic Standard,41.16,Bình thường,2
KH_002158,Nguyễn * * Huy,Mass Affluent,DVKD_004,119.73,Có,1038.8,Có,Platinum CashBack,6.55,Bình thường,3
KH_002159,Vũ * * Cường,Mass,DVKD_011,20.95,Có,2497.05,Không,Chưa mở thẻ,0.0,Bình thường,2
KH_002160,Vũ * * Sơn,Priority VIP,DVKD_001,386.85,Có,484.33,Có,Platinum CashBack,36.96,Bình thường,3
KH_002161,Hoàng * * Tuấn,Mass,DVKD_008,36.86,Không,0.0,Có,Gold Visa,22.98,Bình thường,2
KH_002162,Đặng * * Nam,Mass,DVKD_008,33.95,Có,2181.22,Có,Platinum CashBack,12.31,Bình thường,3
KH_002163,Nguyễn * * Dũng,Mass,DVKD_013,15.21,Không,0.0,Có,Signature Infinite,41.8,Bình thường,2
KH_002164,Huỳnh * * Phúc,Mass,DVKD_006,64.46,Không,0.0,Không,Chưa mở thẻ,0.0,Bình thường,1
KH_002165,Huỳnh * * Trang,Mass,DVKD_010,22.31,Không,0.0,Không,Chưa mở thẻ,0.0,Bình thường,1
KH_002166,Đỗ * * Nam,Mass,DVKD_020,135.39,Không,0.0,Có,Gold Visa,6.3,Bình thường,2
KH_002167,Vũ * * Thảo,Priority VIP,DVKD_008,281.54,Không,0.0,Không,Chưa mở thẻ,0.0,Bình thường,1
KH_002168,Trần * * Vy,Mass,DVKD_023,4.72,Không,0.0,Không,Chưa mở thẻ,0.0,Bình thường,1
KH_002169,Nguyễn * * Thảo,Mass,DVKD_019,39.46,Có,1238.56,Có,Signature Infinite,20.74,Bình thường,3
KH_002170,Võ * * Bình,Mass,DVKD_015,13.76,Có,1744.92,Có,Signature Infinite,5.02,Bình thường,3
KH_002171,Hoàng * * Quân,Mass,DVKD_024,40.58,Không,0.0,Có,Gold Visa,12.06,Bình thường,2
KH_002172,Bùi * * Phúc,Mass Affluent,DVKD_016,20.21,Có,346.99,Có,Classic Standard,6.4,Bình thường,3
KH_002173,Đặng * * Cường,Mass,DVKD_004,6.73,Có,1773.11,Không,Chưa mở thẻ,0.0,Bình thường,2
KH_002174,Võ * * Cường,Mass Affluent,DVKD_012,542.11,Không,0.0,Có,Platinum CashBack,42.7,Bình thường,2
KH_002175,Võ * * Huy,Mass,DVKD_016,9.02,Có,2079.73,Có,Platinum CashBack,27.74,Bình thường,3
KH_002176,Vũ * * Vy,Mass,DVKD_003,63.5,Không,0.0,Có,Platinum CashBack,13.65,Bình thường,2
KH_002177,Phan * * Tuấn,Mass,DVKD_016,11.46,Không,0.0,Có,Signature Infinite,35.61,Bình thường,2
KH_002178,Võ * * Linh,Priority VIP,DVKD_001,288.31,Có,2036.16,Không,Chưa mở thẻ,0.0,Bình thường,2
KH_002179,Đỗ * * Mai,Mass,DVKD_006,41.46,Có,350.61,Không,Chưa mở thẻ,0.0,Bình thường,2
KH_002180,Hoàng * * Vy,Mass,DVKD_013,25.16,Không,0.0,Có,Classic Standard,35.0,Bình thường,2
KH_002181,Vũ * * An,Mass,DVKD_011,12.75,Có,1833.55,Không,Chưa mở thẻ,0.0,Bình thường,2
KH_002182,Đỗ * * An,Mass,DVKD_018,8.37,Không,0.0,Có,Classic Standard,41.42,Bình thường,2
KH_002183,Trần * * Cường,Mass,DVKD_021,1.18,Không,0.0,Có,Platinum CashBack,41.35,Bình thường,2
KH_002184,Huỳnh * * An,Mass Affluent,DVKD_006,101.45,Có,2016.84,Có,Platinum CashBack,26.48,Bình thường,3
KH_002185,Vũ * * Sơn,Mass,DVKD_014,37.06,Có,1773.62,Có,Platinum CashBack,30.26,Bình thường,3
KH_002186,Đặng * * Quân,Mass,DVKD_007,97.49,Có,961.83,Có,Platinum CashBack,43.04,Bình thường,3
KH_002187,Trần * * Vy,Mass Affluent,DVKD_001,573.87,Có,886.35,Không,Chưa mở thẻ,0.0,Bình thường,2
KH_002188,Hoàng * * Huy,Mass,DVKD_006,50.84,Không,0.0,Có,Platinum CashBack,37.33,Bình thường,2
KH_002189,Võ * * Hương,Mass,DVKD_003,54.36,Có,2351.67,Có,Signature Infinite,10.63,Bình thường,3
KH_002190,Võ * * Trang,Mass Affluent,DVKD_010,306.2,Có,873.6,Có,Gold Visa,19.87,Bình thường,3
KH_002191,Đỗ * * An,Mass,DVKD_003,10.55,Không,0.0,Có,Platinum CashBack,14.3,Bình thường,2
KH_002192,Hoàng * * Bình,Mass,DVKD_006,83.2,Không,0.0,Có,Classic Standard,36.39,Bình thường,2
KH_002193,Hoàng * * Sơn,Mass,DVKD_001,38.88,Không,0.0,Không,Chưa mở thẻ,0.0,Bình thường,1
KH_002194,Huỳnh * * Vy,Mass,DVKD_020,28.77,Không,0.0,Không,Chưa mở thẻ,0.0,Bình thường,1
KH_002195,Vũ * * Huy,Mass,DVKD_005,4.12,Không,0.0,Có,Platinum CashBack,35.23,Bình thường,2
KH_002196,Hoàng * * Huy,Mass,DVKD_017,20.74,Có,354.85,Có,Platinum CashBack,22.01,Bình thường,3
KH_002197,Vũ * * Cường,Mass Affluent,DVKD_007,172.72,Không,0.0,Có,Gold Visa,44.24,Bình thường,2
KH_002198,Huỳnh * * Dũng,Mass,DVKD_003,69.97,Có,1629.06,Có,Classic Standard,29.54,Đã kích hoạt lại thành công,3
KH_002199,Võ * * Huy,Mass,DVKD_004,27.69,Có,459.86,Không,Chưa mở thẻ,0.0,Đã kích hoạt lại thành công,2
KH_002200,Nguyễn * * Linh,Mass,DVKD_014,16.75,Không,0.0,Có,Classic Standard,31.62,Bình thường,2
KH_002201,Lê * * Mai,Mass,DVKD_015,131.73,Không,0.0,Không,Chưa mở thẻ,0.0,Bình thường,1
KH_002202,Võ * * Khoa,Mass Affluent,DVKD_022,32.86,Có,106.71,Có,Platinum CashBack,41.12,Bình thường,3
KH_002203,Võ * * Huy,Mass,DVKD_001,19.22,Có,697.32,Có,Platinum CashBack,30.17,Bình thường,3
KH_002204,Đặng * * Dũng,Mass,DVKD_015,1.5,Có,111.58,Không,Chưa mở thẻ,0.0,Đang tiếp cận,2
KH_002205,Hoàng * * Sơn,Mass Affluent,DVKD_017,377.08,Có,2151.96,Không,Chưa mở thẻ,0.0,Đã kích hoạt lại thành công,2
KH_002206,Trần * * Tuấn,Priority VIP,DVKD_014,700.55,Có,1845.94,Không,Chưa mở thẻ,0.0,Bình thường,2
KH_002207,Võ * * An,Mass,DVKD_009,11.5,Không,0.0,Có,Signature Infinite,22.34,Bình thường,2
KH_002208,Nguyễn * * Bình,Mass,DVKD_020,68.4,Không,0.0,Có,Gold Visa,16.92,Bình thường,2
KH_002209,Vũ * * Quân,Mass Affluent,DVKD_013,96.77,Có,164.39,Có,Signature Infinite,19.57,Bình thường,3
KH_002210,Lê * * Linh,Mass,DVKD_019,84.58,Không,0.0,Có,Signature Infinite,10.67,Bình thường,2
KH_002211,Phan * * Phúc,Mass,DVKD_004,49.08,Không,0.0,Có,Gold Visa,38.84,Đã kích hoạt lại thành công,2
KH_002212,Đỗ * * Dũng,Mass Affluent,DVKD_015,457.6,Không,0.0,Có,Gold Visa,11.32,Bình thường,2
KH_002213,Bùi * * Dũng,Mass,DVKD_021,0.64,Không,0.0,Không,Chưa mở thẻ,0.0,Bình thường,1
KH_002214,Võ * * Vy,Priority VIP,DVKD_003,921.68,Có,1587.94,Có,Gold Visa,33.14,Đã kích hoạt lại thành công,3
KH_002215,Vũ * * Trang,Mass,DVKD_002,45.4,Có,2027.13,Có,Gold Visa,16.1,Bình thường,3
KH_002216,Lê * * Tuấn,Mass,DVKD_023,12.72,Không,0.0,Có,Platinum CashBack,6.12,Đã kích hoạt lại thành công,2
KH_002217,Võ * * Dũng,Private Banking,DVKD_012,495.15,Có,1618.2,Có,Gold Visa,37.15,Đã kích hoạt lại thành công,3
KH_002218,Đỗ * * Quân,Mass Affluent,DVKD_018,92.57,Không,0.0,Có,Gold Visa,12.11,Bình thường,2
KH_002219,Phan * * Nam,Priority VIP,DVKD_002,577.26,Có,2449.14,Có,Gold Visa,9.71,Bình thường,3
KH_002220,Đỗ * * Mai,Mass,DVKD_004,4.18,Không,0.0,Có,Signature Infinite,20.72,Bình thường,2
KH_002221,Lê * * Huy,Mass,DVKD_017,42.57,Có,1938.03,Không,Chưa mở thẻ,0.0,Bình thường,2
KH_002222,Võ * * Khoa,Mass Affluent,DVKD_010,217.85,Có,2198.85,Không,Chưa mở thẻ,0.0,Bình thường,2
KH_002223,Bùi * * Mai,Mass,DVKD_017,3.55,Không,0.0,Có,Gold Visa,31.45,Bình thường,2
KH_002224,Lê * * Cường,Mass Affluent,DVKD_001,77.54,Có,2143.88,Có,Platinum CashBack,39.31,Bình thường,3
KH_002225,Lê * * Linh,Priority VIP,DVKD_008,3.49,Có,2107.77,Có,Platinum CashBack,21.41,Bình thường,3
KH_002226,Phạm * * Bình,Priority VIP,DVKD_014,177.12,Có,843.19,Có,Platinum CashBack,25.41,Đã kích hoạt lại thành công,3
KH_002227,Đặng * * Tuấn,Mass,DVKD_018,12.55,Không,0.0,Không,Chưa mở thẻ,0.0,Bình thường,1
KH_002228,Võ * * An,Priority VIP,DVKD_015,255.41,Không,0.0,Không,Chưa mở thẻ,0.0,Bình thường,1
KH_002229,Lê * * Tuấn,Priority VIP,DVKD_023,98.77,Không,0.0,Có,Platinum CashBack,25.1,Bình thường,2
KH_002230,Trần * * Hương,Mass,DVKD_018,12.48,Có,1824.89,Có,Gold Visa,29.72,Bình thường,3
KH_002231,Đỗ * * Hương,Mass,DVKD_018,47.58,Không,0.0,Có,Signature Infinite,11.47,Đã kích hoạt lại thành công,2
KH_002232,Hoàng * * Cường,Mass,DVKD_005,1.73,Có,559.54,Có,Gold Visa,29.52,Bình thường,3
KH_002233,Phạm * * Bình,Mass,DVKD_009,81.62,Không,0.0,Có,Signature Infinite,31.75,Bình thường,2
KH_002234,Đỗ * * Bình,Mass Affluent,DVKD_017,535.45,Có,1441.75,Không,Chưa mở thẻ,0.0,Bình thường,2
KH_002235,Đặng * * Khoa,Priority VIP,DVKD_010,308.57,Có,1571.98,Không,Chưa mở thẻ,0.0,Bình thường,2
KH_002236,Đặng * * Huy,Mass Affluent,DVKD_014,251.86,Có,1668.6,Không,Chưa mở thẻ,0.0,Bình thường,2
KH_002237,Trần * * Sơn,Mass,DVKD_018,78.0,Có,884.27,Có,Gold Visa,39.29,Bình thường,3
KH_002238,Hoàng * * An,Mass,DVKD_009,7.17,Không,0.0,Không,Chưa mở thẻ,0.0,Bình thường,1
KH_002239,Phạm * * Cường,Mass,DVKD_008,2.88,Không,0.0,Có,Gold Visa,18.9,Bình thường,2
KH_002240,Hoàng * * Linh,Mass,DVKD_016,9.58,Có,2378.82,Không,Chưa mở thẻ,0.0,Bình thường,2
KH_002241,Đặng * * Mai,Mass Affluent,DVKD_023,443.15,Có,753.29,Có,Signature Infinite,6.69,Bình thường,3
KH_002242,Trần * * Giang,Mass,DVKD_018,1.23,Không,0.0,Không,Chưa mở thẻ,0.0,Bình thường,1
KH_002243,Vũ * * Mai,Mass,DVKD_009,30.6,Không,0.0,Không,Chưa mở thẻ,0.0,Bình thường,1
KH_002244,Phan * * Phúc,Mass,DVKD_007,188.65,Có,1675.98,Không,Chưa mở thẻ,0.0,Đã kích hoạt lại thành công,2
KH_002245,Phan * * Khoa,Mass,DVKD_001,67.75,Không,0.0,Có,Signature Infinite,24.31,Bình thường,2
KH_002246,Trần * * Nam,Mass Affluent,DVKD_016,206.36,Không,0.0,Không,Chưa mở thẻ,0.0,Bình thường,1
KH_002247,Phan * * Phúc,Mass,DVKD_015,2.3,Có,2218.66,Có,Gold Visa,12.4,Bình thường,3
KH_002248,Đặng * * Trang,Mass,DVKD_002,62.3,Không,0.0,Không,Chưa mở thẻ,0.0,Đã kích hoạt lại thành công,1
KH_002249,Trần * * Hương,Mass,DVKD_001,31.98,Không,0.0,Không,Chưa mở thẻ,0.0,Đã kích hoạt lại thành công,1
KH_002250,Trần * * Tuấn,Mass,DVKD_006,4.27,Không,0.0,Có,Classic Standard,13.61,Bình thường,2
KH_002251,Phan * * Hương,Mass,DVKD_006,3.45,Không,0.0,Có,Classic Standard,18.29,Bình thường,2
KH_002252,Nguyễn * * Phúc,Mass Affluent,DVKD_012,673.07,Có,1846.57,Không,Chưa mở thẻ,0.0,Bình thường,2
KH_002253,Phan * * Bình,Mass Affluent,DVKD_007,309.75,Có,1107.02,Có,Gold Visa,35.3,Bình thường,3
KH_002254,Hoàng * * Linh,Mass Affluent,DVKD_008,494.98,Có,2345.74,Có,Platinum CashBack,23.99,Bình thường,3
KH_002255,Phan * * Mai,Mass Affluent,DVKD_020,591.3,Có,1665.25,Không,Chưa mở thẻ,0.0,Bình thường,2
KH_002256,Lê * * Thảo,Mass,DVKD_018,29.68,Không,0.0,Có,Gold Visa,10.89,Bình thường,2
KH_002257,Vũ * * Sơn,Mass Affluent,DVKD_001,204.03,Không,0.0,Có,Signature Infinite,20.43,Bình thường,2
KH_002258,Phạm * * Tuấn,Mass,DVKD_024,19.7,Không,0.0,Không,Chưa mở thẻ,0.0,Bình thường,1
KH_002259,Lê * * Hương,Mass Affluent,DVKD_024,106.73,Không,0.0,Không,Chưa mở thẻ,0.0,Bình thường,1
KH_002260,Phạm * * Mai,Mass,DVKD_013,19.96,Không,0.0,Có,Classic Standard,27.2,Bình thường,2
KH_002261,Bùi * * Bình,Mass Affluent,DVKD_019,416.27,Có,745.93,Có,Classic Standard,11.3,Bình thường,3
KH_002262,Lê * * Mai,Priority VIP,DVKD_010,257.91,Không,0.0,Có,Platinum CashBack,27.29,Bình thường,2
KH_002263,Nguyễn * * Mai,Mass,DVKD_022,78.07,Không,0.0,Có,Gold Visa,16.73,Bình thường,2
KH_002264,Trần * * Giang,Mass,DVKD_009,20.51,Không,0.0,Không,Chưa mở thẻ,0.0,Bình thường,1
KH_002265,Vũ * * Huy,Mass,DVKD_001,32.7,Không,0.0,Không,Chưa mở thẻ,0.0,Bình thường,1
KH_002266,Phạm * * Cường,Private Banking,DVKD_023,279.38,Có,980.72,Không,Chưa mở thẻ,0.0,Bình thường,2
KH_002267,Phạm * * Mai,Mass,DVKD_018,31.35,Không,0.0,Có,Gold Visa,20.39,Đã kích hoạt lại thành công,2
KH_002268,Nguyễn * * Cường,Mass,DVKD_010,42.45,Không,0.0,Có,Signature Infinite,44.22,Bình thường,2
KH_002269,Phan * * Vy,Mass Affluent,DVKD_017,75.9,Không,0.0,Không,Chưa mở thẻ,0.0,Bình thường,1
KH_002270,Lê * * Thảo,Mass,DVKD_013,25.14,Không,0.0,Có,Classic Standard,7.05,Bình thường,2
KH_002271,Phạm * * Khoa,Mass Affluent,DVKD_013,30.82,Không,0.0,Không,Chưa mở thẻ,0.0,Bình thường,1
KH_002272,Phan * * Quân,Mass Affluent,DVKD_016,135.89,Có,1976.27,Không,Chưa mở thẻ,0.0,Bình thường,2
KH_002273,Lê * * Bình,Mass,DVKD_011,23.41,Không,0.0,Có,Classic Standard,36.39,Bình thường,2
KH_002274,Lê * * Cường,Mass,DVKD_024,36.97,Có,478.82,Không,Chưa mở thẻ,0.0,Bình thường,2
KH_002275,Đỗ * * Huy,Mass Affluent,DVKD_012,841.79,Không,0.0,Có,Gold Visa,8.57,Bình thường,2
KH_002276,Đặng * * Cường,Private Banking,DVKD_010,257.02,Có,1744.64,Có,Classic Standard,16.84,Bình thường,3
KH_002277,Lê * * Quân,Mass,DVKD_014,47.63,Không,0.0,Không,Chưa mở thẻ,0.0,Bình thường,1
KH_002278,Phạm * * An,Mass,DVKD_014,24.7,Không,0.0,Không,Chưa mở thẻ,0.0,Đã kích hoạt lại thành công,1
KH_002279,Võ * * Quân,Mass,DVKD_012,35.19,Có,1885.65,Không,Chưa mở thẻ,0.0,Bình thường,2
KH_002280,Huỳnh * * Tuấn,Mass,DVKD_006,2.58,Không,0.0,Có,Platinum CashBack,32.86,Bình thường,2
KH_002281,Lê * * Huy,Mass,DVKD_019,10.27,Không,0.0,Có,Classic Standard,14.65,Bình thường,2
KH_002282,Đỗ * * Huy,Mass,DVKD_016,15.72,Không,0.0,Không,Chưa mở thẻ,0.0,Bình thường,1
KH_002283,Phan * * Mai,Priority VIP,DVKD_004,179.09,Có,741.01,Không,Chưa mở thẻ,0.0,Bình thường,2
KH_002284,Huỳnh * * Nam,Priority VIP,DVKD_017,13.08,Có,1616.93,Có,Signature Infinite,25.68,Bình thường,3
KH_002285,Phan * * Hương,Mass,DVKD_011,5.28,Có,1920.99,Có,Platinum CashBack,38.57,Bình thường,3
KH_002286,Đặng * * Hương,Priority VIP,DVKD_015,90.74,Không,0.0,Có,Gold Visa,39.76,Bình thường,2
KH_002287,Nguyễn * * Thảo,Mass Affluent,DVKD_014,996.52,Có,1063.05,Có,Platinum CashBack,21.47,Bình thường,3
KH_002288,Trần * * Mai,Mass,DVKD_007,14.09,Không,0.0,Không,Chưa mở thẻ,0.0,Bình thường,1
KH_002289,Võ * * Mai,Mass,DVKD_019,23.03,Không,0.0,Có,Signature Infinite,8.91,Bình thường,2
KH_002290,Trần * * Quân,Mass Affluent,DVKD_022,61.12,Không,0.0,Không,Chưa mở thẻ,0.0,Bình thường,1
KH_002291,Nguyễn * * Hương,Mass,DVKD_018,33.03,Không,0.0,Có,Signature Infinite,9.82,Bình thường,2
KH_002292,Phạm * * Trang,Mass,DVKD_021,11.53,Có,993.96,Có,Platinum CashBack,23.54,Bình thường,3
KH_002293,Nguyễn * * Nam,Private Banking,DVKD_019,64.94,Không,0.0,Có,Signature Infinite,44.19,Bình thường,2
KH_002294,Nguyễn * * Dũng,Mass,DVKD_005,25.44,Có,523.08,Có,Classic Standard,22.79,Bình thường,3
KH_002295,Trần * * Hương,Mass,DVKD_013,0.19,Có,834.27,Có,Platinum CashBack,5.84,Bình thường,3
KH_002296,Đặng * * Quân,Mass,DVKD_021,0.27,Có,2137.13,Có,Platinum CashBack,18.15,Bình thường,3
KH_002297,Nguyễn * * An,Mass,DVKD_004,8.65,Không,0.0,Có,Platinum CashBack,38.03,Bình thường,2
KH_002298,Huỳnh * * Dũng,Mass,DVKD_016,1.31,Không,0.0,Không,Chưa mở thẻ,0.0,Bình thường,1
KH_002299,Võ * * Vy,Priority VIP,DVKD_001,32.01,Có,1598.91,Có,Signature Infinite,41.49,Bình thường,3
KH_002300,Phan * * Sơn,Mass,DVKD_018,14.48,Có,1902.67,Có,Platinum CashBack,19.42,Bình thường,3
KH_002301,Trần * * Hương,Mass,DVKD_013,56.79,Không,0.0,Không,Chưa mở thẻ,0.0,Bình thường,1
KH_002302,Phan * * Quân,Mass Affluent,DVKD_017,237.65,Có,1936.03,Không,Chưa mở thẻ,0.0,Bình thường,2
KH_002303,Vũ * * Nam,Mass,DVKD_004,25.16,Có,330.81,Có,Classic Standard,30.47,Bình thường,3
KH_002304,Phạm * * An,Mass Affluent,DVKD_020,97.28,Có,748.52,Có,Signature Infinite,20.11,Bình thường,3
KH_002305,Đặng * * Giang,Mass,DVKD_005,93.96,Không,0.0,Có,Signature Infinite,22.13,Bình thường,2
KH_002306,Vũ * * Phúc,Mass Affluent,DVKD_020,141.64,Có,2034.92,Không,Chưa mở thẻ,0.0,Bình thường,2
KH_002307,Nguyễn * * Trang,Mass,DVKD_020,3.19,Không,0.0,Có,Platinum CashBack,23.18,Đang tiếp cận,2
KH_002308,Phan * * Tuấn,Mass,DVKD_017,33.6,Không,0.0,Có,Classic Standard,29.65,Bình thường,2
KH_002309,Bùi * * Bình,Mass Affluent,DVKD_022,33.84,Có,2112.98,Có,Gold Visa,19.67,Bình thường,3
KH_002310,Huỳnh * * Vy,Mass,DVKD_007,14.82,Không,0.0,Có,Gold Visa,25.38,Bình thường,2
KH_002311,Phan * * Dũng,Mass Affluent,DVKD_015,198.26,Có,2232.44,Có,Gold Visa,20.23,Bình thường,3
KH_002312,Trần * * Tuấn,Mass Affluent,DVKD_016,580.51,Không,0.0,Không,Chưa mở thẻ,0.0,Bình thường,1
KH_002313,Trần * * Linh,Mass,DVKD_010,23.81,Có,1460.79,Có,Platinum CashBack,23.57,Bình thường,3
KH_002314,Hoàng * * Bình,Mass,DVKD_006,42.4,Có,1439.66,Có,Gold Visa,16.43,Bình thường,3
KH_002315,Huỳnh * * Tuấn,Mass,DVKD_001,172.76,Không,0.0,Có,Signature Infinite,25.56,Bình thường,2
KH_002316,Phạm * * Quân,Mass,DVKD_023,4.93,Không,0.0,Không,Chưa mở thẻ,0.0,Bình thường,1
KH_002317,Phạm * * Giang,Mass,DVKD_012,11.24,Không,0.0,Có,Signature Infinite,12.89,Bình thường,2
KH_002318,Nguyễn * * Nam,Mass,DVKD_012,17.56,Có,2315.03,Không,Chưa mở thẻ,0.0,Bình thường,2
KH_002319,Đỗ * * Thảo,Mass,DVKD_012,19.18,Không,0.0,Có,Gold Visa,26.85,Bình thường,2
KH_002320,Võ * * Trang,Mass,DVKD_002,18.53,Không,0.0,Không,Chưa mở thẻ,0.0,Bình thường,1
KH_002321,Nguyễn * * Thảo,Priority VIP,DVKD_006,666.89,Có,1679.63,Có,Gold Visa,18.65,Bình thường,3
KH_002322,Nguyễn * * Dũng,Mass,DVKD_018,43.82,Có,897.2,Có,Gold Visa,23.89,Bình thường,3
KH_002323,Võ * * Phúc,Mass,DVKD_017,32.77,Có,122.08,Không,Chưa mở thẻ,0.0,Bình thường,2
KH_002324,Nguyễn * * Phúc,Mass Affluent,DVKD_014,103.64,Có,1465.96,Có,Platinum CashBack,7.21,Bình thường,3
KH_002325,Lê * * Bình,Mass,DVKD_015,60.76,Có,2172.45,Có,Signature Infinite,25.07,Bình thường,3
KH_002326,Phan * * Phúc,Mass Affluent,DVKD_010,868.68,Có,1380.19,Có,Gold Visa,31.97,Bình thường,3
KH_002327,Trần * * Vy,Priority VIP,DVKD_023,482.01,Không,0.0,Có,Platinum CashBack,37.05,Bình thường,2
KH_002328,Phạm * * Huy,Mass Affluent,DVKD_007,0.44,Có,873.46,Có,Signature Infinite,6.37,Bình thường,3
KH_002329,Bùi * * Mai,Mass Affluent,DVKD_005,283.28,Có,667.06,Không,Chưa mở thẻ,0.0,Bình thường,2
KH_002330,Trần * * Huy,Mass Affluent,DVKD_020,14.7,Không,0.0,Có,Classic Standard,37.74,Đã kích hoạt lại thành công,2
KH_002331,Bùi * * Bình,Private Banking,DVKD_005,83.41,Có,200.65,Có,Gold Visa,27.28,Bình thường,3
KH_002332,Đặng * * Khoa,Mass Affluent,DVKD_001,17.18,Có,1661.29,Có,Signature Infinite,22.56,Bình thường,3
KH_002333,Đặng * * Thảo,Mass Affluent,DVKD_009,259.23,Có,871.41,Không,Chưa mở thẻ,0.0,Bình thường,2
KH_002334,Bùi * * Bình,Mass,DVKD_004,40.61,Không,0.0,Có,Signature Infinite,24.33,Bình thường,2
KH_002335,Phạm * * Linh,Mass,DVKD_018,4.26,Không,0.0,Không,Chưa mở thẻ,0.0,Bình thường,1
KH_002336,Lê * * Giang,Mass Affluent,DVKD_011,135.59,Không,0.0,Không,Chưa mở thẻ,0.0,Bình thường,1
KH_002337,Vũ * * Sơn,Mass,DVKD_024,21.32,Có,1514.34,Có,Gold Visa,22.4,Bình thường,3
KH_002338,Phan * * Nam,Mass,DVKD_016,16.12,Có,1663.58,Có,Platinum CashBack,27.38,Bình thường,3
KH_002339,Hoàng * * Giang,Priority VIP,DVKD_024,36.12,Có,1727.68,Không,Chưa mở thẻ,0.0,Đã kích hoạt lại thành công,2
KH_002340,Nguyễn * * Quân,Mass,DVKD_022,19.0,Không,0.0,Không,Chưa mở thẻ,0.0,Bình thường,1
KH_002341,Vũ * * Thảo,Priority VIP,DVKD_019,389.48,Không,0.0,Không,Chưa mở thẻ,0.0,Bình thường,1
KH_002342,Hoàng * * Giang,Mass,DVKD_013,2.58,Có,779.0,Không,Chưa mở thẻ,0.0,Bình thường,2
KH_002343,Bùi * * Hương,Mass,DVKD_018,2.93,Không,0.0,Có,Signature Infinite,39.49,Bình thường,2
KH_002344,Hoàng * * Trang,Mass,DVKD_020,15.34,Có,2389.68,Không,Chưa mở thẻ,0.0,Bình thường,2
KH_002345,Vũ * * Vy,Mass,DVKD_005,99.49,Có,458.02,Không,Chưa mở thẻ,0.0,Bình thường,2
KH_002346,Phan * * Linh,Priority VIP,DVKD_008,309.22,Có,401.17,Có,Platinum CashBack,35.82,Đã kích hoạt lại thành công,3
KH_002347,Đỗ * * Linh,Priority VIP,DVKD_021,317.88,Có,2429.08,Có,Platinum CashBack,7.39,Bình thường,3
KH_002348,Vũ * * Giang,Mass,DVKD_013,15.73,Có,988.25,Không,Chưa mở thẻ,0.0,Bình thường,2
KH_002349,Huỳnh * * Dũng,Mass,DVKD_018,31.52,Có,2181.9,Có,Classic Standard,33.19,Bình thường,3
KH_002350,Vũ * * Giang,Mass,DVKD_020,0.36,Có,161.25,Không,Chưa mở thẻ,0.0,Bình thường,2
KH_002351,Hoàng * * Huy,Mass,DVKD_006,35.38,Không,0.0,Không,Chưa mở thẻ,0.0,Bình thường,1
KH_002352,Vũ * * Linh,Mass,DVKD_004,85.58,Không,0.0,Có,Gold Visa,8.95,Bình thường,2
KH_002353,Phạm * * Giang,Mass,DVKD_023,33.19,Có,766.03,Không,Chưa mở thẻ,0.0,Bình thường,2
KH_002354,Lê * * Thảo,Mass,DVKD_001,72.42,Không,0.0,Có,Gold Visa,23.06,Bình thường,2
KH_002355,Hoàng * * Dũng,Mass,DVKD_021,45.05,Không,0.0,Không,Chưa mở thẻ,0.0,Bình thường,1
KH_002356,Đặng * * Bình,Mass,DVKD_006,4.5,Có,1271.79,Có,Gold Visa,26.1,Bình thường,3
KH_002357,Đặng * * Nam,Mass,DVKD_014,81.46,Có,2322.13,Không,Chưa mở thẻ,0.0,Bình thường,2
KH_002358,Hoàng * * An,Mass,DVKD_023,2.41,Có,1817.69,Không,Chưa mở thẻ,0.0,Bình thường,2
KH_002359,Huỳnh * * Dũng,Mass,DVKD_017,26.72,Có,1788.83,Không,Chưa mở thẻ,0.0,Bình thường,2
KH_002360,Bùi * * Tuấn,Mass,DVKD_023,5.37,Không,0.0,Có,Classic Standard,18.14,Bình thường,2
KH_002361,Huỳnh * * Tuấn,Private Banking,DVKD_020,3.3,Có,1253.46,Không,Chưa mở thẻ,0.0,Bình thường,2
KH_002362,Phạm * * Trang,Priority VIP,DVKD_010,153.51,Có,1354.91,Không,Chưa mở thẻ,0.0,Đã kích hoạt lại thành công,2
KH_002363,Huỳnh * * Thảo,Mass,DVKD_014,12.24,Không,0.0,Có,Classic Standard,42.78,Bình thường,2
KH_002364,Lê * * An,Priority VIP,DVKD_002,186.35,Có,845.55,Không,Chưa mở thẻ,0.0,Bình thường,2
KH_002365,Phan * * An,Mass Affluent,DVKD_011,241.04,Có,2461.81,Có,Signature Infinite,42.83,Bình thường,3
KH_002366,Hoàng * * Giang,Mass,DVKD_011,1.57,Không,0.0,Có,Classic Standard,28.35,Bình thường,2
KH_002367,Vũ * * Dũng,Priority VIP,DVKD_014,36.75,Không,0.0,Có,Classic Standard,34.25,Bình thường,2
KH_002368,Phạm * * Huy,Mass Affluent,DVKD_002,229.01,Có,337.28,Có,Signature Infinite,31.22,Bình thường,3
KH_002369,Võ * * Sơn,Mass,DVKD_001,14.71,Có,330.05,Không,Chưa mở thẻ,0.0,Bình thường,2
KH_002370,Huỳnh * * Cường,Mass,DVKD_001,45.72,Có,1262.26,Không,Chưa mở thẻ,0.0,Bình thường,2
KH_002371,Đặng * * An,Mass,DVKD_020,36.97,Không,0.0,Có,Platinum CashBack,29.91,Bình thường,2
KH_002372,Đỗ * * Trang,Mass Affluent,DVKD_004,523.11,Có,2486.38,Có,Platinum CashBack,8.17,Bình thường,3
KH_002373,Nguyễn * * Tuấn,Mass,DVKD_009,41.27,Có,386.31,Có,Signature Infinite,24.34,Bình thường,3
KH_002374,Đỗ * * Tuấn,Mass Affluent,DVKD_022,157.36,Có,211.3,Có,Platinum CashBack,28.67,Bình thường,3
KH_002375,Đỗ * * Mai,Mass,DVKD_018,39.12,Có,1721.59,Không,Chưa mở thẻ,0.0,Bình thường,2
KH_002376,Trần * * Cường,Mass Affluent,DVKD_018,90.19,Có,643.08,Có,Classic Standard,25.57,Bình thường,3
KH_002377,Trần * * Tuấn,Mass,DVKD_013,12.8,Có,1867.15,Không,Chưa mở thẻ,0.0,Đã kích hoạt lại thành công,2
KH_002378,Trần * * Giang,Mass,DVKD_022,54.45,Có,1722.49,Có,Signature Infinite,8.83,Bình thường,3
KH_002379,Vũ * * Nam,Mass,DVKD_006,20.7,Không,0.0,Có,Gold Visa,37.42,Bình thường,2
KH_002380,Đặng * * Quân,Mass,DVKD_023,56.05,Không,0.0,Có,Classic Standard,42.32,Bình thường,2
KH_002381,Vũ * * Phúc,Mass,DVKD_003,60.49,Không,0.0,Có,Classic Standard,24.32,Bình thường,2
KH_002382,Nguyễn * * Mai,Mass Affluent,DVKD_007,545.68,Không,0.0,Không,Chưa mở thẻ,0.0,Bình thường,1
KH_002383,Hoàng * * Hương,Priority VIP,DVKD_004,695.67,Có,2481.13,Không,Chưa mở thẻ,0.0,Bình thường,2
KH_002384,Phạm * * Giang,Mass,DVKD_003,19.73,Không,0.0,Không,Chưa mở thẻ,0.0,Bình thường,1
KH_002385,Hoàng * * Nam,Mass,DVKD_004,13.44,Không,0.0,Có,Signature Infinite,11.64,Bình thường,2
KH_002386,Đỗ * * Thảo,Mass,DVKD_012,30.55,Không,0.0,Không,Chưa mở thẻ,0.0,Bình thường,1
KH_002387,Phạm * * An,Mass,DVKD_003,16.24,Có,188.25,Có,Platinum CashBack,36.26,Bình thường,3
KH_002388,Phan * * Nam,Mass,DVKD_024,32.16,Có,248.85,Không,Chưa mở thẻ,0.0,Bình thường,2
KH_002389,Phan * * Khoa,Mass,DVKD_015,42.8,Không,0.0,Có,Signature Infinite,41.57,Đã kích hoạt lại thành công,2
KH_002390,Bùi * * Huy,Mass,DVKD_007,40.81,Có,175.69,Không,Chưa mở thẻ,0.0,Bình thường,2
KH_002391,Phan * * Nam,Mass,DVKD_023,16.43,Không,0.0,Không,Chưa mở thẻ,0.0,Bình thường,1
KH_002392,Đặng * * Hương,Mass,DVKD_003,6.39,Không,0.0,Có,Gold Visa,44.94,Bình thường,2
KH_002393,Bùi * * Phúc,Mass,DVKD_013,19.71,Không,0.0,Có,Gold Visa,29.01,Bình thường,2
KH_002394,Bùi * * Khoa,Mass Affluent,DVKD_012,43.08,Không,0.0,Có,Signature Infinite,16.64,Bình thường,2
KH_002395,Vũ * * Linh,Mass,DVKD_001,77.29,Không,0.0,Không,Chưa mở thẻ,0.0,Bình thường,1
KH_002396,Đỗ * * Quân,Mass,DVKD_004,14.86,Không,0.0,Không,Chưa mở thẻ,0.0,Bình thường,1
KH_002397,Đặng * * Sơn,Mass Affluent,DVKD_024,46.98,Không,0.0,Không,Chưa mở thẻ,0.0,Bình thường,1
KH_002398,Bùi * * An,Mass,DVKD_013,0.9,Không,0.0,Không,Chưa mở thẻ,0.0,Bình thường,1
KH_002399,Phan * * Trang,Mass,DVKD_020,36.33,Không,0.0,Không,Chưa mở thẻ,0.0,Bình thường,1
KH_002400,Nguyễn * * Tuấn,Mass Affluent,DVKD_014,283.66,Có,2341.22,Không,Chưa mở thẻ,0.0,Bình thường,2
KH_002401,Phạm * * Khoa,Mass Affluent,DVKD_013,116.6,Có,1664.82,Có,Gold Visa,8.84,Bình thường,3
KH_002402,Vũ * * Tuấn,Mass,DVKD_019,2.6,Có,880.96,Không,Chưa mở thẻ,0.0,Bình thường,2
KH_002403,Hoàng * * Quân,Private Banking,DVKD_018,147.56,Không,0.0,Không,Chưa mở thẻ,0.0,Bình thường,1
KH_002404,Phan * * Linh,Mass,DVKD_009,13.05,Có,2058.76,Không,Chưa mở thẻ,0.0,Bình thường,2
KH_002405,Nguyễn * * Mai,Mass Affluent,DVKD_012,316.53,Có,285.95,Có,Signature Infinite,9.01,Đã kích hoạt lại thành công,3
KH_002406,Lê * * Dũng,Mass,DVKD_014,32.58,Không,0.0,Có,Gold Visa,17.78,Bình thường,2
KH_002407,Võ * * Thảo,Mass,DVKD_013,15.87,Có,773.24,Không,Chưa mở thẻ,0.0,Bình thường,2
KH_002408,Đỗ * * Huy,Mass,DVKD_014,8.6,Có,365.9,Có,Signature Infinite,25.75,Bình thường,3
KH_002409,Nguyễn * * Mai,Private Banking,DVKD_022,1239.24,Có,1458.34,Có,Platinum CashBack,42.72,Bình thường,3
KH_002410,Hoàng * * Tuấn,Mass,DVKD_019,21.18,Không,0.0,Không,Chưa mở thẻ,0.0,Bình thường,1
KH_002411,Phạm * * Giang,Mass,DVKD_004,40.8,Không,0.0,Có,Classic Standard,29.8,Bình thường,2
KH_002412,Phan * * Bình,Mass,DVKD_017,5.3,Có,877.97,Có,Platinum CashBack,8.48,Bình thường,3
KH_002413,Phạm * * Linh,Mass,DVKD_023,23.27,Có,124.01,Có,Gold Visa,41.54,Bình thường,3
KH_002414,Phan * * Mai,Mass,DVKD_002,0.98,Không,0.0,Không,Chưa mở thẻ,0.0,Bình thường,1
KH_002415,Đỗ * * Tuấn,Priority VIP,DVKD_024,197.15,Có,1133.39,Có,Classic Standard,41.85,Bình thường,3
KH_002416,Huỳnh * * Linh,Mass Affluent,DVKD_009,930.92,Không,0.0,Có,Gold Visa,14.22,Bình thường,2
KH_002417,Huỳnh * * Khoa,Mass,DVKD_013,16.97,Không,0.0,Không,Chưa mở thẻ,0.0,Bình thường,1
KH_002418,Nguyễn * * Sơn,Mass,DVKD_016,1.39,Có,2076.78,Có,Gold Visa,43.71,Bình thường,3
KH_002419,Trần * * Tuấn,Mass,DVKD_008,1.1,Không,0.0,Không,Chưa mở thẻ,0.0,Bình thường,1
KH_002420,Phạm * * Khoa,Mass,DVKD_006,17.19,Không,0.0,Có,Signature Infinite,19.71,Bình thường,2
KH_002421,Huỳnh * * Dũng,Priority VIP,DVKD_022,48.83,Có,1466.82,Không,Chưa mở thẻ,0.0,Bình thường,2
KH_002422,Phan * * Linh,Mass,DVKD_013,0.83,Không,0.0,Có,Signature Infinite,14.51,Bình thường,2
KH_002423,Vũ * * Trang,Mass Affluent,DVKD_018,395.21,Có,1039.45,Không,Chưa mở thẻ,0.0,Bình thường,2
KH_002424,Nguyễn * * Nam,Priority VIP,DVKD_012,171.77,Có,623.82,Không,Chưa mở thẻ,0.0,Bình thường,2
KH_002425,Lê * * Quân,Priority VIP,DVKD_021,95.6,Không,0.0,Không,Chưa mở thẻ,0.0,Bình thường,1
KH_002426,Nguyễn * * Cường,Private Banking,DVKD_021,644.96,Không,0.0,Có,Platinum CashBack,34.09,Bình thường,2
KH_002427,Hoàng * * Sơn,Mass Affluent,DVKD_009,34.57,Có,1651.83,Không,Chưa mở thẻ,0.0,Bình thường,2
KH_002428,Phạm * * Sơn,Mass,DVKD_009,109.26,Có,2112.54,Không,Chưa mở thẻ,0.0,Đã kích hoạt lại thành công,2
KH_002429,Lê * * Huy,Mass,DVKD_002,13.19,Không,0.0,Không,Chưa mở thẻ,0.0,Bình thường,1
KH_002430,Lê * * Huy,Mass Affluent,DVKD_004,614.0,Có,2179.03,Không,Chưa mở thẻ,0.0,Bình thường,2
KH_002431,Đỗ * * Quân,Mass,DVKD_017,32.33,Không,0.0,Có,Classic Standard,37.68,Bình thường,2
KH_002432,Võ * * Dũng,Mass Affluent,DVKD_009,490.78,Không,0.0,Không,Chưa mở thẻ,0.0,Bình thường,1
KH_002433,Bùi * * Sơn,Mass,DVKD_004,144.76,Không,0.0,Không,Chưa mở thẻ,0.0,Bình thường,1
KH_002434,Huỳnh * * Trang,Mass,DVKD_001,11.91,Có,105.42,Không,Chưa mở thẻ,0.0,Bình thường,2
KH_002435,Hoàng * * Tuấn,Mass,DVKD_016,113.67,Không,0.0,Có,Platinum CashBack,42.23,Đã kích hoạt lại thành công,2
KH_002436,Nguyễn * * An,Priority VIP,DVKD_013,138.17,Không,0.0,Không,Chưa mở thẻ,0.0,Bình thường,1
KH_002437,Bùi * * An,Priority VIP,DVKD_015,136.35,Có,1843.11,Không,Chưa mở thẻ,0.0,Đã kích hoạt lại thành công,2
KH_002438,Bùi * * Giang,Mass,DVKD_019,14.56,Không,0.0,Có,Signature Infinite,5.38,Bình thường,2
KH_002439,Hoàng * * Khoa,Mass,DVKD_023,27.29,Không,0.0,Có,Classic Standard,13.72,Bình thường,2
KH_002440,Đỗ * * Mai,Mass,DVKD_009,5.86,Không,0.0,Không,Chưa mở thẻ,0.0,Bình thường,1
KH_002441,Lê * * Quân,Mass,DVKD_013,28.24,Không,0.0,Không,Chưa mở thẻ,0.0,Bình thường,1
KH_002442,Vũ * * Mai,Mass,DVKD_011,27.31,Có,1716.31,Không,Chưa mở thẻ,0.0,Bình thường,2
KH_002443,Đỗ * * Phúc,Mass,DVKD_008,50.23,Không,0.0,Có,Signature Infinite,30.75,Bình thường,2
KH_002444,Võ * * Quân,Mass,DVKD_006,62.78,Có,486.38,Có,Gold Visa,31.54,Bình thường,3
KH_002445,Bùi * * Khoa,Mass,DVKD_024,20.32,Không,0.0,Không,Chưa mở thẻ,0.0,Bình thường,1
KH_002446,Huỳnh * * Tuấn,Mass,DVKD_022,12.6,Không,0.0,Có,Platinum CashBack,18.89,Bình thường,2
KH_002447,Đặng * * Khoa,Mass,DVKD_009,10.51,Không,0.0,Có,Signature Infinite,9.79,Bình thường,2
KH_002448,Phạm * * Cường,Mass Affluent,DVKD_014,60.6,Có,2021.73,Không,Chưa mở thẻ,0.0,Bình thường,2
KH_002449,Bùi * * Linh,Priority VIP,DVKD_010,16.63,Không,0.0,Không,Chưa mở thẻ,0.0,Bình thường,1
KH_002450,Đặng * * Quân,Mass Affluent,DVKD_011,117.38,Có,1787.64,Có,Gold Visa,27.58,Bình thường,3
KH_002451,Phạm * * Huy,Mass,DVKD_019,11.03,Không,0.0,Không,Chưa mở thẻ,0.0,Bình thường,1
KH_002452,Nguyễn * * Nam,Mass Affluent,DVKD_022,950.25,Có,1292.52,Có,Signature Infinite,41.63,Bình thường,3
KH_002453,Đỗ * * Bình,Mass,DVKD_013,28.55,Có,1357.75,Có,Platinum CashBack,37.72,Bình thường,3
KH_002454,Phan * * Phúc,Mass,DVKD_011,14.93,Không,0.0,Có,Platinum CashBack,11.82,Bình thường,2
KH_002455,Hoàng * * Linh,Mass,DVKD_009,30.4,Không,0.0,Có,Platinum CashBack,17.65,Bình thường,2
KH_002456,Phan * * Vy,Mass,DVKD_002,5.25,Có,1285.18,Có,Gold Visa,7.28,Bình thường,3
KH_002457,Huỳnh * * Tuấn,Mass,DVKD_001,20.55,Không,0.0,Có,Gold Visa,26.34,Bình thường,2
KH_002458,Võ * * Trang,Mass Affluent,DVKD_014,275.56,Không,0.0,Có,Signature Infinite,18.91,Bình thường,2
KH_002459,Hoàng * * Giang,Mass,DVKD_011,23.49,Không,0.0,Có,Gold Visa,44.58,Bình thường,2
KH_002460,Đặng * * Hương,Mass,DVKD_001,17.98,Không,0.0,Có,Platinum CashBack,41.09,Bình thường,2
KH_002461,Đặng * * Linh,Mass,DVKD_008,178.19,Có,533.35,Có,Platinum CashBack,41.61,Bình thường,3
KH_002462,Vũ * * Bình,Priority VIP,DVKD_004,594.41,Không,0.0,Không,Chưa mở thẻ,0.0,Bình thường,1
KH_002463,Vũ * * Nam,Mass,DVKD_007,34.18,Có,1128.41,Có,Platinum CashBack,38.32,Bình thường,3
KH_002464,Phạm * * Nam,Mass,DVKD_005,29.49,Không,0.0,Có,Gold Visa,7.42,Đã kích hoạt lại thành công,2
KH_002465,Nguyễn * * Trang,Mass,DVKD_018,33.93,Không,0.0,Có,Platinum CashBack,6.55,Bình thường,2
KH_002466,Phan * * Huy,Priority VIP,DVKD_003,62.94,Có,1541.94,Có,Signature Infinite,43.04,Bình thường,3
KH_002467,Đặng * * Phúc,Mass,DVKD_021,17.6,Có,2311.43,Có,Classic Standard,16.72,Bình thường,3
KH_002468,Nguyễn * * Bình,Mass,DVKD_004,1.41,Không,0.0,Không,Chưa mở thẻ,0.0,Bình thường,1
KH_002469,Bùi * * Phúc,Mass,DVKD_019,22.59,Không,0.0,Có,Gold Visa,11.71,Bình thường,2
KH_002470,Nguyễn * * Trang,Mass,DVKD_018,27.41,Không,0.0,Có,Signature Infinite,11.89,Bình thường,2
KH_002471,Hoàng * * Cường,Mass,DVKD_014,9.05,Không,0.0,Có,Platinum CashBack,21.26,Bình thường,2
KH_002472,Trần * * Khoa,Mass,DVKD_022,116.38,Có,2078.57,Không,Chưa mở thẻ,0.0,Đã kích hoạt lại thành công,2
KH_002473,Lê * * Thảo,Mass,DVKD_020,84.07,Có,275.58,Không,Chưa mở thẻ,0.0,Bình thường,2
KH_002474,Võ * * Linh,Mass Affluent,DVKD_004,358.58,Có,904.47,Không,Chưa mở thẻ,0.0,Bình thường,2
KH_002475,Đặng * * Bình,Mass Affluent,DVKD_016,213.43,Có,1295.86,Không,Chưa mở thẻ,0.0,Bình thường,2
KH_002476,Đỗ * * Khoa,Priority VIP,DVKD_005,571.2,Có,1896.07,Có,Signature Infinite,17.95,Bình thường,3
KH_002477,Huỳnh * * Cường,Mass,DVKD_018,4.9,Có,1717.91,Không,Chưa mở thẻ,0.0,Bình thường,2
KH_002478,Vũ * * Cường,Mass,DVKD_013,54.71,Không,0.0,Có,Gold Visa,40.18,Bình thường,2
KH_002479,Lê * * Dũng,Priority VIP,DVKD_016,37.33,Có,770.49,Không,Chưa mở thẻ,0.0,Đã kích hoạt lại thành công,2
KH_002480,Lê * * Vy,Mass Affluent,DVKD_007,442.65,Không,0.0,Có,Classic Standard,24.83,Bình thường,2
KH_002481,Huỳnh * * Cường,Mass Affluent,DVKD_013,90.34,Có,752.35,Có,Classic Standard,8.26,Bình thường,3
KH_002482,Trần * * Phúc,Mass,DVKD_003,73.37,Có,467.31,Có,Platinum CashBack,5.31,Bình thường,3
KH_002483,Bùi * * Mai,Mass,DVKD_009,100.91,Không,0.0,Không,Chưa mở thẻ,0.0,Bình thường,1
KH_002484,Bùi * * Mai,Mass Affluent,DVKD_006,45.11,Có,1093.23,Có,Gold Visa,41.82,Đã kích hoạt lại thành công,3
KH_002485,Lê * * Trang,Mass Affluent,DVKD_008,173.92,Có,1658.88,Có,Signature Infinite,39.22,Bình thường,3
KH_002486,Phan * * Quân,Mass,DVKD_022,138.69,Không,0.0,Có,Platinum CashBack,11.39,Bình thường,2
KH_002487,Phạm * * Vy,Mass,DVKD_020,23.12,Không,0.0,Có,Platinum CashBack,7.25,Bình thường,2
KH_002488,Bùi * * Cường,Mass,DVKD_004,69.71,Có,143.26,Không,Chưa mở thẻ,0.0,Bình thường,2
KH_002489,Bùi * * Linh,Mass,DVKD_002,31.1,Không,0.0,Không,Chưa mở thẻ,0.0,Bình thường,1
KH_002490,Nguyễn * * Quân,Mass,DVKD_009,16.47,Có,349.18,Không,Chưa mở thẻ,0.0,Bình thường,2
KH_002491,Phạm * * Cường,Priority VIP,DVKD_006,94.24,Không,0.0,Có,Classic Standard,32.25,Bình thường,2
KH_002492,Đặng * * Quân,Priority VIP,DVKD_005,63.61,Không,0.0,Không,Chưa mở thẻ,0.0,Bình thường,1
KH_002493,Huỳnh * * Hương,Mass,DVKD_017,50.21,Không,0.0,Có,Platinum CashBack,7.17,Bình thường,2
KH_002494,Hoàng * * Tuấn,Mass Affluent,DVKD_005,136.82,Có,1688.87,Không,Chưa mở thẻ,0.0,Bình thường,2
KH_002495,Đỗ * * Sơn,Mass,DVKD_007,25.06,Có,242.97,Không,Chưa mở thẻ,0.0,Bình thường,2
KH_002496,Phạm * * Thảo,Mass,DVKD_016,23.73,Có,291.35,Có,Gold Visa,7.3,Bình thường,3
KH_002497,Đặng * * Sơn,Mass,DVKD_017,30.14,Không,0.0,Có,Signature Infinite,31.68,Bình thường,2
KH_002498,Trần * * Khoa,Mass,DVKD_006,70.24,Không,0.0,Không,Chưa mở thẻ,0.0,Bình thường,1
KH_002499,Huỳnh * * Nam,Mass,DVKD_011,138.24,Không,0.0,Không,Chưa mở thẻ,0.0,Bình thường,1
KH_002500,Võ * * Cường,Mass Affluent,DVKD_013,146.59,Có,958.23,Có,Classic Standard,13.62,Bình thường,3
KH_002501,Nguyễn * * Quân,Mass,DVKD_009,61.51,Không,0.0,Có,Classic Standard,44.83,Bình thường,2
KH_002502,Võ * * Vy,Mass Affluent,DVKD_023,404.93,Có,1088.9,Không,Chưa mở thẻ,0.0,Bình thường,2
KH_002503,Lê * * Bình,Mass,DVKD_017,29.83,Không,0.0,Có,Gold Visa,23.09,Bình thường,2
KH_002504,Võ * * Mai,Mass Affluent,DVKD_018,874.9,Không,0.0,Không,Chưa mở thẻ,0.0,Bình thường,1
KH_002505,Đỗ * * Cường,Private Banking,DVKD_001,62.65,Có,2112.97,Có,Classic Standard,17.29,Bình thường,3
KH_002506,Trần * * Sơn,Mass,DVKD_020,4.05,Có,404.99,Có,Gold Visa,22.33,Bình thường,3
KH_002507,Phạm * * Khoa,Mass,DVKD_013,67.34,Không,0.0,Không,Chưa mở thẻ,0.0,Đã kích hoạt lại thành công,1
KH_002508,Đỗ * * Tuấn,Mass Affluent,DVKD_002,161.92,Có,679.79,Có,Classic Standard,40.46,Đã kích hoạt lại thành công,3
KH_002509,Huỳnh * * Huy,Mass,DVKD_022,65.7,Không,0.0,Có,Platinum CashBack,38.74,Bình thường,2
KH_002510,Đặng * * Trang,Mass Affluent,DVKD_016,626.02,Có,2073.27,Không,Chưa mở thẻ,0.0,Bình thường,2
KH_002511,Lê * * Dũng,Mass,DVKD_003,2.26,Có,1888.83,Có,Classic Standard,34.79,Bình thường,3
KH_002512,Võ * * Quân,Mass,DVKD_009,75.23,Không,0.0,Không,Chưa mở thẻ,0.0,Đã kích hoạt lại thành công,1
KH_002513,Lê * * Dũng,Mass,DVKD_009,20.82,Có,1371.14,Có,Gold Visa,39.21,Bình thường,3
KH_002514,Huỳnh * * Dũng,Mass,DVKD_009,25.0,Không,0.0,Có,Signature Infinite,15.95,Bình thường,2
KH_002515,Nguyễn * * Vy,Mass,DVKD_016,34.48,Có,1517.47,Có,Platinum CashBack,41.87,Đã kích hoạt lại thành công,3
KH_002516,Bùi * * Bình,Mass,DVKD_015,91.31,Không,0.0,Có,Gold Visa,37.46,Bình thường,2
KH_002517,Nguyễn * * Huy,Mass,DVKD_020,0.68,Không,0.0,Có,Signature Infinite,23.9,Bình thường,2
KH_002518,Huỳnh * * Vy,Mass,DVKD_002,22.68,Có,2068.01,Có,Classic Standard,16.56,Đã kích hoạt lại thành công,3
KH_002519,Huỳnh * * Vy,Mass Affluent,DVKD_011,325.88,Không,0.0,Có,Classic Standard,14.92,Bình thường,2
KH_002520,Đỗ * * Trang,Private Banking,DVKD_012,359.15,Không,0.0,Không,Chưa mở thẻ,0.0,Bình thường,1
KH_002521,Phạm * * Khoa,Mass Affluent,DVKD_007,330.23,Không,0.0,Không,Chưa mở thẻ,0.0,Bình thường,1
KH_002522,Nguyễn * * Trang,Mass,DVKD_021,5.05,Có,1671.82,Có,Platinum CashBack,15.76,Bình thường,3
KH_002523,Phan * * Bình,Mass,DVKD_020,12.45,Không,0.0,Có,Platinum CashBack,10.63,Bình thường,2
KH_002524,Phan * * Cường,Mass,DVKD_005,15.55,Không,0.0,Có,Gold Visa,15.56,Đã kích hoạt lại thành công,2
KH_002525,Phan * * Tuấn,Mass,DVKD_002,57.12,Không,0.0,Có,Gold Visa,40.98,Bình thường,2
KH_002526,Phạm * * Vy,Mass,DVKD_020,11.44,Có,266.37,Có,Gold Visa,27.01,Bình thường,3
KH_002527,Hoàng * * Khoa,Mass,DVKD_022,8.28,Không,0.0,Có,Signature Infinite,17.31,Bình thường,2
KH_002528,Đỗ * * An,Mass,DVKD_011,110.5,Không,0.0,Không,Chưa mở thẻ,0.0,Bình thường,1
KH_002529,Nguyễn * * Vy,Mass,DVKD_020,0.31,Không,0.0,Có,Signature Infinite,29.85,Bình thường,2
KH_002530,Bùi * * An,Mass,DVKD_011,214.51,Có,2178.25,Không,Chưa mở thẻ,0.0,Bình thường,2
KH_002531,Đỗ * * Phúc,Mass,DVKD_011,39.53,Không,0.0,Có,Platinum CashBack,12.33,Đã kích hoạt lại thành công,2
KH_002532,Võ * * An,Mass,DVKD_017,61.7,Có,547.1,Có,Gold Visa,5.59,Bình thường,3
KH_002533,Đỗ * * Trang,Mass,DVKD_011,12.22,Có,210.3,Có,Classic Standard,14.02,Bình thường,3
KH_002534,Trần * * Khoa,Mass Affluent,DVKD_008,4.04,Có,1750.05,Có,Classic Standard,31.33,Đang tiếp cận,3
KH_002535,Phan * * Phúc,Mass,DVKD_024,46.86,Không,0.0,Có,Gold Visa,34.42,Bình thường,2
KH_002536,Phạm * * Huy,Mass,DVKD_002,62.88,Không,0.0,Không,Chưa mở thẻ,0.0,Bình thường,1
KH_002537,Huỳnh * * Khoa,Mass Affluent,DVKD_017,377.69,Có,1286.99,Có,Gold Visa,39.45,Bình thường,3
KH_002538,Phan * * Trang,Mass,DVKD_007,5.39,Không,0.0,Không,Chưa mở thẻ,0.0,Bình thường,1
KH_002539,Huỳnh * * Vy,Mass,DVKD_011,49.0,Không,0.0,Không,Chưa mở thẻ,0.0,Bình thường,1
KH_002540,Nguyễn * * Thảo,Mass,DVKD_008,51.28,Không,0.0,Có,Platinum CashBack,14.21,Bình thường,2
KH_002541,Vũ * * Sơn,Mass,DVKD_007,37.61,Có,123.66,Không,Chưa mở thẻ,0.0,Bình thường,2
KH_002542,Đặng * * Khoa,Mass,DVKD_009,50.85,Không,0.0,Có,Classic Standard,22.65,Bình thường,2
KH_002543,Võ * * Phúc,Mass,DVKD_019,65.46,Có,2323.38,Không,Chưa mở thẻ,0.0,Bình thường,2
KH_002544,Bùi * * Vy,Mass,DVKD_024,33.28,Không,0.0,Không,Chưa mở thẻ,0.0,Bình thường,1
KH_002545,Đỗ * * Quân,Mass,DVKD_017,3.25,Có,357.11,Có,Gold Visa,34.81,Bình thường,3
KH_002546,Lê * * Linh,Mass,DVKD_001,23.4,Không,0.0,Có,Platinum CashBack,43.83,Bình thường,2
KH_002547,Lê * * Thảo,Priority VIP,DVKD_023,22.63,Có,2383.73,Có,Gold Visa,31.09,Đã kích hoạt lại thành công,3
KH_002548,Đỗ * * Sơn,Mass,DVKD_006,18.32,Không,0.0,Có,Classic Standard,15.05,Bình thường,2
KH_002549,Bùi * * Bình,Mass,DVKD_009,18.3,Có,663.23,Có,Gold Visa,17.15,Bình thường,3
KH_002550,Vũ * * An,Mass Affluent,DVKD_002,19.12,Có,2360.72,Có,Platinum CashBack,23.41,Bình thường,3
KH_002551,Phan * * Quân,Mass,DVKD_002,15.01,Không,0.0,Có,Classic Standard,25.12,Bình thường,2
KH_002552,Đỗ * * Linh,Mass,DVKD_021,4.12,Không,0.0,Không,Chưa mở thẻ,0.0,Bình thường,1
KH_002553,Đỗ * * Mai,Mass,DVKD_022,57.8,Không,0.0,Có,Classic Standard,6.12,Bình thường,2
KH_002554,Đỗ * * Tuấn,Mass,DVKD_023,103.27,Không,0.0,Có,Platinum CashBack,15.41,Bình thường,2
KH_002555,Bùi * * Huy,Mass Affluent,DVKD_017,21.02,Có,2453.42,Có,Signature Infinite,17.71,Bình thường,3
KH_002556,Huỳnh * * An,Mass,DVKD_007,108.63,Không,0.0,Không,Chưa mở thẻ,0.0,Bình thường,1
KH_002557,Nguyễn * * Tuấn,Mass Affluent,DVKD_009,207.02,Không,0.0,Có,Gold Visa,15.01,Bình thường,2
KH_002558,Hoàng * * Quân,Mass,DVKD_013,12.46,Có,706.01,Có,Gold Visa,44.68,Bình thường,3
KH_002559,Vũ * * Hương,Mass,DVKD_001,2.8,Không,0.0,Không,Chưa mở thẻ,0.0,Bình thường,1
KH_002560,Trần * * Dũng,Mass,DVKD_020,24.3,Không,0.0,Có,Platinum CashBack,30.63,Bình thường,2
KH_002561,Huỳnh * * Giang,Mass Affluent,DVKD_022,443.07,Không,0.0,Có,Platinum CashBack,27.75,Đã kích hoạt lại thành công,2
KH_002562,Huỳnh * * Dũng,Mass,DVKD_001,42.98,Có,1975.22,Có,Platinum CashBack,10.35,Đã kích hoạt lại thành công,3
KH_002563,Hoàng * * Sơn,Priority VIP,DVKD_010,14.43,Có,1311.38,Có,Classic Standard,12.6,Bình thường,3
KH_002564,Hoàng * * Nam,Mass,DVKD_014,2.65,Có,2404.02,Có,Signature Infinite,42.04,Bình thường,3
KH_002565,Trần * * Huy,Mass Affluent,DVKD_002,144.38,Có,662.33,Có,Signature Infinite,22.29,Bình thường,3
KH_002566,Bùi * * Nam,Priority VIP,DVKD_007,97.99,Có,2262.72,Có,Classic Standard,32.75,Bình thường,3
KH_002567,Hoàng * * Dũng,Mass,DVKD_010,9.26,Không,0.0,Có,Platinum CashBack,41.92,Bình thường,2
KH_002568,Vũ * * Linh,Priority VIP,DVKD_005,92.37,Có,561.5,Không,Chưa mở thẻ,0.0,Bình thường,2
KH_002569,Phạm * * Phúc,Mass,DVKD_010,56.95,Không,0.0,Có,Platinum CashBack,42.68,Đã kích hoạt lại thành công,2
KH_002570,Đặng * * Bình,Priority VIP,DVKD_001,741.52,Không,0.0,Có,Classic Standard,11.16,Bình thường,2
KH_002571,Nguyễn * * Huy,Mass,DVKD_018,18.18,Có,1298.67,Có,Signature Infinite,33.66,Bình thường,3
KH_002572,Đỗ * * Hương,Mass,DVKD_016,82.8,Có,865.95,Không,Chưa mở thẻ,0.0,Bình thường,2
KH_002573,Phạm * * Trang,Mass,DVKD_017,13.58,Có,114.82,Có,Classic Standard,37.54,Bình thường,3
KH_002574,Phạm * * Cường,Mass,DVKD_004,22.65,Có,2460.73,Không,Chưa mở thẻ,0.0,Đã kích hoạt lại thành công,2
KH_002575,Trần * * Sơn,Mass,DVKD_012,8.97,Không,0.0,Có,Signature Infinite,44.31,Đang tiếp cận,2
KH_002576,Hoàng * * Linh,Mass,DVKD_017,35.8,Không,0.0,Có,Signature Infinite,9.29,Bình thường,2
KH_002577,Hoàng * * Bình,Mass Affluent,DVKD_010,1081.45,Có,321.19,Có,Gold Visa,16.8,Bình thường,3
KH_002578,Đặng * * Sơn,Priority VIP,DVKD_009,259.02,Có,1997.67,Không,Chưa mở thẻ,0.0,Bình thường,2
KH_002579,Trần * * Linh,Mass,DVKD_009,15.5,Có,2126.78,Có,Platinum CashBack,21.2,Bình thường,3
KH_002580,Võ * * Nam,Mass,DVKD_024,36.53,Không,0.0,Có,Gold Visa,11.98,Bình thường,2
KH_002581,Võ * * Sơn,Mass,DVKD_006,4.59,Có,1387.06,Có,Classic Standard,21.74,Bình thường,3
KH_002582,Đặng * * Sơn,Priority VIP,DVKD_012,614.64,Có,177.72,Không,Chưa mở thẻ,0.0,Bình thường,2
KH_002583,Lê * * Tuấn,Mass,DVKD_003,24.48,Có,302.19,Không,Chưa mở thẻ,0.0,Bình thường,2
KH_002584,Đỗ * * Hương,Mass Affluent,DVKD_003,167.06,Không,0.0,Không,Chưa mở thẻ,0.0,Bình thường,1
KH_002585,Huỳnh * * Tuấn,Priority VIP,DVKD_005,246.84,Có,523.23,Có,Classic Standard,22.34,Bình thường,3
KH_002586,Đặng * * Thảo,Mass,DVKD_018,34.31,Có,1532.01,Không,Chưa mở thẻ,0.0,Bình thường,2
KH_002587,Võ * * Hương,Mass,DVKD_008,2.61,Không,0.0,Có,Platinum CashBack,21.11,Bình thường,2
KH_002588,Vũ * * Giang,Mass,DVKD_023,40.17,Không,0.0,Có,Platinum CashBack,36.93,Bình thường,2
KH_002589,Bùi * * Cường,Mass,DVKD_019,9.69,Có,1512.22,Có,Gold Visa,14.21,Bình thường,3
KH_002590,Võ * * Tuấn,Mass,DVKD_013,43.81,Có,2433.71,Có,Platinum CashBack,41.7,Bình thường,3
KH_002591,Võ * * Dũng,Mass,DVKD_011,60.51,Không,0.0,Không,Chưa mở thẻ,0.0,Đã kích hoạt lại thành công,1
KH_002592,Phạm * * Linh,Mass Affluent,DVKD_022,456.24,Không,0.0,Có,Platinum CashBack,21.32,Bình thường,2
KH_002593,Đỗ * * Mai,Mass Affluent,DVKD_011,225.14,Không,0.0,Có,Gold Visa,41.75,Bình thường,2
KH_002594,Võ * * Sơn,Mass,DVKD_002,25.7,Có,812.7,Không,Chưa mở thẻ,0.0,Bình thường,2
KH_002595,Nguyễn * * Hương,Mass,DVKD_001,5.4,Không,0.0,Có,Gold Visa,29.87,Bình thường,2
KH_002596,Phan * * Giang,Priority VIP,DVKD_005,418.09,Có,2028.44,Có,Platinum CashBack,18.31,Đã kích hoạt lại thành công,3
KH_002597,Đỗ * * Trang,Mass,DVKD_020,11.08,Có,1771.49,Có,Gold Visa,7.2,Bình thường,3
KH_002598,Trần * * Cường,Mass,DVKD_024,24.03,Không,0.0,Có,Gold Visa,12.24,Đã kích hoạt lại thành công,2
KH_002599,Phan * * Quân,Mass Affluent,DVKD_013,93.65,Không,0.0,Không,Chưa mở thẻ,0.0,Bình thường,1
KH_002600,Đỗ * * Linh,Priority VIP,DVKD_002,40.23,Có,1495.71,Có,Platinum CashBack,39.8,Bình thường,3
KH_002601,Đỗ * * Linh,Mass Affluent,DVKD_020,278.06,Có,2136.62,Có,Gold Visa,35.69,Bình thường,3
KH_002602,Đỗ * * Linh,Mass Affluent,DVKD_001,15.64,Không,0.0,Có,Classic Standard,15.71,Bình thường,2
KH_002603,Hoàng * * Trang,Mass,DVKD_007,48.33,Có,140.71,Không,Chưa mở thẻ,0.0,Đã kích hoạt lại thành công,2
KH_002604,Hoàng * * Dũng,Priority VIP,DVKD_011,106.99,Không,0.0,Có,Signature Infinite,40.13,Bình thường,2
KH_002605,Vũ * * Quân,Priority VIP,DVKD_008,0.04,Có,569.92,Không,Chưa mở thẻ,0.0,Bình thường,2
KH_002606,Bùi * * Cường,Mass,DVKD_017,25.05,Không,0.0,Có,Signature Infinite,18.11,Bình thường,2
KH_002607,Đặng * * An,Mass Affluent,DVKD_013,13.44,Có,992.08,Không,Chưa mở thẻ,0.0,Bình thường,2
KH_002608,Lê * * Giang,Mass Affluent,DVKD_022,90.5,Có,1948.29,Không,Chưa mở thẻ,0.0,Bình thường,2
KH_002609,Phan * * Vy,Mass,DVKD_018,42.96,Không,0.0,Có,Classic Standard,35.08,Bình thường,2
KH_002610,Lê * * Tuấn,Mass Affluent,DVKD_001,18.13,Không,0.0,Có,Gold Visa,20.92,Bình thường,2
KH_002611,Trần * * Vy,Mass Affluent,DVKD_017,511.97,Có,569.91,Không,Chưa mở thẻ,0.0,Bình thường,2
KH_002612,Lê * * Nam,Priority VIP,DVKD_016,1.07,Có,1486.72,Có,Classic Standard,23.0,Bình thường,3
KH_002613,Phạm * * Tuấn,Mass,DVKD_004,9.92,Không,0.0,Không,Chưa mở thẻ,0.0,Bình thường,1
KH_002614,Trần * * Mai,Mass Affluent,DVKD_024,378.16,Có,2466.78,Có,Signature Infinite,30.22,Bình thường,3
KH_002615,Nguyễn * * An,Mass,DVKD_009,13.31,Không,0.0,Có,Classic Standard,43.34,Bình thường,2
KH_002616,Nguyễn * * Hương,Mass,DVKD_022,3.76,Không,0.0,Không,Chưa mở thẻ,0.0,Bình thường,1
KH_002617,Vũ * * Phúc,Mass,DVKD_008,15.63,Có,988.92,Có,Signature Infinite,28.73,Đã kích hoạt lại thành công,3
KH_002618,Đặng * * Tuấn,Mass,DVKD_009,11.03,Không,0.0,Có,Signature Infinite,32.25,Bình thường,2
KH_002619,Lê * * Trang,Mass,DVKD_002,64.74,Không,0.0,Có,Gold Visa,14.38,Bình thường,2
KH_002620,Lê * * Vy,Priority VIP,DVKD_010,105.26,Có,1983.82,Không,Chưa mở thẻ,0.0,Bình thường,2
KH_002621,Trần * * Giang,Mass Affluent,DVKD_023,435.56,Có,153.82,Có,Gold Visa,32.97,Bình thường,3
KH_002622,Huỳnh * * Vy,Mass,DVKD_022,77.86,Không,0.0,Có,Platinum CashBack,25.18,Bình thường,2
KH_002623,Phan * * Linh,Mass Affluent,DVKD_008,159.27,Có,902.05,Có,Platinum CashBack,8.99,Bình thường,3
KH_002624,Nguyễn * * Huy,Mass,DVKD_009,84.26,Không,0.0,Có,Classic Standard,22.19,Bình thường,2
KH_002625,Trần * * Dũng,Mass,DVKD_020,16.58,Không,0.0,Không,Chưa mở thẻ,0.0,Bình thường,1
KH_002626,Đỗ * * Huy,Priority VIP,DVKD_024,931.4,Có,1757.27,Có,Classic Standard,14.5,Bình thường,3
KH_002627,Huỳnh * * Quân,Mass,DVKD_005,3.27,Có,1063.52,Có,Signature Infinite,32.73,Bình thường,3
KH_002628,Bùi * * Khoa,Mass,DVKD_016,40.66,Có,1123.07,Có,Classic Standard,8.67,Đã kích hoạt lại thành công,3
KH_002629,Đỗ * * Vy,Mass,DVKD_001,23.83,Có,1751.19,Không,Chưa mở thẻ,0.0,Bình thường,2
KH_002630,Hoàng * * Phúc,Mass,DVKD_004,17.17,Không,0.0,Không,Chưa mở thẻ,0.0,Bình thường,1
KH_002631,Hoàng * * Nam,Mass,DVKD_007,35.06,Không,0.0,Có,Platinum CashBack,16.38,Đã kích hoạt lại thành công,2
KH_002632,Phan * * Hương,Mass,DVKD_002,42.59,Không,0.0,Có,Gold Visa,24.51,Đã kích hoạt lại thành công,2
KH_002633,Hoàng * * Giang,Priority VIP,DVKD_007,1.22,Có,1647.12,Không,Chưa mở thẻ,0.0,Bình thường,2
KH_002634,Huỳnh * * Tuấn,Priority VIP,DVKD_007,51.15,Có,1319.33,Không,Chưa mở thẻ,0.0,Bình thường,2
KH_002635,Nguyễn * * Mai,Mass Affluent,DVKD_018,349.56,Không,0.0,Có,Signature Infinite,11.3,Bình thường,2
KH_002636,Đỗ * * Mai,Mass,DVKD_009,38.42,Không,0.0,Có,Signature Infinite,38.82,Đã kích hoạt lại thành công,2
KH_002637,Võ * * Dũng,Mass Affluent,DVKD_019,947.18,Có,1573.64,Có,Gold Visa,42.4,Đã kích hoạt lại thành công,3
KH_002638,Phan * * Vy,Mass,DVKD_002,50.1,Không,0.0,Có,Classic Standard,19.37,Bình thường,2
KH_002639,Đỗ * * Quân,Mass,DVKD_010,105.4,Có,1028.22,Có,Gold Visa,31.04,Bình thường,3
KH_002640,Huỳnh * * Thảo,Mass,DVKD_019,42.44,Không,0.0,Có,Classic Standard,8.05,Đã kích hoạt lại thành công,2
KH_002641,Vũ * * Phúc,Mass Affluent,DVKD_017,99.09,Có,1991.19,Có,Platinum CashBack,40.06,Bình thường,3
KH_002642,Phạm * * Bình,Priority VIP,DVKD_007,31.18,Có,676.96,Không,Chưa mở thẻ,0.0,Bình thường,2
KH_002643,Trần * * Khoa,Mass Affluent,DVKD_010,426.29,Không,0.0,Có,Gold Visa,11.22,Bình thường,2
KH_002644,Nguyễn * * Linh,Mass,DVKD_024,36.16,Có,1898.17,Có,Platinum CashBack,40.35,Bình thường,3
KH_002645,Võ * * Khoa,Mass Affluent,DVKD_011,13.83,Có,1168.72,Có,Platinum CashBack,13.66,Bình thường,3
KH_002646,Võ * * Bình,Mass,DVKD_022,15.62,Không,0.0,Có,Signature Infinite,16.88,Bình thường,2
KH_002647,Bùi * * Cường,Mass,DVKD_024,109.97,Không,0.0,Có,Classic Standard,21.98,Bình thường,2
KH_002648,Phan * * Bình,Priority VIP,DVKD_018,194.31,Có,191.51,Không,Chưa mở thẻ,0.0,Bình thường,2
KH_002649,Bùi * * Hương,Mass Affluent,DVKD_009,158.74,Có,1815.75,Có,Gold Visa,19.39,Bình thường,3
KH_002650,Phạm * * Trang,Priority VIP,DVKD_013,171.34,Có,1232.58,Có,Platinum CashBack,9.25,Bình thường,3
KH_002651,Bùi * * Linh,Priority VIP,DVKD_020,65.61,Có,265.3,Có,Gold Visa,37.27,Bình thường,3
KH_002652,Đặng * * Giang,Mass Affluent,DVKD_016,128.8,Không,0.0,Có,Classic Standard,32.54,Bình thường,2
KH_002653,Vũ * * Huy,Mass,DVKD_012,16.16,Không,0.0,Có,Gold Visa,32.1,Bình thường,2
KH_002654,Phan * * An,Mass,DVKD_015,1.88,Không,0.0,Có,Signature Infinite,31.84,Bình thường,2
KH_002655,Đặng * * Sơn,Mass Affluent,DVKD_013,408.56,Không,0.0,Không,Chưa mở thẻ,0.0,Bình thường,1
KH_002656,Trần * * Quân,Mass Affluent,DVKD_005,150.84,Không,0.0,Có,Gold Visa,44.2,Bình thường,2
KH_002657,Đỗ * * Giang,Mass Affluent,DVKD_014,483.56,Có,1695.43,Có,Gold Visa,17.45,Bình thường,3
KH_002658,Phan * * Mai,Mass,DVKD_019,66.48,Có,600.36,Không,Chưa mở thẻ,0.0,Bình thường,2
KH_002659,Đặng * * Thảo,Mass,DVKD_012,8.34,Có,1607.29,Có,Classic Standard,26.35,Bình thường,3
KH_002660,Phạm * * Nam,Mass Affluent,DVKD_013,299.9,Không,0.0,Không,Chưa mở thẻ,0.0,Bình thường,1
KH_002661,Bùi * * Huy,Mass,DVKD_013,22.37,Không,0.0,Có,Signature Infinite,37.74,Bình thường,2
KH_002662,Võ * * Sơn,Mass,DVKD_015,74.25,Có,1905.45,Không,Chưa mở thẻ,0.0,Đã kích hoạt lại thành công,2
KH_002663,Huỳnh * * Nam,Mass Affluent,DVKD_020,68.04,Có,1989.55,Không,Chưa mở thẻ,0.0,Bình thường,2
KH_002664,Lê * * Trang,Mass,DVKD_001,39.64,Có,1522.53,Không,Chưa mở thẻ,0.0,Bình thường,2
KH_002665,Đỗ * * Nam,Private Banking,DVKD_013,262.04,Có,2360.19,Không,Chưa mở thẻ,0.0,Bình thường,2
KH_002666,Hoàng * * Khoa,Priority VIP,DVKD_020,98.0,Có,1762.62,Không,Chưa mở thẻ,0.0,Bình thường,2
KH_002667,Vũ * * Trang,Mass,DVKD_017,5.14,Không,0.0,Có,Gold Visa,14.21,Bình thường,2
KH_002668,Đặng * * Sơn,Mass Affluent,DVKD_010,295.27,Có,113.42,Không,Chưa mở thẻ,0.0,Đã kích hoạt lại thành công,2
KH_002669,Phan * * Sơn,Mass Affluent,DVKD_011,375.67,Có,1995.77,Không,Chưa mở thẻ,0.0,Bình thường,2
KH_002670,Đặng * * Quân,Mass Affluent,DVKD_003,106.19,Không,0.0,Có,Gold Visa,34.93,Bình thường,2
KH_002671,Bùi * * Bình,Mass,DVKD_018,36.23,Không,0.0,Có,Signature Infinite,38.43,Bình thường,2
KH_002672,Lê * * An,Priority VIP,DVKD_001,140.77,Có,1073.23,Có,Platinum CashBack,18.92,Bình thường,3
KH_002673,Vũ * * Giang,Mass,DVKD_013,43.71,Không,0.0,Không,Chưa mở thẻ,0.0,Bình thường,1
KH_002674,Huỳnh * * Phúc,Mass Affluent,DVKD_015,62.21,Không,0.0,Có,Gold Visa,33.85,Bình thường,2
KH_002675,Trần * * Nam,Mass Affluent,DVKD_022,618.58,Có,2020.22,Có,Gold Visa,22.66,Bình thường,3
KH_002676,Bùi * * Cường,Mass Affluent,DVKD_023,94.88,Có,418.41,Có,Platinum CashBack,24.77,Đã kích hoạt lại thành công,3
KH_002677,Phạm * * Bình,Mass,DVKD_024,16.05,Không,0.0,Có,Classic Standard,8.3,Bình thường,2
KH_002678,Lê * * Dũng,Mass,DVKD_024,2.09,Có,1773.73,Có,Platinum CashBack,43.26,Bình thường,3
KH_002679,Huỳnh * * Tuấn,Mass,DVKD_001,4.14,Có,2170.4,Không,Chưa mở thẻ,0.0,Đang tiếp cận,2
KH_002680,Đặng * * Hương,Mass Affluent,DVKD_003,203.11,Có,1154.28,Không,Chưa mở thẻ,0.0,Đã kích hoạt lại thành công,2
KH_002681,Phạm * * Sơn,Mass Affluent,DVKD_004,87.2,Không,0.0,Có,Signature Infinite,35.0,Bình thường,2
KH_002682,Đỗ * * Huy,Priority VIP,DVKD_018,505.32,Có,961.67,Không,Chưa mở thẻ,0.0,Bình thường,2
KH_002683,Trần * * Dũng,Mass Affluent,DVKD_003,4.14,Có,808.34,Không,Chưa mở thẻ,0.0,Bình thường,2
KH_002684,Hoàng * * Mai,Mass,DVKD_015,16.68,Không,0.0,Có,Platinum CashBack,42.64,Đã kích hoạt lại thành công,2
KH_002685,Bùi * * Dũng,Mass,DVKD_005,14.4,Không,0.0,Có,Signature Infinite,33.92,Bình thường,2
KH_002686,Đặng * * Mai,Priority VIP,DVKD_019,5.46,Có,1371.47,Có,Classic Standard,13.42,Bình thường,3
KH_002687,Vũ * * Vy,Mass,DVKD_016,4.65,Không,0.0,Không,Chưa mở thẻ,0.0,Đang tiếp cận,1
KH_002688,Vũ * * Dũng,Mass Affluent,DVKD_015,149.47,Có,242.66,Không,Chưa mở thẻ,0.0,Bình thường,2
KH_002689,Trần * * Vy,Mass,DVKD_010,23.76,Không,0.0,Không,Chưa mở thẻ,0.0,Bình thường,1
KH_002690,Huỳnh * * Sơn,Mass,DVKD_001,18.13,Không,0.0,Không,Chưa mở thẻ,0.0,Bình thường,1
KH_002691,Đỗ * * Mai,Mass,DVKD_010,26.5,Có,2496.74,Có,Classic Standard,34.86,Bình thường,3
KH_002692,Phạm * * Phúc,Mass,DVKD_016,31.65,Không,0.0,Có,Classic Standard,5.3,Bình thường,2
KH_002693,Trần * * Giang,Mass Affluent,DVKD_007,2.79,Không,0.0,Có,Classic Standard,39.07,Bình thường,2
KH_002694,Đặng * * An,Mass,DVKD_006,21.83,Không,0.0,Có,Signature Infinite,38.33,Bình thường,2
KH_002695,Trần * * Bình,Mass,DVKD_015,115.86,Không,0.0,Có,Gold Visa,13.18,Đã kích hoạt lại thành công,2
KH_002696,Trần * * Thảo,Priority VIP,DVKD_021,204.95,Có,1872.6,Có,Classic Standard,29.61,Bình thường,3
KH_002697,Bùi * * Mai,Mass,DVKD_011,39.61,Không,0.0,Có,Signature Infinite,21.45,Bình thường,2
KH_002698,Phạm * * Trang,Priority VIP,DVKD_012,104.66,Có,143.37,Không,Chưa mở thẻ,0.0,Bình thường,2
KH_002699,Lê * * Nam,Mass,DVKD_007,52.05,Không,0.0,Có,Signature Infinite,14.82,Bình thường,2
KH_002700,Lê * * Vy,Mass Affluent,DVKD_004,415.09,Không,0.0,Không,Chưa mở thẻ,0.0,Bình thường,1
KH_002701,Phạm * * Mai,Private Banking,DVKD_018,206.27,Có,2383.18,Có,Classic Standard,33.54,Bình thường,3
KH_002702,Võ * * Hương,Mass Affluent,DVKD_007,1044.48,Có,553.03,Có,Gold Visa,16.21,Bình thường,3
KH_002703,Huỳnh * * Sơn,Mass Affluent,DVKD_021,37.56,Có,1207.7,Có,Gold Visa,10.11,Bình thường,3
KH_002704,Vũ * * Sơn,Mass,DVKD_017,0.6,Có,1530.34,Không,Chưa mở thẻ,0.0,Đang tiếp cận,2
KH_002705,Phạm * * Huy,Mass Affluent,DVKD_020,411.7,Có,2466.15,Có,Classic Standard,27.13,Bình thường,3
KH_002706,Lê * * Vy,Mass,DVKD_008,57.61,Không,0.0,Không,Chưa mở thẻ,0.0,Bình thường,1
KH_002707,Hoàng * * Quân,Mass,DVKD_003,4.48,Không,0.0,Có,Classic Standard,41.93,Bình thường,2
KH_002708,Vũ * * Quân,Mass Affluent,DVKD_016,86.43,Có,475.34,Có,Gold Visa,13.58,Bình thường,3
KH_002709,Đặng * * Mai,Mass Affluent,DVKD_007,4.96,Có,1641.82,Có,Signature Infinite,42.39,Đang tiếp cận,3
KH_002710,Hoàng * * An,Private Banking,DVKD_023,97.21,Có,1932.37,Có,Platinum CashBack,34.78,Bình thường,3
KH_002711,Phan * * Nam,Mass,DVKD_015,51.92,Có,2075.64,Không,Chưa mở thẻ,0.0,Đã kích hoạt lại thành công,2
KH_002712,Hoàng * * Dũng,Mass,DVKD_009,25.54,Không,0.0,Không,Chưa mở thẻ,0.0,Đã kích hoạt lại thành công,1
KH_002713,Đặng * * Khoa,Mass,DVKD_021,14.98,Không,0.0,Có,Signature Infinite,15.12,Bình thường,2
KH_002714,Đặng * * An,Mass,DVKD_010,16.27,Không,0.0,Có,Gold Visa,39.78,Bình thường,2
KH_002715,Phan * * Trang,Priority VIP,DVKD_021,0.38,Có,306.92,Có,Platinum CashBack,16.4,Bình thường,3
KH_002716,Võ * * Khoa,Mass,DVKD_020,12.47,Có,2098.86,Có,Platinum CashBack,25.02,Đã kích hoạt lại thành công,3
KH_002717,Lê * * Thảo,Mass,DVKD_001,36.39,Không,0.0,Không,Chưa mở thẻ,0.0,Bình thường,1
KH_002718,Bùi * * Vy,Priority VIP,DVKD_015,1024.01,Có,595.94,Có,Platinum CashBack,25.97,Bình thường,3
KH_002719,Bùi * * Hương,Mass Affluent,DVKD_017,525.76,Có,1121.7,Có,Gold Visa,20.29,Đã kích hoạt lại thành công,3
KH_002720,Lê * * Cường,Priority VIP,DVKD_004,6.69,Không,0.0,Có,Gold Visa,42.93,Bình thường,2
KH_002721,Lê * * Hương,Priority VIP,DVKD_024,640.72,Có,715.49,Không,Chưa mở thẻ,0.0,Bình thường,2
KH_002722,Bùi * * Giang,Mass,DVKD_016,53.51,Không,0.0,Không,Chưa mở thẻ,0.0,Bình thường,1
KH_002723,Phan * * Quân,Mass,DVKD_019,53.05,Không,0.0,Có,Platinum CashBack,31.67,Bình thường,2
KH_002724,Trần * * Huy,Mass,DVKD_001,21.44,Không,0.0,Không,Chưa mở thẻ,0.0,Bình thường,1
KH_002725,Vũ * * Nam,Mass,DVKD_007,17.76,Có,752.29,Không,Chưa mở thẻ,0.0,Bình thường,2
KH_002726,Nguyễn * * Huy,Mass Affluent,DVKD_008,101.04,Có,1924.61,Có,Classic Standard,41.73,Bình thường,3
KH_002727,Trần * * Mai,Mass,DVKD_014,2.38,Không,0.0,Có,Signature Infinite,15.31,Bình thường,2
KH_002728,Lê * * Dũng,Private Banking,DVKD_021,72.54,Không,0.0,Không,Chưa mở thẻ,0.0,Bình thường,1
KH_002729,Phan * * Bình,Mass,DVKD_015,9.91,Không,0.0,Có,Signature Infinite,8.53,Bình thường,2
KH_002730,Phạm * * Bình,Mass Affluent,DVKD_015,185.3,Có,169.91,Không,Chưa mở thẻ,0.0,Bình thường,2
KH_002731,Vũ * * Khoa,Mass Affluent,DVKD_008,385.31,Có,2047.55,Có,Signature Infinite,12.12,Đã kích hoạt lại thành công,3
KH_002732,Trần * * Nam,Priority VIP,DVKD_004,179.79,Có,2344.32,Có,Classic Standard,21.38,Bình thường,3
KH_002733,Phạm * * Khoa,Mass,DVKD_022,2.09,Có,2369.05,Có,Signature Infinite,8.33,Bình thường,3
KH_002734,Phạm * * Nam,Mass Affluent,DVKD_011,886.23,Có,1034.35,Có,Signature Infinite,17.45,Bình thường,3
KH_002735,Đỗ * * Quân,Mass,DVKD_022,100.1,Không,0.0,Có,Gold Visa,41.22,Bình thường,2
KH_002736,Hoàng * * Hương,Mass,DVKD_001,53.83,Có,117.81,Có,Classic Standard,42.14,Đã kích hoạt lại thành công,3
KH_002737,Đặng * * Vy,Mass,DVKD_017,166.17,Không,0.0,Có,Signature Infinite,32.25,Bình thường,2
KH_002738,Hoàng * * Nam,Mass,DVKD_005,27.52,Có,1023.3,Không,Chưa mở thẻ,0.0,Bình thường,2
KH_002739,Hoàng * * Trang,Mass,DVKD_005,115.17,Không,0.0,Không,Chưa mở thẻ,0.0,Bình thường,1
KH_002740,Phạm * * Hương,Mass,DVKD_023,2.75,Không,0.0,Có,Platinum CashBack,6.36,Đang tiếp cận,2
KH_002741,Bùi * * Huy,Mass,DVKD_009,15.93,Không,0.0,Không,Chưa mở thẻ,0.0,Bình thường,1
KH_002742,Đặng * * Mai,Mass,DVKD_001,8.94,Không,0.0,Có,Gold Visa,29.51,Bình thường,2
KH_002743,Bùi * * Huy,Mass Affluent,DVKD_010,61.03,Không,0.0,Có,Signature Infinite,29.75,Bình thường,2
KH_002744,Trần * * Cường,Mass Affluent,DVKD_024,42.49,Có,1241.94,Không,Chưa mở thẻ,0.0,Đã kích hoạt lại thành công,2
KH_002745,Hoàng * * Mai,Mass,DVKD_015,34.09,Không,0.0,Có,Signature Infinite,12.18,Bình thường,2
KH_002746,Vũ * * Trang,Mass,DVKD_021,53.21,Không,0.0,Có,Classic Standard,15.53,Bình thường,2
KH_002747,Vũ * * Phúc,Mass,DVKD_012,30.22,Không,0.0,Không,Chưa mở thẻ,0.0,Bình thường,1
KH_002748,Huỳnh * * Hương,Mass Affluent,DVKD_018,44.51,Không,0.0,Có,Gold Visa,38.61,Bình thường,2
KH_002749,Phạm * * Trang,Mass Affluent,DVKD_003,466.67,Có,276.82,Có,Signature Infinite,34.69,Bình thường,3
KH_002750,Đỗ * * Phúc,Mass,DVKD_001,35.37,Có,2018.21,Có,Platinum CashBack,18.97,Bình thường,3
KH_002751,Lê * * Cường,Mass,DVKD_022,17.2,Có,2291.46,Không,Chưa mở thẻ,0.0,Đã kích hoạt lại thành công,2
KH_002752,Vũ * * Hương,Priority VIP,DVKD_006,313.95,Có,1068.19,Không,Chưa mở thẻ,0.0,Bình thường,2
KH_002753,Hoàng * * Phúc,Private Banking,DVKD_001,84.27,Có,1818.36,Có,Classic Standard,29.08,Bình thường,3
KH_002754,Vũ * * Quân,Priority VIP,DVKD_019,118.56,Có,482.0,Không,Chưa mở thẻ,0.0,Bình thường,2
KH_002755,Đặng * * Nam,Mass Affluent,DVKD_017,698.54,Có,246.57,Có,Gold Visa,25.67,Đã kích hoạt lại thành công,3
KH_002756,Huỳnh * * Trang,Priority VIP,DVKD_017,96.1,Có,1099.32,Không,Chưa mở thẻ,0.0,Bình thường,2
KH_002757,Phan * * Giang,Mass,DVKD_013,22.22,Không,0.0,Có,Gold Visa,9.32,Bình thường,2
KH_002758,Lê * * Giang,Mass Affluent,DVKD_017,618.4,Có,2404.73,Không,Chưa mở thẻ,0.0,Đã kích hoạt lại thành công,2
KH_002759,Võ * * An,Mass Affluent,DVKD_007,344.41,Có,1990.31,Không,Chưa mở thẻ,0.0,Bình thường,2
KH_002760,Huỳnh * * Linh,Mass,DVKD_016,2.25,Không,0.0,Không,Chưa mở thẻ,0.0,Bình thường,1
KH_002761,Bùi * * Giang,Mass,DVKD_012,5.58,Không,0.0,Không,Chưa mở thẻ,0.0,Bình thường,1
KH_002762,Nguyễn * * Dũng,Mass,DVKD_024,0.28,Không,0.0,Không,Chưa mở thẻ,0.0,Bình thường,1
KH_002763,Phan * * Linh,Mass,DVKD_024,34.89,Không,0.0,Không,Chưa mở thẻ,0.0,Bình thường,1
KH_002764,Lê * * Huy,Mass Affluent,DVKD_012,166.21,Có,2154.15,Có,Gold Visa,24.4,Bình thường,3
KH_002765,Võ * * An,Mass,DVKD_021,5.05,Có,2182.92,Có,Classic Standard,38.46,Bình thường,3
KH_002766,Vũ * * Hương,Mass,DVKD_004,110.9,Không,0.0,Không,Chưa mở thẻ,0.0,Bình thường,1
KH_002767,Nguyễn * * Tuấn,Mass,DVKD_003,26.4,Có,1313.67,Có,Gold Visa,41.46,Bình thường,3
KH_002768,Đặng * * Sơn,Mass,DVKD_015,9.69,Không,0.0,Có,Gold Visa,8.13,Bình thường,2
KH_002769,Phạm * * Linh,Priority VIP,DVKD_010,194.42,Không,0.0,Không,Chưa mở thẻ,0.0,Bình thường,1
KH_002770,Võ * * Vy,Mass,DVKD_023,39.84,Có,2181.07,Có,Classic Standard,40.49,Bình thường,3
KH_002771,Hoàng * * Huy,Mass,DVKD_013,2.78,Không,0.0,Có,Platinum CashBack,6.18,Bình thường,2
KH_002772,Phạm * * Trang,Mass,DVKD_020,11.24,Không,0.0,Có,Platinum CashBack,44.11,Bình thường,2
KH_002773,Trần * * Quân,Mass,DVKD_017,57.57,Không,0.0,Có,Platinum CashBack,19.11,Bình thường,2
KH_002774,Lê * * Hương,Mass Affluent,DVKD_009,172.36,Có,1422.36,Không,Chưa mở thẻ,0.0,Bình thường,2
KH_002775,Hoàng * * Cường,Mass,DVKD_003,27.68,Không,0.0,Không,Chưa mở thẻ,0.0,Bình thường,1
KH_002776,Hoàng * * Phúc,Mass,DVKD_021,19.85,Không,0.0,Có,Gold Visa,17.31,Bình thường,2
KH_002777,Hoàng * * Mai,Mass,DVKD_019,1.57,Có,2402.6,Không,Chưa mở thẻ,0.0,Bình thường,2
KH_002778,Vũ * * Sơn,Mass,DVKD_001,6.34,Có,1942.45,Có,Platinum CashBack,38.94,Bình thường,3
KH_002779,Đặng * * Dũng,Mass,DVKD_015,20.64,Có,1137.4,Có,Classic Standard,14.01,Bình thường,3
KH_002780,Trần * * Tuấn,Mass Affluent,DVKD_017,65.71,Có,1942.32,Có,Classic Standard,17.85,Bình thường,3
KH_002781,Huỳnh * * Dũng,Mass Affluent,DVKD_016,14.36,Có,1928.09,Có,Platinum CashBack,30.56,Bình thường,3
KH_002782,Đặng * * Bình,Mass,DVKD_013,64.95,Không,0.0,Có,Platinum CashBack,6.31,Bình thường,2
KH_002783,Đặng * * Thảo,Priority VIP,DVKD_023,1112.58,Không,0.0,Có,Signature Infinite,18.75,Bình thường,2
KH_002784,Lê * * Linh,Mass,DVKD_016,55.15,Không,0.0,Có,Classic Standard,19.06,Bình thường,2
KH_002785,Trần * * Thảo,Mass,DVKD_001,67.29,Có,1382.69,Có,Signature Infinite,25.08,Bình thường,3
KH_002786,Trần * * Quân,Mass Affluent,DVKD_020,77.57,Có,1539.31,Không,Chưa mở thẻ,0.0,Bình thường,2
KH_002787,Nguyễn * * Sơn,Mass,DVKD_016,113.21,Không,0.0,Có,Gold Visa,17.42,Bình thường,2
KH_002788,Nguyễn * * Phúc,Mass Affluent,DVKD_021,61.41,Có,2025.72,Có,Signature Infinite,42.47,Bình thường,3
KH_002789,Trần * * Trang,Mass,DVKD_015,105.87,Có,1463.46,Có,Classic Standard,19.91,Đã kích hoạt lại thành công,3
KH_002790,Đặng * * Dũng,Mass,DVKD_018,184.2,Không,0.0,Có,Platinum CashBack,7.08,Bình thường,2
KH_002791,Lê * * Giang,Mass,DVKD_012,43.53,Có,453.88,Có,Platinum CashBack,22.47,Bình thường,3
KH_002792,Hoàng * * Phúc,Mass,DVKD_022,138.98,Không,0.0,Có,Gold Visa,40.54,Bình thường,2
KH_002793,Bùi * * Mai,Mass,DVKD_016,29.5,Không,0.0,Có,Platinum CashBack,11.18,Bình thường,2
KH_002794,Bùi * * Trang,Mass Affluent,DVKD_023,84.14,Có,1011.09,Có,Signature Infinite,9.45,Bình thường,3
KH_002795,Phạm * * Linh,Mass Affluent,DVKD_023,160.85,Có,1044.99,Có,Classic Standard,26.34,Bình thường,3
KH_002796,Trần * * Phúc,Private Banking,DVKD_024,252.09,Không,0.0,Không,Chưa mở thẻ,0.0,Bình thường,1
KH_002797,Bùi * * Quân,Mass,DVKD_008,2.66,Có,1539.04,Có,Signature Infinite,25.36,Bình thường,3
KH_002798,Phan * * Sơn,Mass,DVKD_010,34.08,Không,0.0,Không,Chưa mở thẻ,0.0,Bình thường,1
KH_002799,Đặng * * Dũng,Mass Affluent,DVKD_014,1112.36,Có,709.33,Có,Signature Infinite,5.25,Bình thường,3
KH_002800,Vũ * * An,Mass,DVKD_022,7.38,Không,0.0,Có,Platinum CashBack,11.79,Đang tiếp cận,2
KH_002801,Phan * * Giang,Mass,DVKD_006,55.06,Không,0.0,Có,Platinum CashBack,24.58,Bình thường,2
KH_002802,Đỗ * * Nam,Priority VIP,DVKD_022,667.76,Có,1101.56,Có,Gold Visa,33.13,Bình thường,3
KH_002803,Vũ * * Nam,Mass,DVKD_018,100.7,Có,672.59,Không,Chưa mở thẻ,0.0,Bình thường,2
KH_002804,Phan * * Hương,Mass Affluent,DVKD_023,902.24,Có,1005.72,Có,Platinum CashBack,35.99,Đã kích hoạt lại thành công,3
KH_002805,Đỗ * * Sơn,Mass Affluent,DVKD_003,206.36,Có,1109.86,Có,Classic Standard,31.57,Bình thường,3
KH_002806,Lê * * Quân,Mass,DVKD_001,132.5,Có,634.17,Không,Chưa mở thẻ,0.0,Bình thường,2
KH_002807,Đỗ * * Linh,Mass Affluent,DVKD_012,396.47,Có,231.32,Có,Gold Visa,40.06,Bình thường,3
KH_002808,Phan * * Trang,Mass,DVKD_021,6.17,Có,828.83,Không,Chưa mở thẻ,0.0,Bình thường,2
KH_002809,Phan * * Quân,Mass,DVKD_014,22.68,Không,0.0,Có,Gold Visa,19.73,Bình thường,2
KH_002810,Đặng * * An,Priority VIP,DVKD_012,354.77,Có,1219.22,Không,Chưa mở thẻ,0.0,Bình thường,2
KH_002811,Vũ * * Linh,Mass,DVKD_020,9.94,Không,0.0,Không,Chưa mở thẻ,0.0,Bình thường,1
KH_002812,Hoàng * * Cường,Mass,DVKD_001,35.82,Không,0.0,Có,Signature Infinite,16.31,Bình thường,2
KH_002813,Phan * * Phúc,Mass,DVKD_014,38.44,Không,0.0,Có,Gold Visa,12.76,Bình thường,2
KH_002814,Vũ * * An,Mass,DVKD_023,6.22,Không,0.0,Có,Platinum CashBack,38.24,Đang tiếp cận,2
KH_002815,Phạm * * Thảo,Mass Affluent,DVKD_005,233.13,Có,1350.68,Có,Signature Infinite,32.95,Bình thường,3
KH_002816,Trần * * Hương,Mass Affluent,DVKD_001,413.5,Có,1818.06,Có,Platinum CashBack,35.97,Bình thường,3
KH_002817,Trần * * Hương,Mass,DVKD_007,24.18,Có,2315.69,Có,Signature Infinite,35.92,Bình thường,3
KH_002818,Vũ * * Quân,Mass Affluent,DVKD_020,3.41,Có,252.53,Không,Chưa mở thẻ,0.0,Bình thường,2
KH_002819,Lê * * Vy,Mass,DVKD_021,0.32,Có,130.4,Có,Gold Visa,34.32,Bình thường,3
KH_002820,Lê * * Hương,Mass,DVKD_002,15.46,Không,0.0,Không,Chưa mở thẻ,0.0,Bình thường,1
KH_002821,Trần * * Dũng,Mass,DVKD_015,91.22,Có,482.86,Có,Classic Standard,38.36,Bình thường,3
KH_002822,Nguyễn * * Phúc,Mass,DVKD_023,9.09,Có,2388.3,Không,Chưa mở thẻ,0.0,Đang tiếp cận,2
KH_002823,Trần * * Thảo,Priority VIP,DVKD_008,281.71,Có,1314.42,Có,Classic Standard,44.68,Đã kích hoạt lại thành công,3
KH_002824,Nguyễn * * Nam,Mass,DVKD_010,8.79,Có,446.3,Có,Classic Standard,13.27,Bình thường,3
KH_002825,Lê * * Huy,Mass,DVKD_012,13.58,Không,0.0,Có,Gold Visa,7.27,Bình thường,2
KH_002826,Đặng * * Hương,Mass,DVKD_021,65.95,Không,0.0,Có,Classic Standard,34.79,Đã kích hoạt lại thành công,2
KH_002827,Phan * * Hương,Mass Affluent,DVKD_005,365.44,Có,2090.13,Không,Chưa mở thẻ,0.0,Đã kích hoạt lại thành công,2
KH_002828,Phan * * Trang,Mass Affluent,DVKD_022,28.07,Có,677.96,Không,Chưa mở thẻ,0.0,Bình thường,2
KH_002829,Hoàng * * Hương,Mass,DVKD_018,19.59,Không,0.0,Có,Gold Visa,42.3,Bình thường,2
KH_002830,Võ * * Nam,Mass,DVKD_023,1.04,Không,0.0,Không,Chưa mở thẻ,0.0,Bình thường,1
KH_002831,Huỳnh * * Mai,Mass,DVKD_012,22.95,Không,0.0,Không,Chưa mở thẻ,0.0,Bình thường,1
KH_002832,Vũ * * Phúc,Mass,DVKD_009,38.01,Có,1057.65,Có,Platinum CashBack,30.85,Bình thường,3
KH_002833,Phan * * Trang,Mass,DVKD_014,4.41,Không,0.0,Có,Gold Visa,42.15,Đang tiếp cận,2
KH_002834,Phan * * Quân,Mass,DVKD_002,11.93,Có,1206.43,Không,Chưa mở thẻ,0.0,Đã kích hoạt lại thành công,2
KH_002835,Phan * * Trang,Mass,DVKD_007,17.75,Có,705.03,Không,Chưa mở thẻ,0.0,Bình thường,2
KH_002836,Đặng * * Quân,Mass,DVKD_009,88.2,Có,1232.14,Không,Chưa mở thẻ,0.0,Bình thường,2
KH_002837,Huỳnh * * Bình,Priority VIP,DVKD_007,1399.71,Có,315.74,Không,Chưa mở thẻ,0.0,Bình thường,2
KH_002838,Võ * * An,Mass Affluent,DVKD_006,12.87,Có,1440.93,Có,Gold Visa,35.88,Bình thường,3
KH_002839,Phan * * Dũng,Mass,DVKD_002,50.1,Có,770.4,Có,Classic Standard,41.06,Bình thường,3
KH_002840,Nguyễn * * Tuấn,Mass Affluent,DVKD_011,130.14,Có,1553.6,Không,Chưa mở thẻ,0.0,Bình thường,2
KH_002841,Phạm * * Cường,Priority VIP,DVKD_006,139.53,Có,1774.4,Không,Chưa mở thẻ,0.0,Bình thường,2
KH_002842,Phan * * Quân,Mass,DVKD_003,49.12,Có,1475.99,Không,Chưa mở thẻ,0.0,Bình thường,2
KH_002843,Trần * * Giang,Priority VIP,DVKD_019,701.75,Có,2401.13,Có,Classic Standard,30.22,Bình thường,3
KH_002844,Nguyễn * * Hương,Mass Affluent,DVKD_017,844.05,Có,1213.24,Có,Platinum CashBack,20.93,Bình thường,3
KH_002845,Lê * * Cường,Mass,DVKD_020,30.12,Không,0.0,Không,Chưa mở thẻ,0.0,Bình thường,1
KH_002846,Đặng * * Dũng,Mass,DVKD_008,15.46,Có,1967.74,Có,Gold Visa,42.63,Bình thường,3
KH_002847,Vũ * * Phúc,Mass Affluent,DVKD_020,433.73,Có,1781.78,Có,Signature Infinite,5.9,Bình thường,3
KH_002848,Vũ * * An,Mass,DVKD_006,10.12,Không,0.0,Không,Chưa mở thẻ,0.0,Bình thường,1
KH_002849,Huỳnh * * Sơn,Priority VIP,DVKD_014,232.48,Có,1099.45,Không,Chưa mở thẻ,0.0,Bình thường,2
KH_002850,Đặng * * Hương,Mass Affluent,DVKD_019,124.34,Có,960.53,Không,Chưa mở thẻ,0.0,Bình thường,2
KH_002851,Phạm * * Mai,Mass,DVKD_001,37.41,Không,0.0,Có,Gold Visa,19.19,Bình thường,2
KH_002852,Võ * * Trang,Mass,DVKD_004,9.62,Không,0.0,Không,Chưa mở thẻ,0.0,Bình thường,1
KH_002853,Võ * * Giang,Mass,DVKD_005,7.44,Không,0.0,Có,Platinum CashBack,36.04,Bình thường,2
KH_002854,Phạm * * Giang,Mass Affluent,DVKD_022,701.11,Có,1145.05,Có,Signature Infinite,24.74,Bình thường,3
KH_002855,Trần * * Giang,Mass,DVKD_003,3.76,Không,0.0,Có,Platinum CashBack,20.55,Bình thường,2
KH_002856,Huỳnh * * Khoa,Mass,DVKD_017,24.68,Không,0.0,Có,Classic Standard,24.82,Bình thường,2
KH_002857,Bùi * * Dũng,Mass,DVKD_023,8.73,Không,0.0,Có,Signature Infinite,15.27,Bình thường,2
KH_002858,Nguyễn * * Giang,Priority VIP,DVKD_008,11.12,Có,577.74,Có,Signature Infinite,7.42,Bình thường,3
KH_002859,Hoàng * * Vy,Mass Affluent,DVKD_002,10.27,Có,489.23,Có,Signature Infinite,36.09,Bình thường,3
KH_002860,Bùi * * Trang,Mass Affluent,DVKD_011,53.94,Không,0.0,Có,Classic Standard,26.18,Bình thường,2
KH_002861,Hoàng * * Tuấn,Mass,DVKD_008,70.55,Không,0.0,Không,Chưa mở thẻ,0.0,Bình thường,1
KH_002862,Phạm * * Mai,Mass Affluent,DVKD_011,92.95,Không,0.0,Có,Platinum CashBack,26.39,Bình thường,2
KH_002863,Lê * * Trang,Mass Affluent,DVKD_003,841.39,Có,973.49,Không,Chưa mở thẻ,0.0,Đã kích hoạt lại thành công,2
KH_002864,Huỳnh * * Mai,Mass Affluent,DVKD_006,243.98,Có,748.84,Có,Signature Infinite,12.35,Bình thường,3
KH_002865,Đỗ * * Trang,Mass Affluent,DVKD_006,160.66,Có,1264.03,Không,Chưa mở thẻ,0.0,Bình thường,2
KH_002866,Lê * * Cường,Mass,DVKD_023,30.37,Có,1563.14,Có,Gold Visa,38.37,Bình thường,3
KH_002867,Lê * * Tuấn,Private Banking,DVKD_012,203.59,Có,1063.27,Có,Gold Visa,20.51,Bình thường,3
KH_002868,Nguyễn * * Giang,Mass,DVKD_022,49.77,Không,0.0,Có,Gold Visa,21.36,Bình thường,2
KH_002869,Võ * * Sơn,Mass,DVKD_018,11.62,Có,167.18,Có,Platinum CashBack,40.45,Bình thường,3
KH_002870,Đặng * * Vy,Mass,DVKD_003,15.24,Không,0.0,Không,Chưa mở thẻ,0.0,Bình thường,1
KH_002871,Bùi * * Cường,Mass,DVKD_015,78.58,Có,1878.6,Không,Chưa mở thẻ,0.0,Bình thường,2
KH_002872,Đỗ * * Bình,Mass,DVKD_011,102.45,Không,0.0,Có,Signature Infinite,16.04,Bình thường,2
KH_002873,Vũ * * Trang,Mass Affluent,DVKD_005,624.63,Có,125.72,Có,Platinum CashBack,19.16,Bình thường,3
KH_002874,Vũ * * Phúc,Mass Affluent,DVKD_024,152.26,Có,809.5,Có,Gold Visa,43.14,Bình thường,3
KH_002875,Phan * * Thảo,Mass,DVKD_023,53.05,Có,789.31,Có,Platinum CashBack,44.66,Bình thường,3
KH_002876,Vũ * * Dũng,Mass,DVKD_007,22.64,Không,0.0,Có,Classic Standard,29.65,Bình thường,2
KH_002877,Phạm * * Dũng,Priority VIP,DVKD_013,192.71,Có,175.98,Có,Signature Infinite,40.84,Đã kích hoạt lại thành công,3
KH_002878,Vũ * * Vy,Mass,DVKD_001,8.02,Không,0.0,Không,Chưa mở thẻ,0.0,Bình thường,1
KH_002879,Lê * * Huy,Mass,DVKD_012,31.3,Có,1156.4,Không,Chưa mở thẻ,0.0,Bình thường,2
KH_002880,Lê * * Cường,Mass,DVKD_023,7.21,Không,0.0,Không,Chưa mở thẻ,0.0,Bình thường,1
KH_002881,Lê * * An,Priority VIP,DVKD_002,112.79,Có,2337.61,Có,Classic Standard,10.63,Bình thường,3
KH_002882,Vũ * * Tuấn,Mass,DVKD_010,67.59,Không,0.0,Có,Gold Visa,20.59,Đã kích hoạt lại thành công,2
KH_002883,Đặng * * Quân,Mass,DVKD_020,8.12,Không,0.0,Có,Gold Visa,41.83,Bình thường,2
KH_002884,Trần * * Huy,Mass,DVKD_022,2.58,Có,556.87,Có,Classic Standard,43.87,Bình thường,3
KH_002885,Nguyễn * * Quân,Priority VIP,DVKD_021,20.02,Có,1995.5,Có,Platinum CashBack,32.05,Bình thường,3
KH_002886,Hoàng * * Bình,Mass,DVKD_001,98.93,Có,345.31,Không,Chưa mở thẻ,0.0,Bình thường,2
KH_002887,Võ * * An,Mass,DVKD_012,24.75,Không,0.0,Không,Chưa mở thẻ,0.0,Bình thường,1
KH_002888,Đỗ * * Mai,Mass,DVKD_013,18.43,Có,1418.14,Có,Signature Infinite,12.27,Bình thường,3
KH_002889,Phạm * * Trang,Priority VIP,DVKD_016,466.3,Không,0.0,Có,Signature Infinite,20.07,Bình thường,2
KH_002890,Bùi * * Huy,Mass,DVKD_021,63.24,Không,0.0,Không,Chưa mở thẻ,0.0,Bình thường,1
KH_002891,Đặng * * Sơn,Mass Affluent,DVKD_020,113.05,Có,1700.35,Có,Gold Visa,27.84,Bình thường,3
KH_002892,Đỗ * * Phúc,Mass,DVKD_015,41.4,Không,0.0,Có,Platinum CashBack,35.34,Bình thường,2
KH_002893,Trần * * Vy,Mass,DVKD_001,51.61,Không,0.0,Có,Signature Infinite,16.4,Bình thường,2
KH_002894,Vũ * * Trang,Mass,DVKD_020,37.21,Không,0.0,Có,Signature Infinite,26.28,Bình thường,2
KH_002895,Vũ * * Sơn,Mass,DVKD_005,5.75,Có,550.07,Có,Signature Infinite,27.24,Bình thường,3
KH_002896,Đặng * * Hương,Mass Affluent,DVKD_009,584.23,Không,0.0,Không,Chưa mở thẻ,0.0,Bình thường,1
KH_002897,Lê * * Cường,Mass,DVKD_019,27.11,Có,813.28,Không,Chưa mở thẻ,0.0,Bình thường,2
KH_002898,Phan * * Vy,Priority VIP,DVKD_003,92.94,Có,200.22,Có,Signature Infinite,26.12,Bình thường,3
KH_002899,Huỳnh * * Khoa,Priority VIP,DVKD_022,155.06,Không,0.0,Có,Signature Infinite,40.85,Bình thường,2
KH_002900,Đặng * * Thảo,Mass,DVKD_006,1.34,Không,0.0,Có,Signature Infinite,38.15,Bình thường,2
KH_002901,Lê * * Quân,Mass,DVKD_014,4.79,Có,1483.05,Không,Chưa mở thẻ,0.0,Bình thường,2
KH_002902,Vũ * * Trang,Mass,DVKD_012,50.77,Không,0.0,Có,Classic Standard,7.19,Bình thường,2
KH_002903,Đỗ * * Sơn,Mass Affluent,DVKD_001,0.0,Có,1177.82,Có,Signature Infinite,38.57,Bình thường,2
KH_002904,Võ * * Vy,Mass,DVKD_012,18.86,Không,0.0,Có,Platinum CashBack,25.72,Bình thường,2
KH_002905,Hoàng * * Sơn,Mass,DVKD_004,25.87,Có,1361.76,Không,Chưa mở thẻ,0.0,Bình thường,2
KH_002906,Võ * * Linh,Mass Affluent,DVKD_011,15.73,Có,684.23,Có,Classic Standard,14.49,Bình thường,3
KH_002907,Đỗ * * Thảo,Mass,DVKD_012,126.52,Không,0.0,Có,Signature Infinite,15.98,Đã kích hoạt lại thành công,2
KH_002908,Nguyễn * * Linh,Mass Affluent,DVKD_021,71.78,Có,376.18,Không,Chưa mở thẻ,0.0,Bình thường,2
KH_002909,Võ * * Khoa,Private Banking,DVKD_011,101.55,Không,0.0,Có,Signature Infinite,25.26,Bình thường,2
KH_002910,Võ * * Nam,Mass,DVKD_008,12.68,Không,0.0,Có,Classic Standard,21.3,Bình thường,2
KH_002911,Hoàng * * Tuấn,Mass,DVKD_017,9.17,Có,2010.14,Không,Chưa mở thẻ,0.0,Bình thường,2
KH_002912,Võ * * Sơn,Priority VIP,DVKD_010,0.41,Không,0.0,Có,Classic Standard,25.09,Bình thường,2
KH_002913,Lê * * Sơn,Mass Affluent,DVKD_020,365.93,Không,0.0,Có,Signature Infinite,31.34,Bình thường,2
KH_002914,Lê * * Khoa,Mass,DVKD_021,119.23,Có,1420.64,Có,Gold Visa,39.7,Bình thường,3
KH_002915,Phan * * Vy,Mass Affluent,DVKD_003,71.11,Không,0.0,Không,Chưa mở thẻ,0.0,Bình thường,1
KH_002916,Trần * * Sơn,Mass,DVKD_004,38.07,Không,0.0,Có,Platinum CashBack,42.36,Bình thường,2
KH_002917,Phan * * Thảo,Mass,DVKD_009,47.4,Có,2167.38,Có,Signature Infinite,8.16,Bình thường,3
KH_002918,Phạm * * Dũng,Mass,DVKD_007,66.03,Không,0.0,Có,Signature Infinite,29.54,Bình thường,2
KH_002919,Lê * * Quân,Mass,DVKD_021,19.22,Không,0.0,Có,Gold Visa,34.31,Đã kích hoạt lại thành công,2
KH_002920,Hoàng * * Huy,Priority VIP,DVKD_014,101.04,Có,1916.47,Có,Signature Infinite,13.17,Bình thường,3
KH_002921,Đặng * * Quân,Mass,DVKD_014,13.77,Có,1959.73,Có,Classic Standard,29.91,Đã kích hoạt lại thành công,3
KH_002922,Phạm * * Mai,Mass,DVKD_003,43.64,Không,0.0,Không,Chưa mở thẻ,0.0,Bình thường,1
KH_002923,Lê * * Phúc,Mass,DVKD_005,59.4,Không,0.0,Có,Platinum CashBack,21.26,Bình thường,2
KH_002924,Huỳnh * * Huy,Mass Affluent,DVKD_001,56.12,Không,0.0,Có,Gold Visa,14.56,Bình thường,2
KH_002925,Nguyễn * * Phúc,Mass,DVKD_012,16.22,Có,180.21,Không,Chưa mở thẻ,0.0,Bình thường,2
KH_002926,Hoàng * * Dũng,Mass,DVKD_007,81.28,Có,291.18,Không,Chưa mở thẻ,0.0,Bình thường,2
KH_002927,Đỗ * * Hương,Mass Affluent,DVKD_010,460.17,Có,2456.05,Không,Chưa mở thẻ,0.0,Bình thường,2
KH_002928,Phan * * Vy,Mass,DVKD_008,146.66,Không,0.0,Không,Chưa mở thẻ,0.0,Bình thường,1
KH_002929,Hoàng * * Hương,Mass,DVKD_023,49.12,Không,0.0,Có,Classic Standard,6.97,Bình thường,2
KH_002930,Phan * * Huy,Mass,DVKD_012,17.48,Không,0.0,Có,Classic Standard,30.61,Bình thường,2
KH_002931,Bùi * * Cường,Mass Affluent,DVKD_014,250.08,Có,2108.4,Có,Signature Infinite,22.06,Bình thường,3
KH_002932,Phan * * Hương,Mass,DVKD_013,37.86,Không,0.0,Có,Platinum CashBack,5.5,Bình thường,2
KH_002933,Bùi * * Sơn,Mass,DVKD_009,2.86,Không,0.0,Không,Chưa mở thẻ,0.0,Đang tiếp cận,1
KH_002934,Nguyễn * * Dũng,Priority VIP,DVKD_003,220.18,Có,1392.14,Không,Chưa mở thẻ,0.0,Bình thường,2
KH_002935,Đặng * * Vy,Priority VIP,DVKD_009,345.95,Có,1964.36,Có,Platinum CashBack,11.48,Bình thường,3
KH_002936,Phạm * * Giang,Mass,DVKD_017,6.41,Không,0.0,Có,Gold Visa,36.27,Đang tiếp cận,2
KH_002937,Đỗ * * Dũng,Mass,DVKD_004,53.1,Không,0.0,Có,Gold Visa,9.86,Bình thường,2
KH_002938,Nguyễn * * An,Mass Affluent,DVKD_003,245.43,Không,0.0,Có,Gold Visa,22.55,Bình thường,2
KH_002939,Hoàng * * Trang,Mass,DVKD_023,106.44,Không,0.0,Có,Classic Standard,33.33,Bình thường,2
KH_002940,Huỳnh * * Linh,Mass,DVKD_015,1.52,Có,1197.36,Không,Chưa mở thẻ,0.0,Đang tiếp cận,2
KH_002941,Đỗ * * An,Private Banking,DVKD_010,86.33,Có,2240.55,Có,Signature Infinite,23.22,Bình thường,3
KH_002942,Bùi * * Bình,Mass,DVKD_020,32.21,Không,0.0,Không,Chưa mở thẻ,0.0,Bình thường,1
KH_002943,Phạm * * Trang,Mass,DVKD_009,12.31,Không,0.0,Có,Signature Infinite,32.43,Bình thường,2
KH_002944,Đỗ * * Khoa,Priority VIP,DVKD_019,350.91,Có,473.51,Có,Classic Standard,40.26,Bình thường,3
KH_002945,Bùi * * Tuấn,Mass,DVKD_010,49.8,Không,0.0,Có,Gold Visa,18.01,Bình thường,2
KH_002946,Huỳnh * * Huy,Private Banking,DVKD_014,30.28,Có,1434.38,Có,Platinum CashBack,33.21,Bình thường,3
KH_002947,Vũ * * Mai,Mass Affluent,DVKD_010,201.95,Có,328.27,Có,Platinum CashBack,10.31,Bình thường,3
KH_002948,Lê * * Bình,Mass,DVKD_022,24.89,Không,0.0,Có,Platinum CashBack,43.61,Đã kích hoạt lại thành công,2
KH_002949,Vũ * * Linh,Mass,DVKD_017,16.13,Có,741.5,Có,Platinum CashBack,29.26,Đã kích hoạt lại thành công,3
KH_002950,Phạm * * Quân,Mass,DVKD_003,94.57,Không,0.0,Có,Signature Infinite,17.92,Bình thường,2
KH_002951,Phạm * * Khoa,Mass,DVKD_012,61.51,Có,1394.32,Có,Signature Infinite,7.13,Bình thường,3
KH_002952,Phan * * Nam,Mass,DVKD_004,41.81,Có,1562.3,Có,Classic Standard,15.35,Bình thường,3
KH_002953,Võ * * Dũng,Mass Affluent,DVKD_011,350.81,Có,1605.74,Không,Chưa mở thẻ,0.0,Bình thường,2
KH_002954,Phan * * Tuấn,Mass Affluent,DVKD_008,173.42,Không,0.0,Có,Classic Standard,29.85,Bình thường,2
KH_002955,Lê * * Tuấn,Mass Affluent,DVKD_015,710.71,Có,2068.54,Có,Signature Infinite,24.4,Bình thường,3
KH_002956,Đặng * * Phúc,Mass,DVKD_016,41.51,Có,2432.42,Không,Chưa mở thẻ,0.0,Bình thường,2
KH_002957,Huỳnh * * Mai,Mass,DVKD_004,45.69,Không,0.0,Có,Classic Standard,15.08,Bình thường,2
KH_002958,Nguyễn * * An,Mass,DVKD_015,69.24,Không,0.0,Không,Chưa mở thẻ,0.0,Bình thường,1
KH_002959,Huỳnh * * Thảo,Mass,DVKD_016,11.21,Không,0.0,Có,Platinum CashBack,34.52,Bình thường,2
KH_002960,Võ * * Bình,Priority VIP,DVKD_014,460.72,Có,1330.18,Không,Chưa mở thẻ,0.0,Bình thường,2
KH_002961,Lê * * Giang,Mass Affluent,DVKD_018,60.82,Có,1314.67,Không,Chưa mở thẻ,0.0,Bình thường,2
KH_002962,Bùi * * Nam,Mass Affluent,DVKD_020,118.62,Có,1245.2,Có,Platinum CashBack,29.79,Bình thường,3
KH_002963,Huỳnh * * Sơn,Mass Affluent,DVKD_002,114.49,Không,0.0,Không,Chưa mở thẻ,0.0,Bình thường,1
KH_002964,Hoàng * * Khoa,Mass,DVKD_007,134.43,Có,1063.46,Không,Chưa mở thẻ,0.0,Bình thường,2
KH_002965,Đỗ * * Vy,Mass Affluent,DVKD_004,543.67,Có,1255.17,Có,Gold Visa,42.57,Bình thường,3
KH_002966,Bùi * * Linh,Mass,DVKD_013,42.28,Không,0.0,Có,Signature Infinite,11.72,Bình thường,2
KH_002967,Đặng * * Tuấn,Mass Affluent,DVKD_009,363.58,Có,2256.35,Có,Classic Standard,5.0,Bình thường,3
KH_002968,Bùi * * Khoa,Mass Affluent,DVKD_001,231.2,Có,1477.09,Có,Platinum CashBack,33.29,Bình thường,3
KH_002969,Nguyễn * * Vy,Mass,DVKD_019,102.87,Không,0.0,Không,Chưa mở thẻ,0.0,Bình thường,1
KH_002970,Đỗ * * Quân,Mass,DVKD_022,24.0,Có,2489.01,Có,Gold Visa,35.99,Bình thường,3
KH_002971,Huỳnh * * Quân,Mass Affluent,DVKD_005,134.08,Có,1232.13,Có,Signature Infinite,40.42,Bình thường,3
KH_002972,Phạm * * Vy,Mass,DVKD_014,6.23,Không,0.0,Có,Platinum CashBack,27.64,Bình thường,2
KH_002973,Lê * * Khoa,Mass,DVKD_017,54.0,Có,714.77,Có,Platinum CashBack,37.26,Bình thường,3
KH_002974,Hoàng * * Phúc,Mass,DVKD_017,46.41,Không,0.0,Không,Chưa mở thẻ,0.0,Bình thường,1
KH_002975,Nguyễn * * Linh,Mass,DVKD_011,16.98,Không,0.0,Không,Chưa mở thẻ,0.0,Bình thường,1
KH_002976,Bùi * * Huy,Mass Affluent,DVKD_015,7.14,Có,936.34,Có,Classic Standard,11.87,Bình thường,3
KH_002977,Phạm * * Khoa,Priority VIP,DVKD_022,511.37,Có,539.53,Không,Chưa mở thẻ,0.0,Bình thường,2
KH_002978,Huỳnh * * Quân,Mass,DVKD_019,0.4,Không,0.0,Có,Platinum CashBack,25.76,Bình thường,2
KH_002979,Đặng * * Nam,Priority VIP,DVKD_016,340.59,Không,0.0,Có,Platinum CashBack,36.66,Bình thường,2
KH_002980,Phan * * An,Mass,DVKD_012,123.03,Không,0.0,Không,Chưa mở thẻ,0.0,Bình thường,1
KH_002981,Đỗ * * Huy,Priority VIP,DVKD_015,161.18,Có,1687.57,Có,Platinum CashBack,11.73,Bình thường,3
KH_002982,Võ * * Khoa,Mass,DVKD_006,9.37,Không,0.0,Có,Classic Standard,15.16,Bình thường,2
KH_002983,Đỗ * * An,Mass,DVKD_003,42.71,Có,1609.48,Có,Classic Standard,16.11,Bình thường,3
KH_002984,Hoàng * * Khoa,Mass Affluent,DVKD_013,475.71,Có,1680.92,Không,Chưa mở thẻ,0.0,Bình thường,2
KH_002985,Võ * * Linh,Priority VIP,DVKD_018,221.37,Có,196.74,Không,Chưa mở thẻ,0.0,Đã kích hoạt lại thành công,2
KH_002986,Phan * * Sơn,Priority VIP,DVKD_006,955.45,Có,2246.84,Không,Chưa mở thẻ,0.0,Bình thường,2
KH_002987,Nguyễn * * Dũng,Mass,DVKD_018,1.86,Có,911.36,Có,Signature Infinite,33.38,Bình thường,3
KH_002988,Đỗ * * Huy,Mass,DVKD_001,24.6,Có,1010.22,Không,Chưa mở thẻ,0.0,Bình thường,2
KH_002989,Bùi * * Dũng,Mass,DVKD_006,44.36,Không,0.0,Có,Platinum CashBack,19.36,Bình thường,2
KH_002990,Võ * * Trang,Mass Affluent,DVKD_005,555.84,Có,1075.59,Có,Gold Visa,7.27,Bình thường,3
KH_002991,Bùi * * Hương,Priority VIP,DVKD_009,55.31,Có,1274.2,Có,Classic Standard,44.54,Đã kích hoạt lại thành công,3
KH_002992,Bùi * * Vy,Mass Affluent,DVKD_023,450.65,Có,2291.31,Có,Gold Visa,8.45,Đã kích hoạt lại thành công,3
KH_002993,Trần * * Sơn,Mass,DVKD_014,28.16,Không,0.0,Không,Chưa mở thẻ,0.0,Bình thường,1
KH_002994,Phạm * * Linh,Priority VIP,DVKD_010,141.43,Có,2157.9,Không,Chưa mở thẻ,0.0,Đã kích hoạt lại thành công,2
KH_002995,Đặng * * Nam,Priority VIP,DVKD_018,39.55,Có,1518.13,Có,Platinum CashBack,36.32,Bình thường,3
KH_002996,Phan * * Thảo,Mass Affluent,DVKD_004,561.31,Có,2387.83,Không,Chưa mở thẻ,0.0,Bình thường,2
KH_002997,Bùi * * Phúc,Mass,DVKD_004,5.99,Có,830.24,Có,Gold Visa,20.33,Bình thường,3
KH_002998,Huỳnh * * Cường,Priority VIP,DVKD_003,103.81,Có,1869.65,Không,Chưa mở thẻ,0.0,Bình thường,2
KH_002999,Đỗ * * Nam,Mass Affluent,DVKD_021,95.92,Có,948.3,Có,Gold Visa,26.62,Bình thường,3
KH_003000,Vũ * * Bình,Mass,DVKD_001,71.79,Không,0.0,Có,Classic Standard,25.41,Đã kích hoạt lại thành công,2
KH_003001,Đỗ * * Sơn,Mass,DVKD_017,39.09,Không,0.0,Có,Gold Visa,13.4,Bình thường,2
KH_003002,Trần * * Phúc,Mass,DVKD_024,55.75,Không,0.0,Có,Classic Standard,9.79,Bình thường,2
KH_003003,Huỳnh * * Khoa,Mass,DVKD_017,10.09,Không,0.0,Có,Platinum CashBack,27.49,Đã kích hoạt lại thành công,2
KH_003004,Đỗ * * Bình,Priority VIP,DVKD_020,274.54,Không,0.0,Không,Chưa mở thẻ,0.0,Bình thường,1
KH_003005,Lê * * Mai,Mass Affluent,DVKD_003,237.45,Có,737.25,Có,Signature Infinite,37.1,Bình thường,3
KH_003006,Đỗ * * Thảo,Mass Affluent,DVKD_022,500.85,Có,646.76,Có,Platinum CashBack,5.95,Bình thường,3
KH_003007,Trần * * Sơn,Mass,DVKD_004,82.79,Có,309.09,Có,Classic Standard,27.59,Bình thường,3
KH_003008,Vũ * * Giang,Priority VIP,DVKD_011,3.42,Không,0.0,Có,Signature Infinite,13.04,Bình thường,2
KH_003009,Bùi * * Trang,Mass Affluent,DVKD_002,313.86,Có,206.63,Có,Platinum CashBack,32.77,Bình thường,3
KH_003010,Bùi * * An,Mass,DVKD_022,1.86,Có,497.78,Có,Gold Visa,44.91,Bình thường,3
KH_003011,Đặng * * Bình,Mass,DVKD_019,27.86,Không,0.0,Không,Chưa mở thẻ,0.0,Bình thường,1
KH_003012,Vũ * * Bình,Mass,DVKD_024,11.87,Có,1757.11,Không,Chưa mở thẻ,0.0,Bình thường,2
KH_003013,Hoàng * * Trang,Mass,DVKD_003,12.82,Có,659.86,Có,Platinum CashBack,40.26,Bình thường,3
KH_003014,Trần * * Quân,Mass,DVKD_019,15.24,Có,1938.9,Có,Platinum CashBack,10.41,Bình thường,3
KH_003015,Đỗ * * Vy,Mass Affluent,DVKD_013,271.88,Không,0.0,Có,Classic Standard,28.42,Bình thường,2
KH_003016,Võ * * Huy,Mass Affluent,DVKD_007,113.83,Có,164.03,Có,Gold Visa,8.92,Bình thường,3
KH_003017,Bùi * * Sơn,Mass,DVKD_010,46.18,Có,2022.42,Không,Chưa mở thẻ,0.0,Bình thường,2
KH_003018,Lê * * An,Mass Affluent,DVKD_016,145.15,Có,2460.7,Có,Signature Infinite,36.12,Bình thường,3
KH_003019,Bùi * * Tuấn,Mass,DVKD_023,2.48,Có,145.56,Không,Chưa mở thẻ,0.0,Bình thường,2
KH_003020,Lê * * Thảo,Priority VIP,DVKD_023,428.78,Có,2079.05,Không,Chưa mở thẻ,0.0,Bình thường,2
KH_003021,Võ * * Vy,Mass,DVKD_009,11.78,Có,1136.28,Không,Chưa mở thẻ,0.0,Bình thường,2
KH_003022,Hoàng * * Mai,Mass,DVKD_017,19.84,Không,0.0,Có,Gold Visa,23.17,Bình thường,2
KH_003023,Huỳnh * * Thảo,Mass,DVKD_010,40.48,Có,1750.99,Có,Platinum CashBack,18.85,Bình thường,3
KH_003024,Võ * * Cường,Mass,DVKD_003,14.15,Có,231.88,Không,Chưa mở thẻ,0.0,Bình thường,2
KH_003025,Trần * * Bình,Mass Affluent,DVKD_018,16.31,Có,603.55,Không,Chưa mở thẻ,0.0,Đã kích hoạt lại thành công,2
KH_003026,Bùi * * Linh,Mass,DVKD_024,16.39,Có,770.01,Có,Classic Standard,39.92,Bình thường,3
KH_003027,Phạm * * Sơn,Priority VIP,DVKD_020,809.32,Không,0.0,Có,Platinum CashBack,40.36,Bình thường,2
KH_003028,Phạm * * Vy,Mass,DVKD_015,35.93,Không,0.0,Có,Signature Infinite,27.03,Bình thường,2
KH_003029,Bùi * * Cường,Mass,DVKD_018,38.96,Không,0.0,Có,Platinum CashBack,17.84,Đã kích hoạt lại thành công,2
KH_003030,Đặng * * Bình,Mass,DVKD_018,35.02,Có,1891.87,Có,Platinum CashBack,13.65,Bình thường,3
KH_003031,Đỗ * * Sơn,Mass,DVKD_017,7.77,Không,0.0,Không,Chưa mở thẻ,0.0,Bình thường,1
KH_003032,Bùi * * Cường,Mass,DVKD_018,18.97,Không,0.0,Không,Chưa mở thẻ,0.0,Bình thường,1
KH_003033,Nguyễn * * Linh,Mass,DVKD_019,48.65,Có,953.58,Có,Gold Visa,12.92,Bình thường,3
KH_003034,Đặng * * Khoa,Priority VIP,DVKD_022,29.93,Không,0.0,Không,Chưa mở thẻ,0.0,Đã kích hoạt lại thành công,1
KH_003035,Bùi * * Nam,Priority VIP,DVKD_008,91.15,Có,1538.24,Không,Chưa mở thẻ,0.0,Bình thường,2
KH_003036,Vũ * * Trang,Priority VIP,DVKD_016,90.55,Có,1385.59,Có,Platinum CashBack,30.24,Bình thường,3
KH_003037,Võ * * Sơn,Mass,DVKD_014,19.8,Có,2275.82,Có,Classic Standard,17.34,Bình thường,3
KH_003038,Nguyễn * * Nam,Mass,DVKD_018,137.57,Không,0.0,Có,Platinum CashBack,34.72,Bình thường,2
KH_003039,Võ * * Trang,Mass,DVKD_012,2.45,Không,0.0,Có,Gold Visa,7.73,Bình thường,2
KH_003040,Vũ * * Tuấn,Mass Affluent,DVKD_002,204.75,Có,1909.59,Không,Chưa mở thẻ,0.0,Bình thường,2
KH_003041,Đặng * * Quân,Mass,DVKD_001,6.92,Có,625.21,Không,Chưa mở thẻ,0.0,Bình thường,2
KH_003042,Hoàng * * Sơn,Mass Affluent,DVKD_009,988.22,Có,348.55,Có,Platinum CashBack,26.81,Bình thường,3
KH_003043,Đặng * * Huy,Mass,DVKD_005,4.21,Không,0.0,Không,Chưa mở thẻ,0.0,Bình thường,1
KH_003044,Nguyễn * * Hương,Mass,DVKD_005,18.09,Không,0.0,Không,Chưa mở thẻ,0.0,Bình thường,1
KH_003045,Nguyễn * * Sơn,Mass Affluent,DVKD_014,374.91,Có,2486.08,Không,Chưa mở thẻ,0.0,Bình thường,2
KH_003046,Huỳnh * * Quân,Mass Affluent,DVKD_022,341.4,Không,0.0,Có,Signature Infinite,35.0,Bình thường,2
KH_003047,Bùi * * Phúc,Mass Affluent,DVKD_002,153.84,Có,2077.58,Có,Gold Visa,9.97,Đã kích hoạt lại thành công,3
KH_003048,Vũ * * An,Mass,DVKD_014,14.89,Có,1725.72,Có,Signature Infinite,18.44,Bình thường,3
KH_003049,Nguyễn * * Cường,Priority VIP,DVKD_001,141.92,Không,0.0,Không,Chưa mở thẻ,0.0,Bình thường,1
KH_003050,Phan * * Hương,Mass Affluent,DVKD_013,85.93,Không,0.0,Không,Chưa mở thẻ,0.0,Bình thường,1
KH_003051,Phan * * Vy,Mass,DVKD_011,8.04,Không,0.0,Có,Signature Infinite,37.4,Bình thường,2
KH_003052,Võ * * Nam,Mass,DVKD_023,23.09,Không,0.0,Có,Signature Infinite,42.3,Bình thường,2
KH_003053,Đặng * * Trang,Mass,DVKD_002,10.94,Không,0.0,Có,Signature Infinite,36.42,Bình thường,2
KH_003054,Phạm * * An,Mass,DVKD_018,11.86,Không,0.0,Không,Chưa mở thẻ,0.0,Bình thường,1
KH_003055,Đặng * * Phúc,Mass,DVKD_023,37.43,Có,1389.41,Không,Chưa mở thẻ,0.0,Bình thường,2
KH_003056,Huỳnh * * Huy,Mass,DVKD_002,121.06,Không,0.0,Có,Classic Standard,30.48,Đã kích hoạt lại thành công,2
KH_003057,Nguyễn * * Linh,Mass,DVKD_013,32.39,Không,0.0,Có,Platinum CashBack,34.56,Bình thường,2
KH_003058,Vũ * * Bình,Mass,DVKD_019,2.8,Có,1793.85,Có,Platinum CashBack,29.78,Bình thường,3
KH_003059,Phan * * Sơn,Mass,DVKD_004,2.75,Không,0.0,Không,Chưa mở thẻ,0.0,Bình thường,1
KH_003060,Lê * * Hương,Mass Affluent,DVKD_005,846.89,Không,0.0,Có,Platinum CashBack,44.55,Bình thường,2
KH_003061,Đỗ * * Dũng,Mass,DVKD_019,12.35,Không,0.0,Có,Platinum CashBack,14.02,Bình thường,2
KH_003062,Nguyễn * * Dũng,Mass,DVKD_022,3.38,Không,0.0,Có,Platinum CashBack,16.45,Bình thường,2
KH_003063,Đỗ * * Cường,Mass,DVKD_024,31.99,Không,0.0,Có,Classic Standard,29.53,Bình thường,2
KH_003064,Võ * * Quân,Mass Affluent,DVKD_007,273.63,Không,0.0,Có,Signature Infinite,9.39,Bình thường,2
KH_003065,Võ * * An,Priority VIP,DVKD_003,292.76,Không,0.0,Có,Classic Standard,13.29,Bình thường,2
KH_003066,Phan * * Phúc,Mass,DVKD_015,10.89,Không,0.0,Có,Signature Infinite,38.46,Bình thường,2
KH_003067,Huỳnh * * Vy,Private Banking,DVKD_012,4.26,Không,0.0,Có,Classic Standard,40.89,Bình thường,2
KH_003068,Vũ * * Nam,Mass,DVKD_019,117.35,Không,0.0,Có,Gold Visa,31.73,Bình thường,2
KH_003069,Võ * * An,Mass,DVKD_005,10.11,Có,243.6,Có,Signature Infinite,16.0,Bình thường,3
KH_003070,Đỗ * * Tuấn,Mass Affluent,DVKD_013,315.59,Có,2030.2,Có,Platinum CashBack,40.38,Đã kích hoạt lại thành công,3
KH_003071,Nguyễn * * Thảo,Priority VIP,DVKD_014,343.37,Có,1344.39,Không,Chưa mở thẻ,0.0,Đã kích hoạt lại thành công,2
KH_003072,Hoàng * * Trang,Mass,DVKD_022,32.96,Không,0.0,Có,Platinum CashBack,34.93,Bình thường,2
KH_003073,Nguyễn * * Cường,Mass,DVKD_019,13.14,Không,0.0,Không,Chưa mở thẻ,0.0,Bình thường,1
KH_003074,Lê * * An,Mass,DVKD_010,11.07,Có,2336.05,Có,Signature Infinite,36.15,Bình thường,3
KH_003075,Đỗ * * Bình,Mass,DVKD_019,31.87,Có,429.08,Không,Chưa mở thẻ,0.0,Bình thường,2
KH_003076,Phan * * Hương,Priority VIP,DVKD_012,562.98,Không,0.0,Có,Signature Infinite,30.71,Bình thường,2
KH_003077,Hoàng * * An,Mass,DVKD_021,102.64,Có,315.51,Không,Chưa mở thẻ,0.0,Bình thường,2
KH_003078,Đặng * * Huy,Mass,DVKD_019,3.92,Có,755.1,Không,Chưa mở thẻ,0.0,Bình thường,2
KH_003079,Đặng * * Vy,Priority VIP,DVKD_020,47.1,Có,504.33,Có,Signature Infinite,11.26,Đã kích hoạt lại thành công,3
KH_003080,Bùi * * Dũng,Mass,DVKD_014,101.35,Không,0.0,Có,Platinum CashBack,24.49,Bình thường,2
KH_003081,Đặng * * Giang,Mass Affluent,DVKD_014,373.47,Có,261.41,Có,Signature Infinite,29.92,Bình thường,3
KH_003082,Vũ * * Thảo,Priority VIP,DVKD_021,600.75,Có,2314.11,Có,Signature Infinite,5.53,Bình thường,3
KH_003083,Bùi * * Thảo,Priority VIP,DVKD_018,63.4,Có,417.07,Có,Signature Infinite,40.02,Bình thường,3
KH_003084,Hoàng * * Mai,Mass,DVKD_001,31.0,Không,0.0,Không,Chưa mở thẻ,0.0,Bình thường,1
KH_003085,Huỳnh * * Phúc,Priority VIP,DVKD_009,338.18,Không,0.0,Không,Chưa mở thẻ,0.0,Bình thường,1
KH_003086,Đỗ * * An,Mass Affluent,DVKD_008,319.14,Có,238.49,Không,Chưa mở thẻ,0.0,Bình thường,2
KH_003087,Huỳnh * * Cường,Mass,DVKD_019,18.36,Không,0.0,Không,Chưa mở thẻ,0.0,Bình thường,1
KH_003088,Phạm * * Vy,Mass,DVKD_016,0.54,Không,0.0,Có,Classic Standard,26.09,Bình thường,2
KH_003089,Phạm * * Tuấn,Mass Affluent,DVKD_002,244.86,Không,0.0,Có,Signature Infinite,26.69,Bình thường,2
KH_003090,Bùi * * Tuấn,Mass Affluent,DVKD_003,81.71,Không,0.0,Có,Gold Visa,18.83,Bình thường,2
KH_003091,Phan * * Sơn,Mass Affluent,DVKD_002,167.52,Có,1083.29,Không,Chưa mở thẻ,0.0,Bình thường,2
KH_003092,Đỗ * * Hương,Mass,DVKD_002,110.61,Có,655.58,Có,Gold Visa,37.3,Bình thường,3
KH_003093,Đặng * * Phúc,Mass Affluent,DVKD_006,142.58,Không,0.0,Có,Platinum CashBack,14.55,Đã kích hoạt lại thành công,2
KH_003094,Huỳnh * * Dũng,Mass,DVKD_014,64.1,Không,0.0,Không,Chưa mở thẻ,0.0,Bình thường,1
KH_003095,Vũ * * Huy,Mass,DVKD_008,7.31,Không,0.0,Có,Gold Visa,32.36,Bình thường,2
KH_003096,Huỳnh * * Vy,Mass Affluent,DVKD_007,312.52,Có,958.88,Có,Classic Standard,29.44,Bình thường,3
KH_003097,Trần * * Khoa,Mass Affluent,DVKD_008,1056.32,Có,1786.64,Không,Chưa mở thẻ,0.0,Bình thường,2
KH_003098,Vũ * * Linh,Mass Affluent,DVKD_022,30.09,Có,1840.69,Không,Chưa mở thẻ,0.0,Bình thường,2
KH_003099,Vũ * * Trang,Mass,DVKD_007,0.29,Có,2376.38,Có,Platinum CashBack,26.99,Bình thường,3
KH_003100,Vũ * * Quân,Mass,DVKD_009,19.89,Có,1787.32,Có,Signature Infinite,23.98,Bình thường,3
KH_003101,Vũ * * Khoa,Mass Affluent,DVKD_011,27.22,Có,1091.08,Có,Signature Infinite,22.19,Bình thường,3
KH_003102,Võ * * Huy,Private Banking,DVKD_007,386.36,Có,122.26,Có,Classic Standard,32.59,Bình thường,3
KH_003103,Trần * * Quân,Mass Affluent,DVKD_018,688.75,Có,492.49,Có,Gold Visa,16.4,Bình thường,3
KH_003104,Võ * * Bình,Mass Affluent,DVKD_020,159.38,Có,2084.42,Có,Gold Visa,11.77,Bình thường,3
KH_003105,Võ * * Trang,Mass,DVKD_002,10.48,Không,0.0,Không,Chưa mở thẻ,0.0,Bình thường,1
KH_003106,Võ * * Giang,Mass,DVKD_019,19.95,Có,1152.75,Có,Platinum CashBack,42.29,Bình thường,3
KH_003107,Nguyễn * * Linh,Mass,DVKD_005,44.99,Không,0.0,Không,Chưa mở thẻ,0.0,Bình thường,1
KH_003108,Trần * * Quân,Mass,DVKD_002,0.32,Không,0.0,Không,Chưa mở thẻ,0.0,Bình thường,1
KH_003109,Hoàng * * Cường,Priority VIP,DVKD_008,249.27,Có,785.54,Có,Gold Visa,6.81,Bình thường,3
KH_003110,Nguyễn * * Thảo,Mass Affluent,DVKD_022,266.02,Có,1769.63,Có,Signature Infinite,31.09,Bình thường,3
KH_003111,Đặng * * Thảo,Mass Affluent,DVKD_013,284.27,Có,1763.23,Có,Signature Infinite,27.93,Đã kích hoạt lại thành công,3
KH_003112,Võ * * Mai,Mass Affluent,DVKD_001,77.59,Không,0.0,Có,Classic Standard,6.32,Bình thường,2
KH_003113,Trần * * Mai,Mass Affluent,DVKD_007,350.55,Không,0.0,Có,Platinum CashBack,18.57,Bình thường,2
KH_003114,Hoàng * * An,Priority VIP,DVKD_010,26.84,Có,634.38,Có,Gold Visa,26.83,Bình thường,3
KH_003115,Phan * * Quân,Mass Affluent,DVKD_023,62.22,Có,2267.94,Không,Chưa mở thẻ,0.0,Bình thường,2
KH_003116,Lê * * Nam,Private Banking,DVKD_008,587.83,Không,0.0,Có,Gold Visa,11.26,Bình thường,2
KH_003117,Vũ * * Trang,Mass,DVKD_012,46.98,Có,2310.58,Có,Gold Visa,25.66,Bình thường,3
KH_003118,Phạm * * Dũng,Mass,DVKD_008,0.48,Không,0.0,Có,Platinum CashBack,20.9,Bình thường,2
KH_003119,Bùi * * Cường,Priority VIP,DVKD_004,79.95,Không,0.0,Có,Gold Visa,34.87,Đã kích hoạt lại thành công,2
KH_003120,Phan * * Sơn,Priority VIP,DVKD_006,67.57,Có,1697.77,Có,Classic Standard,19.25,Bình thường,3
KH_003121,Bùi * * Quân,Mass,DVKD_008,11.05,Không,0.0,Có,Classic Standard,43.48,Bình thường,2
KH_003122,Lê * * Linh,Mass,DVKD_008,9.96,Không,0.0,Không,Chưa mở thẻ,0.0,Đang tiếp cận,1
KH_003123,Huỳnh * * Sơn,Mass,DVKD_008,2.26,Có,1523.74,Có,Signature Infinite,14.33,Bình thường,3
KH_003124,Nguyễn * * Hương,Mass,DVKD_020,21.5,Có,1342.23,Có,Gold Visa,34.23,Đã kích hoạt lại thành công,3
KH_003125,Võ * * Dũng,Mass,DVKD_002,46.18,Có,1090.12,Không,Chưa mở thẻ,0.0,Bình thường,2
KH_003126,Võ * * Vy,Mass,DVKD_023,32.66,Không,0.0,Không,Chưa mở thẻ,0.0,Bình thường,1
KH_003127,Huỳnh * * Quân,Mass Affluent,DVKD_020,312.87,Có,576.76,Không,Chưa mở thẻ,0.0,Bình thường,2
KH_003128,Hoàng * * Nam,Mass,DVKD_011,2.96,Không,0.0,Có,Platinum CashBack,33.14,Đang tiếp cận,2
KH_003129,Hoàng * * Quân,Mass,DVKD_018,105.91,Không,0.0,Có,Gold Visa,16.77,Bình thường,2
KH_003130,Hoàng * * An,Mass,DVKD_004,63.81,Không,0.0,Có,Gold Visa,28.72,Đã kích hoạt lại thành công,2
KH_003131,Đặng * * Khoa,Mass Affluent,DVKD_021,457.86,Có,670.21,Có,Classic Standard,34.01,Bình thường,3
KH_003132,Phạm * * Cường,Mass,DVKD_010,60.6,Không,0.0,Có,Classic Standard,26.08,Bình thường,2
KH_003133,Lê * * Cường,Mass,DVKD_010,94.46,Không,0.0,Không,Chưa mở thẻ,0.0,Đã kích hoạt lại thành công,1
KH_003134,Bùi * * Trang,Mass,DVKD_005,27.5,Không,0.0,Có,Classic Standard,17.11,Bình thường,2
KH_003135,Đặng * * Sơn,Mass,DVKD_019,7.82,Có,955.14,Có,Gold Visa,27.47,Bình thường,3
KH_003136,Lê * * Dũng,Mass,DVKD_015,33.57,Có,629.55,Không,Chưa mở thẻ,0.0,Bình thường,2
KH_003137,Bùi * * Thảo,Mass Affluent,DVKD_005,380.3,Có,2231.74,Có,Gold Visa,35.41,Bình thường,3
KH_003138,Đỗ * * Vy,Mass,DVKD_007,46.87,Không,0.0,Có,Signature Infinite,33.75,Bình thường,2
KH_003139,Phan * * Linh,Mass Affluent,DVKD_006,206.36,Có,1521.02,Không,Chưa mở thẻ,0.0,Bình thường,2
KH_003140,Lê * * Nam,Priority VIP,DVKD_001,19.86,Có,613.01,Có,Platinum CashBack,37.77,Bình thường,3
KH_003141,Bùi * * Bình,Priority VIP,DVKD_016,129.87,Không,0.0,Không,Chưa mở thẻ,0.0,Bình thường,1
KH_003142,Nguyễn * * An,Mass,DVKD_005,88.74,Có,2311.86,Không,Chưa mở thẻ,0.0,Bình thường,2
KH_003143,Phan * * Tuấn,Mass,DVKD_007,30.74,Không,0.0,Có,Gold Visa,20.89,Bình thường,2
KH_003144,Phan * * Dũng,Priority VIP,DVKD_011,216.41,Không,0.0,Không,Chưa mở thẻ,0.0,Bình thường,1
KH_003145,Nguyễn * * Huy,Mass Affluent,DVKD_002,87.68,Có,1455.16,Không,Chưa mở thẻ,0.0,Bình thường,2
KH_003146,Nguyễn * * Cường,Mass Affluent,DVKD_008,128.68,Không,0.0,Không,Chưa mở thẻ,0.0,Bình thường,1
KH_003147,Trần * * Sơn,Mass,DVKD_002,79.0,Không,0.0,Có,Signature Infinite,20.88,Bình thường,2
KH_003148,Vũ * * Tuấn,Mass Affluent,DVKD_023,307.44,Có,2194.77,Có,Signature Infinite,24.32,Đã kích hoạt lại thành công,3
KH_003149,Huỳnh * * Dũng,Mass,DVKD_024,54.19,Không,0.0,Có,Signature Infinite,41.73,Bình thường,2
KH_003150,Phan * * Quân,Mass Affluent,DVKD_001,169.62,Không,0.0,Có,Gold Visa,21.48,Bình thường,2
KH_003151,Đỗ * * An,Mass Affluent,DVKD_010,278.58,Có,2258.42,Không,Chưa mở thẻ,0.0,Bình thường,2
KH_003152,Võ * * Phúc,Mass,DVKD_022,9.99,Không,0.0,Có,Classic Standard,29.92,Bình thường,2
KH_003153,Lê * * Trang,Mass,DVKD_001,42.78,Không,0.0,Không,Chưa mở thẻ,0.0,Bình thường,1
KH_003154,Lê * * Nam,Mass,DVKD_021,19.53,Không,0.0,Không,Chưa mở thẻ,0.0,Bình thường,1
KH_003155,Vũ * * Phúc,Mass,DVKD_004,20.45,Không,0.0,Không,Chưa mở thẻ,0.0,Bình thường,1
KH_003156,Nguyễn * * Thảo,Mass,DVKD_013,36.68,Không,0.0,Không,Chưa mở thẻ,0.0,Bình thường,1
KH_003157,Bùi * * Bình,Mass,DVKD_015,96.36,Có,1988.43,Có,Signature Infinite,18.45,Bình thường,3
KH_003158,Bùi * * Trang,Mass Affluent,DVKD_007,18.52,Có,678.56,Có,Classic Standard,6.42,Bình thường,3
KH_003159,Phan * * An,Mass,DVKD_007,60.95,Không,0.0,Không,Chưa mở thẻ,0.0,Bình thường,1
KH_003160,Vũ * * Huy,Mass,DVKD_013,12.1,Không,0.0,Không,Chưa mở thẻ,0.0,Bình thường,1
KH_003161,Nguyễn * * Thảo,Mass,DVKD_001,20.54,Không,0.0,Có,Classic Standard,13.78,Đã kích hoạt lại thành công,2
KH_003162,Vũ * * Thảo,Mass,DVKD_010,0.78,Không,0.0,Có,Platinum CashBack,27.09,Đang tiếp cận,2
KH_003163,Huỳnh * * Huy,Mass Affluent,DVKD_024,100.29,Không,0.0,Có,Platinum CashBack,16.74,Bình thường,2
KH_003164,Phan * * Vy,Mass Affluent,DVKD_012,195.56,Không,0.0,Có,Signature Infinite,24.85,Bình thường,2
KH_003165,Đỗ * * Vy,Mass Affluent,DVKD_022,16.19,Có,817.23,Có,Signature Infinite,9.74,Bình thường,3
KH_003166,Lê * * Giang,Mass,DVKD_022,23.64,Không,0.0,Không,Chưa mở thẻ,0.0,Bình thường,1
KH_003167,Vũ * * Sơn,Mass,DVKD_017,91.66,Có,424.25,Có,Platinum CashBack,28.41,Bình thường,3
KH_003168,Lê * * Thảo,Mass Affluent,DVKD_016,31.18,Có,1919.61,Có,Platinum CashBack,29.0,Bình thường,3
KH_003169,Bùi * * An,Priority VIP,DVKD_015,404.82,Có,2266.01,Không,Chưa mở thẻ,0.0,Bình thường,2
KH_003170,Huỳnh * * Khoa,Mass,DVKD_007,18.45,Không,0.0,Không,Chưa mở thẻ,0.0,Bình thường,1
KH_003171,Đỗ * * Mai,Mass,DVKD_024,37.27,Không,0.0,Không,Chưa mở thẻ,0.0,Đã kích hoạt lại thành công,1
KH_003172,Nguyễn * * Thảo,Mass,DVKD_004,10.55,Có,1611.92,Có,Gold Visa,39.89,Đã kích hoạt lại thành công,3
KH_003173,Vũ * * An,Mass,DVKD_003,6.08,Có,504.8,Không,Chưa mở thẻ,0.0,Bình thường,2
KH_003174,Đặng * * Sơn,Mass Affluent,DVKD_007,48.97,Có,1874.73,Có,Gold Visa,39.33,Bình thường,3
KH_003175,Vũ * * Mai,Mass Affluent,DVKD_015,20.47,Có,2193.17,Có,Platinum CashBack,12.15,Bình thường,3
KH_003176,Bùi * * Huy,Priority VIP,DVKD_022,57.5,Không,0.0,Không,Chưa mở thẻ,0.0,Bình thường,1
KH_003177,Võ * * Dũng,Mass,DVKD_003,38.2,Không,0.0,Có,Classic Standard,35.85,Bình thường,2
KH_003178,Trần * * Trang,Mass,DVKD_006,74.71,Không,0.0,Có,Platinum CashBack,7.85,Bình thường,2
KH_003179,Huỳnh * * Quân,Priority VIP,DVKD_016,471.15,Không,0.0,Không,Chưa mở thẻ,0.0,Bình thường,1
KH_003180,Võ * * Linh,Mass,DVKD_001,40.45,Không,0.0,Không,Chưa mở thẻ,0.0,Bình thường,1
KH_003181,Võ * * Khoa,Priority VIP,DVKD_006,32.77,Có,1022.91,Có,Classic Standard,32.82,Bình thường,3
KH_003182,Lê * * Nam,Mass,DVKD_024,11.95,Có,853.0,Có,Signature Infinite,20.93,Bình thường,3
KH_003183,Bùi * * Sơn,Mass,DVKD_015,12.98,Không,0.0,Có,Platinum CashBack,27.88,Bình thường,2
KH_003184,Đỗ * * Phúc,Mass,DVKD_015,10.07,Có,1784.52,Có,Gold Visa,39.64,Bình thường,3
KH_003185,Võ * * Tuấn,Priority VIP,DVKD_015,202.61,Không,0.0,Có,Classic Standard,15.99,Đã kích hoạt lại thành công,2
KH_003186,Đỗ * * An,Mass,DVKD_017,26.84,Có,755.58,Có,Gold Visa,32.55,Bình thường,3
KH_003187,Lê * * Linh,Mass Affluent,DVKD_021,123.6,Có,411.24,Có,Classic Standard,37.79,Bình thường,3
KH_003188,Võ * * Giang,Mass,DVKD_007,15.28,Không,0.0,Có,Platinum CashBack,24.33,Bình thường,2
KH_003189,Trần * * Mai,Mass,DVKD_013,61.72,Không,0.0,Có,Signature Infinite,44.19,Đã kích hoạt lại thành công,2
KH_003190,Huỳnh * * Hương,Private Banking,DVKD_008,436.04,Có,295.33,Không,Chưa mở thẻ,0.0,Bình thường,2
KH_003191,Đỗ * * Hương,Mass Affluent,DVKD_019,103.0,Có,2413.46,Có,Signature Infinite,9.94,Bình thường,3
KH_003192,Lê * * Hương,Mass,DVKD_002,85.78,Không,0.0,Có,Classic Standard,21.33,Bình thường,2
KH_003193,Trần * * Sơn,Mass,DVKD_023,106.88,Có,624.03,Có,Signature Infinite,31.84,Bình thường,3
KH_003194,Phạm * * Tuấn,Mass,DVKD_001,13.85,Có,1231.09,Có,Signature Infinite,8.67,Bình thường,3
KH_003195,Phan * * An,Mass,DVKD_003,15.32,Có,929.92,Không,Chưa mở thẻ,0.0,Đã kích hoạt lại thành công,2
KH_003196,Bùi * * Phúc,Mass Affluent,DVKD_021,197.25,Có,206.14,Không,Chưa mở thẻ,0.0,Bình thường,2
KH_003197,Đỗ * * Khoa,Mass,DVKD_002,99.13,Không,0.0,Không,Chưa mở thẻ,0.0,Bình thường,1
KH_003198,Lê * * Linh,Mass Affluent,DVKD_005,585.21,Không,0.0,Có,Gold Visa,6.92,Đã kích hoạt lại thành công,2
KH_003199,Phan * * Quân,Mass,DVKD_021,3.79,Không,0.0,Có,Gold Visa,29.4,Bình thường,2
KH_003200,Nguyễn * * Thảo,Mass,DVKD_005,17.46,Có,725.55,Có,Signature Infinite,18.64,Bình thường,3
KH_003201,Đặng * * Giang,Mass,DVKD_009,28.21,Không,0.0,Không,Chưa mở thẻ,0.0,Bình thường,1
KH_003202,Phạm * * Quân,Mass,DVKD_021,24.48,Có,566.42,Có,Platinum CashBack,20.67,Đã kích hoạt lại thành công,3
KH_003203,Lê * * Giang,Mass,DVKD_009,7.54,Có,2306.43,Không,Chưa mở thẻ,0.0,Bình thường,2
KH_003204,Đỗ * * Giang,Mass,DVKD_004,68.52,Không,0.0,Không,Chưa mở thẻ,0.0,Bình thường,1
KH_003205,Đỗ * * Hương,Mass,DVKD_005,39.55,Không,0.0,Có,Gold Visa,43.59,Đã kích hoạt lại thành công,2
KH_003206,Vũ * * Bình,Mass,DVKD_009,63.69,Không,0.0,Có,Gold Visa,30.15,Bình thường,2
KH_003207,Hoàng * * Quân,Mass,DVKD_017,68.51,Không,0.0,Có,Gold Visa,12.96,Bình thường,2
KH_003208,Phạm * * Khoa,Mass,DVKD_002,48.29,Không,0.0,Không,Chưa mở thẻ,0.0,Bình thường,1
KH_003209,Trần * * Dũng,Mass Affluent,DVKD_006,161.95,Có,2368.76,Có,Gold Visa,30.84,Bình thường,3
KH_003210,Nguyễn * * Dũng,Mass Affluent,DVKD_010,264.04,Có,2031.63,Có,Platinum CashBack,7.96,Bình thường,3
KH_003211,Nguyễn * * Tuấn,Mass,DVKD_022,6.12,Không,0.0,Có,Platinum CashBack,39.83,Bình thường,2
KH_003212,Trần * * Nam,Mass Affluent,DVKD_021,313.54,Có,438.4,Không,Chưa mở thẻ,0.0,Bình thường,2
KH_003213,Bùi * * Dũng,Mass,DVKD_020,6.91,Không,0.0,Có,Signature Infinite,44.37,Bình thường,2
KH_003214,Trần * * Vy,Private Banking,DVKD_004,331.52,Không,0.0,Có,Signature Infinite,26.34,Bình thường,2
KH_003215,Đặng * * Sơn,Mass,DVKD_007,9.13,Không,0.0,Không,Chưa mở thẻ,0.0,Bình thường,1
KH_003216,Lê * * Bình,Mass,DVKD_019,4.38,Không,0.0,Có,Classic Standard,38.06,Bình thường,2
KH_003217,Phạm * * Mai,Mass,DVKD_006,6.32,Không,0.0,Có,Platinum CashBack,8.33,Bình thường,2
KH_003218,Phan * * Bình,Mass,DVKD_005,0.07,Có,2158.07,Không,Chưa mở thẻ,0.0,Bình thường,2
KH_003219,Nguyễn * * Hương,Mass,DVKD_014,44.4,Có,1041.95,Có,Classic Standard,13.04,Bình thường,3
KH_003220,Đỗ * * Khoa,Mass,DVKD_004,46.14,Không,0.0,Không,Chưa mở thẻ,0.0,Bình thường,1
KH_003221,Võ * * Trang,Priority VIP,DVKD_005,202.57,Không,0.0,Có,Classic Standard,31.67,Bình thường,2
KH_003222,Huỳnh * * Vy,Mass,DVKD_010,6.16,Không,0.0,Có,Classic Standard,42.29,Bình thường,2
KH_003223,Trần * * Vy,Mass,DVKD_006,3.05,Có,1412.11,Có,Classic Standard,14.69,Bình thường,3
KH_003224,Lê * * Quân,Mass Affluent,DVKD_014,5.41,Có,873.45,Có,Classic Standard,37.1,Đang tiếp cận,3
KH_003225,Phan * * Bình,Mass,DVKD_020,6.34,Không,0.0,Có,Gold Visa,31.0,Bình thường,2
KH_003226,Đỗ * * Linh,Mass,DVKD_017,77.53,Có,1895.71,Không,Chưa mở thẻ,0.0,Bình thường,2
KH_003227,Phạm * * Nam,Mass Affluent,DVKD_024,77.41,Có,1995.19,Không,Chưa mở thẻ,0.0,Bình thường,2
KH_003228,Võ * * Quân,Mass,DVKD_015,15.31,Có,748.01,Không,Chưa mở thẻ,0.0,Đã kích hoạt lại thành công,2
KH_003229,Đỗ * * Cường,Mass,DVKD_018,3.9,Không,0.0,Không,Chưa mở thẻ,0.0,Bình thường,1
KH_003230,Đỗ * * Vy,Mass,DVKD_017,8.8,Không,0.0,Không,Chưa mở thẻ,0.0,Bình thường,1
KH_003231,Phạm * * Trang,Mass Affluent,DVKD_014,205.06,Có,581.86,Có,Classic Standard,27.08,Bình thường,3
KH_003232,Trần * * Thảo,Mass Affluent,DVKD_009,262.04,Có,1152.62,Có,Platinum CashBack,8.65,Bình thường,3
KH_003233,Nguyễn * * Linh,Mass Affluent,DVKD_002,78.82,Có,501.45,Không,Chưa mở thẻ,0.0,Đã kích hoạt lại thành công,2
KH_003234,Đặng * * Quân,Mass Affluent,DVKD_017,16.65,Có,746.11,Có,Signature Infinite,16.2,Bình thường,3
KH_003235,Vũ * * Nam,Mass,DVKD_017,17.36,Không,0.0,Có,Platinum CashBack,9.47,Bình thường,2
KH_003236,Phạm * * Nam,Mass,DVKD_019,9.34,Không,0.0,Có,Gold Visa,29.32,Bình thường,2
KH_003237,Hoàng * * Linh,Mass,DVKD_017,8.68,Không,0.0,Không,Chưa mở thẻ,0.0,Bình thường,1
KH_003238,Đặng * * Mai,Mass,DVKD_023,112.54,Không,0.0,Không,Chưa mở thẻ,0.0,Bình thường,1
KH_003239,Phan * * Khoa,Mass,DVKD_007,33.53,Có,1684.55,Không,Chưa mở thẻ,0.0,Đã kích hoạt lại thành công,2
KH_003240,Huỳnh * * Linh,Mass,DVKD_012,28.49,Không,0.0,Có,Classic Standard,12.48,Bình thường,2
KH_003241,Lê * * Hương,Mass,DVKD_014,18.81,Có,1187.6,Có,Platinum CashBack,16.61,Đã kích hoạt lại thành công,3
KH_003242,Phan * * Linh,Mass,DVKD_022,19.61,Không,0.0,Không,Chưa mở thẻ,0.0,Đã kích hoạt lại thành công,1
KH_003243,Đỗ * * Giang,Mass,DVKD_004,27.25,Có,624.11,Không,Chưa mở thẻ,0.0,Bình thường,2
KH_003244,Vũ * * Giang,Mass,DVKD_006,41.72,Không,0.0,Không,Chưa mở thẻ,0.0,Bình thường,1
KH_003245,Nguyễn * * An,Mass Affluent,DVKD_021,339.12,Có,781.83,Có,Platinum CashBack,32.39,Bình thường,3
KH_003246,Bùi * * Dũng,Mass Affluent,DVKD_002,52.74,Có,2056.38,Có,Platinum CashBack,43.03,Bình thường,3
KH_003247,Hoàng * * Sơn,Mass Affluent,DVKD_012,194.14,Có,2036.33,Có,Signature Infinite,38.25,Bình thường,3
KH_003248,Hoàng * * Thảo,Priority VIP,DVKD_013,148.67,Có,499.63,Có,Classic Standard,12.28,Bình thường,3
KH_003249,Huỳnh * * Phúc,Mass,DVKD_021,71.55,Không,0.0,Có,Platinum CashBack,6.17,Bình thường,2
KH_003250,Lê * * Trang,Mass,DVKD_008,34.93,Không,0.0,Không,Chưa mở thẻ,0.0,Đã kích hoạt lại thành công,1
KH_003251,Trần * * Giang,Mass,DVKD_008,26.61,Có,723.38,Có,Gold Visa,30.58,Bình thường,3
KH_003252,Hoàng * * Trang,Mass,DVKD_002,4.29,Có,2445.04,Có,Gold Visa,34.06,Đang tiếp cận,3
KH_003253,Bùi * * Thảo,Mass,DVKD_023,32.57,Không,0.0,Không,Chưa mở thẻ,0.0,Bình thường,1
KH_003254,Đỗ * * Cường,Mass,DVKD_002,4.36,Không,0.0,Không,Chưa mở thẻ,0.0,Bình thường,1
KH_003255,Đặng * * Vy,Mass,DVKD_021,14.4,Không,0.0,Có,Classic Standard,21.01,Bình thường,2
KH_003256,Nguyễn * * An,Mass,DVKD_013,5.39,Không,0.0,Có,Signature Infinite,10.23,Bình thường,2
KH_003257,Huỳnh * * Dũng,Mass Affluent,DVKD_020,329.81,Không,0.0,Có,Gold Visa,43.67,Đã kích hoạt lại thành công,2
KH_003258,Bùi * * Sơn,Priority VIP,DVKD_021,64.68,Không,0.0,Không,Chưa mở thẻ,0.0,Bình thường,1
KH_003259,Phạm * * An,Mass,DVKD_004,17.41,Không,0.0,Không,Chưa mở thẻ,0.0,Bình thường,1
KH_003260,Hoàng * * Hương,Priority VIP,DVKD_004,632.87,Có,1947.44,Có,Signature Infinite,32.96,Bình thường,3
KH_003261,Huỳnh * * Vy,Mass,DVKD_001,8.0,Không,0.0,Có,Platinum CashBack,10.01,Bình thường,2
KH_003262,Nguyễn * * Sơn,Mass,DVKD_016,24.81,Có,2064.24,Không,Chưa mở thẻ,0.0,Bình thường,2
KH_003263,Bùi * * Khoa,Mass,DVKD_006,19.02,Không,0.0,Không,Chưa mở thẻ,0.0,Bình thường,1
KH_003264,Hoàng * * Dũng,Mass,DVKD_005,0.64,Có,1939.96,Không,Chưa mở thẻ,0.0,Bình thường,2
KH_003265,Nguyễn * * Huy,Mass,DVKD_023,55.09,Có,949.34,Có,Gold Visa,26.32,Bình thường,3
KH_003266,Đỗ * * Nam,Mass,DVKD_024,2.5,Có,1603.93,Có,Gold Visa,19.61,Bình thường,3
KH_003267,Phạm * * Linh,Mass,DVKD_012,22.5,Không,0.0,Không,Chưa mở thẻ,0.0,Bình thường,1
KH_003268,Đặng * * Quân,Mass,DVKD_006,28.79,Không,0.0,Có,Gold Visa,12.21,Bình thường,2
KH_003269,Đỗ * * Quân,Mass,DVKD_016,34.65,Không,0.0,Không,Chưa mở thẻ,0.0,Bình thường,1
KH_003270,Nguyễn * * Khoa,Priority VIP,DVKD_018,326.7,Có,1595.36,Có,Classic Standard,36.03,Bình thường,3
KH_003271,Bùi * * Nam,Mass Affluent,DVKD_004,81.78,Không,0.0,Không,Chưa mở thẻ,0.0,Bình thường,1
KH_003272,Đỗ * * Phúc,Mass Affluent,DVKD_022,2.81,Không,0.0,Có,Classic Standard,36.76,Bình thường,2
KH_003273,Vũ * * Hương,Mass,DVKD_009,44.99,Không,0.0,Có,Classic Standard,43.76,Bình thường,2
KH_003274,Huỳnh * * Dũng,Mass,DVKD_013,26.85,Không,0.0,Không,Chưa mở thẻ,0.0,Bình thường,1
KH_003275,Lê * * Huy,Mass,DVKD_004,63.3,Có,2016.58,Có,Platinum CashBack,43.86,Bình thường,3
KH_003276,Huỳnh * * Mai,Mass,DVKD_017,60.29,Không,0.0,Không,Chưa mở thẻ,0.0,Đã kích hoạt lại thành công,1
KH_003277,Nguyễn * * Trang,Priority VIP,DVKD_012,519.0,Có,1626.36,Có,Signature Infinite,35.45,Bình thường,3
KH_003278,Huỳnh * * An,Mass,DVKD_015,23.23,Có,1840.49,Có,Gold Visa,24.06,Đã kích hoạt lại thành công,3
KH_003279,Phan * * Huy,Mass,DVKD_021,14.21,Không,0.0,Không,Chưa mở thẻ,0.0,Bình thường,1
KH_003280,Nguyễn * * Khoa,Priority VIP,DVKD_002,439.07,Có,694.84,Không,Chưa mở thẻ,0.0,Bình thường,2
KH_003281,Nguyễn * * Nam,Mass,DVKD_004,21.01,Có,1955.91,Không,Chưa mở thẻ,0.0,Bình thường,2
KH_003282,Đỗ * * Trang,Mass Affluent,DVKD_019,56.74,Có,1148.96,Không,Chưa mở thẻ,0.0,Bình thường,2
KH_003283,Võ * * Hương,Mass,DVKD_011,67.58,Không,0.0,Có,Classic Standard,33.1,Bình thường,2
KH_003284,Võ * * Tuấn,Mass Affluent,DVKD_020,599.71,Có,1243.93,Không,Chưa mở thẻ,0.0,Bình thường,2
KH_003285,Bùi * * Cường,Mass,DVKD_008,21.98,Có,2425.83,Có,Classic Standard,43.75,Bình thường,3
KH_003286,Bùi * * Tuấn,Mass,DVKD_017,2.76,Có,239.65,Có,Signature Infinite,44.29,Bình thường,3
KH_003287,Phạm * * An,Mass,DVKD_006,17.18,Có,2008.65,Không,Chưa mở thẻ,0.0,Bình thường,2
KH_003288,Đặng * * Nam,Priority VIP,DVKD_012,455.64,Không,0.0,Có,Classic Standard,14.15,Đã kích hoạt lại thành công,2
KH_003289,Bùi * * Quân,Mass,DVKD_006,81.22,Có,2016.79,Có,Classic Standard,10.28,Bình thường,3
KH_003290,Đặng * * Thảo,Mass,DVKD_006,7.96,Không,0.0,Có,Signature Infinite,7.41,Bình thường,2
KH_003291,Hoàng * * Quân,Mass,DVKD_022,2.43,Không,0.0,Có,Platinum CashBack,28.69,Bình thường,2
KH_003292,Trần * * Nam,Priority VIP,DVKD_016,587.56,Có,1030.67,Không,Chưa mở thẻ,0.0,Bình thường,2
KH_003293,Huỳnh * * Mai,Mass,DVKD_010,17.27,Không,0.0,Không,Chưa mở thẻ,0.0,Bình thường,1
KH_003294,Phan * * Linh,Mass Affluent,DVKD_004,218.5,Có,246.13,Có,Signature Infinite,17.05,Bình thường,3
KH_003295,Trần * * An,Mass,DVKD_021,120.54,Không,0.0,Có,Gold Visa,26.92,Bình thường,2
KH_003296,Vũ * * Quân,Priority VIP,DVKD_018,19.29,Có,1216.29,Có,Platinum CashBack,10.38,Đã kích hoạt lại thành công,3
KH_003297,Phạm * * Cường,Mass Affluent,DVKD_013,292.61,Có,1621.26,Không,Chưa mở thẻ,0.0,Bình thường,2
KH_003298,Đỗ * * Dũng,Priority VIP,DVKD_023,21.56,Có,178.32,Không,Chưa mở thẻ,0.0,Đã kích hoạt lại thành công,2
KH_003299,Phan * * An,Mass,DVKD_024,16.48,Có,474.0,Có,Gold Visa,39.99,Bình thường,3
KH_003300,Bùi * * Dũng,Mass,DVKD_022,57.0,Có,2175.58,Có,Signature Infinite,16.77,Bình thường,3
KH_003301,Đặng * * Quân,Private Banking,DVKD_018,159.1,Không,0.0,Có,Signature Infinite,40.49,Bình thường,2
KH_003302,Trần * * Trang,Mass,DVKD_003,205.51,Có,2396.19,Không,Chưa mở thẻ,0.0,Bình thường,2
KH_003303,Đặng * * Nam,Mass Affluent,DVKD_021,229.28,Có,797.2,Có,Signature Infinite,36.19,Đã kích hoạt lại thành công,3
KH_003304,Võ * * Sơn,Mass,DVKD_013,13.56,Không,0.0,Không,Chưa mở thẻ,0.0,Bình thường,1
KH_003305,Đỗ * * Sơn,Mass,DVKD_023,8.7,Có,1431.46,Không,Chưa mở thẻ,0.0,Bình thường,2
KH_003306,Phạm * * Khoa,Mass,DVKD_007,15.11,Có,173.88,Có,Platinum CashBack,36.49,Bình thường,3
KH_003307,Đặng * * Trang,Mass Affluent,DVKD_015,130.5,Có,390.12,Có,Classic Standard,8.22,Bình thường,3
KH_003308,Võ * * Phúc,Mass Affluent,DVKD_011,19.93,Có,1024.99,Có,Classic Standard,38.96,Bình thường,3
KH_003309,Phạm * * Thảo,Mass,DVKD_016,16.15,Có,2159.88,Có,Classic Standard,35.89,Bình thường,3
KH_003310,Phan * * Mai,Mass,DVKD_003,21.84,Có,1094.72,Có,Platinum CashBack,19.48,Bình thường,3
KH_003311,Nguyễn * * Quân,Priority VIP,DVKD_006,359.18,Có,1747.6,Không,Chưa mở thẻ,0.0,Bình thường,2
KH_003312,Đặng * * Linh,Mass,DVKD_012,37.42,Không,0.0,Có,Signature Infinite,30.3,Bình thường,2
KH_003313,Đỗ * * Dũng,Mass,DVKD_009,43.18,Không,0.0,Có,Signature Infinite,19.94,Bình thường,2
KH_003314,Nguyễn * * Bình,Mass,DVKD_014,0.29,Không,0.0,Không,Chưa mở thẻ,0.0,Bình thường,1
KH_003315,Huỳnh * * Bình,Mass Affluent,DVKD_023,68.73,Không,0.0,Có,Gold Visa,25.76,Bình thường,2
KH_003316,Huỳnh * * Sơn,Priority VIP,DVKD_016,303.46,Có,661.41,Không,Chưa mở thẻ,0.0,Bình thường,2
KH_003317,Trần * * Nam,Mass Affluent,DVKD_013,185.26,Không,0.0,Có,Gold Visa,27.58,Bình thường,2
KH_003318,Hoàng * * Bình,Mass Affluent,DVKD_012,1.49,Không,0.0,Có,Classic Standard,6.55,Bình thường,2
KH_003319,Đặng * * Khoa,Mass,DVKD_004,57.13,Không,0.0,Có,Gold Visa,36.15,Bình thường,2
KH_003320,Phạm * * Hương,Mass,DVKD_013,51.87,Không,0.0,Có,Classic Standard,39.79,Bình thường,2
KH_003321,Bùi * * Huy,Mass,DVKD_016,27.83,Có,1126.16,Không,Chưa mở thẻ,0.0,Bình thường,2
KH_003322,Phan * * Sơn,Mass,DVKD_013,2.41,Có,403.91,Không,Chưa mở thẻ,0.0,Bình thường,2
KH_003323,Nguyễn * * Linh,Mass,DVKD_006,50.91,Có,2139.13,Có,Platinum CashBack,30.21,Bình thường,3
KH_003324,Phạm * * Phúc,Mass,DVKD_021,30.67,Không,0.0,Có,Classic Standard,8.35,Bình thường,2
KH_003325,Hoàng * * Cường,Mass,DVKD_001,53.31,Không,0.0,Có,Gold Visa,32.91,Bình thường,2
KH_003326,Bùi * * Hương,Mass,DVKD_001,48.77,Có,433.55,Có,Gold Visa,35.14,Bình thường,3
KH_003327,Phan * * Dũng,Mass,DVKD_020,56.86,Có,886.95,Có,Platinum CashBack,16.56,Bình thường,3
KH_003328,Trần * * Phúc,Mass,DVKD_009,25.54,Có,405.87,Có,Classic Standard,10.71,Bình thường,3
KH_003329,Trần * * Phúc,Mass,DVKD_022,5.29,Không,0.0,Không,Chưa mở thẻ,0.0,Bình thường,1
KH_003330,Phạm * * Sơn,Mass,DVKD_009,38.93,Không,0.0,Có,Classic Standard,14.46,Đã kích hoạt lại thành công,2
KH_003331,Vũ * * Dũng,Mass,DVKD_016,33.91,Không,0.0,Không,Chưa mở thẻ,0.0,Bình thường,1
KH_003332,Phan * * Cường,Mass,DVKD_020,47.45,Không,0.0,Không,Chưa mở thẻ,0.0,Bình thường,1
KH_003333,Đặng * * Khoa,Mass,DVKD_016,6.52,Có,2234.48,Không,Chưa mở thẻ,0.0,Đang tiếp cận,2
KH_003334,Huỳnh * * Mai,Mass,DVKD_008,7.59,Không,0.0,Không,Chưa mở thẻ,0.0,Bình thường,1
KH_003335,Phạm * * Bình,Mass,DVKD_011,77.39,Không,0.0,Không,Chưa mở thẻ,0.0,Đã kích hoạt lại thành công,1
KH_003336,Võ * * Huy,Priority VIP,DVKD_010,388.14,Không,0.0,Không,Chưa mở thẻ,0.0,Bình thường,1
KH_003337,Đỗ * * Giang,Mass Affluent,DVKD_002,668.77,Có,1636.72,Không,Chưa mở thẻ,0.0,Bình thường,2
KH_003338,Huỳnh * * Vy,Mass Affluent,DVKD_022,398.1,Có,1116.7,Không,Chưa mở thẻ,0.0,Bình thường,2
KH_003339,Trần * * Quân,Mass,DVKD_021,31.82,Không,0.0,Có,Platinum CashBack,17.47,Bình thường,2
KH_003340,Đỗ * * Hương,Private Banking,DVKD_024,297.28,Có,1254.41,Có,Signature Infinite,19.21,Bình thường,3
KH_003341,Huỳnh * * Hương,Mass,DVKD_013,76.98,Có,1756.32,Có,Signature Infinite,35.85,Bình thường,3
KH_003342,Đặng * * Hương,Mass,DVKD_024,30.26,Không,0.0,Có,Gold Visa,20.82,Bình thường,2
KH_003343,Huỳnh * * Phúc,Mass,DVKD_009,35.03,Có,1212.22,Có,Classic Standard,15.14,Bình thường,3
KH_003344,Võ * * Hương,Private Banking,DVKD_004,47.65,Có,1723.01,Có,Signature Infinite,40.07,Bình thường,3
KH_003345,Đặng * * Trang,Priority VIP,DVKD_010,179.85,Có,936.88,Có,Classic Standard,8.95,Bình thường,3
KH_003346,Đặng * * Sơn,Mass Affluent,DVKD_024,352.85,Có,1744.34,Không,Chưa mở thẻ,0.0,Đã kích hoạt lại thành công,2
KH_003347,Hoàng * * Cường,Mass,DVKD_018,11.06,Không,0.0,Không,Chưa mở thẻ,0.0,Bình thường,1
KH_003348,Phan * * Nam,Mass,DVKD_010,7.91,Có,2210.19,Có,Signature Infinite,22.52,Bình thường,3
KH_003349,Phạm * * Dũng,Mass,DVKD_009,13.18,Có,1999.21,Có,Signature Infinite,31.45,Bình thường,3
KH_003350,Phan * * An,Priority VIP,DVKD_022,77.4,Không,0.0,Có,Platinum CashBack,26.34,Bình thường,2
KH_003351,Đỗ * * Mai,Mass,DVKD_019,8.47,Không,0.0,Không,Chưa mở thẻ,0.0,Bình thường,1
KH_003352,Trần * * Cường,Mass,DVKD_015,19.36,Có,1706.08,Có,Classic Standard,15.44,Bình thường,3
KH_003353,Nguyễn * * Trang,Mass,DVKD_008,83.45,Có,362.19,Không,Chưa mở thẻ,0.0,Bình thường,2
KH_003354,Nguyễn * * Hương,Mass Affluent,DVKD_019,198.06,Có,466.56,Có,Gold Visa,44.68,Bình thường,3
KH_003355,Nguyễn * * Hương,Mass,DVKD_011,7.29,Không,0.0,Có,Platinum CashBack,25.97,Bình thường,2
KH_003356,Bùi * * Cường,Mass Affluent,DVKD_005,22.43,Có,2225.25,Không,Chưa mở thẻ,0.0,Bình thường,2
KH_003357,Trần * * Khoa,Mass,DVKD_006,41.69,Không,0.0,Có,Signature Infinite,33.72,Đã kích hoạt lại thành công,2
KH_003358,Phan * * Nam,Mass Affluent,DVKD_004,135.12,Có,2309.98,Có,Signature Infinite,5.87,Bình thường,3
KH_003359,Phan * * Sơn,Mass Affluent,DVKD_001,483.01,Có,882.47,Có,Classic Standard,42.89,Bình thường,3
KH_003360,Huỳnh * * Mai,Mass Affluent,DVKD_005,301.66,Có,538.0,Có,Gold Visa,39.4,Bình thường,3
KH_003361,Huỳnh * * An,Mass,DVKD_005,55.68,Không,0.0,Không,Chưa mở thẻ,0.0,Bình thường,1
KH_003362,Vũ * * Huy,Mass Affluent,DVKD_020,88.87,Có,428.52,Có,Signature Infinite,42.85,Bình thường,3
KH_003363,Đặng * * Phúc,Mass,DVKD_006,41.26,Không,0.0,Có,Classic Standard,12.65,Đã kích hoạt lại thành công,2
KH_003364,Lê * * Tuấn,Mass,DVKD_015,10.73,Không,0.0,Không,Chưa mở thẻ,0.0,Đã kích hoạt lại thành công,1
KH_003365,Phạm * * Cường,Priority VIP,DVKD_011,783.44,Có,445.32,Có,Classic Standard,28.51,Bình thường,3
KH_003366,Bùi * * Trang,Mass,DVKD_015,35.41,Không,0.0,Không,Chưa mở thẻ,0.0,Bình thường,1
KH_003367,Đỗ * * An,Mass,DVKD_016,13.73,Không,0.0,Có,Signature Infinite,28.64,Bình thường,2
KH_003368,Trần * * Thảo,Mass,DVKD_008,10.99,Có,2263.51,Có,Classic Standard,6.86,Bình thường,3
KH_003369,Đặng * * Nam,Mass,DVKD_020,7.42,Không,0.0,Có,Gold Visa,8.24,Bình thường,2
KH_003370,Lê * * An,Mass,DVKD_016,41.52,Có,920.68,Có,Gold Visa,40.09,Bình thường,3
KH_003371,Lê * * Giang,Priority VIP,DVKD_019,69.11,Không,0.0,Không,Chưa mở thẻ,0.0,Bình thường,1
KH_003372,Vũ * * Cường,Mass Affluent,DVKD_004,253.29,Có,639.48,Có,Platinum CashBack,15.23,Bình thường,3
KH_003373,Đỗ * * Dũng,Mass,DVKD_002,10.76,Không,0.0,Có,Gold Visa,37.1,Bình thường,2
KH_003374,Trần * * Dũng,Mass,DVKD_006,37.96,Không,0.0,Có,Classic Standard,14.81,Bình thường,2
KH_003375,Lê * * Linh,Mass Affluent,DVKD_014,472.38,Không,0.0,Không,Chưa mở thẻ,0.0,Bình thường,1
KH_003376,Bùi * * Nam,Mass,DVKD_008,52.68,Có,500.03,Không,Chưa mở thẻ,0.0,Bình thường,2
KH_003377,Phạm * * Huy,Mass,DVKD_008,50.07,Có,1658.75,Có,Signature Infinite,29.09,Bình thường,3
KH_003378,Phạm * * Sơn,Mass,DVKD_006,7.28,Có,1832.57,Không,Chưa mở thẻ,0.0,Bình thường,2
KH_003379,Huỳnh * * Sơn,Mass Affluent,DVKD_008,25.91,Có,501.3,Không,Chưa mở thẻ,0.0,Bình thường,2
KH_003380,Võ * * Giang,Mass Affluent,DVKD_001,336.13,Có,2444.87,Không,Chưa mở thẻ,0.0,Bình thường,2
KH_003381,Huỳnh * * Sơn,Mass,DVKD_003,16.08,Không,0.0,Có,Gold Visa,24.66,Bình thường,2
KH_003382,Trần * * Tuấn,Priority VIP,DVKD_010,158.55,Có,1913.79,Có,Classic Standard,35.97,Bình thường,3
KH_003383,Bùi * * An,Mass,DVKD_015,1.11,Không,0.0,Không,Chưa mở thẻ,0.0,Bình thường,1
KH_003384,Lê * * Vy,Mass,DVKD_024,10.52,Có,693.08,Có,Gold Visa,13.95,Bình thường,3
KH_003385,Võ * * An,Mass Affluent,DVKD_005,9.59,Không,0.0,Không,Chưa mở thẻ,0.0,Bình thường,1
KH_003386,Lê * * Mai,Mass,DVKD_006,73.97,Không,0.0,Có,Classic Standard,26.07,Bình thường,2
KH_003387,Bùi * * Bình,Mass,DVKD_022,9.76,Không,0.0,Có,Gold Visa,21.42,Bình thường,2
KH_003388,Đỗ * * Trang,Mass,DVKD_008,28.52,Không,0.0,Có,Signature Infinite,30.2,Bình thường,2
KH_003389,Phan * * Huy,Priority VIP,DVKD_023,11.13,Có,899.66,Không,Chưa mở thẻ,0.0,Bình thường,2
KH_003390,Đặng * * Khoa,Mass,DVKD_010,38.47,Có,2481.39,Có,Signature Infinite,9.16,Bình thường,3
KH_003391,Nguyễn * * Quân,Priority VIP,DVKD_011,109.23,Có,675.48,Có,Platinum CashBack,15.39,Bình thường,3
KH_003392,Bùi * * Linh,Mass,DVKD_007,79.87,Không,0.0,Có,Gold Visa,35.85,Bình thường,2
KH_003393,Đỗ * * Hương,Priority VIP,DVKD_022,613.29,Không,0.0,Có,Gold Visa,43.82,Bình thường,2
KH_003394,Hoàng * * Khoa,Mass Affluent,DVKD_021,110.17,Có,1359.9,Có,Platinum CashBack,32.22,Bình thường,3
KH_003395,Đặng * * Linh,Mass,DVKD_012,80.93,Có,2350.64,Có,Gold Visa,21.6,Bình thường,3
KH_003396,Phan * * Giang,Mass,DVKD_007,194.66,Không,0.0,Có,Platinum CashBack,42.13,Bình thường,2
KH_003397,Phan * * Mai,Mass Affluent,DVKD_015,488.7,Có,905.51,Có,Classic Standard,34.2,Bình thường,3
KH_003398,Huỳnh * * Mai,Mass Affluent,DVKD_014,521.78,Có,2158.59,Có,Classic Standard,9.17,Bình thường,3
KH_003399,Nguyễn * * Nam,Priority VIP,DVKD_015,80.18,Có,517.74,Không,Chưa mở thẻ,0.0,Bình thường,2
KH_003400,Đỗ * * Sơn,Mass,DVKD_012,30.09,Không,0.0,Có,Platinum CashBack,25.06,Bình thường,2
KH_003401,Nguyễn * * Huy,Mass,DVKD_015,2.44,Không,0.0,Có,Classic Standard,24.63,Bình thường,2
KH_003402,Huỳnh * * Nam,Mass,DVKD_021,3.49,Không,0.0,Không,Chưa mở thẻ,0.0,Bình thường,1
KH_003403,Đỗ * * An,Priority VIP,DVKD_004,1905.61,Có,1314.53,Không,Chưa mở thẻ,0.0,Bình thường,2
KH_003404,Hoàng * * An,Mass,DVKD_016,13.84,Không,0.0,Không,Chưa mở thẻ,0.0,Đã kích hoạt lại thành công,1
KH_003405,Phạm * * Khoa,Mass Affluent,DVKD_006,386.14,Có,173.57,Không,Chưa mở thẻ,0.0,Đã kích hoạt lại thành công,2
KH_003406,Phạm * * Hương,Mass Affluent,DVKD_024,460.13,Không,0.0,Có,Signature Infinite,12.65,Bình thường,2
KH_003407,Trần * * Nam,Priority VIP,DVKD_017,546.59,Có,2093.49,Có,Gold Visa,7.93,Bình thường,3
KH_003408,Đỗ * * Thảo,Mass,DVKD_023,211.55,Không,0.0,Không,Chưa mở thẻ,0.0,Đã kích hoạt lại thành công,1
KH_003409,Bùi * * Thảo,Priority VIP,DVKD_002,77.39,Có,2335.74,Có,Signature Infinite,15.64,Bình thường,3
KH_003410,Hoàng * * Cường,Mass,DVKD_019,1.44,Có,393.6,Không,Chưa mở thẻ,0.0,Bình thường,2
KH_003411,Võ * * Nam,Mass,DVKD_005,18.54,Không,0.0,Không,Chưa mở thẻ,0.0,Đã kích hoạt lại thành công,1
KH_003412,Vũ * * Dũng,Mass,DVKD_005,4.88,Có,1271.26,Có,Signature Infinite,44.6,Bình thường,3
KH_003413,Phạm * * Nam,Mass,DVKD_020,0.79,Không,0.0,Không,Chưa mở thẻ,0.0,Bình thường,1
KH_003414,Nguyễn * * Trang,Mass,DVKD_017,15.64,Có,1103.31,Không,Chưa mở thẻ,0.0,Bình thường,2
KH_003415,Lê * * An,Mass,DVKD_009,53.59,Không,0.0,Không,Chưa mở thẻ,0.0,Bình thường,1
KH_003416,Võ * * Sơn,Mass Affluent,DVKD_008,233.84,Có,1797.86,Có,Classic Standard,10.07,Bình thường,3
KH_003417,Đặng * * Quân,Mass Affluent,DVKD_023,105.03,Có,2214.65,Không,Chưa mở thẻ,0.0,Bình thường,2
KH_003418,Bùi * * Cường,Priority VIP,DVKD_017,297.45,Có,2328.97,Có,Signature Infinite,23.66,Bình thường,3
KH_003419,Trần * * Dũng,Priority VIP,DVKD_001,73.92,Không,0.0,Có,Platinum CashBack,18.86,Bình thường,2
KH_003420,Phạm * * Giang,Mass,DVKD_022,0.51,Không,0.0,Có,Classic Standard,16.4,Đang tiếp cận,2
KH_003421,Lê * * Vy,Priority VIP,DVKD_020,404.72,Có,919.11,Không,Chưa mở thẻ,0.0,Bình thường,2
KH_003422,Vũ * * Trang,Mass,DVKD_005,34.21,Không,0.0,Có,Signature Infinite,42.53,Bình thường,2
KH_003423,Hoàng * * Vy,Mass,DVKD_018,50.29,Có,1752.05,Có,Gold Visa,31.08,Bình thường,3
KH_003424,Hoàng * * Cường,Mass,DVKD_003,1.39,Không,0.0,Có,Signature Infinite,40.12,Bình thường,2
KH_003425,Huỳnh * * An,Mass,DVKD_020,63.52,Có,145.58,Không,Chưa mở thẻ,0.0,Bình thường,2
KH_003426,Vũ * * Mai,Mass Affluent,DVKD_011,270.57,Có,1156.13,Có,Classic Standard,41.42,Bình thường,3
KH_003427,Đặng * * Quân,Mass,DVKD_010,29.01,Không,0.0,Có,Signature Infinite,30.83,Bình thường,2
KH_003428,Đỗ * * Vy,Mass Affluent,DVKD_008,274.34,Có,318.2,Có,Signature Infinite,26.33,Bình thường,3
KH_003429,Vũ * * An,Mass,DVKD_002,69.94,Không,0.0,Có,Platinum CashBack,12.07,Bình thường,2
KH_003430,Nguyễn * * Tuấn,Mass Affluent,DVKD_020,247.56,Có,1689.01,Có,Gold Visa,13.65,Bình thường,3
KH_003431,Vũ * * Cường,Mass,DVKD_014,30.44,Có,782.35,Có,Signature Infinite,37.6,Bình thường,3
KH_003432,Lê * * Hương,Mass Affluent,DVKD_007,1309.14,Có,2377.84,Không,Chưa mở thẻ,0.0,Bình thường,2
KH_003433,Đặng * * Vy,Priority VIP,DVKD_008,395.8,Có,276.75,Có,Classic Standard,10.66,Bình thường,3
KH_003434,Huỳnh * * Vy,Mass,DVKD_015,20.44,Không,0.0,Không,Chưa mở thẻ,0.0,Bình thường,1
KH_003435,Phạm * * Linh,Priority VIP,DVKD_009,344.1,Không,0.0,Không,Chưa mở thẻ,0.0,Bình thường,1
KH_003436,Võ * * Bình,Mass Affluent,DVKD_009,138.05,Không,0.0,Có,Signature Infinite,9.71,Bình thường,2
KH_003437,Phạm * * Linh,Priority VIP,DVKD_001,72.77,Có,478.46,Có,Gold Visa,9.23,Bình thường,3
KH_003438,Trần * * Linh,Mass Affluent,DVKD_009,254.37,Có,1612.53,Không,Chưa mở thẻ,0.0,Đã kích hoạt lại thành công,2
KH_003439,Lê * * Sơn,Mass,DVKD_005,92.18,Không,0.0,Có,Platinum CashBack,29.93,Bình thường,2
KH_003440,Đặng * * Tuấn,Mass,DVKD_016,92.65,Không,0.0,Có,Classic Standard,37.41,Bình thường,2
KH_003441,Bùi * * Cường,Mass,DVKD_003,14.64,Không,0.0,Không,Chưa mở thẻ,0.0,Bình thường,1
KH_003442,Phạm * * Phúc,Mass Affluent,DVKD_010,210.03,Có,1951.68,Có,Gold Visa,36.96,Đã kích hoạt lại thành công,3
KH_003443,Phạm * * Giang,Mass,DVKD_001,8.32,Có,1201.46,Có,Signature Infinite,19.14,Đang tiếp cận,3
KH_003444,Phan * * Mai,Mass,DVKD_013,190.16,Không,0.0,Có,Platinum CashBack,19.79,Bình thường,2
KH_003445,Bùi * * Quân,Mass,DVKD_008,138.93,Không,0.0,Không,Chưa mở thẻ,0.0,Bình thường,1
KH_003446,Vũ * * Khoa,Mass,DVKD_002,36.69,Không,0.0,Có,Platinum CashBack,32.98,Bình thường,2
KH_003447,Lê * * Dũng,Priority VIP,DVKD_006,456.89,Không,0.0,Có,Signature Infinite,41.87,Bình thường,2
KH_003448,Phan * * Khoa,Priority VIP,DVKD_001,351.57,Có,1630.72,Có,Signature Infinite,35.58,Bình thường,3
KH_003449,Trần * * Giang,Mass,DVKD_004,31.48,Có,1780.58,Có,Gold Visa,21.08,Bình thường,3
KH_003450,Vũ * * Tuấn,Mass Affluent,DVKD_008,15.35,Có,1214.44,Không,Chưa mở thẻ,0.0,Bình thường,2
KH_003451,Hoàng * * Dũng,Mass,DVKD_017,21.23,Không,0.0,Có,Classic Standard,30.52,Bình thường,2
KH_003452,Vũ * * Vy,Mass,DVKD_021,39.31,Có,1891.8,Không,Chưa mở thẻ,0.0,Bình thường,2
KH_003453,Trần * * Nam,Mass,DVKD_021,39.61,Không,0.0,Không,Chưa mở thẻ,0.0,Bình thường,1
KH_003454,Vũ * * Linh,Priority VIP,DVKD_016,130.76,Có,1897.36,Không,Chưa mở thẻ,0.0,Bình thường,2
KH_003455,Trần * * Mai,Priority VIP,DVKD_010,795.76,Không,0.0,Không,Chưa mở thẻ,0.0,Bình thường,1
KH_003456,Đỗ * * Trang,Mass Affluent,DVKD_017,51.28,Không,0.0,Không,Chưa mở thẻ,0.0,Bình thường,1
KH_003457,Huỳnh * * Hương,Mass,DVKD_020,24.29,Không,0.0,Không,Chưa mở thẻ,0.0,Bình thường,1
KH_003458,Đặng * * Bình,Mass,DVKD_010,41.09,Không,0.0,Không,Chưa mở thẻ,0.0,Bình thường,1
KH_003459,Hoàng * * Tuấn,Mass,DVKD_019,41.81,Có,402.95,Không,Chưa mở thẻ,0.0,Bình thường,2
KH_003460,Võ * * Dũng,Mass,DVKD_018,36.61,Không,0.0,Không,Chưa mở thẻ,0.0,Bình thường,1
KH_003461,Phạm * * Vy,Mass,DVKD_003,11.27,Có,366.01,Có,Platinum CashBack,7.52,Bình thường,3
KH_003462,Nguyễn * * Dũng,Mass Affluent,DVKD_003,47.56,Có,734.87,Không,Chưa mở thẻ,0.0,Bình thường,2
KH_003463,Trần * * Sơn,Mass,DVKD_008,35.37,Không,0.0,Có,Platinum CashBack,20.44,Bình thường,2
KH_003464,Lê * * Sơn,Mass Affluent,DVKD_024,256.07,Có,962.37,Không,Chưa mở thẻ,0.0,Bình thường,2
KH_003465,Nguyễn * * Phúc,Priority VIP,DVKD_010,55.35,Có,1853.78,Có,Platinum CashBack,21.4,Đã kích hoạt lại thành công,3
KH_003466,Võ * * Cường,Mass Affluent,DVKD_006,341.95,Có,1613.11,Có,Signature Infinite,40.89,Bình thường,3
KH_003467,Vũ * * Trang,Mass,DVKD_014,21.25,Không,0.0,Có,Gold Visa,20.6,Bình thường,2
KH_003468,Lê * * Vy,Mass Affluent,DVKD_014,308.53,Có,1388.72,Có,Classic Standard,18.19,Bình thường,3
KH_003469,Bùi * * An,Mass,DVKD_015,63.57,Không,0.0,Có,Classic Standard,7.14,Bình thường,2
KH_003470,Hoàng * * Bình,Mass Affluent,DVKD_014,52.08,Có,2341.55,Có,Platinum CashBack,9.93,Bình thường,3
KH_003471,Lê * * Bình,Mass,DVKD_007,0.68,Không,0.0,Có,Classic Standard,11.06,Bình thường,2
KH_003472,Võ * * Trang,Priority VIP,DVKD_002,422.82,Có,1405.73,Có,Platinum CashBack,16.12,Bình thường,3
KH_003473,Võ * * Tuấn,Mass,DVKD_001,32.93,Không,0.0,Có,Signature Infinite,42.93,Bình thường,2
KH_003474,Phạm * * Huy,Mass,DVKD_007,42.1,Không,0.0,Có,Gold Visa,15.31,Bình thường,2
KH_003475,Nguyễn * * Nam,Mass,DVKD_024,63.74,Có,997.53,Có,Classic Standard,12.61,Bình thường,3
KH_003476,Bùi * * Thảo,Mass Affluent,DVKD_014,454.61,Không,0.0,Có,Classic Standard,24.18,Bình thường,2
KH_003477,Huỳnh * * Phúc,Mass Affluent,DVKD_004,907.8,Có,2312.13,Có,Signature Infinite,5.5,Bình thường,3
KH_003478,Nguyễn * * Thảo,Mass,DVKD_003,26.87,Không,0.0,Có,Classic Standard,27.26,Bình thường,2
KH_003479,Hoàng * * Trang,Mass,DVKD_006,23.46,Không,0.0,Có,Platinum CashBack,37.06,Bình thường,2
KH_003480,Nguyễn * * Bình,Mass,DVKD_014,17.99,Không,0.0,Có,Platinum CashBack,22.71,Bình thường,2
KH_003481,Huỳnh * * Nam,Mass,DVKD_005,5.84,Không,0.0,Không,Chưa mở thẻ,0.0,Bình thường,1
KH_003482,Đỗ * * Bình,Mass Affluent,DVKD_022,238.01,Có,1335.63,Có,Signature Infinite,26.11,Bình thường,3
KH_003483,Đỗ * * Quân,Mass,DVKD_009,11.35,Không,0.0,Có,Gold Visa,25.56,Bình thường,2
KH_003484,Huỳnh * * An,Mass,DVKD_017,88.98,Không,0.0,Có,Platinum CashBack,30.2,Bình thường,2
KH_003485,Hoàng * * Cường,Mass,DVKD_015,30.63,Không,0.0,Có,Gold Visa,19.09,Bình thường,2
KH_003486,Vũ * * Sơn,Priority VIP,DVKD_008,251.59,Không,0.0,Không,Chưa mở thẻ,0.0,Đã kích hoạt lại thành công,1
KH_003487,Huỳnh * * Thảo,Mass Affluent,DVKD_014,122.75,Không,0.0,Có,Classic Standard,6.61,Đã kích hoạt lại thành công,2
KH_003488,Đỗ * * Quân,Mass,DVKD_012,1.87,Có,1459.78,Có,Gold Visa,19.79,Bình thường,3
KH_003489,Đỗ * * Thảo,Mass,DVKD_009,1.13,Có,1347.16,Không,Chưa mở thẻ,0.0,Bình thường,2
KH_003490,Đỗ * * Huy,Mass Affluent,DVKD_010,154.14,Có,1970.03,Có,Gold Visa,37.63,Bình thường,3
KH_003491,Trần * * Quân,Mass,DVKD_024,3.09,Không,0.0,Có,Gold Visa,23.7,Bình thường,2
KH_003492,Vũ * * Sơn,Mass,DVKD_005,32.67,Có,141.61,Không,Chưa mở thẻ,0.0,Bình thường,2
KH_003493,Bùi * * Phúc,Mass,DVKD_017,74.49,Không,0.0,Không,Chưa mở thẻ,0.0,Bình thường,1
KH_003494,Đặng * * Linh,Mass,DVKD_005,75.07,Không,0.0,Có,Signature Infinite,9.08,Bình thường,2
KH_003495,Huỳnh * * Huy,Mass Affluent,DVKD_020,301.28,Có,1110.16,Có,Platinum CashBack,41.27,Bình thường,3
KH_003496,Đỗ * * Tuấn,Mass,DVKD_008,8.3,Không,0.0,Có,Platinum CashBack,5.19,Đang tiếp cận,2
KH_003497,Đỗ * * Phúc,Mass Affluent,DVKD_017,556.57,Có,1082.2,Không,Chưa mở thẻ,0.0,Bình thường,2
KH_003498,Đỗ * * Khoa,Mass Affluent,DVKD_015,608.27,Có,1831.33,Không,Chưa mở thẻ,0.0,Bình thường,2
KH_003499,Nguyễn * * Sơn,Mass,DVKD_015,7.66,Không,0.0,Có,Platinum CashBack,43.23,Bình thường,2
KH_003500,Trần * * Nam,Mass,DVKD_024,46.8,Không,0.0,Có,Classic Standard,35.0,Bình thường,2
KH_003501,Đỗ * * Trang,Priority VIP,DVKD_020,94.53,Có,1949.7,Có,Signature Infinite,25.23,Bình thường,3
KH_003502,Nguyễn * * Huy,Priority VIP,DVKD_024,454.36,Có,1041.92,Có,Platinum CashBack,28.42,Đã kích hoạt lại thành công,3
KH_003503,Huỳnh * * Khoa,Mass Affluent,DVKD_024,1649.69,Có,1973.82,Không,Chưa mở thẻ,0.0,Đã kích hoạt lại thành công,2
KH_003504,Phan * * An,Mass,DVKD_023,1.07,Không,0.0,Có,Signature Infinite,25.88,Bình thường,2
KH_003505,Trần * * Phúc,Mass,DVKD_015,79.68,Có,682.01,Có,Signature Infinite,16.4,Bình thường,3
KH_003506,Lê * * Cường,Mass Affluent,DVKD_008,272.87,Có,2411.99,Không,Chưa mở thẻ,0.0,Bình thường,2
KH_003507,Phạm * * Sơn,Priority VIP,DVKD_003,1015.33,Có,745.06,Có,Platinum CashBack,32.32,Bình thường,3
KH_003508,Đỗ * * Linh,Mass,DVKD_010,21.89,Không,0.0,Có,Gold Visa,31.6,Bình thường,2
KH_003509,Phạm * * Nam,Mass Affluent,DVKD_001,526.36,Không,0.0,Có,Gold Visa,22.43,Bình thường,2
KH_003510,Phạm * * Vy,Mass,DVKD_022,2.25,Không,0.0,Không,Chưa mở thẻ,0.0,Bình thường,1
KH_003511,Nguyễn * * Tuấn,Mass,DVKD_009,14.29,Có,2309.86,Có,Classic Standard,14.03,Bình thường,3
KH_003512,Đỗ * * Dũng,Mass,DVKD_010,2.43,Không,0.0,Có,Signature Infinite,24.59,Bình thường,2
KH_003513,Đặng * * Thảo,Mass,DVKD_008,129.59,Có,2209.53,Có,Gold Visa,16.81,Bình thường,3
KH_003514,Phạm * * Linh,Mass Affluent,DVKD_008,475.48,Có,1771.18,Không,Chưa mở thẻ,0.0,Đã kích hoạt lại thành công,2
KH_003515,Đặng * * Nam,Mass,DVKD_007,67.0,Có,102.92,Không,Chưa mở thẻ,0.0,Bình thường,2
KH_003516,Nguyễn * * Vy,Mass Affluent,DVKD_016,778.42,Có,827.0,Có,Classic Standard,40.42,Bình thường,3
KH_003517,Vũ * * Quân,Priority VIP,DVKD_008,24.9,Có,2302.15,Có,Platinum CashBack,14.26,Bình thường,3
KH_003518,Đặng * * Vy,Mass,DVKD_002,17.05,Không,0.0,Không,Chưa mở thẻ,0.0,Bình thường,1
KH_003519,Bùi * * Trang,Mass Affluent,DVKD_020,20.63,Không,0.0,Có,Signature Infinite,38.85,Bình thường,2
KH_003520,Phan * * Mai,Mass Affluent,DVKD_001,66.28,Không,0.0,Không,Chưa mở thẻ,0.0,Bình thường,1
KH_003521,Hoàng * * Thảo,Mass Affluent,DVKD_016,72.95,Có,1897.96,Có,Gold Visa,24.66,Bình thường,3
KH_003522,Nguyễn * * Sơn,Mass,DVKD_005,22.16,Không,0.0,Có,Classic Standard,11.37,Bình thường,2
KH_003523,Bùi * * Linh,Private Banking,DVKD_008,87.57,Không,0.0,Không,Chưa mở thẻ,0.0,Bình thường,1
KH_003524,Bùi * * Bình,Priority VIP,DVKD_011,29.81,Có,1424.35,Có,Platinum CashBack,41.83,Bình thường,3
KH_003525,Đỗ * * Cường,Mass,DVKD_005,6.42,Không,0.0,Có,Signature Infinite,28.86,Bình thường,2
KH_003526,Trần * * Dũng,Mass,DVKD_009,5.58,Không,0.0,Có,Classic Standard,6.74,Bình thường,2
KH_003527,Phan * * Mai,Priority VIP,DVKD_012,1012.13,Có,683.86,Có,Classic Standard,34.69,Bình thường,3
KH_003528,Lê * * Dũng,Mass Affluent,DVKD_003,398.77,Có,385.33,Có,Classic Standard,24.93,Bình thường,3
KH_003529,Huỳnh * * Khoa,Mass Affluent,DVKD_004,961.69,Có,857.66,Có,Signature Infinite,17.55,Bình thường,3
KH_003530,Lê * * Hương,Mass,DVKD_009,20.28,Không,0.0,Có,Signature Infinite,29.69,Bình thường,2
KH_003531,Hoàng * * Giang,Mass Affluent,DVKD_004,91.35,Có,429.05,Có,Gold Visa,38.77,Bình thường,3
KH_003532,Vũ * * Tuấn,Mass Affluent,DVKD_011,448.26,Có,660.63,Không,Chưa mở thẻ,0.0,Bình thường,2
KH_003533,Võ * * Trang,Mass Affluent,DVKD_010,110.57,Có,993.66,Không,Chưa mở thẻ,0.0,Bình thường,2
KH_003534,Đỗ * * Vy,Mass,DVKD_019,12.45,Không,0.0,Có,Signature Infinite,22.18,Bình thường,2
KH_003535,Đỗ * * Giang,Mass Affluent,DVKD_020,74.09,Không,0.0,Không,Chưa mở thẻ,0.0,Bình thường,1
KH_003536,Phan * * Sơn,Private Banking,DVKD_003,38.89,Có,1741.78,Có,Classic Standard,30.5,Bình thường,3
KH_003537,Đỗ * * Huy,Mass,DVKD_014,10.37,Có,2469.72,Có,Platinum CashBack,19.04,Bình thường,3
KH_003538,Phạm * * Linh,Mass Affluent,DVKD_018,122.92,Có,698.9,Có,Signature Infinite,10.86,Bình thường,3
KH_003539,Phan * * Nam,Mass,DVKD_007,39.23,Không,0.0,Có,Gold Visa,39.61,Bình thường,2
KH_003540,Võ * * Trang,Mass Affluent,DVKD_014,18.09,Không,0.0,Có,Signature Infinite,25.39,Bình thường,2
KH_003541,Phan * * Huy,Priority VIP,DVKD_019,66.18,Không,0.0,Có,Platinum CashBack,30.73,Bình thường,2
KH_003542,Bùi * * Vy,Private Banking,DVKD_002,463.57,Không,0.0,Không,Chưa mở thẻ,0.0,Bình thường,1
KH_003543,Bùi * * Cường,Mass,DVKD_023,5.56,Không,0.0,Không,Chưa mở thẻ,0.0,Bình thường,1
KH_003544,Lê * * Mai,Mass Affluent,DVKD_008,117.47,Có,1108.27,Có,Signature Infinite,28.41,Bình thường,3
KH_003545,Vũ * * Nam,Mass Affluent,DVKD_014,559.99,Có,442.65,Không,Chưa mở thẻ,0.0,Bình thường,2
KH_003546,Bùi * * An,Mass Affluent,DVKD_006,47.13,Có,2263.3,Không,Chưa mở thẻ,0.0,Bình thường,2
KH_003547,Nguyễn * * Tuấn,Mass Affluent,DVKD_002,24.18,Không,0.0,Không,Chưa mở thẻ,0.0,Bình thường,1
KH_003548,Huỳnh * * Nam,Mass Affluent,DVKD_020,185.55,Có,102.76,Có,Signature Infinite,27.04,Bình thường,3
KH_003549,Đặng * * Cường,Mass,DVKD_005,12.6,Không,0.0,Có,Classic Standard,14.87,Bình thường,2
KH_003550,Đỗ * * Huy,Mass,DVKD_009,29.01,Không,0.0,Có,Classic Standard,33.72,Đã kích hoạt lại thành công,2
KH_003551,Trần * * Sơn,Mass,DVKD_014,57.0,Không,0.0,Không,Chưa mở thẻ,0.0,Bình thường,1
KH_003552,Nguyễn * * Linh,Mass,DVKD_010,5.16,Có,1502.55,Có,Platinum CashBack,15.11,Bình thường,3
KH_003553,Trần * * Mai,Mass,DVKD_023,30.42,Không,0.0,Có,Gold Visa,43.46,Đã kích hoạt lại thành công,2
KH_003554,Vũ * * Khoa,Mass,DVKD_008,24.65,Không,0.0,Có,Platinum CashBack,33.66,Đã kích hoạt lại thành công,2
KH_003555,Võ * * Tuấn,Mass Affluent,DVKD_020,43.56,Có,1437.99,Có,Platinum CashBack,21.48,Bình thường,3
KH_003556,Võ * * Cường,Mass Affluent,DVKD_013,273.89,Có,123.12,Có,Gold Visa,14.67,Bình thường,3
KH_003557,Huỳnh * * Giang,Mass,DVKD_023,11.19,Không,0.0,Có,Classic Standard,9.5,Bình thường,2
KH_003558,Đỗ * * Quân,Priority VIP,DVKD_023,187.35,Không,0.0,Có,Platinum CashBack,28.12,Bình thường,2
KH_003559,Phạm * * Mai,Mass,DVKD_010,3.0,Có,595.03,Có,Gold Visa,42.52,Bình thường,3
KH_003560,Huỳnh * * Giang,Mass Affluent,DVKD_022,172.32,Có,1492.39,Có,Platinum CashBack,19.92,Bình thường,3
KH_003561,Phan * * Thảo,Mass,DVKD_008,12.81,Có,1655.83,Có,Gold Visa,14.94,Bình thường,3
KH_003562,Võ * * Linh,Priority VIP,DVKD_017,483.87,Có,160.79,Có,Platinum CashBack,41.05,Bình thường,3
KH_003563,Vũ * * Tuấn,Mass Affluent,DVKD_004,16.43,Có,911.7,Có,Signature Infinite,27.21,Đã kích hoạt lại thành công,3
KH_003564,Bùi * * Trang,Mass,DVKD_009,18.98,Không,0.0,Có,Gold Visa,14.66,Bình thường,2
KH_003565,Đỗ * * An,Mass Affluent,DVKD_014,171.72,Có,659.83,Có,Platinum CashBack,9.85,Bình thường,3
KH_003566,Nguyễn * * Khoa,Mass,DVKD_024,45.19,Không,0.0,Không,Chưa mở thẻ,0.0,Bình thường,1
KH_003567,Phạm * * Trang,Mass,DVKD_001,29.89,Có,2159.63,Có,Platinum CashBack,33.77,Bình thường,3
KH_003568,Bùi * * Khoa,Mass,DVKD_024,38.51,Có,479.47,Có,Signature Infinite,17.6,Bình thường,3
KH_003569,Phạm * * Giang,Mass,DVKD_015,52.53,Có,1054.98,Không,Chưa mở thẻ,0.0,Bình thường,2
KH_003570,Trần * * Tuấn,Mass,DVKD_012,69.37,Có,1668.94,Có,Platinum CashBack,11.65,Bình thường,3
KH_003571,Võ * * Mai,Mass,DVKD_002,13.18,Có,1877.43,Có,Gold Visa,31.2,Bình thường,3
KH_003572,Đặng * * Thảo,Mass,DVKD_019,27.03,Không,0.0,Có,Classic Standard,34.37,Bình thường,2
KH_003573,Phan * * Sơn,Private Banking,DVKD_022,513.31,Có,132.05,Có,Gold Visa,16.58,Đã kích hoạt lại thành công,3
KH_003574,Đỗ * * Phúc,Mass,DVKD_017,159.31,Có,1393.62,Có,Platinum CashBack,16.86,Bình thường,3
KH_003575,Nguyễn * * Mai,Mass,DVKD_010,77.1,Không,0.0,Có,Platinum CashBack,15.84,Bình thường,2
KH_003576,Đỗ * * Cường,Mass,DVKD_019,16.25,Có,2454.84,Có,Signature Infinite,13.98,Bình thường,3
KH_003577,Đặng * * Hương,Mass,DVKD_012,7.6,Không,0.0,Không,Chưa mở thẻ,0.0,Bình thường,1
KH_003578,Nguyễn * * Giang,Mass,DVKD_022,23.53,Có,2480.33,Có,Signature Infinite,20.05,Bình thường,3
KH_003579,Võ * * Vy,Mass Affluent,DVKD_012,378.95,Không,0.0,Không,Chưa mở thẻ,0.0,Bình thường,1
KH_003580,Huỳnh * * Quân,Mass,DVKD_009,23.74,Không,0.0,Có,Gold Visa,24.56,Bình thường,2
KH_003581,Huỳnh * * Cường,Mass,DVKD_006,23.1,Không,0.0,Không,Chưa mở thẻ,0.0,Đã kích hoạt lại thành công,1
KH_003582,Võ * * Dũng,Mass,DVKD_010,63.76,Không,0.0,Có,Classic Standard,44.85,Bình thường,2
KH_003583,Đặng * * Tuấn,Mass,DVKD_002,15.7,Có,1724.43,Có,Classic Standard,7.42,Bình thường,3
KH_003584,Võ * * Phúc,Mass,DVKD_011,68.76,Không,0.0,Có,Classic Standard,8.33,Bình thường,2
KH_003585,Lê * * Giang,Mass Affluent,DVKD_011,146.22,Có,2097.82,Không,Chưa mở thẻ,0.0,Bình thường,2
KH_003586,Phan * * Thảo,Mass,DVKD_018,13.92,Không,0.0,Có,Gold Visa,28.59,Bình thường,2
KH_003587,Huỳnh * * Giang,Mass,DVKD_015,21.18,Không,0.0,Có,Classic Standard,26.09,Bình thường,2
KH_003588,Bùi * * Quân,Mass,DVKD_014,50.31,Không,0.0,Có,Platinum CashBack,8.58,Bình thường,2
KH_003589,Lê * * Hương,Mass,DVKD_014,4.71,Có,1831.91,Có,Platinum CashBack,15.14,Bình thường,3
KH_003590,Võ * * Khoa,Mass,DVKD_022,7.65,Không,0.0,Có,Gold Visa,20.27,Bình thường,2
KH_003591,Lê * * Huy,Mass,DVKD_001,105.88,Không,0.0,Có,Gold Visa,22.86,Bình thường,2
KH_003592,Nguyễn * * Trang,Mass,DVKD_003,6.75,Không,0.0,Có,Gold Visa,26.09,Bình thường,2
KH_003593,Lê * * Tuấn,Mass Affluent,DVKD_018,234.84,Có,1113.56,Không,Chưa mở thẻ,0.0,Bình thường,2
KH_003594,Phan * * Nam,Mass Affluent,DVKD_009,242.44,Có,103.43,Không,Chưa mở thẻ,0.0,Bình thường,2
KH_003595,Võ * * Dũng,Mass,DVKD_014,23.54,Không,0.0,Có,Classic Standard,28.67,Bình thường,2
KH_003596,Hoàng * * Vy,Priority VIP,DVKD_006,289.78,Có,613.38,Có,Signature Infinite,33.19,Bình thường,3
KH_003597,Võ * * Linh,Mass,DVKD_014,9.14,Không,0.0,Có,Classic Standard,15.49,Bình thường,2
KH_003598,Phạm * * Thảo,Mass,DVKD_012,28.16,Có,1663.11,Có,Platinum CashBack,21.07,Bình thường,3
KH_003599,Đỗ * * Sơn,Mass Affluent,DVKD_024,130.34,Có,1769.64,Không,Chưa mở thẻ,0.0,Bình thường,2
KH_003600,Đỗ * * Tuấn,Mass Affluent,DVKD_019,303.44,Có,132.75,Có,Platinum CashBack,36.72,Bình thường,3
KH_003601,Hoàng * * Quân,Mass Affluent,DVKD_003,42.63,Không,0.0,Có,Classic Standard,37.84,Bình thường,2
KH_003602,Hoàng * * Hương,Mass Affluent,DVKD_012,236.88,Có,1918.3,Có,Classic Standard,23.79,Bình thường,3
KH_003603,Đặng * * Quân,Private Banking,DVKD_002,57.37,Có,1591.71,Có,Signature Infinite,36.21,Bình thường,3
KH_003604,Bùi * * Dũng,Mass,DVKD_010,11.43,Không,0.0,Không,Chưa mở thẻ,0.0,Bình thường,1
KH_003605,Huỳnh * * Bình,Mass,DVKD_013,8.64,Không,0.0,Không,Chưa mở thẻ,0.0,Bình thường,1
KH_003606,Bùi * * Hương,Mass,DVKD_010,7.07,Có,319.26,Không,Chưa mở thẻ,0.0,Bình thường,2
KH_003607,Phạm * * Phúc,Mass,DVKD_024,61.15,Có,146.51,Có,Classic Standard,37.29,Bình thường,3
KH_003608,Lê * * Quân,Mass,DVKD_002,11.78,Không,0.0,Không,Chưa mở thẻ,0.0,Bình thường,1
KH_003609,Hoàng * * Dũng,Mass,DVKD_002,91.66,Có,1883.88,Có,Signature Infinite,16.58,Bình thường,3
KH_003610,Bùi * * Hương,Mass,DVKD_009,122.64,Không,0.0,Có,Gold Visa,30.4,Bình thường,2
KH_003611,Đặng * * Khoa,Mass Affluent,DVKD_013,237.13,Không,0.0,Có,Signature Infinite,42.1,Bình thường,2
KH_003612,Trần * * Giang,Mass Affluent,DVKD_016,43.21,Có,2169.86,Không,Chưa mở thẻ,0.0,Bình thường,2
KH_003613,Phạm * * Quân,Mass,DVKD_005,16.42,Không,0.0,Không,Chưa mở thẻ,0.0,Đã kích hoạt lại thành công,1
KH_003614,Phạm * * Vy,Priority VIP,DVKD_021,447.49,Có,1936.31,Không,Chưa mở thẻ,0.0,Bình thường,2
KH_003615,Trần * * Trang,Mass,DVKD_016,16.03,Không,0.0,Không,Chưa mở thẻ,0.0,Bình thường,1
KH_003616,Lê * * Huy,Mass,DVKD_003,3.19,Không,0.0,Có,Classic Standard,5.65,Bình thường,2
KH_003617,Phan * * Dũng,Mass,DVKD_022,28.48,Không,0.0,Có,Platinum CashBack,22.08,Bình thường,2
KH_003618,Nguyễn * * Quân,Priority VIP,DVKD_023,522.23,Có,1395.13,Không,Chưa mở thẻ,0.0,Bình thường,2
KH_003619,Vũ * * Huy,Mass,DVKD_015,55.62,Không,0.0,Không,Chưa mở thẻ,0.0,Bình thường,1
KH_003620,Phạm * * Mai,Mass,DVKD_016,6.74,Không,0.0,Có,Classic Standard,18.95,Bình thường,2
KH_003621,Phạm * * Khoa,Priority VIP,DVKD_023,312.78,Không,0.0,Không,Chưa mở thẻ,0.0,Bình thường,1
KH_003622,Trần * * Vy,Mass,DVKD_014,8.72,Không,0.0,Có,Classic Standard,9.4,Đang tiếp cận,2
KH_003623,Trần * * Phúc,Mass,DVKD_015,8.62,Không,0.0,Không,Chưa mở thẻ,0.0,Bình thường,1
KH_003624,Phạm * * An,Mass,DVKD_023,72.52,Có,2276.83,Có,Gold Visa,44.69,Bình thường,3
KH_003625,Trần * * Quân,Mass,DVKD_010,10.05,Không,0.0,Có,Platinum CashBack,19.82,Bình thường,2
KH_003626,Nguyễn * * Huy,Mass,DVKD_005,10.69,Không,0.0,Có,Classic Standard,6.1,Bình thường,2
KH_003627,Phạm * * Nam,Priority VIP,DVKD_006,0.18,Có,1099.55,Có,Gold Visa,29.16,Bình thường,3
KH_003628,Đỗ * * Dũng,Mass Affluent,DVKD_016,572.71,Có,1538.57,Có,Platinum CashBack,9.66,Bình thường,3
KH_003629,Đỗ * * Phúc,Mass,DVKD_004,55.06,Không,0.0,Có,Signature Infinite,28.84,Bình thường,2
KH_003630,Bùi * * Linh,Private Banking,DVKD_012,276.38,Có,1027.53,Có,Gold Visa,33.94,Bình thường,3
KH_003631,Hoàng * * Dũng,Mass Affluent,DVKD_006,388.46,Có,1827.63,Có,Gold Visa,8.29,Bình thường,3
KH_003632,Phạm * * Quân,Priority VIP,DVKD_023,46.18,Có,2036.85,Có,Platinum CashBack,26.35,Bình thường,3
KH_003633,Trần * * Bình,Mass,DVKD_015,21.46,Không,0.0,Có,Gold Visa,21.4,Bình thường,2
KH_003634,Vũ * * Huy,Mass Affluent,DVKD_020,121.14,Có,2060.51,Có,Signature Infinite,23.2,Bình thường,3
KH_003635,Bùi * * Thảo,Mass,DVKD_020,3.45,Có,853.01,Không,Chưa mở thẻ,0.0,Bình thường,2
KH_003636,Huỳnh * * Trang,Mass,DVKD_002,23.3,Không,0.0,Không,Chưa mở thẻ,0.0,Bình thường,1
KH_003637,Vũ * * Hương,Mass,DVKD_013,88.73,Không,0.0,Có,Signature Infinite,17.07,Bình thường,2
KH_003638,Bùi * * Giang,Mass,DVKD_005,1.43,Không,0.0,Có,Platinum CashBack,5.29,Bình thường,2
KH_003639,Phan * * Linh,Mass,DVKD_007,12.06,Không,0.0,Có,Platinum CashBack,42.5,Bình thường,2
KH_003640,Nguyễn * * Dũng,Mass,DVKD_014,8.14,Có,1510.58,Có,Platinum CashBack,44.71,Bình thường,3
KH_003641,Lê * * Giang,Private Banking,DVKD_021,76.16,Có,1565.54,Có,Platinum CashBack,40.1,Đã kích hoạt lại thành công,3
KH_003642,Huỳnh * * Hương,Mass,DVKD_017,83.67,Không,0.0,Có,Signature Infinite,35.33,Bình thường,2
KH_003643,Đặng * * Tuấn,Mass,DVKD_017,22.09,Có,1776.47,Có,Classic Standard,27.97,Bình thường,3
KH_003644,Đặng * * Cường,Mass Affluent,DVKD_010,175.82,Có,2235.46,Có,Platinum CashBack,35.01,Bình thường,3
KH_003645,Nguyễn * * Huy,Mass,DVKD_006,50.03,Không,0.0,Không,Chưa mở thẻ,0.0,Bình thường,1
KH_003646,Đặng * * Giang,Mass,DVKD_021,5.87,Không,0.0,Không,Chưa mở thẻ,0.0,Bình thường,1
KH_003647,Phan * * Dũng,Mass,DVKD_018,23.38,Có,636.83,Có,Platinum CashBack,11.11,Bình thường,3
KH_003648,Huỳnh * * Trang,Mass,DVKD_005,19.67,Không,0.0,Không,Chưa mở thẻ,0.0,Bình thường,1
KH_003649,Nguyễn * * An,Mass,DVKD_007,31.8,Có,2179.05,Có,Signature Infinite,33.95,Đã kích hoạt lại thành công,3
KH_003650,Vũ * * Cường,Priority VIP,DVKD_013,2162.59,Có,2136.59,Có,Classic Standard,21.57,Bình thường,3
KH_003651,Đỗ * * Linh,Mass,DVKD_022,51.35,Không,0.0,Không,Chưa mở thẻ,0.0,Bình thường,1
KH_003652,Đặng * * Hương,Mass,DVKD_015,17.75,Không,0.0,Có,Platinum CashBack,35.23,Bình thường,2
KH_003653,Đặng * * Khoa,Mass Affluent,DVKD_020,492.15,Có,588.2,Không,Chưa mở thẻ,0.0,Bình thường,2
KH_003654,Lê * * Giang,Mass,DVKD_009,6.55,Không,0.0,Có,Classic Standard,13.91,Bình thường,2
KH_003655,Hoàng * * Giang,Private Banking,DVKD_010,8.66,Có,412.39,Có,Platinum CashBack,42.57,Bình thường,3
KH_003656,Đỗ * * Thảo,Mass,DVKD_015,8.01,Không,0.0,Không,Chưa mở thẻ,0.0,Bình thường,1
KH_003657,Trần * * Tuấn,Mass,DVKD_021,14.56,Không,0.0,Có,Platinum CashBack,32.26,Đã kích hoạt lại thành công,2
KH_003658,Lê * * Giang,Mass,DVKD_012,25.01,Có,659.6,Có,Platinum CashBack,12.83,Bình thường,3
KH_003659,Lê * * Huy,Mass,DVKD_008,33.42,Không,0.0,Có,Gold Visa,36.39,Bình thường,2
KH_003660,Bùi * * Khoa,Mass,DVKD_018,84.51,Không,0.0,Không,Chưa mở thẻ,0.0,Bình thường,1
KH_003661,Đỗ * * Quân,Priority VIP,DVKD_016,199.65,Có,1412.55,Có,Platinum CashBack,19.57,Bình thường,3
KH_003662,Huỳnh * * Sơn,Mass,DVKD_003,24.35,Có,1730.54,Không,Chưa mở thẻ,0.0,Bình thường,2
KH_003663,Đỗ * * Cường,Mass,DVKD_010,1.8,Có,1813.05,Có,Signature Infinite,34.33,Bình thường,3
KH_003664,Trần * * Quân,Mass,DVKD_017,1.24,Có,797.59,Có,Signature Infinite,33.62,Bình thường,3
KH_003665,Hoàng * * Tuấn,Mass,DVKD_010,28.04,Có,620.16,Có,Gold Visa,40.09,Bình thường,3
KH_003666,Nguyễn * * Thảo,Mass,DVKD_008,20.18,Không,0.0,Có,Classic Standard,41.92,Đã kích hoạt lại thành công,2
KH_003667,Đặng * * Trang,Private Banking,DVKD_011,511.69,Có,1107.13,Có,Classic Standard,25.44,Bình thường,3
KH_003668,Vũ * * Mai,Mass,DVKD_014,6.13,Không,0.0,Không,Chưa mở thẻ,0.0,Bình thường,1
KH_003669,Lê * * Giang,Priority VIP,DVKD_022,7.08,Không,0.0,Có,Gold Visa,19.85,Bình thường,2
KH_003670,Huỳnh * * Phúc,Mass Affluent,DVKD_017,166.91,Có,1196.14,Có,Signature Infinite,35.12,Bình thường,3
KH_003671,Võ * * Vy,Mass Affluent,DVKD_022,75.91,Không,0.0,Có,Classic Standard,17.59,Bình thường,2
KH_003672,Hoàng * * Nam,Mass,DVKD_007,1.78,Có,1887.79,Có,Classic Standard,5.68,Bình thường,3
KH_003673,Võ * * Tuấn,Mass,DVKD_002,45.13,Không,0.0,Có,Gold Visa,26.44,Bình thường,2
KH_003674,Trần * * Cường,Mass Affluent,DVKD_007,33.13,Có,1914.06,Có,Platinum CashBack,18.83,Bình thường,3
KH_003675,Huỳnh * * Quân,Mass Affluent,DVKD_014,262.45,Có,1428.47,Có,Gold Visa,32.41,Bình thường,3
KH_003676,Lê * * Thảo,Mass,DVKD_008,11.55,Không,0.0,Không,Chưa mở thẻ,0.0,Bình thường,1
KH_003677,Bùi * * Nam,Mass,DVKD_015,6.67,Không,0.0,Có,Gold Visa,9.24,Bình thường,2
KH_003678,Vũ * * An,Mass Affluent,DVKD_010,133.74,Có,1039.9,Không,Chưa mở thẻ,0.0,Bình thường,2
KH_003679,Phạm * * Cường,Mass Affluent,DVKD_024,452.67,Có,766.39,Không,Chưa mở thẻ,0.0,Đã kích hoạt lại thành công,2
KH_003680,Hoàng * * Linh,Mass,DVKD_001,17.42,Không,0.0,Có,Gold Visa,42.25,Bình thường,2
KH_003681,Lê * * An,Mass Affluent,DVKD_012,389.03,Không,0.0,Không,Chưa mở thẻ,0.0,Bình thường,1
KH_003682,Lê * * Trang,Mass,DVKD_024,4.69,Có,1822.76,Không,Chưa mở thẻ,0.0,Bình thường,2
KH_003683,Đỗ * * Hương,Mass Affluent,DVKD_005,414.9,Có,1697.21,Không,Chưa mở thẻ,0.0,Bình thường,2
KH_003684,Phan * * Linh,Mass Affluent,DVKD_002,75.71,Có,999.38,Không,Chưa mở thẻ,0.0,Bình thường,2
KH_003685,Phan * * Sơn,Mass,DVKD_006,39.6,Không,0.0,Không,Chưa mở thẻ,0.0,Bình thường,1
KH_003686,Vũ * * Vy,Mass,DVKD_020,29.2,Không,0.0,Có,Gold Visa,19.76,Bình thường,2
KH_003687,Huỳnh * * Dũng,Mass,DVKD_016,92.65,Có,1580.36,Không,Chưa mở thẻ,0.0,Bình thường,2
KH_003688,Phạm * * Quân,Mass Affluent,DVKD_008,137.18,Có,770.96,Có,Platinum CashBack,27.72,Bình thường,3
KH_003689,Đỗ * * Bình,Mass,DVKD_013,2.4,Không,0.0,Có,Signature Infinite,37.22,Bình thường,2
KH_003690,Nguyễn * * Linh,Mass,DVKD_012,0.68,Không,0.0,Có,Platinum CashBack,32.94,Bình thường,2
KH_003691,Bùi * * Khoa,Mass,DVKD_021,61.38,Không,0.0,Có,Classic Standard,7.13,Bình thường,2
KH_003692,Bùi * * Quân,Mass,DVKD_017,26.04,Không,0.0,Có,Signature Infinite,18.52,Bình thường,2
KH_003693,Võ * * An,Mass,DVKD_013,52.25,Có,1659.68,Có,Gold Visa,32.82,Bình thường,3
KH_003694,Vũ * * Tuấn,Mass,DVKD_015,9.35,Không,0.0,Không,Chưa mở thẻ,0.0,Bình thường,1
KH_003695,Đỗ * * Mai,Mass,DVKD_013,14.81,Không,0.0,Có,Gold Visa,31.56,Bình thường,2
KH_003696,Phan * * Khoa,Mass,DVKD_005,1.07,Không,0.0,Có,Signature Infinite,36.52,Bình thường,2
KH_003697,Hoàng * * Trang,Mass Affluent,DVKD_015,911.93,Có,2373.14,Không,Chưa mở thẻ,0.0,Bình thường,2
KH_003698,Vũ * * Mai,Private Banking,DVKD_006,308.62,Có,1509.49,Có,Platinum CashBack,33.13,Bình thường,3
KH_003699,Đỗ * * Sơn,Mass,DVKD_015,94.71,Không,0.0,Không,Chưa mở thẻ,0.0,Bình thường,1
KH_003700,Bùi * * Vy,Mass,DVKD_014,10.8,Có,657.51,Không,Chưa mở thẻ,0.0,Bình thường,2
KH_003701,Võ * * An,Mass Affluent,DVKD_011,264.7,Có,1191.12,Có,Classic Standard,44.0,Đã kích hoạt lại thành công,3
KH_003702,Võ * * Cường,Mass Affluent,DVKD_022,317.73,Có,1546.6,Có,Gold Visa,44.0,Bình thường,3
KH_003703,Đặng * * Giang,Mass,DVKD_011,13.37,Có,1566.0,Có,Signature Infinite,21.97,Bình thường,3
KH_003704,Lê * * Hương,Mass,DVKD_005,65.96,Có,302.62,Không,Chưa mở thẻ,0.0,Bình thường,2
KH_003705,Lê * * Bình,Mass,DVKD_001,102.92,Có,947.95,Có,Signature Infinite,18.2,Bình thường,3
KH_003706,Nguyễn * * Hương,Mass,DVKD_017,75.65,Không,0.0,Có,Platinum CashBack,17.0,Đã kích hoạt lại thành công,2
KH_003707,Phạm * * Bình,Mass,DVKD_012,47.02,Không,0.0,Có,Classic Standard,8.04,Bình thường,2
KH_003708,Lê * * Khoa,Mass Affluent,DVKD_022,91.0,Có,1483.67,Không,Chưa mở thẻ,0.0,Bình thường,2
KH_003709,Huỳnh * * Nam,Mass,DVKD_003,11.58,Không,0.0,Không,Chưa mở thẻ,0.0,Bình thường,1
KH_003710,Phạm * * Quân,Mass,DVKD_008,115.73,Không,0.0,Có,Platinum CashBack,40.94,Bình thường,2
KH_003711,Hoàng * * Vy,Mass Affluent,DVKD_012,2.89,Có,1081.63,Không,Chưa mở thẻ,0.0,Bình thường,2
KH_003712,Hoàng * * Bình,Mass Affluent,DVKD_015,352.51,Không,0.0,Có,Gold Visa,7.93,Bình thường,2
KH_003713,Bùi * * Quân,Mass,DVKD_007,42.88,Không,0.0,Có,Gold Visa,22.08,Bình thường,2
KH_003714,Phạm * * Phúc,Mass,DVKD_023,34.11,Không,0.0,Có,Platinum CashBack,26.32,Bình thường,2
KH_003715,Bùi * * Dũng,Private Banking,DVKD_019,1292.51,Có,810.58,Có,Gold Visa,44.97,Bình thường,3
KH_003716,Nguyễn * * Khoa,Mass,DVKD_012,13.08,Không,0.0,Có,Classic Standard,36.82,Đã kích hoạt lại thành công,2
KH_003717,Vũ * * An,Mass,DVKD_003,14.54,Có,1616.73,Không,Chưa mở thẻ,0.0,Bình thường,2
KH_003718,Hoàng * * Vy,Mass,DVKD_020,2.88,Không,0.0,Có,Platinum CashBack,42.47,Bình thường,2
KH_003719,Hoàng * * Tuấn,Mass,DVKD_008,20.47,Có,1754.59,Có,Classic Standard,7.46,Bình thường,3
KH_003720,Bùi * * Vy,Mass Affluent,DVKD_007,84.71,Có,2453.35,Không,Chưa mở thẻ,0.0,Bình thường,2
KH_003721,Đỗ * * Thảo,Mass,DVKD_013,14.72,Không,0.0,Không,Chưa mở thẻ,0.0,Đã kích hoạt lại thành công,1
KH_003722,Lê * * Vy,Priority VIP,DVKD_011,503.78,Không,0.0,Không,Chưa mở thẻ,0.0,Bình thường,1
KH_003723,Vũ * * Hương,Priority VIP,DVKD_023,767.44,Không,0.0,Có,Signature Infinite,6.8,Bình thường,2
KH_003724,Hoàng * * Quân,Mass Affluent,DVKD_014,57.53,Không,0.0,Không,Chưa mở thẻ,0.0,Bình thường,1
KH_003725,Hoàng * * Giang,Mass Affluent,DVKD_003,130.49,Có,1396.7,Có,Gold Visa,21.5,Bình thường,3
KH_003726,Phạm * * Trang,Mass,DVKD_005,92.4,Không,0.0,Không,Chưa mở thẻ,0.0,Bình thường,1
KH_003727,Phạm * * Huy,Mass Affluent,DVKD_018,17.86,Không,0.0,Không,Chưa mở thẻ,0.0,Bình thường,1
KH_003728,Huỳnh * * Vy,Mass,DVKD_022,3.39,Không,0.0,Không,Chưa mở thẻ,0.0,Đang tiếp cận,1
KH_003729,Võ * * Khoa,Mass,DVKD_001,6.22,Có,799.01,Có,Platinum CashBack,16.06,Bình thường,3
KH_003730,Phan * * Huy,Mass,DVKD_018,31.65,Không,0.0,Có,Platinum CashBack,19.65,Bình thường,2
KH_003731,Phạm * * Phúc,Mass,DVKD_018,5.71,Có,2434.04,Không,Chưa mở thẻ,0.0,Bình thường,2
KH_003732,Trần * * Nam,Mass Affluent,DVKD_008,964.43,Có,163.11,Không,Chưa mở thẻ,0.0,Bình thường,2
KH_003733,Bùi * * Tuấn,Mass,DVKD_024,20.72,Có,731.1,Có,Platinum CashBack,34.1,Bình thường,3
KH_003734,Phạm * * Nam,Mass,DVKD_023,24.37,Không,0.0,Không,Chưa mở thẻ,0.0,Bình thường,1
KH_003735,Phan * * Nam,Mass,DVKD_024,9.91,Không,0.0,Không,Chưa mở thẻ,0.0,Bình thường,1
KH_003736,Đặng * * Linh,Mass,DVKD_013,22.28,Không,0.0,Không,Chưa mở thẻ,0.0,Bình thường,1
KH_003737,Hoàng * * Hương,Mass,DVKD_007,37.96,Có,1053.63,Có,Platinum CashBack,13.2,Bình thường,3
KH_003738,Phan * * Dũng,Mass,DVKD_020,48.69,Có,1586.87,Có,Signature Infinite,41.92,Bình thường,3
KH_003739,Nguyễn * * Tuấn,Mass Affluent,DVKD_015,392.53,Có,947.16,Không,Chưa mở thẻ,0.0,Bình thường,2
KH_003740,Phạm * * Bình,Mass,DVKD_004,30.19,Có,1991.64,Có,Signature Infinite,37.77,Bình thường,3
KH_003741,Phạm * * Cường,Private Banking,DVKD_003,657.21,Có,582.26,Có,Classic Standard,42.81,Bình thường,3
KH_003742,Võ * * An,Priority VIP,DVKD_016,476.14,Có,1904.29,Có,Classic Standard,26.01,Bình thường,3
KH_003743,Hoàng * * Trang,Mass,DVKD_024,49.52,Không,0.0,Có,Gold Visa,28.98,Bình thường,2
KH_003744,Vũ * * Thảo,Priority VIP,DVKD_021,16.02,Không,0.0,Có,Signature Infinite,24.71,Bình thường,2
KH_003745,Võ * * Giang,Mass,DVKD_024,0.24,Không,0.0,Không,Chưa mở thẻ,0.0,Bình thường,1
KH_003746,Bùi * * Quân,Mass Affluent,DVKD_013,66.87,Có,1412.65,Có,Gold Visa,43.62,Bình thường,3
KH_003747,Đặng * * Khoa,Mass,DVKD_020,38.12,Không,0.0,Có,Classic Standard,29.69,Bình thường,2
KH_003748,Phạm * * Giang,Priority VIP,DVKD_003,148.31,Có,1832.06,Không,Chưa mở thẻ,0.0,Bình thường,2
KH_003749,Trần * * Mai,Mass,DVKD_020,18.02,Không,0.0,Có,Signature Infinite,8.28,Bình thường,2
KH_003750,Lê * * Phúc,Mass,DVKD_024,75.57,Không,0.0,Không,Chưa mở thẻ,0.0,Bình thường,1
KH_003751,Võ * * Bình,Mass,DVKD_013,79.07,Không,0.0,Có,Classic Standard,20.57,Bình thường,2
KH_003752,Lê * * Giang,Mass Affluent,DVKD_021,671.67,Không,0.0,Có,Classic Standard,13.85,Bình thường,2
KH_003753,Võ * * Sơn,Mass,DVKD_002,13.18,Có,1512.66,Có,Classic Standard,24.11,Bình thường,3
KH_003754,Vũ * * Phúc,Mass,DVKD_015,41.11,Có,1840.31,Không,Chưa mở thẻ,0.0,Đã kích hoạt lại thành công,2
KH_003755,Võ * * Dũng,Mass,DVKD_023,11.09,Không,0.0,Có,Signature Infinite,31.79,Bình thường,2
KH_003756,Đặng * * Trang,Mass,DVKD_003,7.4,Có,1092.39,Có,Platinum CashBack,13.59,Bình thường,3
KH_003757,Trần * * Mai,Mass Affluent,DVKD_023,57.15,Có,1806.58,Có,Classic Standard,27.03,Bình thường,3
KH_003758,Vũ * * Thảo,Mass,DVKD_021,14.65,Có,1283.54,Không,Chưa mở thẻ,0.0,Bình thường,2
KH_003759,Hoàng * * Sơn,Mass,DVKD_004,19.67,Không,0.0,Có,Platinum CashBack,22.79,Bình thường,2
KH_003760,Võ * * An,Mass Affluent,DVKD_018,497.72,Có,2222.89,Không,Chưa mở thẻ,0.0,Bình thường,2
KH_003761,Võ * * Quân,Mass,DVKD_019,4.47,Không,0.0,Có,Platinum CashBack,10.82,Bình thường,2
KH_003762,Phan * * Cường,Mass,DVKD_007,46.47,Không,0.0,Có,Platinum CashBack,18.93,Bình thường,2
KH_003763,Nguyễn * * An,Mass,DVKD_022,26.53,Không,0.0,Có,Signature Infinite,42.41,Bình thường,2
KH_003764,Hoàng * * Cường,Priority VIP,DVKD_019,95.09,Có,1874.88,Không,Chưa mở thẻ,0.0,Đã kích hoạt lại thành công,2
KH_003765,Huỳnh * * Sơn,Mass,DVKD_014,23.76,Không,0.0,Có,Signature Infinite,14.11,Bình thường,2
KH_003766,Bùi * * Linh,Mass Affluent,DVKD_012,99.85,Có,635.33,Có,Platinum CashBack,16.51,Bình thường,3
KH_003767,Huỳnh * * Thảo,Mass,DVKD_014,31.73,Có,1684.74,Có,Signature Infinite,33.17,Bình thường,3
KH_003768,Nguyễn * * Bình,Mass,DVKD_010,19.91,Không,0.0,Có,Signature Infinite,23.39,Bình thường,2
KH_003769,Huỳnh * * Tuấn,Mass,DVKD_017,6.29,Có,2223.17,Có,Gold Visa,18.09,Bình thường,3
KH_003770,Đỗ * * Quân,Mass Affluent,DVKD_011,34.71,Có,1130.46,Không,Chưa mở thẻ,0.0,Bình thường,2
KH_003771,Vũ * * Thảo,Private Banking,DVKD_006,221.53,Không,0.0,Có,Gold Visa,10.51,Bình thường,2
KH_003772,Nguyễn * * Mai,Mass,DVKD_007,81.45,Không,0.0,Không,Chưa mở thẻ,0.0,Bình thường,1
KH_003773,Đỗ * * Mai,Mass,DVKD_014,14.75,Có,364.67,Có,Platinum CashBack,36.85,Bình thường,3
KH_003774,Bùi * * Tuấn,Mass,DVKD_015,46.22,Có,999.68,Có,Gold Visa,34.94,Bình thường,3
KH_003775,Nguyễn * * Trang,Mass,DVKD_018,37.62,Có,650.42,Có,Platinum CashBack,43.64,Bình thường,3
KH_003776,Vũ * * Giang,Mass Affluent,DVKD_010,750.88,Có,807.8,Không,Chưa mở thẻ,0.0,Bình thường,2
KH_003777,Huỳnh * * Sơn,Mass,DVKD_020,60.21,Không,0.0,Không,Chưa mở thẻ,0.0,Bình thường,1
KH_003778,Lê * * Tuấn,Mass,DVKD_020,29.26,Không,0.0,Có,Signature Infinite,9.87,Bình thường,2
KH_003779,Đỗ * * An,Private Banking,DVKD_009,299.63,Không,0.0,Có,Gold Visa,43.84,Đã kích hoạt lại thành công,2
KH_003780,Vũ * * Vy,Mass Affluent,DVKD_014,640.24,Có,1313.57,Không,Chưa mở thẻ,0.0,Bình thường,2
KH_003781,Đỗ * * Huy,Mass,DVKD_011,17.85,Có,2166.99,Có,Classic Standard,36.82,Bình thường,3
KH_003782,Trần * * Nam,Mass,DVKD_006,13.85,Không,0.0,Có,Signature Infinite,13.41,Bình thường,2
KH_003783,Vũ * * Quân,Priority VIP,DVKD_018,3.04,Có,630.07,Không,Chưa mở thẻ,0.0,Bình thường,2
KH_003784,Võ * * Tuấn,Mass,DVKD_006,61.32,Không,0.0,Có,Platinum CashBack,5.28,Bình thường,2
KH_003785,Trần * * Dũng,Mass,DVKD_005,56.5,Không,0.0,Có,Classic Standard,10.05,Đã kích hoạt lại thành công,2
KH_003786,Phan * * Quân,Mass,DVKD_003,3.86,Không,0.0,Có,Classic Standard,33.27,Bình thường,2
KH_003787,Trần * * Tuấn,Priority VIP,DVKD_012,240.81,Có,766.9,Có,Signature Infinite,26.76,Bình thường,3
KH_003788,Hoàng * * Quân,Mass,DVKD_022,21.83,Không,0.0,Có,Gold Visa,35.8,Bình thường,2
KH_003789,Bùi * * Sơn,Mass,DVKD_005,4.42,Không,0.0,Có,Classic Standard,43.14,Đang tiếp cận,2
KH_003790,Vũ * * Hương,Mass Affluent,DVKD_012,1103.44,Không,0.0,Không,Chưa mở thẻ,0.0,Đã kích hoạt lại thành công,1
KH_003791,Vũ * * Tuấn,Mass Affluent,DVKD_010,67.67,Không,0.0,Không,Chưa mở thẻ,0.0,Đã kích hoạt lại thành công,1
KH_003792,Nguyễn * * Khoa,Mass,DVKD_006,2.44,Không,0.0,Không,Chưa mở thẻ,0.0,Bình thường,1
KH_003793,Võ * * Huy,Mass,DVKD_002,31.62,Không,0.0,Có,Classic Standard,6.91,Bình thường,2
KH_003794,Huỳnh * * Trang,Mass,DVKD_006,47.0,Có,395.01,Có,Classic Standard,14.49,Bình thường,3
KH_003795,Phan * * Linh,Mass Affluent,DVKD_009,9.23,Có,1422.77,Có,Signature Infinite,7.06,Bình thường,3
KH_003796,Phạm * * Nam,Mass Affluent,DVKD_007,301.01,Có,1098.3,Có,Gold Visa,15.53,Bình thường,3
KH_003797,Hoàng * * Quân,Mass,DVKD_012,26.6,Không,0.0,Có,Classic Standard,34.93,Bình thường,2
KH_003798,Phan * * Khoa,Mass,DVKD_019,3.81,Không,0.0,Có,Classic Standard,7.36,Bình thường,2
KH_003799,Hoàng * * Cường,Mass Affluent,DVKD_008,53.03,Có,2171.05,Không,Chưa mở thẻ,0.0,Đã kích hoạt lại thành công,2
KH_003800,Võ * * Giang,Mass,DVKD_009,29.37,Không,0.0,Không,Chưa mở thẻ,0.0,Đã kích hoạt lại thành công,1
KH_003801,Nguyễn * * Mai,Mass,DVKD_002,12.3,Không,0.0,Có,Gold Visa,32.23,Đã kích hoạt lại thành công,2
KH_003802,Đặng * * An,Mass,DVKD_017,97.5,Không,0.0,Có,Signature Infinite,19.78,Bình thường,2
KH_003803,Bùi * * Thảo,Mass,DVKD_020,59.77,Có,2395.92,Có,Gold Visa,41.22,Bình thường,3
KH_003804,Đặng * * Khoa,Mass,DVKD_007,143.8,Có,2096.55,Có,Platinum CashBack,9.17,Bình thường,3
KH_003805,Hoàng * * Hương,Mass,DVKD_018,10.52,Không,0.0,Có,Platinum CashBack,31.55,Bình thường,2
KH_003806,Nguyễn * * Giang,Mass,DVKD_022,122.41,Có,185.89,Có,Platinum CashBack,41.79,Đã kích hoạt lại thành công,3
KH_003807,Vũ * * Mai,Mass Affluent,DVKD_015,158.0,Có,2494.29,Có,Platinum CashBack,34.93,Bình thường,3
KH_003808,Hoàng * * An,Mass,DVKD_023,14.94,Có,1409.05,Không,Chưa mở thẻ,0.0,Bình thường,2
KH_003809,Hoàng * * Giang,Mass,DVKD_008,1.81,Có,1986.11,Không,Chưa mở thẻ,0.0,Bình thường,2
KH_003810,Võ * * An,Mass Affluent,DVKD_022,15.18,Có,633.53,Không,Chưa mở thẻ,0.0,Đã kích hoạt lại thành công,2
KH_003811,Trần * * Sơn,Mass,DVKD_008,41.22,Không,0.0,Có,Signature Infinite,38.78,Bình thường,2
KH_003812,Lê * * Trang,Mass Affluent,DVKD_023,171.46,Có,749.14,Có,Platinum CashBack,33.31,Bình thường,3
KH_003813,Phan * * Huy,Mass,DVKD_022,8.99,Có,1274.4,Không,Chưa mở thẻ,0.0,Bình thường,2
KH_003814,Hoàng * * Bình,Mass,DVKD_004,33.31,Không,0.0,Không,Chưa mở thẻ,0.0,Bình thường,1
KH_003815,Hoàng * * Phúc,Mass Affluent,DVKD_001,81.62,Có,431.05,Không,Chưa mở thẻ,0.0,Bình thường,2
KH_003816,Võ * * Dũng,Mass,DVKD_018,30.17,Không,0.0,Không,Chưa mở thẻ,0.0,Bình thường,1
KH_003817,Hoàng * * Phúc,Mass,DVKD_003,15.58,Không,0.0,Có,Gold Visa,39.58,Bình thường,2
KH_003818,Nguyễn * * Dũng,Mass,DVKD_024,60.72,Không,0.0,Có,Gold Visa,34.84,Bình thường,2
KH_003819,Nguyễn * * Khoa,Mass,DVKD_019,60.15,Không,0.0,Có,Platinum CashBack,38.55,Đã kích hoạt lại thành công,2
KH_003820,Lê * * Phúc,Priority VIP,DVKD_016,181.68,Có,1840.83,Có,Signature Infinite,44.91,Đã kích hoạt lại thành công,3
KH_003821,Huỳnh * * Dũng,Mass Affluent,DVKD_017,120.97,Có,1666.49,Không,Chưa mở thẻ,0.0,Bình thường,2
KH_003822,Trần * * Quân,Mass,DVKD_021,15.76,Không,0.0,Có,Signature Infinite,23.16,Đã kích hoạt lại thành công,2
KH_003823,Huỳnh * * Huy,Mass Affluent,DVKD_019,458.76,Không,0.0,Không,Chưa mở thẻ,0.0,Bình thường,1
KH_003824,Huỳnh * * Phúc,Mass Affluent,DVKD_005,111.37,Có,1209.39,Không,Chưa mở thẻ,0.0,Bình thường,2
KH_003825,Vũ * * Giang,Mass Affluent,DVKD_024,65.67,Không,0.0,Có,Classic Standard,16.53,Bình thường,2
KH_003826,Võ * * Bình,Mass Affluent,DVKD_016,24.78,Không,0.0,Không,Chưa mở thẻ,0.0,Bình thường,1
KH_003827,Phạm * * Sơn,Mass,DVKD_003,22.0,Không,0.0,Không,Chưa mở thẻ,0.0,Đã kích hoạt lại thành công,1
KH_003828,Vũ * * Giang,Mass,DVKD_013,23.03,Không,0.0,Không,Chưa mở thẻ,0.0,Bình thường,1
KH_003829,Nguyễn * * Trang,Mass,DVKD_017,64.34,Không,0.0,Có,Signature Infinite,20.85,Bình thường,2
KH_003830,Vũ * * Giang,Priority VIP,DVKD_014,70.01,Có,298.99,Có,Platinum CashBack,24.78,Đã kích hoạt lại thành công,3
KH_003831,Phan * * Giang,Priority VIP,DVKD_003,134.3,Có,1828.61,Có,Platinum CashBack,29.3,Bình thường,3
KH_003832,Hoàng * * Dũng,Mass,DVKD_017,57.83,Có,780.36,Có,Classic Standard,42.19,Bình thường,3
KH_003833,Đặng * * Huy,Mass,DVKD_019,60.73,Không,0.0,Không,Chưa mở thẻ,0.0,Bình thường,1
KH_003834,Lê * * Quân,Mass Affluent,DVKD_017,135.94,Có,334.84,Không,Chưa mở thẻ,0.0,Bình thường,2
KH_003835,Huỳnh * * Hương,Mass,DVKD_007,21.51,Không,0.0,Không,Chưa mở thẻ,0.0,Đã kích hoạt lại thành công,1
KH_003836,Võ * * An,Mass,DVKD_001,12.65,Có,1299.42,Không,Chưa mở thẻ,0.0,Bình thường,2
KH_003837,Lê * * Huy,Mass,DVKD_010,94.38,Không,0.0,Không,Chưa mở thẻ,0.0,Bình thường,1
KH_003838,Hoàng * * Tuấn,Mass,DVKD_018,4.42,Có,1871.34,Có,Gold Visa,35.77,Bình thường,3
KH_003839,Nguyễn * * Phúc,Priority VIP,DVKD_011,760.01,Có,949.74,Có,Gold Visa,34.84,Bình thường,3
KH_003840,Lê * * Vy,Mass Affluent,DVKD_005,322.45,Không,0.0,Có,Classic Standard,18.92,Bình thường,2
KH_003841,Võ * * Cường,Mass,DVKD_005,26.54,Không,0.0,Có,Platinum CashBack,31.74,Bình thường,2
KH_003842,Huỳnh * * Quân,Mass,DVKD_024,1.16,Không,0.0,Có,Signature Infinite,17.84,Bình thường,2
KH_003843,Đặng * * Dũng,Mass,DVKD_011,22.59,Có,1521.29,Không,Chưa mở thẻ,0.0,Bình thường,2
KH_003844,Lê * * Trang,Mass,DVKD_011,18.33,Không,0.0,Có,Gold Visa,38.97,Bình thường,2
KH_003845,Vũ * * Trang,Priority VIP,DVKD_004,49.23,Có,860.52,Không,Chưa mở thẻ,0.0,Bình thường,2
KH_003846,Đặng * * Giang,Mass,DVKD_014,37.39,Không,0.0,Có,Classic Standard,37.54,Bình thường,2
KH_003847,Phạm * * Dũng,Priority VIP,DVKD_016,992.79,Có,141.88,Có,Platinum CashBack,38.44,Bình thường,3
KH_003848,Trần * * Mai,Mass,DVKD_005,28.91,Không,0.0,Có,Gold Visa,25.68,Bình thường,2
KH_003849,Võ * * Thảo,Mass,DVKD_009,43.9,Có,715.56,Có,Gold Visa,16.76,Bình thường,3
KH_003850,Lê * * Vy,Mass,DVKD_022,2.48,Không,0.0,Có,Classic Standard,42.78,Bình thường,2
KH_003851,Phan * * Nam,Mass Affluent,DVKD_001,151.4,Có,104.51,Có,Platinum CashBack,24.43,Bình thường,3
KH_003852,Nguyễn * * Dũng,Mass Affluent,DVKD_005,34.64,Không,0.0,Có,Gold Visa,43.97,Đã kích hoạt lại thành công,2
KH_003853,Đặng * * Giang,Mass,DVKD_007,33.21,Có,544.88,Không,Chưa mở thẻ,0.0,Bình thường,2
KH_003854,Huỳnh * * Dũng,Mass,DVKD_010,97.59,Có,1600.2,Có,Signature Infinite,34.95,Bình thường,3
KH_003855,Vũ * * Sơn,Mass Affluent,DVKD_005,303.53,Có,2287.74,Không,Chưa mở thẻ,0.0,Bình thường,2
KH_003856,Đỗ * * Mai,Mass,DVKD_021,2.8,Không,0.0,Không,Chưa mở thẻ,0.0,Đang tiếp cận,1
KH_003857,Phạm * * Mai,Mass Affluent,DVKD_010,122.64,Có,229.67,Không,Chưa mở thẻ,0.0,Đã kích hoạt lại thành công,2
KH_003858,Nguyễn * * Vy,Mass,DVKD_012,28.0,Có,542.18,Không,Chưa mở thẻ,0.0,Bình thường,2
KH_003859,Đặng * * Bình,Mass Affluent,DVKD_011,144.53,Có,1046.7,Có,Classic Standard,9.51,Bình thường,3
KH_003860,Nguyễn * * Tuấn,Mass,DVKD_015,62.78,Có,1720.21,Không,Chưa mở thẻ,0.0,Bình thường,2
KH_003861,Võ * * Dũng,Mass,DVKD_020,59.0,Có,280.48,Có,Signature Infinite,18.36,Bình thường,3
KH_003862,Nguyễn * * Nam,Mass,DVKD_015,33.12,Không,0.0,Có,Gold Visa,33.61,Bình thường,2
KH_003863,Nguyễn * * Linh,Mass,DVKD_005,16.36,Không,0.0,Không,Chưa mở thẻ,0.0,Bình thường,1
KH_003864,Hoàng * * Cường,Mass,DVKD_002,10.32,Không,0.0,Không,Chưa mở thẻ,0.0,Bình thường,1
KH_003865,Hoàng * * An,Mass Affluent,DVKD_017,31.33,Có,222.11,Có,Classic Standard,28.61,Bình thường,3
KH_003866,Vũ * * Thảo,Mass Affluent,DVKD_024,122.74,Có,159.79,Có,Signature Infinite,8.24,Bình thường,3
KH_003867,Lê * * Huy,Mass Affluent,DVKD_024,149.25,Không,0.0,Có,Gold Visa,9.83,Bình thường,2
KH_003868,Nguyễn * * Trang,Mass Affluent,DVKD_002,315.41,Có,707.82,Có,Platinum CashBack,26.18,Bình thường,3
KH_003869,Hoàng * * Dũng,Priority VIP,DVKD_023,300.56,Có,1951.43,Có,Classic Standard,44.44,Bình thường,3
KH_003870,Đặng * * Quân,Mass,DVKD_010,2.54,Không,0.0,Có,Gold Visa,24.86,Bình thường,2
KH_003871,Bùi * * Sơn,Priority VIP,DVKD_018,140.83,Có,1176.88,Có,Signature Infinite,41.65,Bình thường,3
KH_003872,Lê * * Cường,Mass,DVKD_015,7.02,Có,1671.19,Có,Signature Infinite,13.36,Bình thường,3
KH_003873,Trần * * Tuấn,Mass,DVKD_001,5.97,Không,0.0,Có,Gold Visa,9.66,Bình thường,2
KH_003874,Hoàng * * Dũng,Mass Affluent,DVKD_011,491.74,Không,0.0,Không,Chưa mở thẻ,0.0,Đã kích hoạt lại thành công,1
KH_003875,Trần * * Phúc,Mass,DVKD_004,1.5,Không,0.0,Không,Chưa mở thẻ,0.0,Bình thường,1
KH_003876,Bùi * * Trang,Mass,DVKD_014,19.02,Có,1767.58,Có,Platinum CashBack,42.16,Bình thường,3
KH_003877,Lê * * Trang,Mass Affluent,DVKD_005,51.57,Có,921.02,Không,Chưa mở thẻ,0.0,Bình thường,2
KH_003878,Võ * * Sơn,Mass,DVKD_004,74.01,Có,1971.43,Không,Chưa mở thẻ,0.0,Bình thường,2
KH_003879,Huỳnh * * Trang,Mass Affluent,DVKD_007,228.0,Có,391.57,Có,Classic Standard,43.9,Bình thường,3
KH_003880,Lê * * Sơn,Mass,DVKD_001,9.21,Không,0.0,Có,Platinum CashBack,13.91,Bình thường,2
KH_003881,Hoàng * * Nam,Mass Affluent,DVKD_004,195.44,Không,0.0,Không,Chưa mở thẻ,0.0,Đã kích hoạt lại thành công,1
KH_003882,Nguyễn * * Nam,Mass Affluent,DVKD_017,368.16,Không,0.0,Có,Gold Visa,27.62,Đã kích hoạt lại thành công,2
KH_003883,Phạm * * Thảo,Mass,DVKD_022,111.05,Không,0.0,Có,Classic Standard,40.97,Bình thường,2
KH_003884,Võ * * Tuấn,Mass,DVKD_017,8.72,Không,0.0,Không,Chưa mở thẻ,0.0,Bình thường,1
KH_003885,Hoàng * * Trang,Mass,DVKD_020,76.06,Không,0.0,Không,Chưa mở thẻ,0.0,Bình thường,1
KH_003886,Trần * * Tuấn,Mass,DVKD_023,95.3,Có,1853.32,Không,Chưa mở thẻ,0.0,Bình thường,2
KH_003887,Đỗ * * Tuấn,Mass,DVKD_008,86.87,Có,2251.3,Có,Classic Standard,41.24,Bình thường,3
KH_003888,Đỗ * * Bình,Mass,DVKD_007,35.31,Không,0.0,Có,Gold Visa,37.59,Bình thường,2
KH_003889,Đỗ * * Nam,Mass,DVKD_007,34.78,Không,0.0,Có,Signature Infinite,36.78,Bình thường,2
KH_003890,Trần * * Linh,Mass Affluent,DVKD_022,144.53,Không,0.0,Có,Platinum CashBack,16.73,Bình thường,2
KH_003891,Hoàng * * Hương,Mass,DVKD_013,48.86,Có,1010.29,Không,Chưa mở thẻ,0.0,Đã kích hoạt lại thành công,2
KH_003892,Đặng * * Mai,Mass,DVKD_024,26.52,Không,0.0,Không,Chưa mở thẻ,0.0,Bình thường,1
KH_003893,Phan * * Tuấn,Mass,DVKD_024,39.6,Không,0.0,Có,Signature Infinite,10.82,Bình thường,2
KH_003894,Võ * * Bình,Mass,DVKD_004,19.58,Không,0.0,Có,Gold Visa,15.58,Đã kích hoạt lại thành công,2
KH_003895,Phan * * Huy,Mass Affluent,DVKD_023,368.17,Có,1750.79,Có,Platinum CashBack,26.46,Đã kích hoạt lại thành công,3
KH_003896,Đỗ * * An,Mass Affluent,DVKD_010,487.19,Không,0.0,Có,Gold Visa,10.91,Bình thường,2
KH_003897,Bùi * * Hương,Mass Affluent,DVKD_020,44.33,Có,2290.46,Có,Gold Visa,9.31,Bình thường,3
KH_003898,Trần * * Dũng,Mass,DVKD_008,62.63,Không,0.0,Không,Chưa mở thẻ,0.0,Bình thường,1
KH_003899,Huỳnh * * Quân,Mass,DVKD_019,27.2,Không,0.0,Không,Chưa mở thẻ,0.0,Đã kích hoạt lại thành công,1
KH_003900,Phạm * * Cường,Mass,DVKD_001,65.18,Có,263.22,Có,Signature Infinite,32.71,Bình thường,3
KH_003901,Lê * * Huy,Mass,DVKD_002,19.75,Không,0.0,Không,Chưa mở thẻ,0.0,Bình thường,1
KH_003902,Huỳnh * * Khoa,Mass,DVKD_005,16.68,Có,1228.81,Có,Signature Infinite,31.23,Bình thường,3
KH_003903,Nguyễn * * Dũng,Priority VIP,DVKD_024,690.43,Có,1169.59,Có,Platinum CashBack,35.33,Bình thường,3
KH_003904,Vũ * * Sơn,Mass,DVKD_020,10.12,Có,1167.8,Có,Gold Visa,27.96,Bình thường,3
KH_003905,Phan * * Huy,Mass Affluent,DVKD_019,520.59,Có,815.22,Có,Platinum CashBack,29.9,Bình thường,3
KH_003906,Huỳnh * * Bình,Mass Affluent,DVKD_002,185.27,Có,372.15,Có,Platinum CashBack,15.47,Bình thường,3
KH_003907,Hoàng * * Sơn,Priority VIP,DVKD_023,202.09,Có,1069.88,Không,Chưa mở thẻ,0.0,Bình thường,2
KH_003908,Đỗ * * Nam,Mass,DVKD_019,12.91,Không,0.0,Có,Signature Infinite,15.4,Bình thường,2
KH_003909,Phan * * Quân,Mass Affluent,DVKD_020,238.3,Có,2451.36,Có,Platinum CashBack,28.82,Bình thường,3
KH_003910,Trần * * Sơn,Mass,DVKD_008,13.77,Không,0.0,Không,Chưa mở thẻ,0.0,Bình thường,1
KH_003911,Phạm * * Thảo,Mass,DVKD_008,1.4,Có,2478.86,Có,Gold Visa,36.44,Bình thường,3
KH_003912,Phan * * Giang,Mass,DVKD_014,11.11,Không,0.0,Có,Platinum CashBack,38.8,Bình thường,2
KH_003913,Đặng * * Huy,Mass Affluent,DVKD_023,1.79,Có,1070.09,Có,Gold Visa,42.68,Bình thường,3
KH_003914,Phan * * Khoa,Mass,DVKD_023,134.15,Không,0.0,Không,Chưa mở thẻ,0.0,Đã kích hoạt lại thành công,1
KH_003915,Đỗ * * Vy,Mass Affluent,DVKD_020,944.72,Có,2407.79,Có,Platinum CashBack,16.92,Bình thường,3
KH_003916,Đỗ * * An,Priority VIP,DVKD_010,140.78,Không,0.0,Có,Signature Infinite,14.64,Bình thường,2
KH_003917,Trần * * Giang,Mass Affluent,DVKD_014,364.93,Không,0.0,Có,Classic Standard,7.47,Đã kích hoạt lại thành công,2
KH_003918,Huỳnh * * Thảo,Mass,DVKD_021,14.85,Có,1775.37,Có,Signature Infinite,44.38,Bình thường,3
KH_003919,Nguyễn * * An,Mass,DVKD_023,38.92,Không,0.0,Có,Classic Standard,16.97,Bình thường,2
KH_003920,Võ * * Quân,Mass Affluent,DVKD_012,458.35,Có,1303.52,Có,Platinum CashBack,44.46,Bình thường,3
KH_003921,Đỗ * * Tuấn,Mass,DVKD_002,102.65,Không,0.0,Có,Platinum CashBack,43.68,Bình thường,2
KH_003922,Huỳnh * * Quân,Priority VIP,DVKD_011,143.13,Có,1967.03,Có,Platinum CashBack,10.12,Bình thường,3
KH_003923,Đỗ * * Tuấn,Mass,DVKD_011,53.52,Không,0.0,Có,Signature Infinite,21.6,Bình thường,2
KH_003924,Vũ * * Tuấn,Mass,DVKD_004,10.82,Không,0.0,Có,Classic Standard,36.28,Bình thường,2
KH_003925,Đỗ * * Hương,Mass Affluent,DVKD_006,1298.91,Có,1919.68,Có,Platinum CashBack,33.05,Bình thường,3
KH_003926,Đặng * * Trang,Mass,DVKD_010,0.91,Không,0.0,Có,Signature Infinite,13.87,Bình thường,2
KH_003927,Lê * * Cường,Priority VIP,DVKD_003,259.04,Có,1560.92,Không,Chưa mở thẻ,0.0,Bình thường,2
KH_003928,Nguyễn * * Giang,Mass,DVKD_014,37.71,Không,0.0,Có,Gold Visa,25.03,Đã kích hoạt lại thành công,2
KH_003929,Phạm * * Phúc,Mass,DVKD_008,40.77,Không,0.0,Có,Platinum CashBack,41.43,Bình thường,2
KH_003930,Nguyễn * * Hương,Mass,DVKD_010,4.49,Không,0.0,Có,Platinum CashBack,27.84,Bình thường,2
KH_003931,Phan * * Sơn,Mass,DVKD_021,97.62,Không,0.0,Không,Chưa mở thẻ,0.0,Bình thường,1
KH_003932,Đỗ * * Phúc,Mass,DVKD_009,7.0,Không,0.0,Có,Classic Standard,5.38,Bình thường,2
KH_003933,Phạm * * Trang,Mass,DVKD_022,34.12,Không,0.0,Có,Gold Visa,16.18,Bình thường,2
KH_003934,Phạm * * An,Mass Affluent,DVKD_015,70.53,Có,2454.03,Có,Platinum CashBack,18.55,Bình thường,3
KH_003935,Trần * * Quân,Mass Affluent,DVKD_002,102.77,Có,1497.85,Có,Gold Visa,14.43,Bình thường,3
KH_003936,Vũ * * Quân,Mass Affluent,DVKD_023,221.39,Có,1446.18,Có,Signature Infinite,29.03,Bình thường,3
KH_003937,Bùi * * Huy,Mass Affluent,DVKD_020,151.17,Có,1200.59,Không,Chưa mở thẻ,0.0,Bình thường,2
KH_003938,Lê * * Thảo,Mass,DVKD_004,6.11,Không,0.0,Không,Chưa mở thẻ,0.0,Bình thường,1
KH_003939,Vũ * * Vy,Mass,DVKD_012,6.56,Có,229.11,Không,Chưa mở thẻ,0.0,Bình thường,2
KH_003940,Nguyễn * * Cường,Mass Affluent,DVKD_011,151.63,Có,1324.78,Có,Classic Standard,43.56,Bình thường,3
KH_003941,Đỗ * * Mai,Mass,DVKD_009,49.56,Không,0.0,Không,Chưa mở thẻ,0.0,Bình thường,1
KH_003942,Huỳnh * * Trang,Mass,DVKD_010,79.89,Không,0.0,Không,Chưa mở thẻ,0.0,Bình thường,1
KH_003943,Bùi * * Bình,Mass,DVKD_015,3.08,Không,0.0,Có,Platinum CashBack,7.23,Bình thường,2
KH_003944,Bùi * * Vy,Mass Affluent,DVKD_023,139.83,Có,1042.12,Có,Signature Infinite,11.64,Bình thường,3
KH_003945,Hoàng * * Huy,Mass,DVKD_021,3.7,Có,734.91,Không,Chưa mở thẻ,0.0,Bình thường,2
KH_003946,Nguyễn * * Phúc,Mass,DVKD_007,0.59,Không,0.0,Không,Chưa mở thẻ,0.0,Đang tiếp cận,1
KH_003947,Đặng * * Huy,Mass Affluent,DVKD_016,303.49,Có,131.13,Có,Gold Visa,30.96,Bình thường,3
KH_003948,Hoàng * * Dũng,Mass,DVKD_002,32.29,Có,1917.39,Có,Signature Infinite,28.0,Bình thường,3
KH_003949,Bùi * * Huy,Mass,DVKD_014,6.23,Không,0.0,Có,Signature Infinite,25.65,Bình thường,2
KH_003950,Bùi * * Tuấn,Mass Affluent,DVKD_013,74.57,Có,193.66,Có,Gold Visa,6.65,Bình thường,3
KH_003951,Đỗ * * Quân,Priority VIP,DVKD_015,6.72,Có,892.92,Không,Chưa mở thẻ,0.0,Đang tiếp cận,2
KH_003952,Đỗ * * Thảo,Mass,DVKD_022,63.05,Không,0.0,Không,Chưa mở thẻ,0.0,Đã kích hoạt lại thành công,1
KH_003953,Nguyễn * * Cường,Mass Affluent,DVKD_002,1029.44,Có,1027.9,Không,Chưa mở thẻ,0.0,Đã kích hoạt lại thành công,2
KH_003954,Đỗ * * Cường,Mass,DVKD_010,5.09,Không,0.0,Không,Chưa mở thẻ,0.0,Bình thường,1
KH_003955,Đặng * * Huy,Private Banking,DVKD_014,73.72,Không,0.0,Có,Gold Visa,25.69,Bình thường,2
KH_003956,Bùi * * Cường,Mass,DVKD_005,70.98,Có,342.17,Không,Chưa mở thẻ,0.0,Bình thường,2
KH_003957,Huỳnh * * Giang,Mass,DVKD_004,91.35,Có,1937.6,Có,Classic Standard,28.91,Bình thường,3
KH_003958,Hoàng * * Mai,Mass,DVKD_023,19.04,Không,0.0,Có,Gold Visa,36.33,Bình thường,2
KH_003959,Hoàng * * An,Mass,DVKD_016,1.82,Không,0.0,Có,Gold Visa,22.91,Bình thường,2
KH_003960,Trần * * Vy,Private Banking,DVKD_021,11.25,Không,0.0,Không,Chưa mở thẻ,0.0,Bình thường,1
KH_003961,Lê * * Quân,Priority VIP,DVKD_010,238.9,Có,192.28,Có,Signature Infinite,8.27,Bình thường,3
KH_003962,Lê * * Sơn,Mass Affluent,DVKD_011,139.74,Có,1921.35,Không,Chưa mở thẻ,0.0,Đã kích hoạt lại thành công,2
KH_003963,Bùi * * Sơn,Mass,DVKD_022,1.02,Không,0.0,Có,Signature Infinite,42.97,Bình thường,2
KH_003964,Phan * * Linh,Mass,DVKD_003,30.63,Có,1253.66,Có,Platinum CashBack,41.41,Bình thường,3
KH_003965,Nguyễn * * Bình,Mass,DVKD_001,0.4,Có,224.64,Có,Signature Infinite,42.02,Bình thường,3
KH_003966,Huỳnh * * Giang,Mass,DVKD_003,54.19,Không,0.0,Không,Chưa mở thẻ,0.0,Đã kích hoạt lại thành công,1
KH_003967,Võ * * Trang,Priority VIP,DVKD_022,102.45,Có,1715.91,Có,Gold Visa,16.11,Đã kích hoạt lại thành công,3
KH_003968,Đỗ * * Sơn,Mass,DVKD_012,1.44,Có,2072.63,Có,Signature Infinite,23.13,Đang tiếp cận,3
KH_003969,Phan * * Phúc,Mass,DVKD_001,31.07,Không,0.0,Có,Signature Infinite,25.0,Bình thường,2
KH_003970,Đỗ * * Thảo,Mass Affluent,DVKD_017,141.95,Có,257.5,Có,Signature Infinite,25.39,Bình thường,3
KH_003971,Lê * * Nam,Mass Affluent,DVKD_011,1019.76,Không,0.0,Có,Classic Standard,18.26,Bình thường,2
KH_003972,Nguyễn * * Phúc,Mass,DVKD_024,27.5,Không,0.0,Không,Chưa mở thẻ,0.0,Bình thường,1
KH_003973,Bùi * * Giang,Mass,DVKD_011,11.27,Không,0.0,Không,Chưa mở thẻ,0.0,Đã kích hoạt lại thành công,1
KH_003974,Đỗ * * Huy,Mass Affluent,DVKD_020,346.06,Không,0.0,Có,Platinum CashBack,43.3,Bình thường,2
KH_003975,Võ * * Thảo,Private Banking,DVKD_004,88.69,Có,2379.3,Có,Gold Visa,24.12,Đã kích hoạt lại thành công,3
KH_003976,Lê * * Cường,Mass Affluent,DVKD_007,656.86,Có,1009.49,Có,Signature Infinite,10.27,Bình thường,3
KH_003977,Vũ * * An,Mass Affluent,DVKD_014,131.48,Có,843.31,Không,Chưa mở thẻ,0.0,Bình thường,2
KH_003978,Huỳnh * * Hương,Mass Affluent,DVKD_012,223.5,Có,386.67,Có,Platinum CashBack,15.25,Bình thường,3
KH_003979,Phạm * * Cường,Private Banking,DVKD_001,14.53,Có,1100.79,Không,Chưa mở thẻ,0.0,Bình thường,2
KH_003980,Đỗ * * Quân,Mass Affluent,DVKD_014,155.49,Có,1072.47,Không,Chưa mở thẻ,0.0,Bình thường,2
KH_003981,Hoàng * * Linh,Mass Affluent,DVKD_023,500.07,Không,0.0,Có,Gold Visa,37.0,Bình thường,2
KH_003982,Hoàng * * Cường,Priority VIP,DVKD_002,458.66,Có,2103.31,Có,Gold Visa,6.03,Bình thường,3
KH_003983,Hoàng * * Khoa,Mass,DVKD_023,8.89,Không,0.0,Có,Signature Infinite,14.16,Đang tiếp cận,2
KH_003984,Huỳnh * * Cường,Mass,DVKD_017,8.97,Có,1545.31,Có,Classic Standard,17.63,Bình thường,3
KH_003985,Bùi * * Quân,Mass,DVKD_014,59.5,Không,0.0,Có,Signature Infinite,44.9,Bình thường,2
KH_003986,Phan * * Mai,Mass,DVKD_013,93.27,Có,121.39,Có,Signature Infinite,15.76,Bình thường,3
KH_003987,Lê * * Huy,Private Banking,DVKD_001,28.06,Có,2395.08,Có,Platinum CashBack,22.4,Bình thường,3
KH_003988,Vũ * * An,Mass,DVKD_005,20.93,Có,1052.4,Có,Platinum CashBack,25.48,Bình thường,3
KH_003989,Hoàng * * Vy,Priority VIP,DVKD_014,115.27,Có,1243.88,Có,Classic Standard,22.54,Bình thường,3
KH_003990,Nguyễn * * Trang,Mass,DVKD_018,71.59,Không,0.0,Có,Platinum CashBack,13.87,Bình thường,2
KH_003991,Hoàng * * Hương,Mass Affluent,DVKD_018,24.42,Không,0.0,Không,Chưa mở thẻ,0.0,Bình thường,1
KH_003992,Vũ * * Giang,Mass Affluent,DVKD_010,66.4,Không,0.0,Có,Gold Visa,39.56,Bình thường,2
KH_003993,Vũ * * Khoa,Mass Affluent,DVKD_004,390.94,Có,1604.55,Có,Platinum CashBack,39.02,Bình thường,3
KH_003994,Hoàng * * Mai,Mass,DVKD_011,1.84,Không,0.0,Không,Chưa mở thẻ,0.0,Bình thường,1
KH_003995,Bùi * * Quân,Mass,DVKD_022,23.74,Không,0.0,Có,Signature Infinite,43.92,Bình thường,2
KH_003996,Huỳnh * * Tuấn,Mass Affluent,DVKD_019,163.4,Có,1143.61,Không,Chưa mở thẻ,0.0,Đã kích hoạt lại thành công,2
KH_003997,Nguyễn * * An,Mass Affluent,DVKD_006,113.98,Không,0.0,Có,Platinum CashBack,19.68,Bình thường,2
KH_003998,Đặng * * Trang,Mass,DVKD_006,17.56,Không,0.0,Không,Chưa mở thẻ,0.0,Bình thường,1
KH_003999,Võ * * Sơn,Mass,DVKD_013,26.42,Không,0.0,Có,Gold Visa,39.28,Bình thường,2
KH_004000,Nguyễn * * Giang,Private Banking,DVKD_022,49.28,Có,2027.37,Có,Platinum CashBack,40.06,Bình thường,3
