YearMonth,CIF_sale,Ma_DVKD,Ma_Vung,Target_CASA,Target_FD,Target_TIN_DUNG,Target_THE_TD,Target_BAO_HIEM,Target_REACTIVE
202401,EMP_1001,DVKD_001,VUNG_1,1017.18,5547.19,7313.61,8,157.23,5
202401,EMP_1002,DVKD_001,VUNG_1,844.88,5102.56,7142.72,9,175.15,5
202401,EMP_1003,DVKD_001,VUNG_1,917.21,5504.72,7736.31,9,113.18,5
202401,EMP_1004,DVKD_001,VUNG_1,1543.18,8094.15,13872.68,14,245.88,10
202401,EMP_1005,DVKD_001,VUNG_1,1427.34,9832.37,13008.47,16,238.32,8
202401,EMP_1006,DVKD_001,VUNG_1,1956.69,11471.83,17811.02,17,458.28,13
202401,EMP_1007,DVKD_001,VUNG_1,1449.71,9293.18,11166.62,16,267.86,7
202401,EMP_1008,DVKD_001,VUNG_1,1699.3,7923.52,15399.47,16,200.85,7
202401,EMP_1009,DVKD_001,VUNG_1,2051.26,10297.28,16147.28,23,263.46,14
202401,EMP_1010,DVKD_001,VUNG_1,1632.58,8284.65,13505.93,15,294.2,10
202401,EMP_1011,DVKD_001,VUNG_1,1639.35,9956.9,12351.4,18,230.32,8
202401,EMP_1012,DVKD_001,VUNG_1,1561.01,8820.43,14622.38,16,236.59,7
202401,EMP_1013,DVKD_001,VUNG_1,1557.78,6920.34,12569.94,14,287.82,10
202401,EMP_1014,DVKD_001,VUNG_1,1946.89,12181.48,17703.72,22,478.79,13
202401,EMP_1015,DVKD_002,VUNG_1,821.08,5825.38,8126.37,8,168.53,5
202401,EMP_1016,DVKD_002,VUNG_1,1068.59,4945.0,8815.58,10,208.15,4
202401,EMP_1017,DVKD_002,VUNG_1,984.45,4155.15,8517.95,11,160.03,5
202401,EMP_1018,DVKD_002,VUNG_1,908.25,5842.44,7595.76,10,176.28,4
202401,EMP_1019,DVKD_002,VUNG_1,1633.9,7870.88,12382.52,15,242.65,7
202401,EMP_1020,DVKD_002,VUNG_1,1039.92,5931.67,8215.78,8,113.56,5
202401,EMP_1021,DVKD_002,VUNG_1,1762.54,7792.74,13949.06,16,197.57,9
202401,EMP_1022,DVKD_002,VUNG_1,1388.12,8588.55,13888.77,14,197.36,9
202401,EMP_1023,DVKD_002,VUNG_1,1776.2,9990.93,15179.75,13,292.33,8
202401,EMP_1024,DVKD_002,VUNG_1,814.92,4673.02,9219.37,8,185.45,4
202401,EMP_1025,DVKD_002,VUNG_1,2519.99,10214.15,17107.72,23,369.38,12
202401,EMP_1026,DVKD_003,VUNG_1,1009.43,5090.94,8386.36,10,169.89,5
202401,EMP_1027,DVKD_003,VUNG_1,851.65,4427.22,8475.4,9,199.78,6
202401,EMP_1028,DVKD_003,VUNG_1,821.8,4779.45,8552.41,11,169.11,6
202401,EMP_1029,DVKD_003,VUNG_1,2383.79,10568.33,16727.21,25,437.17,14
202401,EMP_1030,DVKD_003,VUNG_1,1437.31,8970.58,13538.01,15,309.65,10
202401,EMP_1031,DVKD_003,VUNG_1,1576.31,8139.71,11577.88,13,280.82,10
202401,EMP_1032,DVKD_003,VUNG_1,1373.48,8337.89,12581.82,18,299.5,8
202401,EMP_1033,DVKD_003,VUNG_1,843.66,4241.04,6941.7,9,158.9,6
202401,EMP_1034,DVKD_003,VUNG_1,834.76,5828.17,8832.11,10,202.7,5
202401,EMP_1035,DVKD_003,VUNG_1,917.04,4798.01,7592.16,7,128.58,5
202401,EMP_1036,DVKD_004,VUNG_1,836.75,5452.23,7445.64,8,109.02,6
202401,EMP_1037,DVKD_004,VUNG_1,937.56,5675.73,8665.46,9,169.61,6
202401,EMP_1038,DVKD_004,VUNG_1,815.13,4494.06,6910.62,11,168.93,5
202401,EMP_1039,DVKD_004,VUNG_1,1699.28,7560.45,11384.87,13,286.82,9
202401,EMP_1040,DVKD_004,VUNG_1,1378.26,9477.4,13199.18,15,285.59,9
202401,EMP_1041,DVKD_004,VUNG_1,1004.01,4639.24,6484.51,8,164.92,4
202401,EMP_1042,DVKD_004,VUNG_1,2310.98,11865.21,17543.26,25,378.3,13
202401,EMP_1043,DVKD_004,VUNG_1,1578.43,6865.07,14991.99,12,242.7,8
202401,EMP_1044,DVKD_004,VUNG_1,1686.29,7942.7,11124.29,13,289.99,7
202401,EMP_1045,DVKD_004,VUNG_1,1611.86,9221.37,11440.37,14,234.25,9
202401,EMP_1046,DVKD_004,VUNG_1,1723.67,8990.98,15507.93,15,206.9,7
202401,EMP_1047,DVKD_004,VUNG_1,1672.22,9819.54,10977.52,13,313.44,10
202401,EMP_1048,DVKD_005,VUNG_1,895.21,4675.35,7626.89,10,154.71,4
202401,EMP_1049,DVKD_005,VUNG_1,984.66,4629.33,8962.96,7,173.85,4
202401,EMP_1050,DVKD_005,VUNG_1,1025.82,4918.95,7632.06,9,205.43,5
202401,EMP_1051,DVKD_005,VUNG_1,2007.69,12620.47,17588.57,23,310.35,9
202401,EMP_1052,DVKD_005,VUNG_1,1541.02,8177.94,15576.47,13,226.41,7
202401,EMP_1053,DVKD_005,VUNG_1,1497.56,7746.05,12940.4,16,204.16,8
202401,EMP_1054,DVKD_005,VUNG_1,1551.21,9125.81,15175.71,16,251.11,9
202401,EMP_1055,DVKD_005,VUNG_1,1706.17,6983.55,14021.68,14,264.79,9
202401,EMP_1056,DVKD_005,VUNG_1,1990.79,9659.51,20823.06,22,352.35,10
202401,EMP_1057,DVKD_005,VUNG_1,1456.2,8864.52,12538.32,18,180.67,7
202401,EMP_1058,DVKD_005,VUNG_1,931.48,4792.25,7758.55,7,119.46,5
202401,EMP_1059,DVKD_006,VUNG_1,894.88,4615.08,9246.3,7,124.54,5
202401,EMP_1060,DVKD_006,VUNG_1,1056.66,4306.1,8711.9,10,127.53,5
202401,EMP_1061,DVKD_006,VUNG_1,997.37,5997.37,7056.51,8,112.78,4
202401,EMP_1062,DVKD_006,VUNG_1,2339.42,13987.74,20566.65,25,486.71,13
202401,EMP_1063,DVKD_006,VUNG_1,1669.29,8559.99,12193.74,14,202.56,9
202401,EMP_1064,DVKD_006,VUNG_1,1665.1,7357.09,12535.16,13,347.4,10
202401,EMP_1065,DVKD_006,VUNG_1,1456.53,8380.87,12532.3,15,256.8,10
202401,EMP_1066,DVKD_006,VUNG_1,845.04,5777.75,6669.35,9,180.28,5
202401,EMP_1067,DVKD_006,VUNG_1,1534.86,8110.19,13559.52,13,230.48,7
202401,EMP_1068,DVKD_006,VUNG_1,1559.62,8455.55,11416.01,17,271.48,9
202401,EMP_1069,DVKD_006,VUNG_1,1695.5,7212.91,13213.75,17,320.49,8
202401,EMP_1070,DVKD_006,VUNG_1,1486.86,7318.29,15286.74,13,340.81,8
202401,EMP_1071,DVKD_006,VUNG_1,2068.95,9873.29,16439.15,25,312.24,12
202401,EMP_1072,DVKD_006,VUNG_1,975.9,4259.38,8326.04,9,165.97,4
202401,EMP_1073,DVKD_007,VUNG_1,978.61,5811.84,7452.34,11,109.33,6
202401,EMP_1074,DVKD_007,VUNG_1,831.93,5901.21,8700.54,8,127.13,5
202401,EMP_1075,DVKD_007,VUNG_1,976.89,4138.15,9040.31,9,172.4,5
202401,EMP_1076,DVKD_007,VUNG_1,2044.27,13136.92,17848.94,21,413.71,10
202401,EMP_1077,DVKD_007,VUNG_1,1537.03,8286.21,12432.92,13,325.76,8
202401,EMP_1078,DVKD_007,VUNG_1,1794.61,7905.19,12713.84,17,265.12,7
202401,EMP_1079,DVKD_007,VUNG_1,875.27,4315.24,7774.84,8,110.31,6
202401,EMP_1080,DVKD_007,VUNG_1,1738.87,8138.03,15420.89,17,317.36,10
202401,EMP_1081,DVKD_007,VUNG_1,1004.7,4444.48,6938.91,11,154.02,6
202401,EMP_1082,DVKD_007,VUNG_1,2203.34,9923.42,17762.59,21,303.98,12
202401,EMP_1083,DVKD_008,VUNG_1,823.14,4620.2,8200.85,10,175.61,5
202401,EMP_1084,DVKD_008,VUNG_1,812.21,4286.39,6865.73,8,143.41,5
202401,EMP_1085,DVKD_008,VUNG_1,822.22,4178.22,8098.03,9,135.3,5
202401,EMP_1086,DVKD_008,VUNG_1,1552.66,8559.54,14761.49,16,281.93,7
202401,EMP_1087,DVKD_008,VUNG_1,1393.51,7994.23,15536.58,15,238.98,7
202401,EMP_1088,DVKD_008,VUNG_1,1621.11,8084.44,10993.22,12,299.88,10
202401,EMP_1089,DVKD_008,VUNG_1,950.22,4365.97,9052.22,8,202.79,5
202401,EMP_1090,DVKD_008,VUNG_1,1526.83,8772.8,14844.49,16,263.78,8
202401,EMP_1091,DVKD_008,VUNG_1,1570.43,8601.36,13079.48,12,232.97,7
202401,EMP_1092,DVKD_008,VUNG_1,1537.44,7784.57,15114.08,17,285.12,9
202401,EMP_1093,DVKD_008,VUNG_1,2057.28,12457.05,21652.22,22,300.75,9
202401,EMP_1094,DVKD_008,VUNG_1,939.72,5086.53,8557.01,10,144.92,6
202401,EMP_1095,DVKD_008,VUNG_1,2042.58,12085.11,19827.5,18,353.05,11
202401,EMP_1096,DVKD_009,VUNG_2,921.5,4471.47,7925.24,9,154.52,6
202401,EMP_1097,DVKD_009,VUNG_2,1006.4,5435.09,7973.81,9,209.8,5
202401,EMP_1098,DVKD_009,VUNG_2,911.74,5916.84,7803.83,9,162.36,5
202401,EMP_1099,DVKD_009,VUNG_2,2436.62,12569.74,20520.55,19,363.62,14
202401,EMP_1100,DVKD_009,VUNG_2,1475.55,7755.2,15319.13,18,309.96,9
202401,EMP_1101,DVKD_009,VUNG_2,1660.61,8364.81,13103.06,15,338.53,9
202401,EMP_1102,DVKD_009,VUNG_2,2071.31,12089.18,18770.24,24,341.66,11
202401,EMP_1103,DVKD_009,VUNG_2,1697.88,7268.72,11001.92,18,188.83,10
202401,EMP_1104,DVKD_009,VUNG_2,1645.19,9191.48,11827.14,17,222.45,9
202401,EMP_1105,DVKD_009,VUNG_2,1472.23,7149.53,14356.28,13,183.88,10
202401,EMP_1106,DVKD_009,VUNG_2,1451.55,7545.08,11280.95,14,257.67,9
202401,EMP_1107,DVKD_009,VUNG_2,1411.86,9886.46,15493.97,13,289.26,10
202401,EMP_1108,DVKD_009,VUNG_2,2189.69,12434.41,20199.72,19,314.93,9
202401,EMP_1109,DVKD_009,VUNG_2,1695.93,8887.36,11914.66,16,323.81,7
202401,EMP_1110,DVKD_010,VUNG_2,1058.8,4882.34,8892.3,11,108.82,6
202401,EMP_1111,DVKD_010,VUNG_2,1022.75,4437.72,8637.13,10,135.39,4
202401,EMP_1112,DVKD_010,VUNG_2,890.57,5237.34,9153.95,8,152.71,5
202401,EMP_1113,DVKD_010,VUNG_2,2220.32,13503.88,16021.82,21,311.85,13
202401,EMP_1114,DVKD_010,VUNG_2,1498.81,9139.58,13911.77,16,177.46,8
202401,EMP_1115,DVKD_010,VUNG_2,1482.76,8958.08,11727.17,16,286.78,8
202401,EMP_1116,DVKD_010,VUNG_2,2159.45,10989.11,17813.6,18,485.51,12
202401,EMP_1117,DVKD_010,VUNG_2,1062.67,4093.11,7584.69,9,133.03,5
202401,EMP_1118,DVKD_010,VUNG_2,1612.11,8633.21,12055.46,14,216.35,9
202401,EMP_1119,DVKD_010,VUNG_2,1559.43,7311.09,14093.15,18,330.37,9
202401,EMP_1120,DVKD_011,VUNG_2,996.38,5306.33,9189.03,9,128.19,6
202401,EMP_1121,DVKD_011,VUNG_2,939.11,4953.56,9327.85,9,178.7,6
202401,EMP_1122,DVKD_011,VUNG_2,1014.48,5619.83,8857.74,10,176.44,5
202401,EMP_1123,DVKD_011,VUNG_2,1704.32,8481.62,13335.23,14,335.52,7
202401,EMP_1124,DVKD_011,VUNG_2,2412.13,13564.94,16478.49,21,285.31,14
202401,EMP_1125,DVKD_011,VUNG_2,1548.83,8976.94,14241.21,15,332.31,8
202401,EMP_1126,DVKD_011,VUNG_2,1925.05,10111.11,17911.65,22,381.91,13
202401,EMP_1127,DVKD_011,VUNG_2,1488.68,6869.67,12021.39,12,213.13,7
202401,EMP_1128,DVKD_011,VUNG_2,1540.66,9041.23,13397.58,12,331.49,10
202401,EMP_1129,DVKD_011,VUNG_2,1562.43,7718.69,11663.91,13,287.27,9
202401,EMP_1130,DVKD_011,VUNG_2,1783.7,7998.27,15078.4,15,335.5,8
202401,EMP_1131,DVKD_011,VUNG_2,1940.56,13839.37,20997.0,18,455.77,10
202401,EMP_1132,DVKD_011,VUNG_2,1078.07,4834.67,6846.76,11,192.66,6
202401,EMP_1133,DVKD_011,VUNG_2,2506.45,11594.26,19952.31,20,337.92,10
202401,EMP_1134,DVKD_012,VUNG_2,934.37,4377.83,7022.82,10,185.38,4
202401,EMP_1135,DVKD_012,VUNG_2,988.25,5260.65,9176.37,10,130.27,4
202401,EMP_1136,DVKD_012,VUNG_2,970.36,4937.17,8415.43,10,130.7,4
202401,EMP_1137,DVKD_012,VUNG_2,2166.55,11938.12,20189.47,23,279.33,15
202401,EMP_1138,DVKD_012,VUNG_2,2037.52,13625.46,18991.46,22,434.27,14
202401,EMP_1139,DVKD_012,VUNG_2,873.96,5762.42,9318.8,9,148.42,5
202401,EMP_1140,DVKD_012,VUNG_2,1600.52,8693.33,14329.02,13,293.78,9
202401,EMP_1141,DVKD_012,VUNG_2,1919.54,11062.98,19443.08,20,373.49,13
202401,EMP_1142,DVKD_012,VUNG_2,2147.2,10863.5,16355.67,21,304.04,10
202401,EMP_1143,DVKD_012,VUNG_2,1735.89,7261.93,13022.52,12,247.22,8
202401,EMP_1144,DVKD_013,VUNG_2,953.1,4825.76,7214.39,8,113.3,5
202401,EMP_1145,DVKD_013,VUNG_2,910.19,5108.42,8868.69,7,144.6,5
202401,EMP_1146,DVKD_013,VUNG_2,820.68,4219.75,8797.39,9,175.5,4
202401,EMP_1147,DVKD_013,VUNG_2,2021.6,13583.51,17157.42,24,296.89,10
202401,EMP_1148,DVKD_013,VUNG_2,1683.66,9190.01,14420.79,17,296.73,9
202401,EMP_1149,DVKD_013,VUNG_2,1528.48,7565.86,12343.75,14,256.59,9
202401,EMP_1150,DVKD_013,VUNG_2,1488.79,7950.86,15037.5,15,315.49,9
202401,EMP_1151,DVKD_013,VUNG_2,1692.73,7824.75,11775.01,14,183.0,10
202401,EMP_1152,DVKD_013,VUNG_2,1683.56,6851.9,13455.9,16,301.0,8
202401,EMP_1153,DVKD_013,VUNG_2,1438.29,7536.06,13534.99,13,271.36,10
202401,EMP_1154,DVKD_013,VUNG_2,1501.9,9242.75,13145.38,16,304.43,8
202401,EMP_1155,DVKD_013,VUNG_2,1679.75,7926.96,11471.8,15,207.21,10
202401,EMP_1156,DVKD_013,VUNG_2,1795.65,9863.16,13314.93,17,188.01,10
202401,EMP_1157,DVKD_014,VUNG_2,823.1,4092.26,6875.98,9,112.14,4
202401,EMP_1158,DVKD_014,VUNG_2,869.05,4955.54,6654.1,9,203.06,6
202401,EMP_1159,DVKD_014,VUNG_2,988.01,4110.2,8012.77,9,106.76,6
202401,EMP_1160,DVKD_014,VUNG_2,1591.08,7717.4,13210.64,16,250.35,10
202401,EMP_1161,DVKD_014,VUNG_2,1430.67,9737.76,13317.05,13,283.46,7
202401,EMP_1162,DVKD_014,VUNG_2,1509.5,9343.8,11179.29,18,255.32,7
202401,EMP_1163,DVKD_014,VUNG_2,1663.76,7759.92,14774.7,12,348.54,9
202401,EMP_1164,DVKD_014,VUNG_2,1909.96,11335.65,17654.58,21,401.0,13
202401,EMP_1165,DVKD_014,VUNG_2,832.33,5703.03,8337.33,8,207.62,6
202401,EMP_1166,DVKD_014,VUNG_2,1752.66,9741.29,11902.88,17,296.15,9
202401,EMP_1167,DVKD_014,VUNG_2,2060.79,13660.23,19719.36,19,378.04,13
202401,EMP_1168,DVKD_014,VUNG_2,1430.71,9521.37,10875.16,13,200.23,10
202401,EMP_1169,DVKD_014,VUNG_2,1719.41,9772.4,12236.53,15,274.17,10
202401,EMP_1170,DVKD_015,VUNG_2,992.8,5117.88,7585.48,10,188.0,5
202401,EMP_1171,DVKD_015,VUNG_2,831.18,5511.28,7476.08,8,129.38,4
202401,EMP_1172,DVKD_015,VUNG_2,973.4,5258.62,8195.35,11,139.27,5
202401,EMP_1173,DVKD_015,VUNG_2,1702.6,8241.76,11895.06,15,240.7,7
202401,EMP_1174,DVKD_015,VUNG_2,1613.64,8016.23,14506.4,14,218.13,7
202401,EMP_1175,DVKD_015,VUNG_2,1470.59,8016.0,14562.67,13,243.18,8
202401,EMP_1176,DVKD_015,VUNG_2,1947.66,13744.46,18108.63,23,270.05,9
202401,EMP_1177,DVKD_015,VUNG_2,1543.94,8582.35,13259.72,13,190.68,9
202401,EMP_1178,DVKD_015,VUNG_2,2266.06,13034.29,20924.19,17,346.38,13
202401,EMP_1179,DVKD_015,VUNG_2,1676.18,8590.52,15565.1,13,266.19,9
202401,EMP_1180,DVKD_015,VUNG_2,1996.79,10724.76,16923.69,18,285.97,11
202401,EMP_1181,DVKD_015,VUNG_2,1484.89,9304.53,12533.4,18,301.16,8
202401,EMP_1182,DVKD_015,VUNG_2,2278.5,11571.22,16030.49,17,341.94,14
202401,EMP_1183,DVKD_015,VUNG_2,1520.95,9559.03,12913.07,15,319.12,9
202401,EMP_1184,DVKD_016,VUNG_2,970.49,4656.84,8217.25,10,155.3,4
202401,EMP_1185,DVKD_016,VUNG_2,917.52,4692.74,8596.44,9,206.62,6
202401,EMP_1186,DVKD_016,VUNG_2,897.99,4618.18,8743.3,9,202.87,4
202401,EMP_1187,DVKD_016,VUNG_2,2518.28,10326.07,20278.39,17,423.17,14
202401,EMP_1188,DVKD_016,VUNG_2,866.61,5611.56,8874.09,7,194.02,6
202401,EMP_1189,DVKD_016,VUNG_2,991.7,4347.22,7352.16,8,121.19,5
202401,EMP_1190,DVKD_016,VUNG_2,1519.65,8237.01,13670.08,15,268.51,10
202401,EMP_1191,DVKD_016,VUNG_2,2437.87,11393.99,15367.06,25,416.9,14
202401,EMP_1192,DVKD_016,VUNG_2,1617.22,9726.08,11324.97,13,291.32,7
202401,EMP_1193,DVKD_016,VUNG_2,1625.71,8602.3,13896.15,16,344.19,8
202401,EMP_1194,DVKD_016,VUNG_2,1708.3,7139.02,11273.31,13,305.7,9
202401,EMP_1195,DVKD_016,VUNG_2,1659.45,7507.3,12595.77,15,293.92,9
202401,EMP_1196,DVKD_016,VUNG_2,1417.84,9992.65,13117.3,14,336.1,7
202401,EMP_1197,DVKD_016,VUNG_2,1724.09,9136.48,12471.98,14,312.25,8
202401,EMP_1198,DVKD_017,VUNG_3,904.04,4267.44,8559.34,9,112.05,4
202401,EMP_1199,DVKD_017,VUNG_3,1001.91,4123.36,7468.06,8,189.01,6
202401,EMP_1200,DVKD_017,VUNG_3,1009.93,5070.71,8069.5,8,149.77,5
202401,EMP_1201,DVKD_017,VUNG_3,1708.99,8815.23,11694.66,16,244.23,9
202401,EMP_1202,DVKD_017,VUNG_3,2446.35,11534.1,18006.6,17,297.63,11
202401,EMP_1203,DVKD_017,VUNG_3,1666.69,9347.23,13571.27,17,268.96,8
202401,EMP_1204,DVKD_017,VUNG_3,863.21,4298.79,8411.62,9,206.42,5
202401,EMP_1205,DVKD_017,VUNG_3,1524.89,8056.14,11348.31,14,255.13,7
202401,EMP_1206,DVKD_017,VUNG_3,991.87,5617.18,9125.81,9,175.57,5
202401,EMP_1207,DVKD_017,VUNG_3,1457.36,7174.24,12591.87,13,242.98,9
202401,EMP_1208,DVKD_017,VUNG_3,965.2,4892.23,7881.61,9,201.51,6
202401,EMP_1209,DVKD_018,VUNG_3,856.77,4400.38,7311.84,8,193.41,5
202401,EMP_1210,DVKD_018,VUNG_3,1043.69,5907.54,7875.67,8,145.31,5
202401,EMP_1211,DVKD_018,VUNG_3,986.33,4865.54,7896.17,10,151.6,4
202401,EMP_1212,DVKD_018,VUNG_3,1604.43,9346.82,11858.54,12,214.35,8
202401,EMP_1213,DVKD_018,VUNG_3,1020.8,5166.05,8704.94,9,158.63,5
202401,EMP_1214,DVKD_018,VUNG_3,1470.55,8537.94,15556.29,15,307.44,9
202401,EMP_1215,DVKD_018,VUNG_3,1548.61,7499.33,12840.74,16,289.39,7
202401,EMP_1216,DVKD_018,VUNG_3,1743.66,6903.14,12061.51,17,190.22,10
202401,EMP_1217,DVKD_018,VUNG_3,841.69,5638.83,7084.45,10,177.36,6
202401,EMP_1218,DVKD_018,VUNG_3,1624.62,8170.13,13757.53,17,317.37,10
202401,EMP_1219,DVKD_018,VUNG_3,963.92,5101.98,8198.95,8,207.8,5
202401,EMP_1220,DVKD_018,VUNG_3,964.64,5908.6,7961.52,10,190.59,4
202401,EMP_1221,DVKD_018,VUNG_3,1687.54,8117.11,11084.57,14,289.78,9
202401,EMP_1222,DVKD_018,VUNG_3,1409.71,7267.98,12346.06,13,322.62,8
202401,EMP_1223,DVKD_019,VUNG_3,848.39,5294.21,8288.1,9,112.93,6
202401,EMP_1224,DVKD_019,VUNG_3,1017.6,4853.47,8639.43,10,197.12,5
202401,EMP_1225,DVKD_019,VUNG_3,941.77,5197.35,8982.45,10,114.78,6
202401,EMP_1226,DVKD_019,VUNG_3,1635.68,9031.32,14880.51,17,244.6,10
202401,EMP_1227,DVKD_019,VUNG_3,1721.18,8383.09,12349.75,14,270.78,7
202401,EMP_1228,DVKD_019,VUNG_3,1733.59,9322.57,15091.94,17,183.04,9
202401,EMP_1229,DVKD_019,VUNG_3,2417.12,9592.94,21365.79,18,356.85,15
202401,EMP_1230,DVKD_019,VUNG_3,1542.51,9986.22,15165.15,17,227.83,10
202401,EMP_1231,DVKD_019,VUNG_3,1744.47,7098.69,12530.09,12,291.29,9
202401,EMP_1232,DVKD_019,VUNG_3,823.98,5281.16,8570.85,10,150.07,4
202401,EMP_1233,DVKD_019,VUNG_3,1392.83,7482.95,11174.11,16,265.9,8
202401,EMP_1234,DVKD_020,VUNG_3,812.18,4739.66,6827.31,10,177.87,5
202401,EMP_1235,DVKD_020,VUNG_3,871.82,4251.52,8801.16,8,143.59,5
202401,EMP_1236,DVKD_020,VUNG_3,913.33,5641.67,8998.55,10,176.1,4
202401,EMP_1237,DVKD_020,VUNG_3,1603.48,8753.02,11587.76,14,212.28,9
202401,EMP_1238,DVKD_020,VUNG_3,1763.95,8771.44,12923.44,13,331.9,7
202401,EMP_1239,DVKD_020,VUNG_3,1967.59,12790.44,17482.32,20,438.81,10
202401,EMP_1240,DVKD_020,VUNG_3,2296.11,10631.79,19158.71,23,314.81,14
202401,EMP_1241,DVKD_020,VUNG_3,817.24,5706.37,9002.38,8,168.73,4
202401,EMP_1242,DVKD_020,VUNG_3,2136.8,12414.84,20387.15,23,303.64,11
202401,EMP_1243,DVKD_020,VUNG_3,1458.49,8841.86,11140.86,17,177.11,8
202401,EMP_1244,DVKD_020,VUNG_3,1492.41,8037.88,14827.07,15,270.61,7
202401,EMP_1245,DVKD_020,VUNG_3,1561.96,9959.57,11150.36,16,177.41,7
202401,EMP_1246,DVKD_020,VUNG_3,1059.1,5901.47,7626.17,8,179.83,6
202401,EMP_1247,DVKD_020,VUNG_3,1540.61,8087.29,13874.58,15,201.72,7
202401,EMP_1248,DVKD_021,VUNG_3,831.34,5848.18,9286.02,8,139.31,5
202401,EMP_1249,DVKD_021,VUNG_3,1016.07,5327.69,8332.29,8,150.94,6
202401,EMP_1250,DVKD_021,VUNG_3,874.43,4549.4,9142.93,8,169.29,4
202401,EMP_1251,DVKD_021,VUNG_3,1649.74,8905.77,11643.1,12,199.01,6
202401,EMP_1252,DVKD_021,VUNG_3,2202.74,11073.24,18595.74,24,308.52,11
202401,EMP_1253,DVKD_021,VUNG_3,1687.4,9595.07,14318.09,13,332.48,8
202401,EMP_1254,DVKD_021,VUNG_3,925.92,5085.8,7237.29,11,170.89,5
202401,EMP_1255,DVKD_021,VUNG_3,1579.85,6977.41,14924.93,13,202.53,9
202401,EMP_1256,DVKD_021,VUNG_3,1752.42,8957.19,11353.6,16,175.45,10
202401,EMP_1257,DVKD_021,VUNG_3,1355.53,6947.14,12547.09,18,206.32,10
202401,EMP_1258,DVKD_021,VUNG_3,1365.91,9369.97,14227.3,16,214.29,7
202401,EMP_1259,DVKD_021,VUNG_3,1762.13,7823.79,14764.79,15,195.9,9
202401,EMP_1260,DVKD_022,VUNG_3,824.22,4508.52,7965.43,7,147.1,6
202401,EMP_1261,DVKD_022,VUNG_3,1043.83,5565.17,7374.81,8,152.96,5
202401,EMP_1262,DVKD_022,VUNG_3,888.73,5586.25,8609.98,8,143.67,6
202401,EMP_1263,DVKD_022,VUNG_3,2518.61,12995.97,20042.15,21,440.01,10
202401,EMP_1264,DVKD_022,VUNG_3,1769.58,6876.51,13399.42,16,296.36,6
202401,EMP_1265,DVKD_022,VUNG_3,1500.76,9228.57,12606.12,16,228.81,7
202401,EMP_1266,DVKD_022,VUNG_3,1792.4,8143.41,15413.69,18,199.92,8
202401,EMP_1267,DVKD_022,VUNG_3,821.85,4524.43,8915.05,9,199.04,5
202401,EMP_1268,DVKD_022,VUNG_3,1686.55,8658.47,13226.05,16,244.01,9
202401,EMP_1269,DVKD_022,VUNG_3,1378.03,8919.82,11427.4,14,323.91,10
202401,EMP_1270,DVKD_022,VUNG_3,916.1,5677.25,7419.6,9,129.53,6
202401,EMP_1271,DVKD_022,VUNG_3,1411.25,9264.47,11323.07,13,253.67,8
202401,EMP_1272,DVKD_022,VUNG_3,1404.33,7946.52,14497.62,15,256.09,10
202401,EMP_1273,DVKD_022,VUNG_3,1946.97,13138.03,17164.32,23,392.81,10
202401,EMP_1274,DVKD_023,VUNG_3,1041.27,4364.78,8528.13,11,146.61,4
202401,EMP_1275,DVKD_023,VUNG_3,890.69,5654.57,6980.74,11,194.73,5
202401,EMP_1276,DVKD_023,VUNG_3,958.53,4261.87,6773.49,10,117.75,4
202401,EMP_1277,DVKD_023,VUNG_3,1701.43,7511.32,11751.04,14,295.1,10
202401,EMP_1278,DVKD_023,VUNG_3,1387.82,8675.58,15203.66,12,349.5,7
202401,EMP_1279,DVKD_023,VUNG_3,2296.97,13145.66,15738.1,24,443.18,10
202401,EMP_1280,DVKD_023,VUNG_3,1774.03,6962.04,15235.83,15,301.78,8
202401,EMP_1281,DVKD_023,VUNG_3,1522.23,8165.32,12498.93,17,223.12,8
202401,EMP_1282,DVKD_023,VUNG_3,1416.88,8765.14,13761.49,16,262.31,10
202401,EMP_1283,DVKD_023,VUNG_3,1565.56,7080.71,12638.47,15,287.46,10
202401,EMP_1284,DVKD_023,VUNG_3,2046.96,13973.51,18773.37,17,338.71,13
202401,EMP_1285,DVKD_023,VUNG_3,2192.2,13020.83,17431.91,22,323.79,10
202401,EMP_1286,DVKD_023,VUNG_3,1361.73,8710.77,10940.66,17,224.16,10
202401,EMP_1287,DVKD_024,VUNG_3,937.35,4766.27,8161.89,8,121.76,4
202401,EMP_1288,DVKD_024,VUNG_3,875.11,5104.68,8758.76,10,185.23,6
202401,EMP_1289,DVKD_024,VUNG_3,965.44,5966.72,7598.66,11,209.11,4
202401,EMP_1290,DVKD_024,VUNG_3,1456.45,7817.61,14342.9,14,278.52,9
202401,EMP_1291,DVKD_024,VUNG_3,1508.26,8616.48,11482.09,18,321.42,10
202401,EMP_1292,DVKD_024,VUNG_3,1072.0,5120.88,6985.6,7,110.9,5
202401,EMP_1293,DVKD_024,VUNG_3,1902.55,11661.39,17349.25,22,442.58,11
202401,EMP_1294,DVKD_024,VUNG_3,1429.86,9367.76,14967.44,12,200.85,9
202401,EMP_1295,DVKD_024,VUNG_3,1979.24,10016.92,18656.7,20,262.77,13
202401,EMP_1296,DVKD_024,VUNG_3,1647.96,8675.25,12415.49,14,345.78,9
202401,EMP_1297,DVKD_024,VUNG_3,1546.59,8845.65,13138.56,14,298.76,9
202401,EMP_1298,DVKD_024,VUNG_3,1750.32,8763.87,12512.76,16,317.53,8
202402,EMP_1001,DVKD_001,VUNG_1,1008.18,4645.47,6991.8,7,178.71,5
202402,EMP_1002,DVKD_001,VUNG_1,1039.7,5559.99,8114.35,8,138.41,6
202402,EMP_1003,DVKD_001,VUNG_1,975.07,5308.12,6779.84,9,139.77,4
202402,EMP_1004,DVKD_001,VUNG_1,1506.06,7822.46,13853.7,18,318.79,9
202402,EMP_1005,DVKD_001,VUNG_1,1678.18,7874.4,10854.7,13,296.31,8
202402,EMP_1006,DVKD_001,VUNG_1,2385.82,12747.45,15443.55,20,347.82,10
202402,EMP_1007,DVKD_001,VUNG_1,1536.31,9621.67,12485.91,14,320.04,10
202402,EMP_1008,DVKD_001,VUNG_1,1610.12,9226.38,11882.8,15,314.86,7
202402,EMP_1009,DVKD_001,VUNG_1,1902.65,10689.85,15823.75,20,462.54,10
202402,EMP_1010,DVKD_001,VUNG_1,1383.75,9813.87,15494.6,14,347.42,10
202402,EMP_1011,DVKD_001,VUNG_1,1667.03,8180.23,13937.45,16,250.99,7
202402,EMP_1012,DVKD_001,VUNG_1,1498.99,9918.07,12764.54,15,336.98,9
202402,EMP_1013,DVKD_001,VUNG_1,1647.27,7751.68,11260.4,14,271.19,8
202402,EMP_1014,DVKD_001,VUNG_1,1924.34,9537.09,15708.86,24,398.15,12
202402,EMP_1015,DVKD_002,VUNG_1,836.19,4477.35,8317.99,11,154.72,4
202402,EMP_1016,DVKD_002,VUNG_1,1021.92,4984.21,9057.25,8,172.4,5
202402,EMP_1017,DVKD_002,VUNG_1,910.18,4812.37,7017.36,7,151.17,4
202402,EMP_1018,DVKD_002,VUNG_1,1036.01,5163.35,6915.26,10,115.15,5
202402,EMP_1019,DVKD_002,VUNG_1,1713.68,8124.76,14430.99,13,185.67,8
202402,EMP_1020,DVKD_002,VUNG_1,951.1,5934.01,8458.76,11,165.14,4
202402,EMP_1021,DVKD_002,VUNG_1,1484.48,8063.37,14898.91,12,274.96,8
202402,EMP_1022,DVKD_002,VUNG_1,1607.17,9944.82,11507.75,18,253.58,10
202402,EMP_1023,DVKD_002,VUNG_1,1425.22,7478.05,11725.09,12,188.71,9
202402,EMP_1024,DVKD_002,VUNG_1,864.52,5659.32,6905.89,9,138.57,6
202402,EMP_1025,DVKD_002,VUNG_1,2398.63,9909.88,18858.77,21,454.87,12
202402,EMP_1026,DVKD_003,VUNG_1,1057.63,4103.74,8497.19,9,187.08,4
202402,EMP_1027,DVKD_003,VUNG_1,850.4,5167.86,8158.11,11,115.52,4
202402,EMP_1028,DVKD_003,VUNG_1,1020.48,5588.63,8978.33,10,197.18,4
202402,EMP_1029,DVKD_003,VUNG_1,2302.52,12082.66,18298.87,18,343.73,12
202402,EMP_1030,DVKD_003,VUNG_1,1656.37,8085.5,12699.81,17,295.84,7
202402,EMP_1031,DVKD_003,VUNG_1,1563.85,7659.47,12587.72,14,313.89,8
202402,EMP_1032,DVKD_003,VUNG_1,1729.28,9546.35,14087.29,18,214.89,8
202402,EMP_1033,DVKD_003,VUNG_1,1010.81,5566.14,7404.1,10,168.52,4
202402,EMP_1034,DVKD_003,VUNG_1,929.26,5833.79,7652.65,9,159.23,5
202402,EMP_1035,DVKD_003,VUNG_1,825.18,5599.66,6668.98,10,147.36,6
202402,EMP_1036,DVKD_004,VUNG_1,951.56,5171.85,6980.36,10,126.08,4
202402,EMP_1037,DVKD_004,VUNG_1,818.93,4177.07,7517.88,8,143.68,5
202402,EMP_1038,DVKD_004,VUNG_1,917.17,5852.3,8441.78,8,156.32,5
202402,EMP_1039,DVKD_004,VUNG_1,1782.23,8318.66,13446.4,14,321.59,7
202402,EMP_1040,DVKD_004,VUNG_1,1723.89,7089.25,10931.76,12,324.42,10
202402,EMP_1041,DVKD_004,VUNG_1,867.87,4504.99,7128.32,8,173.42,5
202402,EMP_1042,DVKD_004,VUNG_1,2434.72,13852.78,19704.38,21,277.42,10
202402,EMP_1043,DVKD_004,VUNG_1,1710.39,7516.06,13720.05,18,299.73,9
202402,EMP_1044,DVKD_004,VUNG_1,1473.92,9665.55,14887.61,15,213.19,8
202402,EMP_1045,DVKD_004,VUNG_1,1584.29,8795.54,13605.54,12,349.9,10
202402,EMP_1046,DVKD_004,VUNG_1,1727.72,8596.66,13650.11,14,294.77,8
202402,EMP_1047,DVKD_004,VUNG_1,1501.33,7684.75,12360.66,14,289.82,10
202402,EMP_1048,DVKD_005,VUNG_1,985.9,4441.65,7969.81,8,110.96,6
202402,EMP_1049,DVKD_005,VUNG_1,1028.71,4855.87,7400.41,8,107.67,5
202402,EMP_1050,DVKD_005,VUNG_1,889.81,5821.27,7645.24,10,166.22,6
202402,EMP_1051,DVKD_005,VUNG_1,2404.09,11057.39,19913.84,23,401.39,12
202402,EMP_1052,DVKD_005,VUNG_1,1773.3,7947.19,12240.94,13,290.08,9
202402,EMP_1053,DVKD_005,VUNG_1,1482.2,8306.5,14356.41,16,272.83,10
202402,EMP_1054,DVKD_005,VUNG_1,1776.12,9678.69,13941.29,13,214.08,10
202402,EMP_1055,DVKD_005,VUNG_1,1539.21,9637.9,12584.08,16,256.16,7
202402,EMP_1056,DVKD_005,VUNG_1,1923.82,12362.1,19019.7,22,360.69,10
202402,EMP_1057,DVKD_005,VUNG_1,1403.92,8978.23,13343.22,14,327.4,7
202402,EMP_1058,DVKD_005,VUNG_1,1077.93,4737.93,9323.11,10,208.6,4
202402,EMP_1059,DVKD_006,VUNG_1,1042.85,4426.28,6712.74,8,208.6,5
202402,EMP_1060,DVKD_006,VUNG_1,825.66,4947.94,7083.02,10,165.51,4
202402,EMP_1061,DVKD_006,VUNG_1,1022.01,5577.12,6852.69,9,150.09,5
202402,EMP_1062,DVKD_006,VUNG_1,2190.76,9540.92,18707.02,23,477.77,14
202402,EMP_1063,DVKD_006,VUNG_1,1690.58,8499.31,10886.0,12,303.38,7
202402,EMP_1064,DVKD_006,VUNG_1,1744.64,7798.7,11293.0,15,228.57,7
202402,EMP_1065,DVKD_006,VUNG_1,1370.57,9835.08,12988.45,15,266.72,8
202402,EMP_1066,DVKD_006,VUNG_1,995.43,4336.88,9348.88,9,183.76,4
202402,EMP_1067,DVKD_006,VUNG_1,1758.1,9398.43,10891.8,13,347.35,7
202402,EMP_1068,DVKD_006,VUNG_1,1359.86,8414.83,11391.18,16,313.62,8
202402,EMP_1069,DVKD_006,VUNG_1,1638.14,9268.0,13791.05,16,183.39,7
202402,EMP_1070,DVKD_006,VUNG_1,1726.25,6954.35,11355.79,15,196.63,7
202402,EMP_1071,DVKD_006,VUNG_1,2332.18,10440.62,19728.17,17,348.11,10
202402,EMP_1072,DVKD_006,VUNG_1,950.48,5275.77,8498.09,9,199.36,5
202402,EMP_1073,DVKD_007,VUNG_1,976.78,4622.8,8740.11,9,168.95,6
202402,EMP_1074,DVKD_007,VUNG_1,1034.5,5948.39,7510.81,9,121.84,5
202402,EMP_1075,DVKD_007,VUNG_1,1055.8,5401.35,7864.31,8,106.34,4
202402,EMP_1076,DVKD_007,VUNG_1,1959.57,12092.2,18440.38,25,435.98,9
202402,EMP_1077,DVKD_007,VUNG_1,1675.61,9695.29,13892.82,15,346.03,7
202402,EMP_1078,DVKD_007,VUNG_1,1372.54,9402.17,14995.87,17,238.04,9
202402,EMP_1079,DVKD_007,VUNG_1,925.02,4302.53,8931.59,10,106.02,4
202402,EMP_1080,DVKD_007,VUNG_1,1641.24,7851.71,15093.73,18,221.95,9
202402,EMP_1081,DVKD_007,VUNG_1,910.61,4738.03,6807.84,9,152.94,6
202402,EMP_1082,DVKD_007,VUNG_1,2324.64,11662.54,17954.09,24,285.86,10
202402,EMP_1083,DVKD_008,VUNG_1,1006.13,5964.61,8911.73,8,200.68,5
202402,EMP_1084,DVKD_008,VUNG_1,963.61,4921.27,8240.61,10,169.19,6
202402,EMP_1085,DVKD_008,VUNG_1,1047.59,5476.37,9048.28,9,156.25,6
202402,EMP_1086,DVKD_008,VUNG_1,1548.31,7002.68,13943.87,12,326.96,8
202402,EMP_1087,DVKD_008,VUNG_1,1684.63,9116.08,11875.13,18,327.8,8
202402,EMP_1088,DVKD_008,VUNG_1,1659.71,8778.36,12877.67,16,259.34,9
202402,EMP_1089,DVKD_008,VUNG_1,983.18,4365.42,8860.14,10,169.36,4
202402,EMP_1090,DVKD_008,VUNG_1,1770.47,8417.82,13052.59,15,203.95,9
202402,EMP_1091,DVKD_008,VUNG_1,1494.29,7858.86,12135.15,15,271.34,8
202402,EMP_1092,DVKD_008,VUNG_1,1717.7,7052.26,12932.11,15,190.4,8
202402,EMP_1093,DVKD_008,VUNG_1,2089.12,13913.4,20128.01,17,343.84,9
202402,EMP_1094,DVKD_008,VUNG_1,958.26,5665.74,8760.34,11,171.94,6
202402,EMP_1095,DVKD_008,VUNG_1,2244.27,12452.59,18185.72,20,447.2,14
202402,EMP_1096,DVKD_009,VUNG_2,1037.97,4717.39,8690.16,9,180.25,5
202402,EMP_1097,DVKD_009,VUNG_2,932.18,4267.08,8377.66,7,142.29,5
202402,EMP_1098,DVKD_009,VUNG_2,1025.98,5131.57,7556.8,8,199.17,5
202402,EMP_1099,DVKD_009,VUNG_2,2407.76,12846.45,17869.9,19,293.0,10
202402,EMP_1100,DVKD_009,VUNG_2,1733.49,7489.89,14757.86,13,234.14,9
202402,EMP_1101,DVKD_009,VUNG_2,1370.93,8826.37,14026.28,13,331.06,8
202402,EMP_1102,DVKD_009,VUNG_2,2261.27,11778.81,21597.1,17,425.37,12
202402,EMP_1103,DVKD_009,VUNG_2,1544.76,8672.39,15236.98,17,334.28,9
202402,EMP_1104,DVKD_009,VUNG_2,1428.14,9408.78,11297.06,16,281.08,8
202402,EMP_1105,DVKD_009,VUNG_2,1746.63,8139.73,13723.17,16,218.44,8
202402,EMP_1106,DVKD_009,VUNG_2,1504.29,7741.36,14663.02,13,280.44,10
202402,EMP_1107,DVKD_009,VUNG_2,1580.53,9497.84,13429.47,14,303.94,9
202402,EMP_1108,DVKD_009,VUNG_2,2026.93,10459.51,19920.66,23,470.69,10
202402,EMP_1109,DVKD_009,VUNG_2,1669.68,9920.57,11653.5,15,286.45,9
202402,EMP_1110,DVKD_010,VUNG_2,1015.41,5159.58,8158.48,11,179.56,5
202402,EMP_1111,DVKD_010,VUNG_2,1051.34,5105.09,9007.13,9,106.34,4
202402,EMP_1112,DVKD_010,VUNG_2,912.83,4181.88,6643.02,8,187.48,6
202402,EMP_1113,DVKD_010,VUNG_2,2320.54,10176.0,15536.86,23,294.98,12
202402,EMP_1114,DVKD_010,VUNG_2,1511.41,8248.3,13757.32,16,273.33,7
202402,EMP_1115,DVKD_010,VUNG_2,1641.2,8044.44,13252.43,17,296.82,9
202402,EMP_1116,DVKD_010,VUNG_2,1919.6,11229.49,17919.33,23,412.86,14
202402,EMP_1117,DVKD_010,VUNG_2,824.53,5507.85,7064.89,10,195.35,5
202402,EMP_1118,DVKD_010,VUNG_2,1451.5,8828.12,14205.82,14,277.97,9
202402,EMP_1119,DVKD_010,VUNG_2,1438.41,9119.73,11728.79,15,347.1,7
202402,EMP_1120,DVKD_011,VUNG_2,1069.87,5491.35,6823.74,7,134.31,4
202402,EMP_1121,DVKD_011,VUNG_2,853.45,5704.35,6496.26,9,203.44,4
202402,EMP_1122,DVKD_011,VUNG_2,1060.73,5226.01,8708.14,9,193.53,5
202402,EMP_1123,DVKD_011,VUNG_2,1705.46,8560.51,11149.83,16,266.94,10
202402,EMP_1124,DVKD_011,VUNG_2,2217.98,13042.44,16190.97,21,343.84,11
202402,EMP_1125,DVKD_011,VUNG_2,1747.53,8922.67,12389.12,14,341.3,9
202402,EMP_1126,DVKD_011,VUNG_2,2189.16,12034.78,20174.34,22,273.11,11
202402,EMP_1127,DVKD_011,VUNG_2,1458.16,8855.25,15209.32,13,181.98,10
202402,EMP_1128,DVKD_011,VUNG_2,1521.62,9347.86,11344.2,14,301.7,6
202402,EMP_1129,DVKD_011,VUNG_2,1582.59,9265.58,13268.68,15,260.19,8
202402,EMP_1130,DVKD_011,VUNG_2,1643.19,7825.0,11195.26,13,345.04,9
202402,EMP_1131,DVKD_011,VUNG_2,2225.92,12328.66,16536.45,22,297.23,13
202402,EMP_1132,DVKD_011,VUNG_2,1035.63,4474.71,8866.8,10,182.84,5
202402,EMP_1133,DVKD_011,VUNG_2,2404.56,9843.1,19730.21,17,420.63,9
202402,EMP_1134,DVKD_012,VUNG_2,829.78,4421.74,7205.5,7,191.27,6
202402,EMP_1135,DVKD_012,VUNG_2,920.06,4946.16,7644.81,8,145.9,4
202402,EMP_1136,DVKD_012,VUNG_2,811.59,5462.95,6662.12,10,109.78,6
202402,EMP_1137,DVKD_012,VUNG_2,2115.35,11772.71,17067.7,23,393.61,11
202402,EMP_1138,DVKD_012,VUNG_2,2473.82,11228.73,20644.66,17,283.3,10
202402,EMP_1139,DVKD_012,VUNG_2,1011.62,5609.8,8926.47,8,171.57,5
202402,EMP_1140,DVKD_012,VUNG_2,1749.14,9889.17,14962.27,16,342.54,6
202402,EMP_1141,DVKD_012,VUNG_2,2441.1,10153.35,15400.72,22,341.55,12
202402,EMP_1142,DVKD_012,VUNG_2,1943.63,10461.04,20102.41,23,296.88,14
202402,EMP_1143,DVKD_012,VUNG_2,1733.16,7255.86,11683.17,16,219.23,7
202402,EMP_1144,DVKD_013,VUNG_2,991.16,5169.2,6636.64,10,208.96,5
202402,EMP_1145,DVKD_013,VUNG_2,984.06,4220.44,8414.45,8,125.73,5
202402,EMP_1146,DVKD_013,VUNG_2,1066.92,4765.71,8413.33,8,134.94,4
202402,EMP_1147,DVKD_013,VUNG_2,2011.9,11696.66,17326.49,22,414.9,10
202402,EMP_1148,DVKD_013,VUNG_2,1605.09,9384.64,15401.56,13,229.81,10
202402,EMP_1149,DVKD_013,VUNG_2,1670.49,8850.68,12128.06,14,293.93,8
202402,EMP_1150,DVKD_013,VUNG_2,1565.98,8225.15,14518.88,15,194.05,9
202402,EMP_1151,DVKD_013,VUNG_2,1386.89,7697.97,14766.93,17,209.38,9
202402,EMP_1152,DVKD_013,VUNG_2,1631.98,9127.76,15082.1,17,285.53,10
202402,EMP_1153,DVKD_013,VUNG_2,1610.51,9261.44,11821.25,12,220.61,10
202402,EMP_1154,DVKD_013,VUNG_2,1592.85,8892.51,11513.44,14,331.0,9
202402,EMP_1155,DVKD_013,VUNG_2,1735.72,7228.42,13205.39,13,238.68,6
202402,EMP_1156,DVKD_013,VUNG_2,1457.5,9884.8,15512.9,16,307.51,7
202402,EMP_1157,DVKD_014,VUNG_2,852.99,5167.41,8109.54,10,120.35,6
202402,EMP_1158,DVKD_014,VUNG_2,1063.58,4157.61,8673.04,8,132.76,4
202402,EMP_1159,DVKD_014,VUNG_2,990.52,5074.34,8759.41,9,201.38,6
202402,EMP_1160,DVKD_014,VUNG_2,1367.96,8875.28,11295.48,18,285.87,7
202402,EMP_1161,DVKD_014,VUNG_2,1683.86,8651.62,13536.77,14,241.24,9
202402,EMP_1162,DVKD_014,VUNG_2,1754.2,7049.08,12007.61,18,214.01,8
202402,EMP_1163,DVKD_014,VUNG_2,1717.76,7904.1,14604.76,17,176.15,10
202402,EMP_1164,DVKD_014,VUNG_2,2167.14,10550.36,18577.72,19,281.81,10
202402,EMP_1165,DVKD_014,VUNG_2,972.55,5648.55,8384.0,9,139.67,4
202402,EMP_1166,DVKD_014,VUNG_2,1653.85,8332.87,13635.8,16,246.91,7
202402,EMP_1167,DVKD_014,VUNG_2,1970.57,12173.72,16025.35,21,463.25,10
202402,EMP_1168,DVKD_014,VUNG_2,1424.85,9751.83,13279.88,14,344.62,9
202402,EMP_1169,DVKD_014,VUNG_2,1745.33,9129.52,14742.26,18,212.9,9
202402,EMP_1170,DVKD_015,VUNG_2,937.28,5004.8,7111.77,9,119.98,5
202402,EMP_1171,DVKD_015,VUNG_2,1017.22,5276.57,7951.12,8,176.99,6
202402,EMP_1172,DVKD_015,VUNG_2,971.06,4212.18,7569.25,8,106.74,5
202402,EMP_1173,DVKD_015,VUNG_2,1759.2,8989.98,14767.27,16,206.05,10
202402,EMP_1174,DVKD_015,VUNG_2,1619.92,9608.81,13350.86,17,191.31,9
202402,EMP_1175,DVKD_015,VUNG_2,1755.89,8525.72,10805.76,18,293.75,8
202402,EMP_1176,DVKD_015,VUNG_2,2155.03,13439.21,19808.16,20,474.91,12
202402,EMP_1177,DVKD_015,VUNG_2,1695.9,7921.66,14662.18,17,321.51,9
202402,EMP_1178,DVKD_015,VUNG_2,2158.06,10660.24,20266.57,24,265.54,12
202402,EMP_1179,DVKD_015,VUNG_2,1594.68,7624.98,10826.25,16,176.24,8
202402,EMP_1180,DVKD_015,VUNG_2,2217.45,11200.13,16500.41,24,345.17,10
202402,EMP_1181,DVKD_015,VUNG_2,1541.73,8673.18,12054.25,15,273.82,9
202402,EMP_1182,DVKD_015,VUNG_2,2514.83,11300.59,16488.82,21,381.6,10
202402,EMP_1183,DVKD_015,VUNG_2,1601.59,8348.03,15544.84,15,310.48,8
202402,EMP_1184,DVKD_016,VUNG_2,847.28,5738.55,6822.97,8,187.23,6
202402,EMP_1185,DVKD_016,VUNG_2,837.08,5056.02,8743.91,10,169.47,5
202402,EMP_1186,DVKD_016,VUNG_2,824.05,4827.08,8311.32,10,191.44,5
202402,EMP_1187,DVKD_016,VUNG_2,2268.15,9914.87,16887.98,20,394.21,13
202402,EMP_1188,DVKD_016,VUNG_2,1061.28,4849.24,8369.78,8,206.17,4
202402,EMP_1189,DVKD_016,VUNG_2,1018.87,4416.52,7903.78,7,194.31,6
202402,EMP_1190,DVKD_016,VUNG_2,1583.17,7423.19,14563.01,15,297.23,9
202402,EMP_1191,DVKD_016,VUNG_2,2314.64,11131.64,19521.73,25,266.28,11
202402,EMP_1192,DVKD_016,VUNG_2,1529.75,8942.92,12746.16,13,177.69,9
202402,EMP_1193,DVKD_016,VUNG_2,1763.63,8558.7,14285.47,15,277.01,8
202402,EMP_1194,DVKD_016,VUNG_2,1716.98,7524.15,15422.67,15,245.69,6
202402,EMP_1195,DVKD_016,VUNG_2,1428.77,8419.96,13481.43,15,234.49,7
202402,EMP_1196,DVKD_016,VUNG_2,1580.98,7624.62,13381.94,17,218.77,8
202402,EMP_1197,DVKD_016,VUNG_2,1519.69,8347.62,11967.71,14,310.73,9
202402,EMP_1198,DVKD_017,VUNG_3,1052.06,5735.08,7868.07,8,145.18,6
202402,EMP_1199,DVKD_017,VUNG_3,869.5,5426.26,8784.46,9,142.08,5
202402,EMP_1200,DVKD_017,VUNG_3,999.22,4585.63,7307.39,9,183.62,5
202402,EMP_1201,DVKD_017,VUNG_3,1599.55,7371.15,12306.59,13,275.4,7
202402,EMP_1202,DVKD_017,VUNG_3,2360.08,13687.54,16397.93,23,302.54,10
202402,EMP_1203,DVKD_017,VUNG_3,1469.43,7533.46,14807.71,17,237.3,10
202402,EMP_1204,DVKD_017,VUNG_3,842.37,4230.7,9232.65,9,105.7,6
202402,EMP_1205,DVKD_017,VUNG_3,1781.1,9513.63,12581.74,14,332.17,10
202402,EMP_1206,DVKD_017,VUNG_3,965.12,4607.49,7006.67,10,158.67,5
202402,EMP_1207,DVKD_017,VUNG_3,1687.58,7210.39,13323.53,15,339.44,7
202402,EMP_1208,DVKD_017,VUNG_3,903.77,5731.97,8714.6,9,117.64,5
202402,EMP_1209,DVKD_018,VUNG_3,895.23,4096.16,8421.42,9,115.58,5
202402,EMP_1210,DVKD_018,VUNG_3,1042.7,4439.33,7237.01,8,205.65,5
202402,EMP_1211,DVKD_018,VUNG_3,859.66,4893.97,7686.99,10,143.33,5
202402,EMP_1212,DVKD_018,VUNG_3,1552.83,8628.51,15500.51,16,317.48,9
202402,EMP_1213,DVKD_018,VUNG_3,1027.1,5146.25,8946.17,8,189.0,6
202402,EMP_1214,DVKD_018,VUNG_3,1562.84,6831.18,12823.3,13,331.32,9
202402,EMP_1215,DVKD_018,VUNG_3,1590.29,7810.33,13135.78,14,325.24,7
202402,EMP_1216,DVKD_018,VUNG_3,1394.54,7322.69,11834.24,14,321.82,7
202402,EMP_1217,DVKD_018,VUNG_3,1011.04,4578.76,7517.68,9,190.05,5
202402,EMP_1218,DVKD_018,VUNG_3,1535.29,7923.49,14062.01,16,275.95,9
202402,EMP_1219,DVKD_018,VUNG_3,955.38,5960.4,7299.67,8,158.6,6
202402,EMP_1220,DVKD_018,VUNG_3,930.67,4230.54,8247.35,9,205.44,6
202402,EMP_1221,DVKD_018,VUNG_3,1638.26,9771.41,12824.72,16,245.84,10
202402,EMP_1222,DVKD_018,VUNG_3,1385.6,7899.6,12304.71,16,299.33,9
202402,EMP_1223,DVKD_019,VUNG_3,916.77,5784.37,8729.21,11,183.53,5
202402,EMP_1224,DVKD_019,VUNG_3,931.58,4401.25,8940.13,8,129.64,4
202402,EMP_1225,DVKD_019,VUNG_3,1010.85,5519.5,7086.45,9,115.03,6
202402,EMP_1226,DVKD_019,VUNG_3,1562.93,6972.24,14500.48,15,349.3,7
202402,EMP_1227,DVKD_019,VUNG_3,1628.15,7069.8,15271.63,14,215.14,9
202402,EMP_1228,DVKD_019,VUNG_3,1549.42,7204.52,13328.36,13,181.15,8
202402,EMP_1229,DVKD_019,VUNG_3,2466.62,13391.8,18259.54,24,474.04,12
202402,EMP_1230,DVKD_019,VUNG_3,1410.8,9835.16,13388.58,16,254.9,9
202402,EMP_1231,DVKD_019,VUNG_3,1744.78,8191.93,13870.98,15,334.06,8
202402,EMP_1232,DVKD_019,VUNG_3,871.32,4251.94,7366.66,9,121.35,4
202402,EMP_1233,DVKD_019,VUNG_3,1585.49,9226.54,11454.24,14,268.64,9
202402,EMP_1234,DVKD_020,VUNG_3,942.82,5530.51,7342.88,10,188.79,5
202402,EMP_1235,DVKD_020,VUNG_3,1025.13,5132.57,7023.08,10,150.9,4
202402,EMP_1236,DVKD_020,VUNG_3,1003.03,5320.3,8865.87,8,113.32,5
202402,EMP_1237,DVKD_020,VUNG_3,1582.47,9359.87,13743.44,16,222.58,9
202402,EMP_1238,DVKD_020,VUNG_3,1589.37,7660.23,11702.4,12,198.91,7
202402,EMP_1239,DVKD_020,VUNG_3,2176.87,11548.4,19827.18,21,323.56,10
202402,EMP_1240,DVKD_020,VUNG_3,2500.92,9619.15,21654.08,19,275.63,11
202402,EMP_1241,DVKD_020,VUNG_3,812.22,4253.18,6522.41,8,149.13,6
202402,EMP_1242,DVKD_020,VUNG_3,2203.99,11183.86,19803.4,17,264.65,13
202402,EMP_1243,DVKD_020,VUNG_3,1415.74,7652.81,12683.62,15,206.78,10
202402,EMP_1244,DVKD_020,VUNG_3,1462.54,8021.05,10860.55,18,300.07,8
202402,EMP_1245,DVKD_020,VUNG_3,1788.74,7590.92,15573.77,13,303.68,7
202402,EMP_1246,DVKD_020,VUNG_3,989.82,4480.22,7600.67,11,203.3,4
202402,EMP_1247,DVKD_020,VUNG_3,1677.71,9183.12,13437.98,13,259.22,8
202402,EMP_1248,DVKD_021,VUNG_3,907.32,4180.01,8400.08,11,129.78,5
202402,EMP_1249,DVKD_021,VUNG_3,814.07,5605.23,8163.93,9,130.52,6
202402,EMP_1250,DVKD_021,VUNG_3,966.89,5406.24,8462.61,8,185.93,4
202402,EMP_1251,DVKD_021,VUNG_3,1574.96,8995.02,12424.43,18,307.92,7
202402,EMP_1252,DVKD_021,VUNG_3,2113.98,10209.55,18724.29,18,364.52,11
202402,EMP_1253,DVKD_021,VUNG_3,1601.26,8862.87,12467.13,17,303.31,6
202402,EMP_1254,DVKD_021,VUNG_3,912.0,5470.85,7202.01,7,179.2,5
202402,EMP_1255,DVKD_021,VUNG_3,1594.23,8368.29,13520.17,15,231.64,8
202402,EMP_1256,DVKD_021,VUNG_3,1740.45,8715.78,14930.69,13,267.95,8
202402,EMP_1257,DVKD_021,VUNG_3,1718.74,8533.14,12979.58,17,263.54,9
202402,EMP_1258,DVKD_021,VUNG_3,1747.32,8783.15,12547.56,16,231.12,7
202402,EMP_1259,DVKD_021,VUNG_3,1785.22,9420.96,11711.37,16,309.0,7
202402,EMP_1260,DVKD_022,VUNG_3,886.44,4866.82,7407.43,8,174.18,4
202402,EMP_1261,DVKD_022,VUNG_3,1063.21,4422.99,6570.07,8,125.12,4
202402,EMP_1262,DVKD_022,VUNG_3,983.27,4826.11,7890.94,9,166.98,4
202402,EMP_1263,DVKD_022,VUNG_3,2029.06,12735.95,15207.94,25,405.66,14
202402,EMP_1264,DVKD_022,VUNG_3,1724.43,8297.79,13866.8,14,305.11,10
202402,EMP_1265,DVKD_022,VUNG_3,1719.91,9341.6,11079.84,16,267.58,9
202402,EMP_1266,DVKD_022,VUNG_3,1725.51,7049.39,11836.32,15,192.71,7
202402,EMP_1267,DVKD_022,VUNG_3,914.04,4450.79,8371.8,9,204.49,5
202402,EMP_1268,DVKD_022,VUNG_3,1601.16,9187.55,14478.16,15,293.04,9
202402,EMP_1269,DVKD_022,VUNG_3,1542.18,7133.13,14603.82,15,263.32,9
202402,EMP_1270,DVKD_022,VUNG_3,954.15,5231.84,9168.54,10,162.76,6
202402,EMP_1271,DVKD_022,VUNG_3,1730.18,8119.5,13839.56,17,231.6,7
202402,EMP_1272,DVKD_022,VUNG_3,1595.53,8000.2,13441.15,16,238.0,8
202402,EMP_1273,DVKD_022,VUNG_3,2494.69,9520.88,15352.93,19,248.99,10
202402,EMP_1274,DVKD_023,VUNG_3,1050.39,4092.61,9315.06,8,138.06,6
202402,EMP_1275,DVKD_023,VUNG_3,1064.7,5658.89,9127.04,9,164.92,5
202402,EMP_1276,DVKD_023,VUNG_3,835.46,4963.91,6929.59,8,198.41,4
202402,EMP_1277,DVKD_023,VUNG_3,1465.31,7760.97,13538.34,15,213.05,7
202402,EMP_1278,DVKD_023,VUNG_3,1496.11,8344.11,13143.73,17,298.0,10
202402,EMP_1279,DVKD_023,VUNG_3,1950.08,12397.3,15371.14,24,338.48,13
202402,EMP_1280,DVKD_023,VUNG_3,1764.84,7870.05,15023.0,15,337.79,7
202402,EMP_1281,DVKD_023,VUNG_3,1696.68,9192.57,14877.5,18,285.93,9
202402,EMP_1282,DVKD_023,VUNG_3,1374.36,8478.03,12332.72,15,232.2,9
202402,EMP_1283,DVKD_023,VUNG_3,1418.94,8955.63,15587.36,18,306.75,9
202402,EMP_1284,DVKD_023,VUNG_3,1946.75,11455.07,20404.39,18,327.36,12
202402,EMP_1285,DVKD_023,VUNG_3,2359.55,11975.72,16884.39,20,351.45,13
202402,EMP_1286,DVKD_023,VUNG_3,1692.91,8338.95,11750.92,14,274.98,9
202402,EMP_1287,DVKD_024,VUNG_3,1079.21,5086.56,7177.87,8,150.16,5
202402,EMP_1288,DVKD_024,VUNG_3,965.52,4296.06,7671.12,9,125.0,5
202402,EMP_1289,DVKD_024,VUNG_3,986.96,5557.79,6967.46,8,191.27,6
202402,EMP_1290,DVKD_024,VUNG_3,1630.43,8209.48,15236.22,13,294.94,7
202402,EMP_1291,DVKD_024,VUNG_3,1677.82,7074.61,14349.99,13,283.68,7
202402,EMP_1292,DVKD_024,VUNG_3,1034.76,4632.36,7468.62,10,137.04,5
202402,EMP_1293,DVKD_024,VUNG_3,2099.08,12835.26,16543.8,21,428.84,12
202402,EMP_1294,DVKD_024,VUNG_3,1630.37,9975.37,14136.34,16,240.91,10
202402,EMP_1295,DVKD_024,VUNG_3,2221.88,10664.44,15523.94,18,415.65,10
202402,EMP_1296,DVKD_024,VUNG_3,1559.23,9824.56,11119.67,16,291.02,10
202402,EMP_1297,DVKD_024,VUNG_3,1512.1,7145.25,12203.98,17,242.64,10
202402,EMP_1298,DVKD_024,VUNG_3,1578.84,9071.0,15138.59,15,279.49,7
202403,EMP_1001,DVKD_001,VUNG_1,863.7,5936.24,8094.78,10,109.17,6
202403,EMP_1002,DVKD_001,VUNG_1,892.33,5020.67,8623.85,7,176.85,5
202403,EMP_1003,DVKD_001,VUNG_1,891.63,5992.31,9298.33,8,111.51,4
202403,EMP_1004,DVKD_001,VUNG_1,1524.23,9999.85,15553.74,18,341.1,7
202403,EMP_1005,DVKD_001,VUNG_1,1503.8,8057.11,11458.85,16,266.13,9
202403,EMP_1006,DVKD_001,VUNG_1,2439.8,12595.62,17924.48,22,349.48,11
202403,EMP_1007,DVKD_001,VUNG_1,1622.42,8237.34,11432.51,16,276.68,9
202403,EMP_1008,DVKD_001,VUNG_1,1441.04,7241.95,14104.95,17,334.17,8
202403,EMP_1009,DVKD_001,VUNG_1,2462.67,12969.82,19529.88,22,283.72,9
202403,EMP_1010,DVKD_001,VUNG_1,1589.83,9102.21,11683.85,17,200.47,7
202403,EMP_1011,DVKD_001,VUNG_1,1493.41,9913.27,15413.74,14,305.48,10
202403,EMP_1012,DVKD_001,VUNG_1,1636.58,9162.69,11529.39,13,198.02,7
202403,EMP_1013,DVKD_001,VUNG_1,1793.68,8774.23,13706.9,16,279.36,7
202403,EMP_1014,DVKD_001,VUNG_1,1906.43,9876.05,20360.43,18,452.3,12
202403,EMP_1015,DVKD_002,VUNG_1,985.38,4433.23,7595.89,9,122.2,4
202403,EMP_1016,DVKD_002,VUNG_1,920.32,5940.12,9145.25,11,128.37,5
202403,EMP_1017,DVKD_002,VUNG_1,864.77,4472.76,6989.99,11,151.12,5
202403,EMP_1018,DVKD_002,VUNG_1,995.72,5744.21,9036.25,9,186.5,5
202403,EMP_1019,DVKD_002,VUNG_1,1720.95,9104.64,12691.92,18,275.09,9
202403,EMP_1020,DVKD_002,VUNG_1,983.18,5431.9,6590.91,8,152.97,6
202403,EMP_1021,DVKD_002,VUNG_1,1745.0,7586.31,13381.77,18,181.87,8
202403,EMP_1022,DVKD_002,VUNG_1,1694.32,9880.3,11711.28,15,329.77,9
202403,EMP_1023,DVKD_002,VUNG_1,1478.66,7332.76,12213.21,18,295.74,10
202403,EMP_1024,DVKD_002,VUNG_1,935.17,5320.51,6740.47,9,123.88,5
202403,EMP_1025,DVKD_002,VUNG_1,2453.43,11967.9,17761.41,20,251.1,12
202403,EMP_1026,DVKD_003,VUNG_1,1052.09,5799.93,9021.74,8,139.03,5
202403,EMP_1027,DVKD_003,VUNG_1,1002.1,4394.87,8591.8,8,179.15,5
202403,EMP_1028,DVKD_003,VUNG_1,833.03,5437.98,8573.4,11,169.27,4
202403,EMP_1029,DVKD_003,VUNG_1,2236.72,9716.7,16268.35,20,458.47,14
202403,EMP_1030,DVKD_003,VUNG_1,1422.96,7262.74,14491.95,12,228.91,9
202403,EMP_1031,DVKD_003,VUNG_1,1782.43,7724.1,11667.34,17,343.08,6
202403,EMP_1032,DVKD_003,VUNG_1,1694.43,6839.06,13188.61,15,316.3,9
202403,EMP_1033,DVKD_003,VUNG_1,943.24,4496.4,8379.28,9,151.4,5
202403,EMP_1034,DVKD_003,VUNG_1,811.77,5773.76,7280.97,9,191.11,4
202403,EMP_1035,DVKD_003,VUNG_1,859.91,4185.72,7485.18,8,108.41,5
202403,EMP_1036,DVKD_004,VUNG_1,972.89,4715.73,6732.58,8,209.34,4
202403,EMP_1037,DVKD_004,VUNG_1,886.78,5348.98,8495.56,9,164.03,6
202403,EMP_1038,DVKD_004,VUNG_1,1012.32,4771.56,6583.22,10,138.9,6
202403,EMP_1039,DVKD_004,VUNG_1,1719.12,9227.01,14847.89,12,257.39,7
202403,EMP_1040,DVKD_004,VUNG_1,1736.73,7853.47,12786.04,13,211.58,7
202403,EMP_1041,DVKD_004,VUNG_1,964.27,5960.35,8003.37,8,181.03,5
202403,EMP_1042,DVKD_004,VUNG_1,2386.56,12686.49,17989.8,24,308.62,12
202403,EMP_1043,DVKD_004,VUNG_1,1630.46,9766.74,13748.59,15,302.61,8
202403,EMP_1044,DVKD_004,VUNG_1,1713.59,9627.72,11917.06,14,208.87,7
202403,EMP_1045,DVKD_004,VUNG_1,1559.2,9349.54,14339.85,13,282.68,8
202403,EMP_1046,DVKD_004,VUNG_1,1370.47,7918.88,14669.01,13,287.11,9
202403,EMP_1047,DVKD_004,VUNG_1,1464.49,7017.08,12241.36,15,309.23,7
202403,EMP_1048,DVKD_005,VUNG_1,899.99,4840.41,8118.49,11,192.36,4
202403,EMP_1049,DVKD_005,VUNG_1,1035.13,5850.78,7859.83,9,108.73,4
202403,EMP_1050,DVKD_005,VUNG_1,851.95,4964.39,8971.85,10,153.56,6
202403,EMP_1051,DVKD_005,VUNG_1,2474.51,9770.98,18621.61,22,411.16,12
202403,EMP_1052,DVKD_005,VUNG_1,1358.42,8647.67,12392.25,17,314.26,7
202403,EMP_1053,DVKD_005,VUNG_1,1417.19,9490.37,12427.93,14,268.5,7
202403,EMP_1054,DVKD_005,VUNG_1,1622.56,7399.61,11360.85,17,228.95,10
202403,EMP_1055,DVKD_005,VUNG_1,1669.43,7668.79,11216.63,17,240.03,10
202403,EMP_1056,DVKD_005,VUNG_1,2080.66,11872.45,16296.09,20,254.16,10
202403,EMP_1057,DVKD_005,VUNG_1,1391.67,8419.18,14635.32,17,201.96,8
202403,EMP_1058,DVKD_005,VUNG_1,940.54,5757.85,7373.83,8,185.8,4
202403,EMP_1059,DVKD_006,VUNG_1,1075.21,5071.0,9339.03,8,108.84,5
202403,EMP_1060,DVKD_006,VUNG_1,1043.5,4302.41,7375.63,7,194.05,6
202403,EMP_1061,DVKD_006,VUNG_1,899.99,5787.24,6776.94,10,183.28,4
202403,EMP_1062,DVKD_006,VUNG_1,2367.85,12382.05,16530.16,18,315.21,12
202403,EMP_1063,DVKD_006,VUNG_1,1697.75,8947.6,12108.74,13,195.03,10
202403,EMP_1064,DVKD_006,VUNG_1,1601.83,7127.6,13404.14,15,222.43,10
202403,EMP_1065,DVKD_006,VUNG_1,1711.8,8637.07,11622.12,14,331.14,9
202403,EMP_1066,DVKD_006,VUNG_1,823.7,4135.67,9081.48,7,145.28,4
202403,EMP_1067,DVKD_006,VUNG_1,1526.36,9054.97,15078.12,16,295.77,8
202403,EMP_1068,DVKD_006,VUNG_1,1510.03,7863.46,11751.11,17,316.63,7
202403,EMP_1069,DVKD_006,VUNG_1,1765.25,9246.17,13525.39,13,315.41,9
202403,EMP_1070,DVKD_006,VUNG_1,1393.77,7793.25,13893.21,17,257.35,10
202403,EMP_1071,DVKD_006,VUNG_1,1980.54,13532.74,16854.11,20,289.92,14
202403,EMP_1072,DVKD_006,VUNG_1,899.19,5732.72,7415.31,9,111.86,4
202403,EMP_1073,DVKD_007,VUNG_1,939.24,5703.87,7292.9,8,165.34,5
202403,EMP_1074,DVKD_007,VUNG_1,919.54,5451.4,6788.11,9,112.45,5
202403,EMP_1075,DVKD_007,VUNG_1,934.46,5213.83,7167.1,8,121.7,5
202403,EMP_1076,DVKD_007,VUNG_1,1931.62,10452.91,19784.08,20,485.15,12
202403,EMP_1077,DVKD_007,VUNG_1,1503.99,9021.23,11630.81,16,304.39,9
202403,EMP_1078,DVKD_007,VUNG_1,1726.54,7165.83,13661.16,14,192.09,8
202403,EMP_1079,DVKD_007,VUNG_1,893.17,4859.12,8202.99,10,167.62,6
202403,EMP_1080,DVKD_007,VUNG_1,1497.33,8863.97,11095.11,13,199.31,9
202403,EMP_1081,DVKD_007,VUNG_1,1013.85,5634.89,8660.38,10,152.56,5
202403,EMP_1082,DVKD_007,VUNG_1,2277.81,11523.28,16502.05,24,318.44,13
202403,EMP_1083,DVKD_008,VUNG_1,993.48,5843.52,9177.63,10,201.09,6
202403,EMP_1084,DVKD_008,VUNG_1,967.34,5254.06,7950.02,10,194.51,4
202403,EMP_1085,DVKD_008,VUNG_1,1053.29,5938.37,6482.43,9,207.76,4
202403,EMP_1086,DVKD_008,VUNG_1,1476.99,6899.79,12872.23,16,284.41,9
202403,EMP_1087,DVKD_008,VUNG_1,1532.71,8192.61,11813.84,13,199.34,9
202403,EMP_1088,DVKD_008,VUNG_1,1729.5,7952.92,12802.73,14,327.73,7
202403,EMP_1089,DVKD_008,VUNG_1,813.13,5324.91,6894.71,10,174.08,6
202403,EMP_1090,DVKD_008,VUNG_1,1411.1,7239.1,14668.52,17,331.38,9
202403,EMP_1091,DVKD_008,VUNG_1,1768.64,8794.4,12981.09,15,318.51,8
202403,EMP_1092,DVKD_008,VUNG_1,1451.58,8159.27,10835.66,15,302.91,9
202403,EMP_1093,DVKD_008,VUNG_1,2059.63,13671.01,18993.09,17,254.28,12
202403,EMP_1094,DVKD_008,VUNG_1,909.52,5194.12,9249.8,7,181.67,5
202403,EMP_1095,DVKD_008,VUNG_1,2431.39,12882.61,16997.7,21,373.22,12
202403,EMP_1096,DVKD_009,VUNG_2,876.21,5290.87,8391.56,10,176.83,5
202403,EMP_1097,DVKD_009,VUNG_2,966.5,5257.04,9082.33,9,106.13,5
202403,EMP_1098,DVKD_009,VUNG_2,1054.63,5182.01,7434.76,8,207.66,5
202403,EMP_1099,DVKD_009,VUNG_2,1995.53,12633.83,19136.12,19,437.33,10
202403,EMP_1100,DVKD_009,VUNG_2,1633.19,8650.05,13549.73,16,226.06,9
202403,EMP_1101,DVKD_009,VUNG_2,1362.28,8351.23,11408.74,12,312.16,7
202403,EMP_1102,DVKD_009,VUNG_2,2277.95,10752.97,16846.74,23,392.94,14
202403,EMP_1103,DVKD_009,VUNG_2,1682.54,8909.3,12574.88,13,311.94,7
202403,EMP_1104,DVKD_009,VUNG_2,1431.36,8487.64,10958.83,18,344.29,9
202403,EMP_1105,DVKD_009,VUNG_2,1719.78,9480.37,14413.25,14,242.05,9
202403,EMP_1106,DVKD_009,VUNG_2,1676.7,7335.31,13573.24,17,184.51,7
202403,EMP_1107,DVKD_009,VUNG_2,1718.79,6968.07,13027.27,15,258.35,10
202403,EMP_1108,DVKD_009,VUNG_2,2471.15,10566.8,19713.19,20,309.34,12
202403,EMP_1109,DVKD_009,VUNG_2,1545.63,7724.14,14627.08,14,230.25,9
202403,EMP_1110,DVKD_010,VUNG_2,1068.09,4266.94,8010.12,8,193.65,5
202403,EMP_1111,DVKD_010,VUNG_2,986.06,4603.37,7258.54,10,131.81,5
202403,EMP_1112,DVKD_010,VUNG_2,934.5,5376.56,7176.38,10,185.9,5
202403,EMP_1113,DVKD_010,VUNG_2,2316.96,13969.6,17225.17,17,247.08,9
202403,EMP_1114,DVKD_010,VUNG_2,1535.06,8480.85,14090.4,14,301.92,7
202403,EMP_1115,DVKD_010,VUNG_2,1365.32,8782.07,11073.03,16,331.44,7
202403,EMP_1116,DVKD_010,VUNG_2,2267.61,10065.62,21556.38,18,393.15,11
202403,EMP_1117,DVKD_010,VUNG_2,1016.24,5323.98,8793.22,8,116.64,4
202403,EMP_1118,DVKD_010,VUNG_2,1482.56,8913.53,11163.43,15,349.17,9
202403,EMP_1119,DVKD_010,VUNG_2,1661.5,8936.25,14496.57,14,311.63,8
202403,EMP_1120,DVKD_011,VUNG_2,826.84,4826.09,9348.36,8,190.34,4
202403,EMP_1121,DVKD_011,VUNG_2,828.74,5960.49,7057.93,9,172.78,4
202403,EMP_1122,DVKD_011,VUNG_2,955.97,4908.01,8248.22,8,151.37,4
202403,EMP_1123,DVKD_011,VUNG_2,1365.69,7025.32,14292.22,17,178.28,8
202403,EMP_1124,DVKD_011,VUNG_2,2301.31,9523.89,15374.26,20,282.14,11
202403,EMP_1125,DVKD_011,VUNG_2,1526.1,6811.85,14196.51,17,258.67,8
202403,EMP_1126,DVKD_011,VUNG_2,2348.49,13158.99,15591.07,19,339.18,13
202403,EMP_1127,DVKD_011,VUNG_2,1700.92,7187.85,13369.46,18,233.35,8
202403,EMP_1128,DVKD_011,VUNG_2,1374.84,9990.45,13905.96,14,324.33,8
202403,EMP_1129,DVKD_011,VUNG_2,1728.53,9233.45,12191.8,13,272.03,10
202403,EMP_1130,DVKD_011,VUNG_2,1647.33,7756.39,12672.5,13,295.55,8
202403,EMP_1131,DVKD_011,VUNG_2,2447.68,11482.17,16393.2,17,251.21,15
202403,EMP_1132,DVKD_011,VUNG_2,874.39,4826.43,8763.09,10,157.47,6
202403,EMP_1133,DVKD_011,VUNG_2,2401.42,13850.25,15230.33,20,327.74,13
202403,EMP_1134,DVKD_012,VUNG_2,919.49,4486.42,8363.09,9,203.71,6
202403,EMP_1135,DVKD_012,VUNG_2,954.87,5502.82,7151.0,7,182.22,5
202403,EMP_1136,DVKD_012,VUNG_2,815.15,5821.78,8260.91,8,173.12,4
202403,EMP_1137,DVKD_012,VUNG_2,2288.58,13572.89,20635.37,18,394.75,14
202403,EMP_1138,DVKD_012,VUNG_2,1930.29,13182.27,15887.29,22,395.83,9
202403,EMP_1139,DVKD_012,VUNG_2,864.71,4727.7,8887.38,10,147.21,4
202403,EMP_1140,DVKD_012,VUNG_2,1657.84,8546.83,12343.63,18,212.32,7
202403,EMP_1141,DVKD_012,VUNG_2,1999.27,9803.23,16960.56,23,286.17,11
202403,EMP_1142,DVKD_012,VUNG_2,1993.95,10611.53,19030.94,18,438.81,13
202403,EMP_1143,DVKD_012,VUNG_2,1519.26,7304.81,15022.21,12,176.26,10
202403,EMP_1144,DVKD_013,VUNG_2,1000.82,5219.96,7297.15,10,188.19,5
202403,EMP_1145,DVKD_013,VUNG_2,844.26,4354.73,7260.34,9,130.12,4
202403,EMP_1146,DVKD_013,VUNG_2,996.75,5224.84,8545.53,9,114.24,6
202403,EMP_1147,DVKD_013,VUNG_2,2079.76,11396.16,18867.81,18,486.72,14
202403,EMP_1148,DVKD_013,VUNG_2,1628.51,9560.74,15536.55,15,256.24,9
202403,EMP_1149,DVKD_013,VUNG_2,1443.65,6969.82,11340.86,13,322.66,10
202403,EMP_1150,DVKD_013,VUNG_2,1573.88,7311.23,15228.83,12,238.73,7
202403,EMP_1151,DVKD_013,VUNG_2,1463.12,8773.82,15072.38,15,193.27,7
202403,EMP_1152,DVKD_013,VUNG_2,1591.81,7305.75,10939.51,15,187.4,7
202403,EMP_1153,DVKD_013,VUNG_2,1550.17,8655.24,12811.52,16,332.22,7
202403,EMP_1154,DVKD_013,VUNG_2,1399.56,7528.9,11938.17,14,209.99,10
202403,EMP_1155,DVKD_013,VUNG_2,1383.09,8672.3,11060.83,15,212.83,9
202403,EMP_1156,DVKD_013,VUNG_2,1430.13,7995.15,12997.15,13,237.75,7
202403,EMP_1157,DVKD_014,VUNG_2,900.69,4141.62,8117.76,8,116.67,5
202403,EMP_1158,DVKD_014,VUNG_2,922.92,5539.85,7113.18,8,121.46,6
202403,EMP_1159,DVKD_014,VUNG_2,1067.25,5818.71,8144.99,9,129.12,5
202403,EMP_1160,DVKD_014,VUNG_2,1584.8,9559.04,11838.92,15,255.98,6
202403,EMP_1161,DVKD_014,VUNG_2,1542.65,9592.32,11989.59,15,213.92,10
202403,EMP_1162,DVKD_014,VUNG_2,1775.81,9724.02,15111.61,15,182.74,10
202403,EMP_1163,DVKD_014,VUNG_2,1680.06,8413.49,12843.35,14,316.7,9
202403,EMP_1164,DVKD_014,VUNG_2,1951.74,11738.88,15678.38,23,414.82,11
202403,EMP_1165,DVKD_014,VUNG_2,868.86,4768.14,7168.5,11,106.67,5
202403,EMP_1166,DVKD_014,VUNG_2,1422.81,8269.71,13537.83,16,345.87,8
202403,EMP_1167,DVKD_014,VUNG_2,1977.33,12670.04,16362.84,24,398.57,13
202403,EMP_1168,DVKD_014,VUNG_2,1350.61,8807.38,12647.42,16,267.91,8
202403,EMP_1169,DVKD_014,VUNG_2,1688.8,9033.78,13740.01,15,211.25,9
202403,EMP_1170,DVKD_015,VUNG_2,977.52,4724.53,9164.86,9,200.55,5
202403,EMP_1171,DVKD_015,VUNG_2,823.92,4815.27,7820.22,7,143.48,5
202403,EMP_1172,DVKD_015,VUNG_2,1000.32,5156.66,8707.9,8,140.17,5
202403,EMP_1173,DVKD_015,VUNG_2,1642.07,9159.62,14410.93,17,298.0,9
202403,EMP_1174,DVKD_015,VUNG_2,1692.4,7825.48,15110.08,15,249.01,7
202403,EMP_1175,DVKD_015,VUNG_2,1517.77,8247.71,13206.96,17,257.28,9
202403,EMP_1176,DVKD_015,VUNG_2,2409.99,13549.54,18157.29,20,409.96,13
202403,EMP_1177,DVKD_015,VUNG_2,1790.14,9626.02,11704.1,17,190.28,8
202403,EMP_1178,DVKD_015,VUNG_2,2002.65,13812.99,15637.09,18,272.45,10
202403,EMP_1179,DVKD_015,VUNG_2,1417.72,7453.62,15370.1,12,247.89,9
202403,EMP_1180,DVKD_015,VUNG_2,2476.98,11643.09,17943.27,23,250.26,10
202403,EMP_1181,DVKD_015,VUNG_2,1359.92,9366.37,14807.75,15,233.78,9
202403,EMP_1182,DVKD_015,VUNG_2,2303.13,13044.97,18386.92,22,374.89,12
202403,EMP_1183,DVKD_015,VUNG_2,1556.1,8615.21,15111.75,14,313.12,7
202403,EMP_1184,DVKD_016,VUNG_2,910.41,4633.24,8915.08,8,134.86,6
202403,EMP_1185,DVKD_016,VUNG_2,977.03,4388.72,8021.71,8,123.41,6
202403,EMP_1186,DVKD_016,VUNG_2,1054.27,5605.36,6944.41,8,209.35,5
202403,EMP_1187,DVKD_016,VUNG_2,2167.76,11176.13,16498.64,23,408.06,14
202403,EMP_1188,DVKD_016,VUNG_2,849.94,4940.98,9289.34,9,117.76,4
202403,EMP_1189,DVKD_016,VUNG_2,1061.39,5555.55,9209.63,11,121.39,6
202403,EMP_1190,DVKD_016,VUNG_2,1595.77,8423.71,13906.77,14,331.8,10
202403,EMP_1191,DVKD_016,VUNG_2,2365.12,13973.41,19601.49,24,423.49,14
202403,EMP_1192,DVKD_016,VUNG_2,1502.41,7159.41,13099.11,12,293.65,7
202403,EMP_1193,DVKD_016,VUNG_2,1361.16,8776.07,11857.75,14,232.11,9
202403,EMP_1194,DVKD_016,VUNG_2,1437.82,8484.59,14550.16,17,209.25,7
202403,EMP_1195,DVKD_016,VUNG_2,1732.25,8966.6,15396.59,18,244.02,8
202403,EMP_1196,DVKD_016,VUNG_2,1621.43,8436.98,11069.03,16,244.57,9
202403,EMP_1197,DVKD_016,VUNG_2,1542.44,8035.56,10858.52,14,228.91,8
202403,EMP_1198,DVKD_017,VUNG_3,961.48,4494.13,9036.88,10,148.64,5
202403,EMP_1199,DVKD_017,VUNG_3,854.22,5477.76,9065.44,10,148.49,6
202403,EMP_1200,DVKD_017,VUNG_3,971.44,4355.79,7353.31,11,160.16,5
202403,EMP_1201,DVKD_017,VUNG_3,1769.92,8690.17,12603.71,12,286.79,7
202403,EMP_1202,DVKD_017,VUNG_3,2000.18,11590.3,18936.4,24,293.82,14
202403,EMP_1203,DVKD_017,VUNG_3,1480.26,8369.87,14749.44,14,277.41,8
202403,EMP_1204,DVKD_017,VUNG_3,1009.76,4511.08,8758.71,8,136.52,5
202403,EMP_1205,DVKD_017,VUNG_3,1636.45,7197.37,13996.38,14,206.39,10
202403,EMP_1206,DVKD_017,VUNG_3,984.09,4134.61,8682.39,9,206.92,5
202403,EMP_1207,DVKD_017,VUNG_3,1512.79,8337.55,12893.13,14,295.03,10
202403,EMP_1208,DVKD_017,VUNG_3,1030.94,4796.55,8590.92,7,132.25,5
202403,EMP_1209,DVKD_018,VUNG_3,849.46,4965.2,8476.66,8,110.55,5
202403,EMP_1210,DVKD_018,VUNG_3,981.79,5913.9,6620.3,8,172.09,4
202403,EMP_1211,DVKD_018,VUNG_3,862.33,5285.82,8682.31,9,122.55,5
202403,EMP_1212,DVKD_018,VUNG_3,1492.29,9503.98,14639.41,14,297.14,8
202403,EMP_1213,DVKD_018,VUNG_3,954.29,4755.13,6893.91,8,134.55,6
202403,EMP_1214,DVKD_018,VUNG_3,1535.4,9746.9,11582.54,13,263.09,10
202403,EMP_1215,DVKD_018,VUNG_3,1707.8,8587.7,14110.33,18,323.06,9
202403,EMP_1216,DVKD_018,VUNG_3,1666.02,9368.26,12803.26,17,195.4,7
202403,EMP_1217,DVKD_018,VUNG_3,814.69,4748.56,8470.23,8,151.4,6
202403,EMP_1218,DVKD_018,VUNG_3,1585.4,9904.36,11626.59,14,305.28,7
202403,EMP_1219,DVKD_018,VUNG_3,844.75,5412.95,8461.58,8,127.03,6
202403,EMP_1220,DVKD_018,VUNG_3,924.7,5545.01,6801.76,7,155.85,5
202403,EMP_1221,DVKD_018,VUNG_3,1438.36,6904.94,13966.99,16,257.09,10
202403,EMP_1222,DVKD_018,VUNG_3,1369.48,7765.27,10849.31,13,196.66,9
202403,EMP_1223,DVKD_019,VUNG_3,968.65,4464.05,8411.33,7,120.28,6
202403,EMP_1224,DVKD_019,VUNG_3,884.89,5193.12,7494.35,10,186.98,5
202403,EMP_1225,DVKD_019,VUNG_3,946.33,4211.21,8840.41,10,160.53,6
202403,EMP_1226,DVKD_019,VUNG_3,1783.92,7349.68,14419.29,12,301.94,10
202403,EMP_1227,DVKD_019,VUNG_3,1764.21,9524.15,13078.63,16,207.4,9
202403,EMP_1228,DVKD_019,VUNG_3,1398.3,9471.17,15510.25,15,264.99,8
202403,EMP_1229,DVKD_019,VUNG_3,2369.69,10927.98,18250.86,21,366.47,11
202403,EMP_1230,DVKD_019,VUNG_3,1479.72,9110.84,11194.79,15,242.34,8
202403,EMP_1231,DVKD_019,VUNG_3,1681.28,8998.55,14837.23,13,246.27,10
202403,EMP_1232,DVKD_019,VUNG_3,925.55,5725.01,9056.89,10,203.6,5
202403,EMP_1233,DVKD_019,VUNG_3,1355.75,8957.31,14026.06,14,266.47,9
202403,EMP_1234,DVKD_020,VUNG_3,842.19,4838.04,8481.71,11,182.85,6
202403,EMP_1235,DVKD_020,VUNG_3,855.56,4778.32,7053.37,8,193.62,5
202403,EMP_1236,DVKD_020,VUNG_3,872.87,4895.43,7917.44,10,185.43,5
202403,EMP_1237,DVKD_020,VUNG_3,1690.34,9363.15,15327.48,14,291.67,10
202403,EMP_1238,DVKD_020,VUNG_3,1794.39,8436.53,11507.4,15,196.38,8
202403,EMP_1239,DVKD_020,VUNG_3,2035.42,13741.97,15319.74,23,448.43,12
202403,EMP_1240,DVKD_020,VUNG_3,1906.85,10322.35,19182.8,20,319.17,12
202403,EMP_1241,DVKD_020,VUNG_3,1015.25,5349.27,7977.45,9,153.93,5
202403,EMP_1242,DVKD_020,VUNG_3,2203.68,11781.48,18765.18,24,377.43,9
202403,EMP_1243,DVKD_020,VUNG_3,1693.78,9970.28,15024.6,13,253.77,10
202403,EMP_1244,DVKD_020,VUNG_3,1549.15,6915.14,11648.97,16,311.39,10
202403,EMP_1245,DVKD_020,VUNG_3,1423.86,8178.18,12299.81,14,308.7,9
202403,EMP_1246,DVKD_020,VUNG_3,942.45,5143.27,8033.45,9,164.04,4
202403,EMP_1247,DVKD_020,VUNG_3,1375.08,7642.85,13637.02,14,293.39,9
202403,EMP_1248,DVKD_021,VUNG_3,886.8,4197.93,8180.53,8,143.47,6
202403,EMP_1249,DVKD_021,VUNG_3,967.67,5549.17,8280.44,9,149.96,6
202403,EMP_1250,DVKD_021,VUNG_3,921.22,4188.38,7183.38,8,137.77,4
202403,EMP_1251,DVKD_021,VUNG_3,1659.6,9580.61,11349.46,13,269.22,7
202403,EMP_1252,DVKD_021,VUNG_3,2304.39,11412.68,18579.19,20,250.0,12
202403,EMP_1253,DVKD_021,VUNG_3,1360.01,7812.85,13537.7,14,192.1,8
202403,EMP_1254,DVKD_021,VUNG_3,996.53,4475.34,7910.59,10,175.08,4
202403,EMP_1255,DVKD_021,VUNG_3,1484.78,9902.17,11768.44,16,345.47,7
202403,EMP_1256,DVKD_021,VUNG_3,1732.65,7485.06,12072.74,14,275.37,10
202403,EMP_1257,DVKD_021,VUNG_3,1631.06,9865.41,14244.99,15,278.58,7
202403,EMP_1258,DVKD_021,VUNG_3,1604.89,8499.4,12850.11,14,188.42,10
202403,EMP_1259,DVKD_021,VUNG_3,1577.09,7759.71,13984.59,14,247.5,7
202403,EMP_1260,DVKD_022,VUNG_3,949.15,5369.4,8056.98,10,170.92,5
202403,EMP_1261,DVKD_022,VUNG_3,860.37,5038.47,8383.12,10,203.5,4
202403,EMP_1262,DVKD_022,VUNG_3,982.24,5633.15,8935.99,10,203.14,6
202403,EMP_1263,DVKD_022,VUNG_3,1927.73,10418.9,18227.91,19,427.88,13
202403,EMP_1264,DVKD_022,VUNG_3,1729.85,8112.83,14928.89,17,285.94,10
202403,EMP_1265,DVKD_022,VUNG_3,1470.12,7718.54,11570.8,16,216.32,7
202403,EMP_1266,DVKD_022,VUNG_3,1417.48,6888.65,14625.81,14,259.94,10
202403,EMP_1267,DVKD_022,VUNG_3,923.95,5818.86,7061.73,8,108.06,6
202403,EMP_1268,DVKD_022,VUNG_3,1475.0,8562.26,13892.61,12,301.43,10
202403,EMP_1269,DVKD_022,VUNG_3,1374.9,9668.82,12306.74,14,186.13,10
202403,EMP_1270,DVKD_022,VUNG_3,1052.13,5369.61,9030.87,9,193.18,6
202403,EMP_1271,DVKD_022,VUNG_3,1456.22,8627.11,13201.19,13,291.24,9
202403,EMP_1272,DVKD_022,VUNG_3,1698.8,8480.83,13182.97,13,279.97,9
202403,EMP_1273,DVKD_022,VUNG_3,2087.45,13248.86,20074.23,24,427.27,14
202403,EMP_1274,DVKD_023,VUNG_3,868.86,4285.08,7096.63,8,147.88,6
202403,EMP_1275,DVKD_023,VUNG_3,825.1,5104.26,8494.9,8,162.3,5
202403,EMP_1276,DVKD_023,VUNG_3,876.51,4613.25,8738.71,8,154.9,5
202403,EMP_1277,DVKD_023,VUNG_3,1488.68,8865.27,15145.1,12,304.4,10
202403,EMP_1278,DVKD_023,VUNG_3,1374.6,9735.86,14023.67,14,242.32,9
202403,EMP_1279,DVKD_023,VUNG_3,2331.39,13566.14,19724.87,21,302.91,11
202403,EMP_1280,DVKD_023,VUNG_3,1353.54,9874.39,15252.04,18,227.66,10
202403,EMP_1281,DVKD_023,VUNG_3,1690.5,7751.75,14925.2,13,251.8,8
202403,EMP_1282,DVKD_023,VUNG_3,1715.51,8862.17,14588.72,14,189.02,10
202403,EMP_1283,DVKD_023,VUNG_3,1571.26,9158.21,15247.19,14,248.91,10
202403,EMP_1284,DVKD_023,VUNG_3,1953.25,10238.34,16873.72,17,348.11,13
202403,EMP_1285,DVKD_023,VUNG_3,2235.07,10983.92,19791.81,23,402.14,10
202403,EMP_1286,DVKD_023,VUNG_3,1549.53,8851.52,10814.76,13,228.47,9
202403,EMP_1287,DVKD_024,VUNG_3,839.92,4559.24,8535.06,10,173.16,4
202403,EMP_1288,DVKD_024,VUNG_3,970.38,4867.81,9185.52,9,196.72,4
202403,EMP_1289,DVKD_024,VUNG_3,856.84,5218.6,7423.43,8,113.86,5
202403,EMP_1290,DVKD_024,VUNG_3,1527.07,8007.42,14806.46,15,178.63,6
202403,EMP_1291,DVKD_024,VUNG_3,1601.34,8758.41,11897.79,13,255.92,7
202403,EMP_1292,DVKD_024,VUNG_3,1039.99,4175.58,8259.85,9,120.67,6
202403,EMP_1293,DVKD_024,VUNG_3,1997.18,12061.25,15214.85,21,434.47,14
202403,EMP_1294,DVKD_024,VUNG_3,1722.27,8381.28,11877.52,13,340.56,10
202403,EMP_1295,DVKD_024,VUNG_3,2057.71,12864.06,17687.53,20,295.62,10
202403,EMP_1296,DVKD_024,VUNG_3,1720.84,9125.47,11708.94,13,313.68,7
202403,EMP_1297,DVKD_024,VUNG_3,1789.26,7553.55,12964.69,13,277.01,9
202403,EMP_1298,DVKD_024,VUNG_3,1388.58,8300.42,14982.93,18,244.57,7
202404,EMP_1001,DVKD_001,VUNG_1,913.54,4892.72,8199.92,7,163.48,4
202404,EMP_1002,DVKD_001,VUNG_1,1061.39,4984.19,7500.39,9,175.43,6
202404,EMP_1003,DVKD_001,VUNG_1,1001.58,5634.92,6495.44,9,145.0,6
202404,EMP_1004,DVKD_001,VUNG_1,1652.07,7223.16,15082.68,12,206.39,7
202404,EMP_1005,DVKD_001,VUNG_1,1571.78,7885.37,13046.81,13,299.29,8
202404,EMP_1006,DVKD_001,VUNG_1,2054.06,10923.45,21695.63,21,483.48,11
202404,EMP_1007,DVKD_001,VUNG_1,1512.27,8176.28,15133.4,14,320.18,10
202404,EMP_1008,DVKD_001,VUNG_1,1582.64,8194.48,11591.92,16,260.97,10
202404,EMP_1009,DVKD_001,VUNG_1,2240.08,13654.38,19398.3,20,291.29,9
202404,EMP_1010,DVKD_001,VUNG_1,1432.41,8304.79,11585.06,15,195.3,10
202404,EMP_1011,DVKD_001,VUNG_1,1572.71,8212.86,15546.33,15,255.11,7
202404,EMP_1012,DVKD_001,VUNG_1,1673.89,7273.77,12478.1,13,224.72,10
202404,EMP_1013,DVKD_001,VUNG_1,1687.47,9432.23,13503.59,16,212.17,10
202404,EMP_1014,DVKD_001,VUNG_1,1892.6,12955.48,16333.42,25,305.31,12
202404,EMP_1015,DVKD_002,VUNG_1,835.46,4711.02,7298.73,11,117.81,5
202404,EMP_1016,DVKD_002,VUNG_1,1060.87,4283.65,7411.79,7,153.32,6
202404,EMP_1017,DVKD_002,VUNG_1,939.56,5286.44,7255.64,10,139.59,4
202404,EMP_1018,DVKD_002,VUNG_1,978.04,4949.96,9208.56,11,200.22,6
202404,EMP_1019,DVKD_002,VUNG_1,1408.19,9562.49,14647.48,14,314.68,9
202404,EMP_1020,DVKD_002,VUNG_1,957.73,5236.4,6746.55,8,130.21,6
202404,EMP_1021,DVKD_002,VUNG_1,1529.51,6865.64,11799.47,14,245.42,9
202404,EMP_1022,DVKD_002,VUNG_1,1779.49,7293.23,12233.02,17,303.78,10
202404,EMP_1023,DVKD_002,VUNG_1,1756.68,8731.24,12523.41,13,239.3,7
202404,EMP_1024,DVKD_002,VUNG_1,930.27,4825.13,7253.22,9,114.47,5
202404,EMP_1025,DVKD_002,VUNG_1,2121.99,10354.87,19358.21,18,370.77,14
202404,EMP_1026,DVKD_003,VUNG_1,992.64,5323.41,8535.27,11,160.36,5
202404,EMP_1027,DVKD_003,VUNG_1,832.67,4978.98,6708.05,10,136.54,6
202404,EMP_1028,DVKD_003,VUNG_1,994.76,4656.78,7196.12,9,164.7,5
202404,EMP_1029,DVKD_003,VUNG_1,2467.9,11820.1,18551.58,20,358.84,13
202404,EMP_1030,DVKD_003,VUNG_1,1715.77,7937.46,13610.73,17,177.85,9
202404,EMP_1031,DVKD_003,VUNG_1,1558.3,9315.77,14845.97,12,247.84,9
202404,EMP_1032,DVKD_003,VUNG_1,1491.28,9117.1,14435.3,15,316.37,8
202404,EMP_1033,DVKD_003,VUNG_1,1057.89,5635.21,7087.88,7,208.13,4
202404,EMP_1034,DVKD_003,VUNG_1,991.82,4912.89,6531.6,9,106.4,5
202404,EMP_1035,DVKD_003,VUNG_1,934.24,4857.78,8374.23,10,181.22,5
202404,EMP_1036,DVKD_004,VUNG_1,1029.55,5264.15,8469.11,11,175.89,6
202404,EMP_1037,DVKD_004,VUNG_1,833.66,4339.42,7029.51,10,178.08,4
202404,EMP_1038,DVKD_004,VUNG_1,817.24,5003.75,6898.04,8,193.42,6
202404,EMP_1039,DVKD_004,VUNG_1,1592.36,7075.5,14494.66,13,248.83,7
202404,EMP_1040,DVKD_004,VUNG_1,1756.09,9164.1,12937.28,15,178.43,8
202404,EMP_1041,DVKD_004,VUNG_1,875.51,4646.08,8868.82,9,140.05,4
202404,EMP_1042,DVKD_004,VUNG_1,2424.01,11454.41,17913.41,21,386.77,13
202404,EMP_1043,DVKD_004,VUNG_1,1799.56,6918.46,12718.47,15,301.81,10
202404,EMP_1044,DVKD_004,VUNG_1,1757.28,9576.43,11913.15,12,178.33,9
202404,EMP_1045,DVKD_004,VUNG_1,1598.97,7657.12,13911.84,17,195.46,9
202404,EMP_1046,DVKD_004,VUNG_1,1640.78,8234.64,12893.9,13,302.09,8
202404,EMP_1047,DVKD_004,VUNG_1,1547.15,8424.44,13620.76,16,336.3,10
202404,EMP_1048,DVKD_005,VUNG_1,1003.1,4979.46,9023.54,10,145.99,5
202404,EMP_1049,DVKD_005,VUNG_1,1064.12,5332.8,7517.54,9,206.95,4
202404,EMP_1050,DVKD_005,VUNG_1,865.95,5406.14,6728.23,9,123.2,4
202404,EMP_1051,DVKD_005,VUNG_1,2200.08,13074.8,21457.33,21,302.51,12
202404,EMP_1052,DVKD_005,VUNG_1,1799.67,7948.12,12051.88,16,205.58,10
202404,EMP_1053,DVKD_005,VUNG_1,1576.57,9381.81,12421.13,13,214.67,9
202404,EMP_1054,DVKD_005,VUNG_1,1568.86,9979.72,14567.45,17,309.77,9
202404,EMP_1055,DVKD_005,VUNG_1,1753.34,9530.91,14993.74,16,193.22,7
202404,EMP_1056,DVKD_005,VUNG_1,2486.15,13099.46,21588.99,23,483.79,13
202404,EMP_1057,DVKD_005,VUNG_1,1624.35,9546.84,11288.97,15,263.78,7
202404,EMP_1058,DVKD_005,VUNG_1,841.88,4474.34,7521.52,10,179.36,6
202404,EMP_1059,DVKD_006,VUNG_1,944.57,5751.35,6924.37,9,191.01,4
202404,EMP_1060,DVKD_006,VUNG_1,864.51,5941.7,8695.35,7,192.66,5
202404,EMP_1061,DVKD_006,VUNG_1,887.42,4408.82,7246.13,10,148.58,5
202404,EMP_1062,DVKD_006,VUNG_1,2044.63,12894.36,18679.25,23,278.81,11
202404,EMP_1063,DVKD_006,VUNG_1,1763.11,9673.81,15368.83,15,294.38,10
202404,EMP_1064,DVKD_006,VUNG_1,1549.16,9264.49,14244.6,15,187.18,8
202404,EMP_1065,DVKD_006,VUNG_1,1530.74,9271.59,12883.55,14,181.49,10
202404,EMP_1066,DVKD_006,VUNG_1,850.76,5183.15,9295.87,11,188.9,6
202404,EMP_1067,DVKD_006,VUNG_1,1787.7,8141.78,15051.76,16,327.87,9
202404,EMP_1068,DVKD_006,VUNG_1,1491.16,7901.3,14769.62,17,281.82,7
202404,EMP_1069,DVKD_006,VUNG_1,1531.77,8860.41,15060.38,16,283.18,8
202404,EMP_1070,DVKD_006,VUNG_1,1505.36,9397.86,13914.03,17,329.17,7
202404,EMP_1071,DVKD_006,VUNG_1,2228.58,11267.17,19950.88,24,372.52,12
202404,EMP_1072,DVKD_006,VUNG_1,867.71,5062.41,7379.29,8,171.75,4
202404,EMP_1073,DVKD_007,VUNG_1,1050.39,5116.67,7225.03,10,136.91,5
202404,EMP_1074,DVKD_007,VUNG_1,946.42,5485.41,8903.76,8,158.29,4
202404,EMP_1075,DVKD_007,VUNG_1,1014.27,5887.38,7772.36,9,105.55,5
202404,EMP_1076,DVKD_007,VUNG_1,2038.74,12861.0,19028.31,23,474.7,13
202404,EMP_1077,DVKD_007,VUNG_1,1730.02,7548.28,12236.17,16,317.64,9
202404,EMP_1078,DVKD_007,VUNG_1,1412.99,8008.53,14340.06,13,265.38,7
202404,EMP_1079,DVKD_007,VUNG_1,1020.21,4952.27,6902.07,9,148.27,4
202404,EMP_1080,DVKD_007,VUNG_1,1541.2,7216.2,11830.97,12,293.44,8
202404,EMP_1081,DVKD_007,VUNG_1,960.92,5575.34,8991.4,9,171.83,6
202404,EMP_1082,DVKD_007,VUNG_1,2324.08,13766.23,20037.14,20,284.9,12
202404,EMP_1083,DVKD_008,VUNG_1,940.89,4958.81,9267.93,9,160.56,6
202404,EMP_1084,DVKD_008,VUNG_1,932.97,4142.61,6931.7,9,201.78,4
202404,EMP_1085,DVKD_008,VUNG_1,1040.13,4291.85,7544.41,8,159.89,4
202404,EMP_1086,DVKD_008,VUNG_1,1487.22,7998.27,12211.11,12,200.0,10
202404,EMP_1087,DVKD_008,VUNG_1,1539.79,9797.83,12264.79,14,207.04,9
202404,EMP_1088,DVKD_008,VUNG_1,1350.94,8552.12,11124.31,12,259.21,8
202404,EMP_1089,DVKD_008,VUNG_1,932.14,4728.62,7566.64,10,192.54,4
202404,EMP_1090,DVKD_008,VUNG_1,1412.34,8836.67,14456.06,16,201.07,9
202404,EMP_1091,DVKD_008,VUNG_1,1390.19,8799.27,13793.23,14,332.54,8
202404,EMP_1092,DVKD_008,VUNG_1,1370.62,8945.42,12926.86,14,190.49,7
202404,EMP_1093,DVKD_008,VUNG_1,1905.63,12342.89,20305.12,19,403.06,13
202404,EMP_1094,DVKD_008,VUNG_1,832.99,5913.92,8040.48,10,205.52,5
202404,EMP_1095,DVKD_008,VUNG_1,2362.85,11771.82,15245.42,22,375.31,14
202404,EMP_1096,DVKD_009,VUNG_2,884.24,4475.15,8869.51,10,165.85,4
202404,EMP_1097,DVKD_009,VUNG_2,954.06,4695.23,8176.01,9,203.05,5
202404,EMP_1098,DVKD_009,VUNG_2,858.74,4126.19,8000.36,9,114.56,6
202404,EMP_1099,DVKD_009,VUNG_2,2231.32,10798.38,16347.54,23,282.79,14
202404,EMP_1100,DVKD_009,VUNG_2,1655.37,6988.52,15413.39,13,299.83,8
202404,EMP_1101,DVKD_009,VUNG_2,1394.43,7255.87,15086.45,14,339.78,10
202404,EMP_1102,DVKD_009,VUNG_2,1922.68,10593.51,19131.87,19,369.61,12
202404,EMP_1103,DVKD_009,VUNG_2,1777.21,7661.72,12328.01,15,186.46,7
202404,EMP_1104,DVKD_009,VUNG_2,1635.09,9723.95,10889.39,15,277.58,7
202404,EMP_1105,DVKD_009,VUNG_2,1693.34,8884.96,11402.74,15,253.05,10
202404,EMP_1106,DVKD_009,VUNG_2,1575.19,9305.22,11483.36,15,204.43,7
202404,EMP_1107,DVKD_009,VUNG_2,1778.68,9876.33,13464.73,12,317.21,10
202404,EMP_1108,DVKD_009,VUNG_2,2281.06,12445.7,16244.8,17,470.84,10
202404,EMP_1109,DVKD_009,VUNG_2,1462.9,8975.99,15596.36,17,212.23,10
202404,EMP_1110,DVKD_010,VUNG_2,885.95,4389.92,8018.18,7,114.42,6
202404,EMP_1111,DVKD_010,VUNG_2,1034.23,5472.14,9356.61,10,127.14,5
202404,EMP_1112,DVKD_010,VUNG_2,1026.56,5777.15,9202.78,9,207.86,6
202404,EMP_1113,DVKD_010,VUNG_2,2062.0,12487.0,17281.41,19,479.95,11
202404,EMP_1114,DVKD_010,VUNG_2,1761.31,7227.92,15226.84,16,175.75,6
202404,EMP_1115,DVKD_010,VUNG_2,1428.09,8578.53,14143.15,15,243.74,7
202404,EMP_1116,DVKD_010,VUNG_2,2442.33,12437.67,18739.72,24,444.93,11
202404,EMP_1117,DVKD_010,VUNG_2,843.32,5946.31,7563.96,9,145.61,6
202404,EMP_1118,DVKD_010,VUNG_2,1715.34,9948.15,11398.87,14,208.77,6
202404,EMP_1119,DVKD_010,VUNG_2,1684.42,9226.95,14066.66,16,208.51,10
202404,EMP_1120,DVKD_011,VUNG_2,978.81,5632.16,7116.91,11,206.57,4
202404,EMP_1121,DVKD_011,VUNG_2,943.07,5431.77,8225.36,7,208.35,5
202404,EMP_1122,DVKD_011,VUNG_2,839.96,4612.51,7920.94,8,125.35,6
202404,EMP_1123,DVKD_011,VUNG_2,1652.48,8729.51,11642.54,16,305.55,7
202404,EMP_1124,DVKD_011,VUNG_2,2478.14,13352.55,21040.34,23,312.21,14
202404,EMP_1125,DVKD_011,VUNG_2,1360.4,9903.39,14053.13,16,294.12,10
202404,EMP_1126,DVKD_011,VUNG_2,1891.23,11433.47,19643.23,22,454.2,11
202404,EMP_1127,DVKD_011,VUNG_2,1729.95,8102.0,11384.24,15,261.73,8
202404,EMP_1128,DVKD_011,VUNG_2,1369.56,9107.9,11025.43,18,268.17,8
202404,EMP_1129,DVKD_011,VUNG_2,1526.34,7871.06,15024.47,17,348.3,7
202404,EMP_1130,DVKD_011,VUNG_2,1660.3,9864.88,15201.58,13,232.61,7
202404,EMP_1131,DVKD_011,VUNG_2,2283.94,9644.87,18022.7,17,440.32,14
202404,EMP_1132,DVKD_011,VUNG_2,1036.94,4554.53,7843.9,11,192.41,6
202404,EMP_1133,DVKD_011,VUNG_2,2217.4,10580.61,15609.96,22,352.44,9
202404,EMP_1134,DVKD_012,VUNG_2,930.54,4319.67,9286.63,11,144.63,6
202404,EMP_1135,DVKD_012,VUNG_2,997.21,5582.68,6658.57,10,110.75,5
202404,EMP_1136,DVKD_012,VUNG_2,926.6,4275.51,6640.68,7,194.24,5
202404,EMP_1137,DVKD_012,VUNG_2,2278.9,11361.76,20930.0,23,397.88,11
202404,EMP_1138,DVKD_012,VUNG_2,2182.45,11437.91,19287.82,18,404.48,13
202404,EMP_1139,DVKD_012,VUNG_2,817.01,5073.05,8172.9,8,106.29,6
202404,EMP_1140,DVKD_012,VUNG_2,1616.8,9490.49,15140.98,13,264.06,8
202404,EMP_1141,DVKD_012,VUNG_2,2193.28,12301.41,16369.41,18,255.8,10
202404,EMP_1142,DVKD_012,VUNG_2,2258.25,11818.8,19499.46,20,388.0,12
202404,EMP_1143,DVKD_012,VUNG_2,1415.53,8302.48,13695.98,14,344.8,8
202404,EMP_1144,DVKD_013,VUNG_2,987.57,4357.63,7163.68,10,163.74,4
202404,EMP_1145,DVKD_013,VUNG_2,902.83,5954.9,8324.8,8,112.18,4
202404,EMP_1146,DVKD_013,VUNG_2,938.45,5408.33,7826.12,10,194.46,5
202404,EMP_1147,DVKD_013,VUNG_2,2101.47,10862.35,17328.32,18,459.65,14
202404,EMP_1148,DVKD_013,VUNG_2,1573.17,9743.85,13866.08,16,256.64,7
202404,EMP_1149,DVKD_013,VUNG_2,1566.34,9258.71,14710.33,17,240.78,8
202404,EMP_1150,DVKD_013,VUNG_2,1721.74,6821.52,10847.48,14,272.07,7
202404,EMP_1151,DVKD_013,VUNG_2,1548.18,8820.27,15181.0,14,345.68,7
202404,EMP_1152,DVKD_013,VUNG_2,1477.85,7500.62,12057.59,13,323.32,7
202404,EMP_1153,DVKD_013,VUNG_2,1438.19,7363.45,12056.59,13,320.5,7
202404,EMP_1154,DVKD_013,VUNG_2,1644.69,9632.04,12424.24,13,254.84,8
202404,EMP_1155,DVKD_013,VUNG_2,1517.56,7348.35,13329.25,17,284.06,8
202404,EMP_1156,DVKD_013,VUNG_2,1669.92,7179.18,15037.07,13,208.19,9
202404,EMP_1157,DVKD_014,VUNG_2,997.48,4690.47,7717.08,9,201.71,6
202404,EMP_1158,DVKD_014,VUNG_2,968.58,5720.52,7327.25,8,130.95,5
202404,EMP_1159,DVKD_014,VUNG_2,885.62,4322.8,7943.82,9,156.34,6
202404,EMP_1160,DVKD_014,VUNG_2,1703.1,9331.19,13751.45,13,242.92,10
202404,EMP_1161,DVKD_014,VUNG_2,1688.01,7997.65,13290.68,13,299.69,9
202404,EMP_1162,DVKD_014,VUNG_2,1567.48,9858.41,13074.04,15,286.67,10
202404,EMP_1163,DVKD_014,VUNG_2,1642.38,7463.04,15095.45,15,216.02,7
202404,EMP_1164,DVKD_014,VUNG_2,2157.76,11209.33,16176.45,24,307.36,9
202404,EMP_1165,DVKD_014,VUNG_2,1012.94,4646.49,7974.2,8,109.32,5
202404,EMP_1166,DVKD_014,VUNG_2,1501.37,8243.68,12876.03,14,262.07,7
202404,EMP_1167,DVKD_014,VUNG_2,1905.57,11498.76,16905.0,17,465.86,11
202404,EMP_1168,DVKD_014,VUNG_2,1575.79,8549.29,11175.16,14,214.85,7
202404,EMP_1169,DVKD_014,VUNG_2,1512.11,8547.28,12402.04,16,218.75,9
202404,EMP_1170,DVKD_015,VUNG_2,1017.49,5703.26,7029.05,9,119.48,6
202404,EMP_1171,DVKD_015,VUNG_2,1003.37,5122.8,7232.07,10,134.59,5
202404,EMP_1172,DVKD_015,VUNG_2,1079.15,5895.96,8846.96,10,106.25,5
202404,EMP_1173,DVKD_015,VUNG_2,1795.17,9844.76,14954.24,13,301.58,7
202404,EMP_1174,DVKD_015,VUNG_2,1455.18,8678.41,13452.55,15,317.52,8
202404,EMP_1175,DVKD_015,VUNG_2,1388.64,9506.57,12858.21,18,248.1,8
202404,EMP_1176,DVKD_015,VUNG_2,2427.35,9654.87,16053.75,24,319.87,13
202404,EMP_1177,DVKD_015,VUNG_2,1574.91,8908.31,12502.38,13,249.5,9
202404,EMP_1178,DVKD_015,VUNG_2,2370.59,12613.52,17133.56,22,384.06,9
202404,EMP_1179,DVKD_015,VUNG_2,1412.61,9927.18,15572.44,15,314.85,10
202404,EMP_1180,DVKD_015,VUNG_2,2251.54,11271.17,17682.46,25,260.61,11
202404,EMP_1181,DVKD_015,VUNG_2,1563.65,7852.29,15417.3,16,228.31,7
202404,EMP_1182,DVKD_015,VUNG_2,2315.18,10315.81,20673.91,22,251.58,10
202404,EMP_1183,DVKD_015,VUNG_2,1760.11,8034.86,11788.28,14,266.77,8
202404,EMP_1184,DVKD_016,VUNG_2,909.54,4101.21,7421.1,10,146.07,6
202404,EMP_1185,DVKD_016,VUNG_2,844.87,4883.35,8620.25,9,199.88,4
202404,EMP_1186,DVKD_016,VUNG_2,1045.02,4674.73,8835.54,10,121.67,5
202404,EMP_1187,DVKD_016,VUNG_2,2085.5,10429.32,19936.71,21,294.42,15
202404,EMP_1188,DVKD_016,VUNG_2,930.35,5663.2,8221.96,8,139.53,5
202404,EMP_1189,DVKD_016,VUNG_2,942.56,4968.38,6592.56,8,172.86,6
202404,EMP_1190,DVKD_016,VUNG_2,1506.05,9496.45,14603.26,14,319.1,10
202404,EMP_1191,DVKD_016,VUNG_2,2151.48,10324.51,19271.19,20,339.24,13
202404,EMP_1192,DVKD_016,VUNG_2,1664.33,7105.71,14153.49,12,329.97,7
202404,EMP_1193,DVKD_016,VUNG_2,1747.15,8520.76,13999.95,12,302.14,10
202404,EMP_1194,DVKD_016,VUNG_2,1758.93,8116.09,14456.93,13,239.53,9
202404,EMP_1195,DVKD_016,VUNG_2,1576.98,9294.43,12768.46,13,211.29,7
202404,EMP_1196,DVKD_016,VUNG_2,1362.02,8844.37,14042.99,15,235.14,8
202404,EMP_1197,DVKD_016,VUNG_2,1437.48,6920.88,12002.91,16,198.88,9
202404,EMP_1198,DVKD_017,VUNG_3,935.35,4965.81,6717.74,10,179.93,5
202404,EMP_1199,DVKD_017,VUNG_3,937.11,4615.95,6944.74,10,168.73,4
202404,EMP_1200,DVKD_017,VUNG_3,843.52,5503.58,6965.15,10,106.18,4
202404,EMP_1201,DVKD_017,VUNG_3,1548.3,7369.41,14229.18,17,268.15,8
202404,EMP_1202,DVKD_017,VUNG_3,1920.09,12363.86,18633.72,22,406.71,10
202404,EMP_1203,DVKD_017,VUNG_3,1660.66,8220.76,13671.39,12,241.04,7
202404,EMP_1204,DVKD_017,VUNG_3,877.42,5824.81,7055.96,7,107.93,4
202404,EMP_1205,DVKD_017,VUNG_3,1719.24,8975.87,11103.22,18,191.91,10
202404,EMP_1206,DVKD_017,VUNG_3,989.31,5470.1,6606.76,9,190.64,5
202404,EMP_1207,DVKD_017,VUNG_3,1632.05,8798.95,15284.77,14,249.88,7
202404,EMP_1208,DVKD_017,VUNG_3,838.59,4700.87,6523.18,10,106.26,4
202404,EMP_1209,DVKD_018,VUNG_3,869.43,5343.29,7281.96,9,109.61,6
202404,EMP_1210,DVKD_018,VUNG_3,921.0,5553.69,7918.78,11,179.82,6
202404,EMP_1211,DVKD_018,VUNG_3,1059.0,5172.87,7205.59,8,139.06,5
202404,EMP_1212,DVKD_018,VUNG_3,1524.85,9758.57,14502.75,13,205.68,9
202404,EMP_1213,DVKD_018,VUNG_3,995.66,5957.8,8399.15,7,106.85,6
202404,EMP_1214,DVKD_018,VUNG_3,1552.01,8435.28,14360.71,15,298.31,6
202404,EMP_1215,DVKD_018,VUNG_3,1359.55,9228.61,11395.47,13,249.99,7
202404,EMP_1216,DVKD_018,VUNG_3,1385.73,7240.18,13193.89,13,240.76,9
202404,EMP_1217,DVKD_018,VUNG_3,874.28,5472.59,9327.03,9,197.12,4
202404,EMP_1218,DVKD_018,VUNG_3,1492.89,9318.31,10990.12,17,247.61,10
202404,EMP_1219,DVKD_018,VUNG_3,1012.65,4519.7,8590.67,8,126.61,4
202404,EMP_1220,DVKD_018,VUNG_3,1057.77,5977.68,8788.18,10,128.36,6
202404,EMP_1221,DVKD_018,VUNG_3,1584.66,7387.35,13822.96,12,261.04,10
202404,EMP_1222,DVKD_018,VUNG_3,1373.45,9974.44,15303.72,13,205.39,9
202404,EMP_1223,DVKD_019,VUNG_3,1024.71,4472.4,7941.38,9,154.04,4
202404,EMP_1224,DVKD_019,VUNG_3,863.33,4894.11,8224.85,8,165.52,6
202404,EMP_1225,DVKD_019,VUNG_3,864.38,5735.86,7865.77,11,142.76,5
202404,EMP_1226,DVKD_019,VUNG_3,1561.82,8152.63,13725.09,15,202.28,10
202404,EMP_1227,DVKD_019,VUNG_3,1566.9,9238.17,12851.51,12,333.63,8
202404,EMP_1228,DVKD_019,VUNG_3,1591.74,8569.13,11643.36,14,228.52,8
202404,EMP_1229,DVKD_019,VUNG_3,2244.15,11674.18,17359.33,23,292.95,14
202404,EMP_1230,DVKD_019,VUNG_3,1351.88,9557.3,14305.77,14,245.8,8
202404,EMP_1231,DVKD_019,VUNG_3,1527.59,9175.02,12643.38,14,347.82,7
202404,EMP_1232,DVKD_019,VUNG_3,1048.95,5985.55,6838.5,11,122.05,6
202404,EMP_1233,DVKD_019,VUNG_3,1780.69,9268.07,14407.57,14,299.1,9
202404,EMP_1234,DVKD_020,VUNG_3,909.41,4190.79,7589.76,9,130.91,5
202404,EMP_1235,DVKD_020,VUNG_3,1058.8,4773.92,8514.89,7,174.9,4
202404,EMP_1236,DVKD_020,VUNG_3,973.47,5892.99,6904.42,8,165.73,5
202404,EMP_1237,DVKD_020,VUNG_3,1422.64,7173.54,11243.07,16,242.26,9
202404,EMP_1238,DVKD_020,VUNG_3,1788.37,7057.11,15167.76,17,204.02,8
202404,EMP_1239,DVKD_020,VUNG_3,2325.86,11762.9,18703.11,24,388.59,13
202404,EMP_1240,DVKD_020,VUNG_3,2364.05,13660.96,20962.49,18,385.29,13
202404,EMP_1241,DVKD_020,VUNG_3,1029.84,4596.52,7083.43,10,178.4,4
202404,EMP_1242,DVKD_020,VUNG_3,1996.09,11722.92,15770.97,23,347.37,11
202404,EMP_1243,DVKD_020,VUNG_3,1479.75,8179.04,11646.73,13,198.51,8
202404,EMP_1244,DVKD_020,VUNG_3,1576.18,7152.76,13522.04,13,210.16,9
202404,EMP_1245,DVKD_020,VUNG_3,1714.13,7414.03,15518.15,17,252.13,10
202404,EMP_1246,DVKD_020,VUNG_3,839.48,5301.95,6709.85,8,118.09,4
202404,EMP_1247,DVKD_020,VUNG_3,1363.35,7551.3,13128.93,17,176.66,7
202404,EMP_1248,DVKD_021,VUNG_3,1067.91,5357.42,8752.92,7,127.16,6
202404,EMP_1249,DVKD_021,VUNG_3,911.43,5078.54,9250.73,8,156.02,6
202404,EMP_1250,DVKD_021,VUNG_3,973.18,4726.18,8443.76,8,138.1,4
202404,EMP_1251,DVKD_021,VUNG_3,1512.54,8075.11,13731.88,18,327.79,10
202404,EMP_1252,DVKD_021,VUNG_3,1891.94,13420.03,17820.15,24,471.63,9
202404,EMP_1253,DVKD_021,VUNG_3,1405.3,8498.01,15365.1,17,218.49,8
202404,EMP_1254,DVKD_021,VUNG_3,995.27,5750.12,7962.95,10,105.33,5
202404,EMP_1255,DVKD_021,VUNG_3,1773.87,7830.99,13842.13,17,344.68,9
202404,EMP_1256,DVKD_021,VUNG_3,1655.07,7547.39,13125.77,16,313.94,8
202404,EMP_1257,DVKD_021,VUNG_3,1772.59,9812.73,13085.39,16,297.41,7
202404,EMP_1258,DVKD_021,VUNG_3,1523.19,8742.96,14217.32,17,328.34,10
202404,EMP_1259,DVKD_021,VUNG_3,1672.5,6901.59,13190.04,13,320.66,10
202404,EMP_1260,DVKD_022,VUNG_3,1076.55,4976.26,9061.66,11,155.63,5
202404,EMP_1261,DVKD_022,VUNG_3,875.71,4407.23,9199.32,10,116.07,6
202404,EMP_1262,DVKD_022,VUNG_3,817.89,5863.69,7420.32,9,134.44,6
202404,EMP_1263,DVKD_022,VUNG_3,2309.54,13782.74,19626.44,22,471.07,13
202404,EMP_1264,DVKD_022,VUNG_3,1571.38,9345.73,12397.45,13,275.8,10
202404,EMP_1265,DVKD_022,VUNG_3,1379.1,7898.32,15168.8,16,301.88,9
202404,EMP_1266,DVKD_022,VUNG_3,1703.29,9891.99,12897.42,13,220.34,8
202404,EMP_1267,DVKD_022,VUNG_3,840.07,4733.26,8185.54,8,203.91,5
202404,EMP_1268,DVKD_022,VUNG_3,1407.34,7802.79,12624.94,16,229.39,9
202404,EMP_1269,DVKD_022,VUNG_3,1435.44,8042.07,12833.75,17,314.57,10
202404,EMP_1270,DVKD_022,VUNG_3,844.1,5354.39,8181.43,8,105.96,6
202404,EMP_1271,DVKD_022,VUNG_3,1492.17,9411.67,12224.75,13,294.0,7
202404,EMP_1272,DVKD_022,VUNG_3,1477.53,9190.59,14875.81,17,181.01,8
202404,EMP_1273,DVKD_022,VUNG_3,2206.5,12604.93,16957.6,24,385.62,12
202404,EMP_1274,DVKD_023,VUNG_3,868.24,4639.67,9263.51,7,190.07,4
202404,EMP_1275,DVKD_023,VUNG_3,1003.53,5708.29,9171.17,8,182.25,6
202404,EMP_1276,DVKD_023,VUNG_3,1019.53,5725.02,8574.9,8,190.58,6
202404,EMP_1277,DVKD_023,VUNG_3,1421.64,6869.01,12682.97,15,257.85,8
202404,EMP_1278,DVKD_023,VUNG_3,1526.11,7029.83,14288.42,14,336.54,9
202404,EMP_1279,DVKD_023,VUNG_3,2235.25,9955.99,17293.37,23,457.13,9
202404,EMP_1280,DVKD_023,VUNG_3,1770.56,7773.04,13942.24,15,252.33,8
202404,EMP_1281,DVKD_023,VUNG_3,1753.75,7471.25,14660.92,13,288.97,8
202404,EMP_1282,DVKD_023,VUNG_3,1735.26,7126.23,14570.4,17,240.9,10
202404,EMP_1283,DVKD_023,VUNG_3,1655.75,7338.31,11070.39,14,257.93,10
202404,EMP_1284,DVKD_023,VUNG_3,1963.93,11829.15,17394.62,20,281.4,13
202404,EMP_1285,DVKD_023,VUNG_3,2044.35,10052.24,17785.45,19,391.06,10
202404,EMP_1286,DVKD_023,VUNG_3,1685.34,9282.72,15557.59,16,190.68,8
202404,EMP_1287,DVKD_024,VUNG_3,1030.91,4813.63,8301.12,9,106.22,4
202404,EMP_1288,DVKD_024,VUNG_3,842.95,5311.51,9096.42,8,166.62,6
202404,EMP_1289,DVKD_024,VUNG_3,939.46,5411.95,6752.31,9,145.32,6
202404,EMP_1290,DVKD_024,VUNG_3,1666.23,7754.76,11401.13,14,299.91,10
202404,EMP_1291,DVKD_024,VUNG_3,1591.88,8097.06,14163.56,14,318.06,10
202404,EMP_1292,DVKD_024,VUNG_3,953.12,4202.75,8890.97,9,190.98,5
202404,EMP_1293,DVKD_024,VUNG_3,2364.71,10449.44,19545.67,18,456.19,13
202404,EMP_1294,DVKD_024,VUNG_3,1352.4,8231.15,12308.62,12,275.64,9
202404,EMP_1295,DVKD_024,VUNG_3,1945.33,10670.29,20180.62,18,275.56,11
202404,EMP_1296,DVKD_024,VUNG_3,1784.82,7349.13,15490.09,16,218.46,7
202404,EMP_1297,DVKD_024,VUNG_3,1775.61,9694.78,12208.3,15,199.47,8
202404,EMP_1298,DVKD_024,VUNG_3,1490.82,9714.51,15584.63,16,264.35,9
202405,EMP_1001,DVKD_001,VUNG_1,988.91,4165.89,6585.79,8,194.89,4
202405,EMP_1002,DVKD_001,VUNG_1,846.24,5139.98,8184.34,8,181.56,5
202405,EMP_1003,DVKD_001,VUNG_1,958.46,4580.49,8351.33,8,152.89,6
202405,EMP_1004,DVKD_001,VUNG_1,1654.44,9808.64,11487.57,13,285.17,7
202405,EMP_1005,DVKD_001,VUNG_1,1634.9,8865.83,14229.34,15,288.36,8
202405,EMP_1006,DVKD_001,VUNG_1,1993.35,13200.62,17245.94,23,337.84,14
202405,EMP_1007,DVKD_001,VUNG_1,1461.37,7664.4,13351.06,16,246.19,8
202405,EMP_1008,DVKD_001,VUNG_1,1390.04,9709.59,14534.74,13,314.67,7
202405,EMP_1009,DVKD_001,VUNG_1,1951.71,13908.09,16613.36,25,436.77,10
202405,EMP_1010,DVKD_001,VUNG_1,1586.91,9601.64,13626.37,17,191.72,8
202405,EMP_1011,DVKD_001,VUNG_1,1607.47,7702.39,12101.06,13,183.39,8
202405,EMP_1012,DVKD_001,VUNG_1,1688.34,7378.15,14669.21,16,313.03,9
202405,EMP_1013,DVKD_001,VUNG_1,1746.91,8088.48,13643.09,14,295.17,9
202405,EMP_1014,DVKD_001,VUNG_1,2304.26,10159.16,18934.01,19,470.02,13
202405,EMP_1015,DVKD_002,VUNG_1,909.94,5572.85,8433.26,9,153.07,5
202405,EMP_1016,DVKD_002,VUNG_1,905.58,4979.84,7306.04,11,159.66,6
202405,EMP_1017,DVKD_002,VUNG_1,1059.43,4519.23,8310.63,8,137.09,6
202405,EMP_1018,DVKD_002,VUNG_1,1038.22,5298.58,6700.88,8,114.83,5
202405,EMP_1019,DVKD_002,VUNG_1,1388.06,7714.72,15262.03,17,176.87,10
202405,EMP_1020,DVKD_002,VUNG_1,992.8,5870.29,6872.91,9,176.94,5
202405,EMP_1021,DVKD_002,VUNG_1,1589.58,7199.01,10866.72,13,320.49,6
202405,EMP_1022,DVKD_002,VUNG_1,1541.24,8509.84,12456.29,18,290.71,10
202405,EMP_1023,DVKD_002,VUNG_1,1799.63,9823.81,14083.57,12,253.51,7
202405,EMP_1024,DVKD_002,VUNG_1,1061.15,5546.32,9082.94,8,143.54,4
202405,EMP_1025,DVKD_002,VUNG_1,2112.57,9748.06,18449.81,18,482.58,11
202405,EMP_1026,DVKD_003,VUNG_1,993.35,5676.91,8930.24,10,135.46,5
202405,EMP_1027,DVKD_003,VUNG_1,881.48,4084.29,8297.79,9,201.92,6
202405,EMP_1028,DVKD_003,VUNG_1,1068.97,5069.82,9053.04,11,198.71,6
202405,EMP_1029,DVKD_003,VUNG_1,1926.22,9546.39,18213.58,19,271.26,11
202405,EMP_1030,DVKD_003,VUNG_1,1675.1,8086.62,10842.55,15,209.57,9
202405,EMP_1031,DVKD_003,VUNG_1,1754.33,8114.3,15182.92,12,309.65,7
202405,EMP_1032,DVKD_003,VUNG_1,1561.81,7997.79,12549.58,17,268.87,7
202405,EMP_1033,DVKD_003,VUNG_1,1077.13,5340.06,7745.35,8,183.44,4
202405,EMP_1034,DVKD_003,VUNG_1,1048.57,5441.7,6798.72,8,119.04,5
202405,EMP_1035,DVKD_003,VUNG_1,899.43,4140.68,8398.67,11,205.77,6
202405,EMP_1036,DVKD_004,VUNG_1,842.07,5019.01,7907.23,10,118.38,6
202405,EMP_1037,DVKD_004,VUNG_1,1020.69,4847.76,8570.86,10,191.69,4
202405,EMP_1038,DVKD_004,VUNG_1,1068.57,5602.01,6843.24,8,106.43,5
202405,EMP_1039,DVKD_004,VUNG_1,1373.42,9455.47,12862.39,16,176.41,8
202405,EMP_1040,DVKD_004,VUNG_1,1477.0,7064.37,12858.97,16,302.62,7
202405,EMP_1041,DVKD_004,VUNG_1,885.91,4300.84,7238.97,10,174.96,5
202405,EMP_1042,DVKD_004,VUNG_1,2188.55,13026.57,15812.6,23,394.72,10
202405,EMP_1043,DVKD_004,VUNG_1,1734.69,8812.51,11513.89,13,245.22,7
202405,EMP_1044,DVKD_004,VUNG_1,1436.48,7267.87,10884.77,13,326.26,8
202405,EMP_1045,DVKD_004,VUNG_1,1586.24,9040.51,15504.6,13,249.56,7
202405,EMP_1046,DVKD_004,VUNG_1,1542.18,6965.3,11328.26,14,340.02,9
202405,EMP_1047,DVKD_004,VUNG_1,1461.14,9664.34,11672.41,12,290.58,8
202405,EMP_1048,DVKD_005,VUNG_1,887.04,4617.91,8226.78,9,131.49,5
202405,EMP_1049,DVKD_005,VUNG_1,900.26,4294.13,8406.57,10,185.9,4
202405,EMP_1050,DVKD_005,VUNG_1,907.35,5635.27,8619.64,9,168.49,4
202405,EMP_1051,DVKD_005,VUNG_1,2063.85,12137.79,15706.19,18,399.24,12
202405,EMP_1052,DVKD_005,VUNG_1,1368.47,9898.66,15043.4,17,208.76,8
202405,EMP_1053,DVKD_005,VUNG_1,1394.39,9813.82,13771.25,14,257.98,9
202405,EMP_1054,DVKD_005,VUNG_1,1590.1,7291.75,11413.59,15,299.53,10
202405,EMP_1055,DVKD_005,VUNG_1,1691.71,9507.48,13489.66,14,239.05,9
202405,EMP_1056,DVKD_005,VUNG_1,1963.98,11473.84,18364.55,21,478.35,13
202405,EMP_1057,DVKD_005,VUNG_1,1425.12,7677.28,15443.94,14,342.27,7
202405,EMP_1058,DVKD_005,VUNG_1,1072.57,4445.17,8825.86,9,160.91,5
202405,EMP_1059,DVKD_006,VUNG_1,830.25,4920.47,7946.72,9,145.98,5
202405,EMP_1060,DVKD_006,VUNG_1,865.87,4086.91,8127.07,9,105.93,6
202405,EMP_1061,DVKD_006,VUNG_1,948.45,5047.33,8555.27,8,194.51,5
202405,EMP_1062,DVKD_006,VUNG_1,2059.16,10053.58,16624.81,21,316.5,13
202405,EMP_1063,DVKD_006,VUNG_1,1773.92,7688.82,11438.26,17,184.02,10
202405,EMP_1064,DVKD_006,VUNG_1,1795.29,7471.91,11357.69,16,285.72,10
202405,EMP_1065,DVKD_006,VUNG_1,1496.05,9828.57,15043.13,14,198.38,10
202405,EMP_1066,DVKD_006,VUNG_1,889.62,5971.7,8282.75,7,142.33,6
202405,EMP_1067,DVKD_006,VUNG_1,1475.86,7619.16,10875.06,16,326.9,10
202405,EMP_1068,DVKD_006,VUNG_1,1612.47,9112.33,14102.95,18,220.04,9
202405,EMP_1069,DVKD_006,VUNG_1,1621.95,7459.71,12922.49,14,210.69,9
202405,EMP_1070,DVKD_006,VUNG_1,1736.2,8065.48,12941.07,16,250.93,7
202405,EMP_1071,DVKD_006,VUNG_1,2191.77,11741.91,18207.1,24,288.15,12
202405,EMP_1072,DVKD_006,VUNG_1,1064.71,4426.38,7292.29,8,197.95,6
202405,EMP_1073,DVKD_007,VUNG_1,995.59,4440.67,6893.34,9,152.78,5
202405,EMP_1074,DVKD_007,VUNG_1,918.68,5470.67,6875.4,10,106.24,4
202405,EMP_1075,DVKD_007,VUNG_1,913.68,4291.27,6519.03,10,203.14,4
202405,EMP_1076,DVKD_007,VUNG_1,2375.17,10719.1,21427.38,22,439.14,9
202405,EMP_1077,DVKD_007,VUNG_1,1706.25,8535.58,14727.63,17,189.87,7
202405,EMP_1078,DVKD_007,VUNG_1,1691.85,9655.65,14714.23,14,258.81,7
202405,EMP_1079,DVKD_007,VUNG_1,956.75,4593.52,8045.61,7,109.68,5
202405,EMP_1080,DVKD_007,VUNG_1,1396.15,9636.66,12793.37,12,214.25,7
202405,EMP_1081,DVKD_007,VUNG_1,914.05,4758.36,7306.12,11,176.86,5
202405,EMP_1082,DVKD_007,VUNG_1,2340.36,13559.23,18425.03,25,300.01,14
202405,EMP_1083,DVKD_008,VUNG_1,886.09,4226.48,7441.13,8,202.09,4
202405,EMP_1084,DVKD_008,VUNG_1,821.7,4370.12,7714.45,8,124.04,5
202405,EMP_1085,DVKD_008,VUNG_1,1051.14,5399.35,8279.3,8,196.92,4
202405,EMP_1086,DVKD_008,VUNG_1,1574.66,7981.16,12073.92,17,314.77,10
202405,EMP_1087,DVKD_008,VUNG_1,1737.77,9929.76,14533.36,13,200.86,8
202405,EMP_1088,DVKD_008,VUNG_1,1708.58,9924.29,14710.32,13,249.8,9
202405,EMP_1089,DVKD_008,VUNG_1,849.06,4700.26,6847.3,10,142.02,5
202405,EMP_1090,DVKD_008,VUNG_1,1566.58,9913.12,13688.37,16,199.19,10
202405,EMP_1091,DVKD_008,VUNG_1,1764.72,8026.19,13436.83,15,261.21,9
202405,EMP_1092,DVKD_008,VUNG_1,1453.55,7067.58,14231.62,15,310.9,10
202405,EMP_1093,DVKD_008,VUNG_1,2028.18,9910.88,17550.69,19,453.4,11
202405,EMP_1094,DVKD_008,VUNG_1,937.96,4336.5,6797.25,10,142.89,6
202405,EMP_1095,DVKD_008,VUNG_1,2380.55,10144.28,18213.81,24,380.12,14
202405,EMP_1096,DVKD_009,VUNG_2,923.69,4484.62,7126.81,10,117.31,6
202405,EMP_1097,DVKD_009,VUNG_2,848.63,5487.52,8484.83,9,110.68,4
202405,EMP_1098,DVKD_009,VUNG_2,967.03,4995.51,8190.51,8,120.42,4
202405,EMP_1099,DVKD_009,VUNG_2,2044.38,9575.9,20704.78,20,432.53,12
202405,EMP_1100,DVKD_009,VUNG_2,1413.05,8487.84,15354.08,15,301.45,8
202405,EMP_1101,DVKD_009,VUNG_2,1640.18,6842.27,11334.08,12,287.43,9
202405,EMP_1102,DVKD_009,VUNG_2,1999.36,10238.36,17783.75,20,477.32,12
202405,EMP_1103,DVKD_009,VUNG_2,1670.13,7625.77,13545.91,14,214.78,10
202405,EMP_1104,DVKD_009,VUNG_2,1472.32,7094.2,12612.29,18,305.05,8
202405,EMP_1105,DVKD_009,VUNG_2,1375.2,8055.33,14748.02,18,280.89,7
202405,EMP_1106,DVKD_009,VUNG_2,1661.59,8327.73,13932.96,14,241.58,7
202405,EMP_1107,DVKD_009,VUNG_2,1517.17,8157.51,12095.61,13,238.47,10
202405,EMP_1108,DVKD_009,VUNG_2,2101.35,10593.09,16213.75,18,296.92,9
202405,EMP_1109,DVKD_009,VUNG_2,1759.36,7400.78,11768.28,18,217.06,7
202405,EMP_1110,DVKD_010,VUNG_2,963.93,4166.16,9321.1,9,110.05,4
202405,EMP_1111,DVKD_010,VUNG_2,893.32,5962.64,8644.84,11,157.52,5
202405,EMP_1112,DVKD_010,VUNG_2,915.47,4763.21,6853.01,10,139.79,6
202405,EMP_1113,DVKD_010,VUNG_2,2207.25,11769.75,20328.4,17,440.04,12
202405,EMP_1114,DVKD_010,VUNG_2,1740.97,6919.71,11573.87,16,188.78,9
202405,EMP_1115,DVKD_010,VUNG_2,1778.77,7541.02,11835.11,16,199.65,9
202405,EMP_1116,DVKD_010,VUNG_2,2515.85,11767.26,21788.11,22,373.21,13
202405,EMP_1117,DVKD_010,VUNG_2,930.82,4331.9,7317.62,9,203.71,4
202405,EMP_1118,DVKD_010,VUNG_2,1670.74,8985.2,11947.73,18,281.2,10
202405,EMP_1119,DVKD_010,VUNG_2,1605.11,9982.09,11267.55,12,309.11,8
202405,EMP_1120,DVKD_011,VUNG_2,1044.23,5610.98,9057.99,9,152.75,4
202405,EMP_1121,DVKD_011,VUNG_2,889.81,4210.87,8140.35,8,112.47,6
202405,EMP_1122,DVKD_011,VUNG_2,934.4,5973.4,9298.03,10,151.41,6
202405,EMP_1123,DVKD_011,VUNG_2,1772.92,9909.38,13143.64,14,225.16,8
202405,EMP_1124,DVKD_011,VUNG_2,2280.4,12569.02,18082.36,21,398.03,11
202405,EMP_1125,DVKD_011,VUNG_2,1387.57,8122.22,12960.44,17,348.47,7
202405,EMP_1126,DVKD_011,VUNG_2,2505.78,9775.62,20432.77,23,382.4,10
202405,EMP_1127,DVKD_011,VUNG_2,1397.38,8002.63,13536.64,17,214.03,10
202405,EMP_1128,DVKD_011,VUNG_2,1651.12,7916.6,13048.75,15,318.2,7
202405,EMP_1129,DVKD_011,VUNG_2,1431.12,7146.71,15405.83,14,250.8,8
202405,EMP_1130,DVKD_011,VUNG_2,1379.01,7895.76,13700.97,13,304.72,7
202405,EMP_1131,DVKD_011,VUNG_2,2176.38,11961.96,21494.15,18,297.3,12
202405,EMP_1132,DVKD_011,VUNG_2,1076.71,5566.47,6659.71,10,187.9,6
202405,EMP_1133,DVKD_011,VUNG_2,2024.46,10467.49,15274.18,23,348.62,10
202405,EMP_1134,DVKD_012,VUNG_2,857.55,4352.14,7268.85,7,196.75,5
202405,EMP_1135,DVKD_012,VUNG_2,923.32,4491.08,9052.05,8,110.64,6
202405,EMP_1136,DVKD_012,VUNG_2,925.7,5929.66,7335.09,8,203.9,5
202405,EMP_1137,DVKD_012,VUNG_2,2227.37,13031.68,21608.76,20,468.59,12
202405,EMP_1138,DVKD_012,VUNG_2,2408.5,12032.87,21126.2,18,422.07,12
202405,EMP_1139,DVKD_012,VUNG_2,849.05,5355.0,8851.69,10,191.65,6
202405,EMP_1140,DVKD_012,VUNG_2,1356.38,9668.8,15282.33,15,230.37,10
202405,EMP_1141,DVKD_012,VUNG_2,2314.59,10697.36,19973.76,25,476.11,14
202405,EMP_1142,DVKD_012,VUNG_2,2289.6,12382.35,19006.69,17,427.7,10
202405,EMP_1143,DVKD_012,VUNG_2,1663.4,9278.03,13684.53,13,211.71,7
202405,EMP_1144,DVKD_013,VUNG_2,993.5,5913.8,7546.34,9,136.7,5
202405,EMP_1145,DVKD_013,VUNG_2,1031.14,4319.51,7917.5,11,148.48,5
202405,EMP_1146,DVKD_013,VUNG_2,1033.61,4897.63,9285.32,8,202.27,5
202405,EMP_1147,DVKD_013,VUNG_2,2125.07,11996.34,16213.06,20,314.83,13
202405,EMP_1148,DVKD_013,VUNG_2,1656.13,8829.14,14170.04,18,333.53,7
202405,EMP_1149,DVKD_013,VUNG_2,1389.43,9479.15,11230.26,12,338.19,7
202405,EMP_1150,DVKD_013,VUNG_2,1687.47,8796.24,13414.72,16,263.09,10
202405,EMP_1151,DVKD_013,VUNG_2,1650.47,9525.46,11816.98,17,271.53,7
202405,EMP_1152,DVKD_013,VUNG_2,1735.35,9841.76,12482.95,17,256.19,10
202405,EMP_1153,DVKD_013,VUNG_2,1640.19,9310.83,12699.88,18,311.88,8
202405,EMP_1154,DVKD_013,VUNG_2,1470.42,8907.78,12275.5,17,334.13,9
202405,EMP_1155,DVKD_013,VUNG_2,1351.87,9708.99,10956.84,12,313.34,10
202405,EMP_1156,DVKD_013,VUNG_2,1583.53,9171.99,12323.86,13,275.13,8
202405,EMP_1157,DVKD_014,VUNG_2,960.05,4831.42,8254.85,9,110.42,6
202405,EMP_1158,DVKD_014,VUNG_2,925.86,5883.63,7604.39,10,147.33,5
202405,EMP_1159,DVKD_014,VUNG_2,852.78,4523.46,8524.87,8,117.43,5
202405,EMP_1160,DVKD_014,VUNG_2,1526.41,9238.95,15199.99,17,202.83,8
202405,EMP_1161,DVKD_014,VUNG_2,1391.96,6882.05,10855.38,17,201.78,9
202405,EMP_1162,DVKD_014,VUNG_2,1594.65,9911.68,13544.61,12,303.48,10
202405,EMP_1163,DVKD_014,VUNG_2,1635.51,9288.29,11695.46,16,213.81,7
202405,EMP_1164,DVKD_014,VUNG_2,2419.49,12773.88,20543.69,20,308.82,9
202405,EMP_1165,DVKD_014,VUNG_2,832.4,4356.04,6546.65,11,196.03,4
202405,EMP_1166,DVKD_014,VUNG_2,1767.24,7192.59,11480.81,14,206.61,7
202405,EMP_1167,DVKD_014,VUNG_2,2422.11,13608.98,16517.57,18,439.88,11
202405,EMP_1168,DVKD_014,VUNG_2,1568.93,8802.18,11809.42,15,330.7,9
202405,EMP_1169,DVKD_014,VUNG_2,1552.9,7315.53,12234.02,17,290.44,9
202405,EMP_1170,DVKD_015,VUNG_2,1040.8,4305.04,7467.29,8,209.47,5
202405,EMP_1171,DVKD_015,VUNG_2,811.35,5081.76,7212.96,8,168.64,5
202405,EMP_1172,DVKD_015,VUNG_2,949.86,5541.05,7102.96,9,199.35,4
202405,EMP_1173,DVKD_015,VUNG_2,1412.35,7067.02,14119.69,13,222.89,7
202405,EMP_1174,DVKD_015,VUNG_2,1391.39,9065.87,13929.24,15,316.58,8
202405,EMP_1175,DVKD_015,VUNG_2,1775.86,9751.51,12000.45,13,323.06,9
202405,EMP_1176,DVKD_015,VUNG_2,2495.98,9980.97,20449.99,22,285.59,10
202405,EMP_1177,DVKD_015,VUNG_2,1674.93,8187.11,12941.56,16,222.54,8
202405,EMP_1178,DVKD_015,VUNG_2,1957.76,11236.05,16462.12,20,464.98,14
202405,EMP_1179,DVKD_015,VUNG_2,1552.23,9646.24,15398.87,14,246.72,9
202405,EMP_1180,DVKD_015,VUNG_2,2442.67,13777.69,18684.95,20,273.09,13
202405,EMP_1181,DVKD_015,VUNG_2,1543.22,7394.93,11977.53,13,240.04,7
202405,EMP_1182,DVKD_015,VUNG_2,2088.11,9563.16,19745.33,23,297.37,12
202405,EMP_1183,DVKD_015,VUNG_2,1494.7,7544.48,11117.93,14,212.13,7
202405,EMP_1184,DVKD_016,VUNG_2,961.46,5455.23,9205.26,10,175.49,5
202405,EMP_1185,DVKD_016,VUNG_2,984.49,5389.69,7733.39,10,125.81,4
202405,EMP_1186,DVKD_016,VUNG_2,943.36,4169.84,7270.32,8,152.54,5
202405,EMP_1187,DVKD_016,VUNG_2,2262.44,10579.17,15262.93,17,436.91,12
202405,EMP_1188,DVKD_016,VUNG_2,811.25,4966.6,6857.45,11,108.89,5
202405,EMP_1189,DVKD_016,VUNG_2,952.43,4727.79,6526.86,9,192.13,5
202405,EMP_1190,DVKD_016,VUNG_2,1485.45,7815.01,12459.96,12,310.56,8
202405,EMP_1191,DVKD_016,VUNG_2,1919.66,10857.03,21732.26,21,402.07,14
202405,EMP_1192,DVKD_016,VUNG_2,1729.38,9800.65,11293.17,13,319.45,7
202405,EMP_1193,DVKD_016,VUNG_2,1797.09,9556.44,14276.42,13,190.4,9
202405,EMP_1194,DVKD_016,VUNG_2,1715.53,9411.67,13380.28,12,295.44,7
202405,EMP_1195,DVKD_016,VUNG_2,1747.49,6937.84,11030.42,14,221.15,9
202405,EMP_1196,DVKD_016,VUNG_2,1706.23,8014.58,14153.59,18,277.1,7
202405,EMP_1197,DVKD_016,VUNG_2,1493.7,7273.6,13603.83,17,331.71,9
202405,EMP_1198,DVKD_017,VUNG_3,990.42,5081.79,7172.71,9,156.46,5
202405,EMP_1199,DVKD_017,VUNG_3,1018.61,5006.8,6744.38,10,179.7,5
202405,EMP_1200,DVKD_017,VUNG_3,1035.6,4545.36,8343.75,10,177.97,4
202405,EMP_1201,DVKD_017,VUNG_3,1572.57,7479.92,14018.39,15,242.39,8
202405,EMP_1202,DVKD_017,VUNG_3,2104.48,13166.7,20237.97,21,321.77,14
202405,EMP_1203,DVKD_017,VUNG_3,1668.83,8896.93,14869.47,13,197.76,10
202405,EMP_1204,DVKD_017,VUNG_3,914.11,4948.67,8266.98,8,147.02,4
202405,EMP_1205,DVKD_017,VUNG_3,1540.39,8996.05,15367.17,15,192.86,8
202405,EMP_1206,DVKD_017,VUNG_3,838.94,4291.58,6527.77,9,133.01,5
202405,EMP_1207,DVKD_017,VUNG_3,1588.9,7926.26,11367.97,15,237.02,7
202405,EMP_1208,DVKD_017,VUNG_3,917.17,4907.23,7441.17,9,143.83,4
202405,EMP_1209,DVKD_018,VUNG_3,913.28,5861.8,7038.52,8,123.55,5
202405,EMP_1210,DVKD_018,VUNG_3,974.01,5075.75,6794.45,7,131.14,4
202405,EMP_1211,DVKD_018,VUNG_3,841.1,5798.51,8136.66,8,160.87,5
202405,EMP_1212,DVKD_018,VUNG_3,1747.17,9038.44,12741.89,14,213.48,10
202405,EMP_1213,DVKD_018,VUNG_3,996.75,5030.73,6972.56,8,171.87,6
202405,EMP_1214,DVKD_018,VUNG_3,1479.59,6809.94,11688.38,17,283.87,9
202405,EMP_1215,DVKD_018,VUNG_3,1733.65,9001.39,11617.12,16,204.16,8
202405,EMP_1216,DVKD_018,VUNG_3,1554.85,9879.18,13996.95,15,178.64,10
202405,EMP_1217,DVKD_018,VUNG_3,1047.94,4407.79,8669.55,7,141.98,5
202405,EMP_1218,DVKD_018,VUNG_3,1350.45,9594.3,13068.33,12,178.04,9
202405,EMP_1219,DVKD_018,VUNG_3,888.48,4518.31,7929.06,10,186.4,4
202405,EMP_1220,DVKD_018,VUNG_3,1027.05,4724.5,7893.11,8,162.3,5
202405,EMP_1221,DVKD_018,VUNG_3,1464.09,8268.0,14773.2,14,233.4,8
202405,EMP_1222,DVKD_018,VUNG_3,1648.77,9568.41,14849.75,15,222.24,8
202405,EMP_1223,DVKD_019,VUNG_3,982.75,4363.97,7661.72,8,209.38,5
202405,EMP_1224,DVKD_019,VUNG_3,818.34,5188.96,8483.92,9,126.66,4
202405,EMP_1225,DVKD_019,VUNG_3,1058.57,4805.33,6790.84,8,170.82,5
202405,EMP_1226,DVKD_019,VUNG_3,1760.58,9959.46,15005.25,13,334.31,8
202405,EMP_1227,DVKD_019,VUNG_3,1499.04,8685.27,15337.28,14,208.35,9
202405,EMP_1228,DVKD_019,VUNG_3,1665.83,9469.35,11390.21,17,274.17,10
202405,EMP_1229,DVKD_019,VUNG_3,2108.61,10013.65,15176.01,25,281.05,13
202405,EMP_1230,DVKD_019,VUNG_3,1585.43,7727.3,13479.08,13,260.19,7
202405,EMP_1231,DVKD_019,VUNG_3,1482.63,8252.35,11843.16,17,196.6,8
202405,EMP_1232,DVKD_019,VUNG_3,811.37,4756.33,8882.24,7,119.46,6
202405,EMP_1233,DVKD_019,VUNG_3,1703.37,8406.38,15400.92,15,341.89,9
202405,EMP_1234,DVKD_020,VUNG_3,848.51,5487.46,7724.31,11,135.53,4
202405,EMP_1235,DVKD_020,VUNG_3,1061.89,4557.56,8434.08,9,146.91,6
202405,EMP_1236,DVKD_020,VUNG_3,1051.12,5846.77,8199.47,8,150.76,6
202405,EMP_1237,DVKD_020,VUNG_3,1711.97,7245.36,14484.77,14,247.85,7
202405,EMP_1238,DVKD_020,VUNG_3,1487.25,7751.47,15250.17,15,207.09,10
202405,EMP_1239,DVKD_020,VUNG_3,2415.33,9950.27,18658.56,23,368.43,13
202405,EMP_1240,DVKD_020,VUNG_3,2115.26,11106.79,18255.23,25,358.01,14
202405,EMP_1241,DVKD_020,VUNG_3,817.13,5552.2,6734.68,8,200.22,6
202405,EMP_1242,DVKD_020,VUNG_3,2255.6,11191.54,19292.38,24,460.06,9
202405,EMP_1243,DVKD_020,VUNG_3,1730.3,7202.99,14016.38,15,308.52,8
202405,EMP_1244,DVKD_020,VUNG_3,1727.64,7070.91,12096.84,18,193.73,9
202405,EMP_1245,DVKD_020,VUNG_3,1719.87,8609.42,14114.85,17,196.25,9
202405,EMP_1246,DVKD_020,VUNG_3,947.92,5456.55,8500.53,9,164.02,6
202405,EMP_1247,DVKD_020,VUNG_3,1411.38,9664.17,13870.41,13,284.94,9
202405,EMP_1248,DVKD_021,VUNG_3,1062.86,5626.78,8276.15,8,112.05,4
202405,EMP_1249,DVKD_021,VUNG_3,1047.57,5078.06,7191.95,8,107.59,5
202405,EMP_1250,DVKD_021,VUNG_3,915.49,5858.01,7343.78,9,124.32,4
202405,EMP_1251,DVKD_021,VUNG_3,1731.48,7632.87,13741.25,15,290.18,7
202405,EMP_1252,DVKD_021,VUNG_3,1982.14,9617.03,16072.13,23,303.97,12
202405,EMP_1253,DVKD_021,VUNG_3,1664.83,7441.12,13106.24,14,192.5,9
202405,EMP_1254,DVKD_021,VUNG_3,909.18,4608.35,7591.16,10,153.72,6
202405,EMP_1255,DVKD_021,VUNG_3,1416.67,7706.95,11376.61,14,276.59,7
202405,EMP_1256,DVKD_021,VUNG_3,1642.69,8903.01,12933.5,17,237.08,7
202405,EMP_1257,DVKD_021,VUNG_3,1747.09,8266.72,10843.78,13,262.61,10
202405,EMP_1258,DVKD_021,VUNG_3,1444.85,9688.16,13320.27,15,205.54,7
202405,EMP_1259,DVKD_021,VUNG_3,1645.17,8602.07,13005.51,17,199.51,10
202405,EMP_1260,DVKD_022,VUNG_3,987.78,5853.08,6676.45,10,155.79,6
202405,EMP_1261,DVKD_022,VUNG_3,973.58,4426.32,8520.48,9,174.19,4
202405,EMP_1262,DVKD_022,VUNG_3,998.4,5210.6,8152.49,9,192.14,4
202405,EMP_1263,DVKD_022,VUNG_3,1908.6,12803.29,16677.05,22,367.36,13
202405,EMP_1264,DVKD_022,VUNG_3,1495.65,7540.91,14504.37,18,314.23,7
202405,EMP_1265,DVKD_022,VUNG_3,1746.34,9130.12,12643.6,18,336.42,7
202405,EMP_1266,DVKD_022,VUNG_3,1462.72,6919.74,14399.69,15,240.51,9
202405,EMP_1267,DVKD_022,VUNG_3,817.95,4414.21,6790.06,9,118.99,5
202405,EMP_1268,DVKD_022,VUNG_3,1600.41,7426.3,13157.29,16,214.46,9
202405,EMP_1269,DVKD_022,VUNG_3,1545.33,8491.29,14592.02,13,179.24,10
202405,EMP_1270,DVKD_022,VUNG_3,835.98,4143.82,6884.82,7,186.31,5
202405,EMP_1271,DVKD_022,VUNG_3,1739.02,7890.28,14075.33,18,302.45,9
202405,EMP_1272,DVKD_022,VUNG_3,1435.56,7463.92,14772.36,15,237.38,10
202405,EMP_1273,DVKD_022,VUNG_3,2427.66,13111.15,18069.26,22,459.12,12
202405,EMP_1274,DVKD_023,VUNG_3,844.34,5073.11,6770.63,9,110.41,5
202405,EMP_1275,DVKD_023,VUNG_3,816.09,5656.95,7314.9,10,145.99,5
202405,EMP_1276,DVKD_023,VUNG_3,1045.56,4383.1,7309.64,9,130.35,5
202405,EMP_1277,DVKD_023,VUNG_3,1625.06,7799.17,13769.5,15,331.07,9
202405,EMP_1278,DVKD_023,VUNG_3,1771.62,9951.79,13935.51,12,248.75,7
202405,EMP_1279,DVKD_023,VUNG_3,2449.46,9786.08,16492.45,24,325.75,13
202405,EMP_1280,DVKD_023,VUNG_3,1760.54,6999.45,13169.06,17,273.67,9
202405,EMP_1281,DVKD_023,VUNG_3,1725.75,9383.96,12460.06,12,247.84,9
202405,EMP_1282,DVKD_023,VUNG_3,1768.21,9640.06,13098.1,13,301.58,7
202405,EMP_1283,DVKD_023,VUNG_3,1573.47,7520.78,12481.24,15,311.77,10
202405,EMP_1284,DVKD_023,VUNG_3,2033.49,13691.98,15297.1,23,293.06,12
202405,EMP_1285,DVKD_023,VUNG_3,2129.01,12582.51,15241.6,21,339.85,11
202405,EMP_1286,DVKD_023,VUNG_3,1406.36,9044.28,13437.82,13,195.65,9
202405,EMP_1287,DVKD_024,VUNG_3,1053.96,4755.44,7468.2,11,130.01,4
202405,EMP_1288,DVKD_024,VUNG_3,812.71,4873.09,8647.4,10,161.3,4
202405,EMP_1289,DVKD_024,VUNG_3,1026.48,5756.65,7199.78,7,110.95,5
202405,EMP_1290,DVKD_024,VUNG_3,1477.17,7805.2,13691.6,17,349.67,7
202405,EMP_1291,DVKD_024,VUNG_3,1529.02,8904.27,13951.63,12,339.21,7
202405,EMP_1292,DVKD_024,VUNG_3,1000.42,5641.78,9065.2,10,151.57,5
202405,EMP_1293,DVKD_024,VUNG_3,2121.17,11990.3,20959.48,19,463.78,11
202405,EMP_1294,DVKD_024,VUNG_3,1593.64,7134.01,12463.85,14,341.35,8
202405,EMP_1295,DVKD_024,VUNG_3,1939.42,13605.98,20774.38,21,319.71,12
202405,EMP_1296,DVKD_024,VUNG_3,1405.24,9119.71,14582.11,12,216.14,8
202405,EMP_1297,DVKD_024,VUNG_3,1693.89,9849.74,10902.19,17,222.3,9
202405,EMP_1298,DVKD_024,VUNG_3,1485.19,9888.31,11086.66,17,242.19,6
202406,EMP_1001,DVKD_001,VUNG_1,913.3,4932.52,7126.41,9,174.29,5
202406,EMP_1002,DVKD_001,VUNG_1,988.31,4140.11,8677.43,11,200.56,6
202406,EMP_1003,DVKD_001,VUNG_1,900.78,5670.06,7236.09,10,127.74,4
202406,EMP_1004,DVKD_001,VUNG_1,1676.6,8788.9,14955.56,17,337.5,9
202406,EMP_1005,DVKD_001,VUNG_1,1713.33,8570.54,15371.87,18,225.3,10
202406,EMP_1006,DVKD_001,VUNG_1,2226.9,11418.78,19953.16,23,308.72,14
202406,EMP_1007,DVKD_001,VUNG_1,1560.3,9976.36,11943.49,17,224.12,9
202406,EMP_1008,DVKD_001,VUNG_1,1473.48,9996.18,14502.43,14,274.94,7
202406,EMP_1009,DVKD_001,VUNG_1,2062.79,10723.99,16803.45,22,434.03,9
202406,EMP_1010,DVKD_001,VUNG_1,1488.1,8914.48,14812.8,17,252.67,6
202406,EMP_1011,DVKD_001,VUNG_1,1353.99,6918.41,12521.87,16,272.41,8
202406,EMP_1012,DVKD_001,VUNG_1,1610.81,7054.55,15105.81,15,341.83,8
202406,EMP_1013,DVKD_001,VUNG_1,1466.1,9317.55,12045.8,15,214.8,7
202406,EMP_1014,DVKD_001,VUNG_1,2438.88,12458.78,16683.56,22,290.14,12
202406,EMP_1015,DVKD_002,VUNG_1,928.88,4689.28,8073.81,8,204.93,6
202406,EMP_1016,DVKD_002,VUNG_1,1073.33,4110.95,8913.4,10,161.75,4
202406,EMP_1017,DVKD_002,VUNG_1,873.37,4289.59,7939.98,8,113.13,4
202406,EMP_1018,DVKD_002,VUNG_1,964.0,5671.94,8441.33,7,149.78,5
202406,EMP_1019,DVKD_002,VUNG_1,1361.11,8742.29,12529.38,18,332.04,8
202406,EMP_1020,DVKD_002,VUNG_1,1064.47,4644.6,6569.73,9,135.54,4
202406,EMP_1021,DVKD_002,VUNG_1,1616.05,7139.94,11815.1,14,300.26,9
202406,EMP_1022,DVKD_002,VUNG_1,1702.56,9081.09,15311.71,14,276.97,9
202406,EMP_1023,DVKD_002,VUNG_1,1417.53,9240.36,13916.22,18,342.76,10
202406,EMP_1024,DVKD_002,VUNG_1,962.66,5995.8,8295.33,10,161.59,4
202406,EMP_1025,DVKD_002,VUNG_1,2443.44,13095.96,19199.73,22,372.48,11
202406,EMP_1026,DVKD_003,VUNG_1,862.66,5184.47,9103.88,8,188.9,6
202406,EMP_1027,DVKD_003,VUNG_1,872.34,4684.45,9280.5,10,151.73,6
202406,EMP_1028,DVKD_003,VUNG_1,920.68,4233.0,8094.12,7,143.04,5
202406,EMP_1029,DVKD_003,VUNG_1,2035.12,13042.64,16664.01,24,486.75,14
202406,EMP_1030,DVKD_003,VUNG_1,1460.22,9709.65,14035.7,16,280.97,10
202406,EMP_1031,DVKD_003,VUNG_1,1503.71,7177.48,12760.81,15,200.97,8
202406,EMP_1032,DVKD_003,VUNG_1,1746.65,7433.93,11663.6,15,204.18,8
202406,EMP_1033,DVKD_003,VUNG_1,1016.69,5445.85,7833.2,8,196.29,6
202406,EMP_1034,DVKD_003,VUNG_1,816.46,4400.52,6690.28,9,160.58,5
202406,EMP_1035,DVKD_003,VUNG_1,924.04,4324.71,8487.15,8,135.81,5
202406,EMP_1036,DVKD_004,VUNG_1,1032.67,4726.35,8233.22,8,180.83,4
202406,EMP_1037,DVKD_004,VUNG_1,1058.6,5903.84,9102.74,9,182.77,5
202406,EMP_1038,DVKD_004,VUNG_1,1014.57,5424.22,8592.32,10,166.9,6
202406,EMP_1039,DVKD_004,VUNG_1,1579.22,7287.22,10837.36,16,292.93,8
202406,EMP_1040,DVKD_004,VUNG_1,1494.2,7365.51,14268.16,14,310.28,7
202406,EMP_1041,DVKD_004,VUNG_1,943.19,4172.71,7970.91,9,158.36,6
202406,EMP_1042,DVKD_004,VUNG_1,2069.71,11240.62,20209.06,25,255.27,14
202406,EMP_1043,DVKD_004,VUNG_1,1747.07,9139.15,12866.58,14,328.93,8
202406,EMP_1044,DVKD_004,VUNG_1,1506.31,7329.9,12181.65,15,214.14,7
202406,EMP_1045,DVKD_004,VUNG_1,1772.64,7630.17,13709.62,13,215.54,8
202406,EMP_1046,DVKD_004,VUNG_1,1393.19,8566.92,13241.75,13,279.72,7
202406,EMP_1047,DVKD_004,VUNG_1,1750.79,8521.33,11736.64,15,318.92,8
202406,EMP_1048,DVKD_005,VUNG_1,886.1,5899.93,7708.33,9,118.25,5
202406,EMP_1049,DVKD_005,VUNG_1,1057.86,5455.2,9127.25,8,198.33,5
202406,EMP_1050,DVKD_005,VUNG_1,833.45,4342.69,7281.95,10,206.69,6
202406,EMP_1051,DVKD_005,VUNG_1,2358.89,10516.54,15619.63,18,327.16,11
202406,EMP_1052,DVKD_005,VUNG_1,1680.98,8950.66,11155.62,16,331.15,7
202406,EMP_1053,DVKD_005,VUNG_1,1395.2,9056.33,13302.22,13,272.68,10
202406,EMP_1054,DVKD_005,VUNG_1,1631.74,9837.38,13810.97,13,277.61,10
202406,EMP_1055,DVKD_005,VUNG_1,1449.09,7426.17,13056.55,15,207.74,8
202406,EMP_1056,DVKD_005,VUNG_1,1973.03,12363.78,15716.14,21,422.2,10
202406,EMP_1057,DVKD_005,VUNG_1,1545.44,8370.21,13733.84,16,181.79,9
202406,EMP_1058,DVKD_005,VUNG_1,975.61,5291.57,7155.98,8,160.7,6
202406,EMP_1059,DVKD_006,VUNG_1,1047.03,5694.13,9000.11,10,156.47,5
202406,EMP_1060,DVKD_006,VUNG_1,971.42,5123.35,7330.8,8,206.11,6
202406,EMP_1061,DVKD_006,VUNG_1,1016.26,4885.62,7767.86,8,149.61,4
202406,EMP_1062,DVKD_006,VUNG_1,2492.48,12479.55,17455.73,20,276.37,14
202406,EMP_1063,DVKD_006,VUNG_1,1728.05,9564.83,13685.08,16,180.07,7
202406,EMP_1064,DVKD_006,VUNG_1,1446.8,9523.16,12763.23,15,231.56,9
202406,EMP_1065,DVKD_006,VUNG_1,1535.05,9388.9,12840.96,14,184.56,8
202406,EMP_1066,DVKD_006,VUNG_1,869.12,5301.63,6611.41,9,128.24,6
202406,EMP_1067,DVKD_006,VUNG_1,1591.21,9294.57,11329.51,18,281.88,7
202406,EMP_1068,DVKD_006,VUNG_1,1592.9,9840.89,10901.36,14,311.58,8
202406,EMP_1069,DVKD_006,VUNG_1,1508.72,9251.24,11104.63,12,211.83,9
202406,EMP_1070,DVKD_006,VUNG_1,1793.35,9482.08,12698.53,16,225.78,7
202406,EMP_1071,DVKD_006,VUNG_1,2125.54,11372.01,18835.83,19,248.34,14
202406,EMP_1072,DVKD_006,VUNG_1,1013.88,5090.99,7924.32,10,109.44,5
202406,EMP_1073,DVKD_007,VUNG_1,816.55,5292.59,8461.64,7,183.74,6
202406,EMP_1074,DVKD_007,VUNG_1,912.02,4849.44,8836.69,10,195.51,4
202406,EMP_1075,DVKD_007,VUNG_1,946.22,5430.7,8590.0,7,182.98,5
202406,EMP_1076,DVKD_007,VUNG_1,2468.95,9948.09,19072.68,20,448.71,14
202406,EMP_1077,DVKD_007,VUNG_1,1703.15,8160.49,14368.72,14,255.31,7
202406,EMP_1078,DVKD_007,VUNG_1,1786.17,8643.84,12607.59,15,213.89,8
202406,EMP_1079,DVKD_007,VUNG_1,885.21,4626.09,8504.29,9,145.15,6
202406,EMP_1080,DVKD_007,VUNG_1,1677.4,9844.66,14460.96,16,254.15,9
202406,EMP_1081,DVKD_007,VUNG_1,816.72,5560.72,7767.61,9,116.44,5
202406,EMP_1082,DVKD_007,VUNG_1,1980.58,12342.01,15682.02,22,295.88,14
202406,EMP_1083,DVKD_008,VUNG_1,970.22,4241.07,7641.2,10,159.96,6
202406,EMP_1084,DVKD_008,VUNG_1,1015.36,4193.15,7901.04,9,182.75,6
202406,EMP_1085,DVKD_008,VUNG_1,819.86,5402.88,8204.34,10,133.16,4
202406,EMP_1086,DVKD_008,VUNG_1,1603.08,8363.93,13199.11,18,216.25,8
202406,EMP_1087,DVKD_008,VUNG_1,1567.35,8575.38,14350.49,16,336.22,8
202406,EMP_1088,DVKD_008,VUNG_1,1384.88,7207.3,10865.4,15,196.26,7
202406,EMP_1089,DVKD_008,VUNG_1,1044.83,4298.24,9030.25,9,170.75,5
202406,EMP_1090,DVKD_008,VUNG_1,1412.94,9597.49,12807.11,12,195.58,10
202406,EMP_1091,DVKD_008,VUNG_1,1673.97,9616.72,12101.32,14,330.67,9
202406,EMP_1092,DVKD_008,VUNG_1,1424.68,7728.63,14088.11,17,341.6,8
202406,EMP_1093,DVKD_008,VUNG_1,2270.85,11635.05,16535.35,20,427.96,15
202406,EMP_1094,DVKD_008,VUNG_1,1060.52,4395.34,8539.43,9,138.36,4
202406,EMP_1095,DVKD_008,VUNG_1,2186.41,13970.03,15157.65,23,293.82,9
202406,EMP_1096,DVKD_009,VUNG_2,933.82,4261.85,8279.92,9,112.01,5
202406,EMP_1097,DVKD_009,VUNG_2,1048.5,4742.32,6520.69,8,134.84,6
202406,EMP_1098,DVKD_009,VUNG_2,925.06,5480.3,7537.75,10,203.1,5
202406,EMP_1099,DVKD_009,VUNG_2,2294.21,10427.59,19102.53,18,298.03,10
202406,EMP_1100,DVKD_009,VUNG_2,1603.65,7205.45,13307.13,16,242.02,9
202406,EMP_1101,DVKD_009,VUNG_2,1734.03,8735.28,15439.96,16,282.78,10
202406,EMP_1102,DVKD_009,VUNG_2,2021.86,9531.97,16677.9,19,472.74,12
202406,EMP_1103,DVKD_009,VUNG_2,1414.5,8321.48,10801.18,12,344.72,7
202406,EMP_1104,DVKD_009,VUNG_2,1713.26,8161.3,13064.11,14,308.0,7
202406,EMP_1105,DVKD_009,VUNG_2,1526.96,9276.54,14189.97,14,321.76,8
202406,EMP_1106,DVKD_009,VUNG_2,1385.19,8737.22,11826.72,13,285.91,8
202406,EMP_1107,DVKD_009,VUNG_2,1414.3,8199.18,12919.9,16,218.84,7
202406,EMP_1108,DVKD_009,VUNG_2,2456.85,12441.37,16316.24,24,454.57,13
202406,EMP_1109,DVKD_009,VUNG_2,1505.7,8157.05,13761.48,17,336.11,7
202406,EMP_1110,DVKD_010,VUNG_2,911.04,5871.73,9346.86,8,142.9,4
202406,EMP_1111,DVKD_010,VUNG_2,968.27,4710.63,9103.8,10,157.79,4
202406,EMP_1112,DVKD_010,VUNG_2,883.72,5322.66,8328.02,9,209.55,6
202406,EMP_1113,DVKD_010,VUNG_2,2062.73,9776.38,18965.06,17,420.92,12
202406,EMP_1114,DVKD_010,VUNG_2,1623.4,8254.34,11634.1,16,288.32,9
202406,EMP_1115,DVKD_010,VUNG_2,1396.75,7982.51,13742.02,16,298.49,7
202406,EMP_1116,DVKD_010,VUNG_2,2426.09,9891.05,20724.91,18,353.63,13
202406,EMP_1117,DVKD_010,VUNG_2,894.84,5727.15,7279.14,10,173.79,6
202406,EMP_1118,DVKD_010,VUNG_2,1499.7,8950.37,15118.4,17,204.61,10
202406,EMP_1119,DVKD_010,VUNG_2,1674.96,7972.02,10868.02,16,247.87,9
202406,EMP_1120,DVKD_011,VUNG_2,826.6,4450.44,8672.52,8,133.0,4
202406,EMP_1121,DVKD_011,VUNG_2,822.02,5248.38,8463.5,9,171.71,6
202406,EMP_1122,DVKD_011,VUNG_2,1064.09,4677.44,8094.41,8,153.96,6
202406,EMP_1123,DVKD_011,VUNG_2,1388.74,9776.87,11223.18,18,206.94,7
202406,EMP_1124,DVKD_011,VUNG_2,2090.03,12327.28,15255.12,18,247.56,13
202406,EMP_1125,DVKD_011,VUNG_2,1557.16,9607.03,15327.54,14,294.16,10
202406,EMP_1126,DVKD_011,VUNG_2,2434.69,12868.39,20080.1,19,337.93,11
202406,EMP_1127,DVKD_011,VUNG_2,1475.53,8608.13,12787.12,17,222.74,7
202406,EMP_1128,DVKD_011,VUNG_2,1790.68,7629.93,12910.07,13,237.15,8
202406,EMP_1129,DVKD_011,VUNG_2,1697.57,8473.74,14781.6,16,204.83,10
202406,EMP_1130,DVKD_011,VUNG_2,1613.35,7298.25,13529.81,18,250.92,9
202406,EMP_1131,DVKD_011,VUNG_2,2319.67,10813.33,17419.46,25,380.14,13
202406,EMP_1132,DVKD_011,VUNG_2,882.62,5065.48,7086.88,8,132.39,6
202406,EMP_1133,DVKD_011,VUNG_2,2215.73,12347.39,18313.41,21,324.13,12
202406,EMP_1134,DVKD_012,VUNG_2,987.74,5810.45,7408.43,8,142.68,6
202406,EMP_1135,DVKD_012,VUNG_2,852.86,4992.95,7449.61,10,124.65,5
202406,EMP_1136,DVKD_012,VUNG_2,853.94,5129.81,8645.89,9,169.74,5
202406,EMP_1137,DVKD_012,VUNG_2,2327.53,12794.68,18302.4,19,422.23,12
202406,EMP_1138,DVKD_012,VUNG_2,2194.01,11317.17,15389.67,25,302.4,14
202406,EMP_1139,DVKD_012,VUNG_2,1060.26,4287.08,7706.58,8,165.64,5
202406,EMP_1140,DVKD_012,VUNG_2,1423.81,7332.43,12242.8,16,297.09,8
202406,EMP_1141,DVKD_012,VUNG_2,2489.44,12064.59,16057.77,22,438.2,9
202406,EMP_1142,DVKD_012,VUNG_2,1946.95,13072.03,16070.62,20,342.02,12
202406,EMP_1143,DVKD_012,VUNG_2,1646.37,7441.3,11625.93,14,207.3,10
202406,EMP_1144,DVKD_013,VUNG_2,927.87,5470.34,6923.92,9,186.44,4
202406,EMP_1145,DVKD_013,VUNG_2,853.02,4271.83,8063.51,9,127.31,5
202406,EMP_1146,DVKD_013,VUNG_2,911.6,4969.89,7179.1,11,145.7,5
202406,EMP_1147,DVKD_013,VUNG_2,2479.22,11311.48,17318.19,19,410.31,14
202406,EMP_1148,DVKD_013,VUNG_2,1618.62,8509.17,12464.96,16,344.79,7
202406,EMP_1149,DVKD_013,VUNG_2,1748.51,7370.11,11928.76,14,262.75,6
202406,EMP_1150,DVKD_013,VUNG_2,1619.63,8074.18,11170.89,13,262.49,7
202406,EMP_1151,DVKD_013,VUNG_2,1485.87,7097.12,12643.52,13,201.38,8
202406,EMP_1152,DVKD_013,VUNG_2,1653.87,8338.09,12052.89,18,206.42,8
202406,EMP_1153,DVKD_013,VUNG_2,1582.81,7140.58,14669.9,14,303.22,9
202406,EMP_1154,DVKD_013,VUNG_2,1532.01,9382.13,11572.24,13,263.72,9
202406,EMP_1155,DVKD_013,VUNG_2,1355.21,8892.22,14016.94,15,184.54,8
202406,EMP_1156,DVKD_013,VUNG_2,1683.93,7171.07,14674.2,17,262.86,10
202406,EMP_1157,DVKD_014,VUNG_2,1002.25,5700.8,9278.7,8,123.78,5
202406,EMP_1158,DVKD_014,VUNG_2,1015.09,5751.0,6710.43,7,204.56,6
202406,EMP_1159,DVKD_014,VUNG_2,879.62,5068.6,8249.82,10,150.66,5
202406,EMP_1160,DVKD_014,VUNG_2,1367.93,9577.27,13009.2,12,279.88,8
202406,EMP_1161,DVKD_014,VUNG_2,1541.57,8959.99,14480.8,12,221.77,8
202406,EMP_1162,DVKD_014,VUNG_2,1537.68,8229.66,12228.88,12,194.54,9
202406,EMP_1163,DVKD_014,VUNG_2,1589.07,8067.89,11641.12,15,197.06,7
202406,EMP_1164,DVKD_014,VUNG_2,2200.87,13519.37,17441.0,21,396.22,14
202406,EMP_1165,DVKD_014,VUNG_2,1053.97,5869.95,8843.0,9,109.27,5
202406,EMP_1166,DVKD_014,VUNG_2,1367.23,8749.93,14274.29,17,192.7,8
202406,EMP_1167,DVKD_014,VUNG_2,2347.0,11033.22,19398.9,19,343.18,10
202406,EMP_1168,DVKD_014,VUNG_2,1686.05,9109.1,14364.89,12,334.66,10
202406,EMP_1169,DVKD_014,VUNG_2,1707.14,8626.86,15575.61,16,269.35,10
202406,EMP_1170,DVKD_015,VUNG_2,997.45,4173.76,8131.21,8,203.23,4
202406,EMP_1171,DVKD_015,VUNG_2,995.99,4436.57,7924.5,7,146.86,4
202406,EMP_1172,DVKD_015,VUNG_2,886.93,4089.7,7076.55,10,174.01,4
202406,EMP_1173,DVKD_015,VUNG_2,1558.1,9328.83,13847.31,13,214.34,9
202406,EMP_1174,DVKD_015,VUNG_2,1449.48,8756.44,14295.19,16,255.61,8
202406,EMP_1175,DVKD_015,VUNG_2,1617.85,8532.67,13082.89,15,235.02,8
202406,EMP_1176,DVKD_015,VUNG_2,2408.26,10199.97,20861.27,21,375.4,10
202406,EMP_1177,DVKD_015,VUNG_2,1525.53,8089.4,13971.35,15,188.76,8
202406,EMP_1178,DVKD_015,VUNG_2,2510.52,9892.25,20146.63,21,319.49,13
202406,EMP_1179,DVKD_015,VUNG_2,1553.17,8295.62,11548.32,16,284.25,9
202406,EMP_1180,DVKD_015,VUNG_2,2151.7,12946.93,20169.33,19,427.29,15
202406,EMP_1181,DVKD_015,VUNG_2,1518.88,8520.3,12616.46,18,196.61,8
202406,EMP_1182,DVKD_015,VUNG_2,2023.12,10015.63,17064.43,24,432.88,14
202406,EMP_1183,DVKD_015,VUNG_2,1790.5,8560.23,12489.72,13,332.58,8
202406,EMP_1184,DVKD_016,VUNG_2,1018.03,5290.13,8393.0,10,171.48,5
202406,EMP_1185,DVKD_016,VUNG_2,945.62,5102.42,7128.29,9,184.47,5
202406,EMP_1186,DVKD_016,VUNG_2,1059.63,4381.38,8995.22,9,105.35,6
202406,EMP_1187,DVKD_016,VUNG_2,2370.65,12459.73,19712.12,18,387.14,11
202406,EMP_1188,DVKD_016,VUNG_2,922.93,4442.64,6563.64,8,169.02,5
202406,EMP_1189,DVKD_016,VUNG_2,831.74,5175.52,7657.27,7,169.03,4
202406,EMP_1190,DVKD_016,VUNG_2,1631.47,8989.96,15368.86,12,280.23,10
202406,EMP_1191,DVKD_016,VUNG_2,2135.28,11810.78,16417.17,24,357.15,13
202406,EMP_1192,DVKD_016,VUNG_2,1457.69,8310.94,14221.4,13,198.21,7
202406,EMP_1193,DVKD_016,VUNG_2,1363.9,8648.33,13004.13,16,252.64,7
202406,EMP_1194,DVKD_016,VUNG_2,1429.6,8276.5,13878.62,17,321.63,10
202406,EMP_1195,DVKD_016,VUNG_2,1759.0,7583.56,14265.82,12,306.01,9
202406,EMP_1196,DVKD_016,VUNG_2,1532.86,8463.26,13057.0,14,312.03,10
202406,EMP_1197,DVKD_016,VUNG_2,1747.51,8519.49,14235.82,16,348.11,9
202406,EMP_1198,DVKD_017,VUNG_3,928.4,5669.29,6652.18,10,191.97,6
202406,EMP_1199,DVKD_017,VUNG_3,820.77,4846.9,9150.88,9,151.2,6
202406,EMP_1200,DVKD_017,VUNG_3,837.98,5706.38,8662.87,9,188.12,6
202406,EMP_1201,DVKD_017,VUNG_3,1514.91,8900.92,11481.36,13,259.45,7
202406,EMP_1202,DVKD_017,VUNG_3,2097.92,12627.85,18199.39,23,429.36,13
202406,EMP_1203,DVKD_017,VUNG_3,1504.1,9005.42,12387.17,15,220.14,8
202406,EMP_1204,DVKD_017,VUNG_3,819.65,4348.84,7982.72,7,197.42,5
202406,EMP_1205,DVKD_017,VUNG_3,1671.21,7781.32,14236.02,15,228.33,9
202406,EMP_1206,DVKD_017,VUNG_3,991.79,4376.53,8798.97,8,168.78,6
202406,EMP_1207,DVKD_017,VUNG_3,1465.79,7529.34,14884.41,15,200.96,6
202406,EMP_1208,DVKD_017,VUNG_3,908.32,5056.5,8986.27,9,155.08,6
202406,EMP_1209,DVKD_018,VUNG_3,1072.55,5316.19,8170.95,9,159.95,5
202406,EMP_1210,DVKD_018,VUNG_3,1060.04,5324.88,8987.85,9,155.82,5
202406,EMP_1211,DVKD_018,VUNG_3,990.56,4204.32,7127.5,8,120.76,5
202406,EMP_1212,DVKD_018,VUNG_3,1677.94,7182.69,11745.32,15,274.65,9
202406,EMP_1213,DVKD_018,VUNG_3,813.29,5512.81,8838.42,10,199.3,6
202406,EMP_1214,DVKD_018,VUNG_3,1513.6,6905.09,13806.73,18,263.8,7
202406,EMP_1215,DVKD_018,VUNG_3,1782.75,9509.14,13381.1,12,314.64,8
202406,EMP_1216,DVKD_018,VUNG_3,1585.33,7583.02,14626.9,13,338.86,10
202406,EMP_1217,DVKD_018,VUNG_3,871.65,5457.37,6991.0,11,132.91,5
202406,EMP_1218,DVKD_018,VUNG_3,1684.4,9146.68,15203.84,17,198.2,8
202406,EMP_1219,DVKD_018,VUNG_3,866.09,4548.37,8673.64,9,115.32,6
202406,EMP_1220,DVKD_018,VUNG_3,823.79,5596.83,6690.4,9,151.4,5
202406,EMP_1221,DVKD_018,VUNG_3,1394.94,8686.0,13671.81,14,176.68,8
202406,EMP_1222,DVKD_018,VUNG_3,1757.24,9103.94,12924.68,16,278.06,9
202406,EMP_1223,DVKD_019,VUNG_3,1014.0,5985.1,7205.03,9,133.43,5
202406,EMP_1224,DVKD_019,VUNG_3,898.73,5007.9,7297.22,10,132.74,5
202406,EMP_1225,DVKD_019,VUNG_3,902.11,5381.46,7928.82,9,116.7,6
202406,EMP_1226,DVKD_019,VUNG_3,1431.98,6820.86,15088.16,15,261.76,7
202406,EMP_1227,DVKD_019,VUNG_3,1692.2,8953.52,11253.93,17,234.93,9
202406,EMP_1228,DVKD_019,VUNG_3,1720.15,7419.51,11321.82,13,228.76,8
202406,EMP_1229,DVKD_019,VUNG_3,2372.84,11634.0,19721.5,25,296.52,13
202406,EMP_1230,DVKD_019,VUNG_3,1495.69,7414.09,12701.95,13,202.64,9
202406,EMP_1231,DVKD_019,VUNG_3,1496.56,8452.69,13074.12,16,247.96,9
202406,EMP_1232,DVKD_019,VUNG_3,871.76,4584.68,9170.87,10,143.93,5
202406,EMP_1233,DVKD_019,VUNG_3,1677.02,9453.54,12313.66,14,273.58,9
202406,EMP_1234,DVKD_020,VUNG_3,811.53,5884.78,6639.29,9,172.81,4
202406,EMP_1235,DVKD_020,VUNG_3,933.36,4606.48,8837.38,8,174.52,4
202406,EMP_1236,DVKD_020,VUNG_3,1034.79,4125.46,7711.2,9,163.6,6
202406,EMP_1237,DVKD_020,VUNG_3,1708.86,8776.18,12912.5,14,188.02,7
202406,EMP_1238,DVKD_020,VUNG_3,1675.28,9812.78,13646.11,18,340.67,10
202406,EMP_1239,DVKD_020,VUNG_3,2135.74,13819.6,19867.6,19,486.8,12
202406,EMP_1240,DVKD_020,VUNG_3,1927.37,9771.39,17422.89,21,352.34,11
202406,EMP_1241,DVKD_020,VUNG_3,937.4,5771.23,6693.09,11,181.91,6
202406,EMP_1242,DVKD_020,VUNG_3,2440.59,12162.34,18977.87,22,352.37,11
202406,EMP_1243,DVKD_020,VUNG_3,1595.96,8914.21,13472.04,17,295.67,7
202406,EMP_1244,DVKD_020,VUNG_3,1696.46,9586.32,14156.41,16,342.51,8
202406,EMP_1245,DVKD_020,VUNG_3,1697.72,9191.27,11831.1,14,214.84,8
202406,EMP_1246,DVKD_020,VUNG_3,863.73,5945.16,7225.99,9,202.93,4
202406,EMP_1247,DVKD_020,VUNG_3,1639.01,8167.46,14669.11,17,320.54,7
202406,EMP_1248,DVKD_021,VUNG_3,1077.2,4797.07,8109.26,11,205.78,6
202406,EMP_1249,DVKD_021,VUNG_3,898.31,5114.51,7294.02,8,112.05,4
202406,EMP_1250,DVKD_021,VUNG_3,834.88,5151.92,6803.52,8,158.92,6
202406,EMP_1251,DVKD_021,VUNG_3,1608.27,8299.03,13920.84,13,187.79,9
202406,EMP_1252,DVKD_021,VUNG_3,2405.19,11606.4,21096.47,25,282.29,11
202406,EMP_1253,DVKD_021,VUNG_3,1431.75,8640.72,12979.43,17,304.41,10
202406,EMP_1254,DVKD_021,VUNG_3,1050.14,4850.81,7326.18,9,145.94,4
202406,EMP_1255,DVKD_021,VUNG_3,1495.07,7281.58,14906.76,16,309.36,9
202406,EMP_1256,DVKD_021,VUNG_3,1644.13,7441.06,14743.32,18,331.32,9
202406,EMP_1257,DVKD_021,VUNG_3,1609.59,7404.31,11511.76,14,192.66,9
202406,EMP_1258,DVKD_021,VUNG_3,1775.02,6926.25,11411.15,14,187.12,10
202406,EMP_1259,DVKD_021,VUNG_3,1767.81,8906.13,11768.17,13,348.43,7
202406,EMP_1260,DVKD_022,VUNG_3,1058.37,5562.9,6558.61,10,204.16,4
202406,EMP_1261,DVKD_022,VUNG_3,1065.96,4128.81,8978.49,10,126.9,4
202406,EMP_1262,DVKD_022,VUNG_3,928.41,4461.38,8700.43,9,118.09,6
202406,EMP_1263,DVKD_022,VUNG_3,2209.22,12110.8,18590.85,18,296.36,14
202406,EMP_1264,DVKD_022,VUNG_3,1683.29,7946.85,15577.72,14,211.81,7
202406,EMP_1265,DVKD_022,VUNG_3,1578.11,8329.53,13241.93,18,177.83,8
202406,EMP_1266,DVKD_022,VUNG_3,1539.01,9877.02,11280.32,14,229.25,7
202406,EMP_1267,DVKD_022,VUNG_3,1065.4,5331.84,7140.55,10,173.3,6
202406,EMP_1268,DVKD_022,VUNG_3,1744.17,6850.72,15428.33,16,332.03,7
202406,EMP_1269,DVKD_022,VUNG_3,1731.34,7367.55,10844.51,15,199.54,8
202406,EMP_1270,DVKD_022,VUNG_3,820.53,5224.71,7084.3,10,135.77,5
202406,EMP_1271,DVKD_022,VUNG_3,1720.46,8141.57,11638.26,15,201.49,10
202406,EMP_1272,DVKD_022,VUNG_3,1650.9,7968.22,15239.78,17,180.25,7
202406,EMP_1273,DVKD_022,VUNG_3,2144.3,11191.86,20774.38,22,251.98,9
202406,EMP_1274,DVKD_023,VUNG_3,817.69,4983.36,8596.66,8,147.8,5
202406,EMP_1275,DVKD_023,VUNG_3,1015.88,5467.24,6968.85,8,141.61,4
202406,EMP_1276,DVKD_023,VUNG_3,923.37,4207.35,9269.94,9,148.58,6
202406,EMP_1277,DVKD_023,VUNG_3,1548.19,9542.13,14685.24,12,258.34,10
202406,EMP_1278,DVKD_023,VUNG_3,1465.59,7833.2,13391.93,18,291.98,7
202406,EMP_1279,DVKD_023,VUNG_3,2200.47,13243.28,18958.73,18,371.11,13
202406,EMP_1280,DVKD_023,VUNG_3,1414.17,8909.47,14367.29,16,224.4,9
202406,EMP_1281,DVKD_023,VUNG_3,1462.4,7602.15,14304.15,14,299.33,8
202406,EMP_1282,DVKD_023,VUNG_3,1615.85,8454.09,15540.69,14,332.42,8
202406,EMP_1283,DVKD_023,VUNG_3,1518.65,7264.71,14334.77,17,305.89,10
202406,EMP_1284,DVKD_023,VUNG_3,2288.08,13077.99,21702.45,17,400.48,14
202406,EMP_1285,DVKD_023,VUNG_3,2039.83,11297.5,15198.71,21,455.13,10
202406,EMP_1286,DVKD_023,VUNG_3,1741.29,9906.5,12747.15,18,254.31,7
202406,EMP_1287,DVKD_024,VUNG_3,928.76,5510.32,8367.73,9,140.42,6
202406,EMP_1288,DVKD_024,VUNG_3,860.31,4734.69,8991.28,10,152.91,4
202406,EMP_1289,DVKD_024,VUNG_3,1041.18,5545.48,7237.05,10,149.78,4
202406,EMP_1290,DVKD_024,VUNG_3,1594.49,7102.67,15480.42,17,196.05,9
202406,EMP_1291,DVKD_024,VUNG_3,1406.83,7912.4,12972.31,15,339.42,10
202406,EMP_1292,DVKD_024,VUNG_3,1072.35,4430.62,8841.68,10,158.64,4
202406,EMP_1293,DVKD_024,VUNG_3,2318.76,12996.08,16455.11,23,373.77,13
202406,EMP_1294,DVKD_024,VUNG_3,1603.3,8497.8,11025.58,15,269.41,9
202406,EMP_1295,DVKD_024,VUNG_3,2518.22,10267.06,16186.8,23,400.55,14
202406,EMP_1296,DVKD_024,VUNG_3,1451.82,9778.08,14237.21,15,342.15,8
202406,EMP_1297,DVKD_024,VUNG_3,1440.99,6956.52,15451.9,14,243.21,8
202406,EMP_1298,DVKD_024,VUNG_3,1539.57,8324.95,12345.22,16,227.5,7
202407,EMP_1001,DVKD_001,VUNG_1,1001.25,5362.79,7081.21,10,167.37,4
202407,EMP_1002,DVKD_001,VUNG_1,1013.9,4349.38,7865.08,8,207.07,6
202407,EMP_1003,DVKD_001,VUNG_1,1074.15,4831.18,6939.2,9,167.1,4
202407,EMP_1004,DVKD_001,VUNG_1,1507.68,7524.18,15355.44,13,245.25,9
202407,EMP_1005,DVKD_001,VUNG_1,1613.67,8951.42,11787.99,13,223.21,8
202407,EMP_1006,DVKD_001,VUNG_1,2291.16,11852.38,18642.9,23,391.62,10
202407,EMP_1007,DVKD_001,VUNG_1,1547.22,9431.17,13398.05,16,201.89,10
202407,EMP_1008,DVKD_001,VUNG_1,1689.41,9104.02,15001.13,18,182.17,10
202407,EMP_1009,DVKD_001,VUNG_1,2050.93,12328.5,17982.12,18,418.89,14
202407,EMP_1010,DVKD_001,VUNG_1,1569.29,7731.54,13309.63,13,303.06,10
202407,EMP_1011,DVKD_001,VUNG_1,1739.29,7572.14,14879.83,15,297.78,8
202407,EMP_1012,DVKD_001,VUNG_1,1375.49,7136.61,14495.74,17,303.18,10
202407,EMP_1013,DVKD_001,VUNG_1,1638.12,7852.25,14001.5,14,237.42,6
202407,EMP_1014,DVKD_001,VUNG_1,2339.25,11695.26,19056.47,19,351.27,10
202407,EMP_1015,DVKD_002,VUNG_1,1079.27,5666.42,7885.04,9,164.39,5
202407,EMP_1016,DVKD_002,VUNG_1,1045.01,5361.71,6601.25,8,193.01,5
202407,EMP_1017,DVKD_002,VUNG_1,836.62,4262.23,9264.18,8,165.91,6
202407,EMP_1018,DVKD_002,VUNG_1,973.03,5645.34,8548.67,7,172.94,5
202407,EMP_1019,DVKD_002,VUNG_1,1557.33,9562.92,10978.93,14,315.91,9
202407,EMP_1020,DVKD_002,VUNG_1,926.59,5823.52,7102.19,8,171.2,5
202407,EMP_1021,DVKD_002,VUNG_1,1481.52,8118.86,10936.2,15,330.92,8
202407,EMP_1022,DVKD_002,VUNG_1,1657.36,7927.61,15434.83,14,312.15,8
202407,EMP_1023,DVKD_002,VUNG_1,1664.6,8831.38,14489.33,13,272.73,10
202407,EMP_1024,DVKD_002,VUNG_1,985.04,5502.15,8649.56,10,123.07,5
202407,EMP_1025,DVKD_002,VUNG_1,1945.99,11096.09,18736.94,24,481.65,11
202407,EMP_1026,DVKD_003,VUNG_1,892.58,5835.21,6740.45,9,170.29,5
202407,EMP_1027,DVKD_003,VUNG_1,1014.27,4468.13,8945.21,9,140.39,5
202407,EMP_1028,DVKD_003,VUNG_1,907.6,4385.7,6965.4,7,124.93,5
202407,EMP_1029,DVKD_003,VUNG_1,2208.86,12397.54,17110.49,22,288.59,12
202407,EMP_1030,DVKD_003,VUNG_1,1384.17,7098.76,14215.99,17,291.06,10
202407,EMP_1031,DVKD_003,VUNG_1,1415.59,7888.52,12498.24,13,242.42,10
202407,EMP_1032,DVKD_003,VUNG_1,1681.33,9604.69,14632.74,16,344.88,8
202407,EMP_1033,DVKD_003,VUNG_1,870.7,5666.18,7188.2,8,209.23,4
202407,EMP_1034,DVKD_003,VUNG_1,870.61,5414.55,7110.65,10,151.24,6
202407,EMP_1035,DVKD_003,VUNG_1,849.25,4649.84,9258.02,10,155.74,5
202407,EMP_1036,DVKD_004,VUNG_1,960.21,5996.88,7033.65,8,159.45,5
202407,EMP_1037,DVKD_004,VUNG_1,965.37,5812.5,7594.86,8,188.66,5
202407,EMP_1038,DVKD_004,VUNG_1,1026.47,4908.12,7529.8,11,129.64,5
202407,EMP_1039,DVKD_004,VUNG_1,1384.67,9018.24,12343.98,17,297.93,10
202407,EMP_1040,DVKD_004,VUNG_1,1610.53,7109.19,15203.9,18,298.96,9
202407,EMP_1041,DVKD_004,VUNG_1,838.3,5666.48,7136.13,8,178.73,6
202407,EMP_1042,DVKD_004,VUNG_1,2407.28,10523.36,16928.58,24,357.76,11
202407,EMP_1043,DVKD_004,VUNG_1,1615.98,7006.9,15579.79,12,253.48,9
202407,EMP_1044,DVKD_004,VUNG_1,1753.13,8325.2,14190.28,12,237.02,10
202407,EMP_1045,DVKD_004,VUNG_1,1474.24,7606.44,15103.34,12,279.6,8
202407,EMP_1046,DVKD_004,VUNG_1,1693.96,7226.74,12701.98,16,229.22,9
202407,EMP_1047,DVKD_004,VUNG_1,1487.1,7544.21,14632.4,15,246.25,9
202407,EMP_1048,DVKD_005,VUNG_1,1074.65,5206.8,8964.67,11,110.56,6
202407,EMP_1049,DVKD_005,VUNG_1,968.61,5567.27,6684.52,7,148.44,4
202407,EMP_1050,DVKD_005,VUNG_1,862.55,5961.18,8708.35,11,192.75,4
202407,EMP_1051,DVKD_005,VUNG_1,2475.16,12784.43,17349.63,18,343.87,13
202407,EMP_1052,DVKD_005,VUNG_1,1658.41,9375.72,12630.2,15,323.27,7
202407,EMP_1053,DVKD_005,VUNG_1,1490.04,7367.72,12865.73,14,190.88,7
202407,EMP_1054,DVKD_005,VUNG_1,1440.27,7923.84,13906.68,12,254.05,7
202407,EMP_1055,DVKD_005,VUNG_1,1466.0,9613.76,11092.32,15,294.47,7
202407,EMP_1056,DVKD_005,VUNG_1,1891.09,13933.38,15204.53,20,320.03,13
202407,EMP_1057,DVKD_005,VUNG_1,1605.64,7999.48,11133.07,13,286.38,8
202407,EMP_1058,DVKD_005,VUNG_1,954.51,5953.49,6759.26,10,121.24,5
202407,EMP_1059,DVKD_006,VUNG_1,857.77,4926.14,8916.4,10,158.27,6
202407,EMP_1060,DVKD_006,VUNG_1,930.18,5274.4,9173.64,10,188.33,4
202407,EMP_1061,DVKD_006,VUNG_1,1062.25,5875.26,6790.39,10,166.96,4
202407,EMP_1062,DVKD_006,VUNG_1,1952.82,10385.36,16163.3,22,327.66,12
202407,EMP_1063,DVKD_006,VUNG_1,1646.32,9461.66,14563.5,18,292.02,7
202407,EMP_1064,DVKD_006,VUNG_1,1460.8,7252.42,15409.86,15,313.96,7
202407,EMP_1065,DVKD_006,VUNG_1,1376.38,9943.51,13106.03,17,290.44,9
202407,EMP_1066,DVKD_006,VUNG_1,969.61,5707.73,6741.95,10,200.75,5
202407,EMP_1067,DVKD_006,VUNG_1,1665.99,8469.35,14433.23,16,224.45,7
202407,EMP_1068,DVKD_006,VUNG_1,1693.59,7737.47,13806.43,14,240.99,8
202407,EMP_1069,DVKD_006,VUNG_1,1571.06,7828.85,13123.7,14,262.08,10
202407,EMP_1070,DVKD_006,VUNG_1,1479.24,8988.97,11064.55,17,207.91,7
202407,EMP_1071,DVKD_006,VUNG_1,2452.02,12870.37,18958.97,18,321.85,9
202407,EMP_1072,DVKD_006,VUNG_1,817.55,5936.19,7588.52,8,161.47,6
202407,EMP_1073,DVKD_007,VUNG_1,994.72,4912.9,7944.12,10,158.42,5
202407,EMP_1074,DVKD_007,VUNG_1,822.07,4491.83,7796.83,8,128.26,5
202407,EMP_1075,DVKD_007,VUNG_1,1002.79,5030.93,8124.9,9,109.75,5
202407,EMP_1076,DVKD_007,VUNG_1,2457.2,10041.16,17071.77,24,406.6,14
202407,EMP_1077,DVKD_007,VUNG_1,1498.84,7366.58,12671.6,13,335.58,8
202407,EMP_1078,DVKD_007,VUNG_1,1420.17,8716.01,13784.47,14,336.38,9
202407,EMP_1079,DVKD_007,VUNG_1,1001.75,5812.01,7372.05,11,173.6,6
202407,EMP_1080,DVKD_007,VUNG_1,1534.14,6832.73,14753.06,14,322.46,7
202407,EMP_1081,DVKD_007,VUNG_1,1020.39,4566.58,6510.04,10,109.39,6
202407,EMP_1082,DVKD_007,VUNG_1,1971.2,12608.96,15593.92,18,283.94,13
202407,EMP_1083,DVKD_008,VUNG_1,827.96,5110.92,6962.02,10,205.31,6
202407,EMP_1084,DVKD_008,VUNG_1,997.66,4626.83,7304.94,10,132.46,6
202407,EMP_1085,DVKD_008,VUNG_1,916.62,5780.35,7062.12,8,193.88,4
202407,EMP_1086,DVKD_008,VUNG_1,1583.2,6914.22,13098.33,13,181.66,8
202407,EMP_1087,DVKD_008,VUNG_1,1387.62,9019.57,11123.52,15,239.91,9
202407,EMP_1088,DVKD_008,VUNG_1,1548.91,9261.21,13981.81,15,345.54,9
202407,EMP_1089,DVKD_008,VUNG_1,1005.73,4164.02,6520.93,8,195.25,4
202407,EMP_1090,DVKD_008,VUNG_1,1428.99,8278.51,15127.5,12,241.51,10
202407,EMP_1091,DVKD_008,VUNG_1,1577.52,7520.75,13810.63,14,301.21,7
202407,EMP_1092,DVKD_008,VUNG_1,1548.24,9498.95,13687.97,14,203.19,9
202407,EMP_1093,DVKD_008,VUNG_1,2090.06,10018.92,15557.68,21,249.28,13
202407,EMP_1094,DVKD_008,VUNG_1,1005.5,4697.58,6590.68,10,176.85,4
202407,EMP_1095,DVKD_008,VUNG_1,1892.16,9781.71,17724.18,22,454.97,13
202407,EMP_1096,DVKD_009,VUNG_2,819.5,5127.52,6537.0,10,155.02,5
202407,EMP_1097,DVKD_009,VUNG_2,914.23,5396.37,7593.89,10,129.96,5
202407,EMP_1098,DVKD_009,VUNG_2,877.51,5961.85,8313.69,9,199.35,5
202407,EMP_1099,DVKD_009,VUNG_2,2444.05,10522.8,17047.72,23,480.94,11
202407,EMP_1100,DVKD_009,VUNG_2,1465.74,7313.01,14352.03,15,227.48,7
202407,EMP_1101,DVKD_009,VUNG_2,1534.67,9615.38,14888.08,18,196.88,9
202407,EMP_1102,DVKD_009,VUNG_2,2021.1,11337.95,21057.94,21,355.82,14
202407,EMP_1103,DVKD_009,VUNG_2,1558.58,7880.96,13993.79,13,267.74,7
202407,EMP_1104,DVKD_009,VUNG_2,1670.67,8618.84,15350.42,16,312.22,8
202407,EMP_1105,DVKD_009,VUNG_2,1558.52,9559.8,14601.98,14,228.71,8
202407,EMP_1106,DVKD_009,VUNG_2,1561.6,8537.05,12971.14,17,342.25,10
202407,EMP_1107,DVKD_009,VUNG_2,1535.45,7438.11,12420.88,17,290.44,10
202407,EMP_1108,DVKD_009,VUNG_2,2162.02,13745.53,15280.17,19,384.01,10
202407,EMP_1109,DVKD_009,VUNG_2,1792.63,8978.02,14492.35,16,275.64,10
202407,EMP_1110,DVKD_010,VUNG_2,850.68,4687.66,7187.61,10,185.08,5
202407,EMP_1111,DVKD_010,VUNG_2,974.8,5545.71,8008.09,9,108.71,4
202407,EMP_1112,DVKD_010,VUNG_2,827.65,4121.21,9130.09,10,139.81,4
202407,EMP_1113,DVKD_010,VUNG_2,2476.88,11118.0,20116.89,25,320.35,9
202407,EMP_1114,DVKD_010,VUNG_2,1630.45,7809.6,15141.67,15,234.26,7
202407,EMP_1115,DVKD_010,VUNG_2,1486.46,9367.47,11567.1,17,203.57,7
202407,EMP_1116,DVKD_010,VUNG_2,2463.45,11355.37,18894.38,22,416.47,11
202407,EMP_1117,DVKD_010,VUNG_2,1038.96,4558.83,6806.48,11,200.46,4
202407,EMP_1118,DVKD_010,VUNG_2,1367.72,9616.74,13069.5,15,309.25,9
202407,EMP_1119,DVKD_010,VUNG_2,1794.5,7959.63,12916.5,15,253.28,6
202407,EMP_1120,DVKD_011,VUNG_2,942.78,5369.78,7470.23,8,113.93,5
202407,EMP_1121,DVKD_011,VUNG_2,857.85,5278.14,8430.83,11,116.65,6
202407,EMP_1122,DVKD_011,VUNG_2,1069.31,4458.49,8306.56,8,188.24,6
202407,EMP_1123,DVKD_011,VUNG_2,1509.62,9947.43,13174.8,16,278.31,10
202407,EMP_1124,DVKD_011,VUNG_2,2120.09,10652.17,18570.2,25,466.55,9
202407,EMP_1125,DVKD_011,VUNG_2,1493.36,7334.02,13917.14,16,221.04,10
202407,EMP_1126,DVKD_011,VUNG_2,2102.64,10742.31,21807.05,22,406.56,11
202407,EMP_1127,DVKD_011,VUNG_2,1364.12,9590.53,15247.42,12,275.39,8
202407,EMP_1128,DVKD_011,VUNG_2,1439.84,8304.39,12664.31,16,222.3,8
202407,EMP_1129,DVKD_011,VUNG_2,1515.06,8440.27,15569.53,15,298.77,7
202407,EMP_1130,DVKD_011,VUNG_2,1505.81,7637.08,11725.94,14,189.58,8
202407,EMP_1131,DVKD_011,VUNG_2,2313.24,13128.53,21257.66,24,464.48,9
202407,EMP_1132,DVKD_011,VUNG_2,844.7,5543.16,7179.73,8,111.82,5
202407,EMP_1133,DVKD_011,VUNG_2,2039.28,9911.49,15626.77,23,425.44,11
202407,EMP_1134,DVKD_012,VUNG_2,1055.41,4215.13,8158.33,11,206.76,5
202407,EMP_1135,DVKD_012,VUNG_2,899.34,5356.68,8244.19,7,119.57,6
202407,EMP_1136,DVKD_012,VUNG_2,1060.17,4436.3,8548.57,8,150.46,5
202407,EMP_1137,DVKD_012,VUNG_2,2022.44,12732.07,17719.97,22,292.2,14
202407,EMP_1138,DVKD_012,VUNG_2,2336.19,11738.95,19866.16,21,424.23,12
202407,EMP_1139,DVKD_012,VUNG_2,1042.44,4929.63,7941.84,7,207.29,4
202407,EMP_1140,DVKD_012,VUNG_2,1745.18,8641.39,11708.86,13,308.29,7
202407,EMP_1141,DVKD_012,VUNG_2,2424.63,12908.16,16650.25,20,449.83,11
202407,EMP_1142,DVKD_012,VUNG_2,2149.74,12389.87,16586.7,19,329.47,10
202407,EMP_1143,DVKD_012,VUNG_2,1353.14,9649.78,14080.95,14,203.22,7
202407,EMP_1144,DVKD_013,VUNG_2,943.36,5813.17,6653.96,10,150.16,5
202407,EMP_1145,DVKD_013,VUNG_2,1052.63,4936.19,9294.24,10,138.43,6
202407,EMP_1146,DVKD_013,VUNG_2,1056.91,5420.31,8223.86,11,164.77,6
202407,EMP_1147,DVKD_013,VUNG_2,2091.01,11124.34,20569.69,20,318.56,12
202407,EMP_1148,DVKD_013,VUNG_2,1595.66,9183.9,11894.94,13,295.9,8
202407,EMP_1149,DVKD_013,VUNG_2,1745.99,7837.98,14622.01,18,245.57,10
202407,EMP_1150,DVKD_013,VUNG_2,1558.98,7288.59,14341.72,14,341.19,10
202407,EMP_1151,DVKD_013,VUNG_2,1704.72,8020.66,14977.2,13,239.0,8
202407,EMP_1152,DVKD_013,VUNG_2,1717.83,9697.16,11524.99,18,212.97,6
202407,EMP_1153,DVKD_013,VUNG_2,1562.53,7666.85,11749.23,15,202.71,10
202407,EMP_1154,DVKD_013,VUNG_2,1734.22,7688.54,11711.74,16,262.35,8
202407,EMP_1155,DVKD_013,VUNG_2,1733.22,8359.49,13995.79,14,193.55,10
202407,EMP_1156,DVKD_013,VUNG_2,1667.71,8745.02,11479.09,15,261.49,7
202407,EMP_1157,DVKD_014,VUNG_2,942.44,5917.16,8298.74,8,137.61,5
202407,EMP_1158,DVKD_014,VUNG_2,975.14,5230.3,8005.35,8,144.2,5
202407,EMP_1159,DVKD_014,VUNG_2,844.6,5165.43,7843.75,7,143.85,4
202407,EMP_1160,DVKD_014,VUNG_2,1775.06,9002.5,15168.7,17,285.93,10
202407,EMP_1161,DVKD_014,VUNG_2,1564.28,7697.7,12435.64,17,297.21,10
202407,EMP_1162,DVKD_014,VUNG_2,1784.46,9301.1,13546.92,17,298.92,9
202407,EMP_1163,DVKD_014,VUNG_2,1715.99,7597.12,13503.83,17,229.86,10
202407,EMP_1164,DVKD_014,VUNG_2,2132.01,10184.63,17281.52,21,358.36,14
202407,EMP_1165,DVKD_014,VUNG_2,1065.73,5477.43,6672.75,9,125.28,6
202407,EMP_1166,DVKD_014,VUNG_2,1670.36,7964.1,14533.24,15,214.08,6
202407,EMP_1167,DVKD_014,VUNG_2,2114.39,12300.52,18895.82,23,479.38,12
202407,EMP_1168,DVKD_014,VUNG_2,1491.38,9626.28,11760.28,17,207.93,10
202407,EMP_1169,DVKD_014,VUNG_2,1622.29,7745.98,11090.7,17,266.61,8
202407,EMP_1170,DVKD_015,VUNG_2,877.02,4801.94,8497.86,10,136.31,4
202407,EMP_1171,DVKD_015,VUNG_2,889.95,4135.34,8334.69,9,143.71,6
202407,EMP_1172,DVKD_015,VUNG_2,1078.1,4937.64,7580.22,8,151.63,5
202407,EMP_1173,DVKD_015,VUNG_2,1771.61,8259.02,11749.35,16,224.83,9
202407,EMP_1174,DVKD_015,VUNG_2,1495.26,6854.26,11051.63,14,258.49,7
202407,EMP_1175,DVKD_015,VUNG_2,1724.31,8000.09,10922.23,15,231.68,7
202407,EMP_1176,DVKD_015,VUNG_2,2276.24,12927.18,19445.13,20,430.34,9
202407,EMP_1177,DVKD_015,VUNG_2,1580.27,9112.89,14225.59,15,337.22,7
202407,EMP_1178,DVKD_015,VUNG_2,1954.42,10251.95,19917.1,18,333.28,11
202407,EMP_1179,DVKD_015,VUNG_2,1386.52,7899.43,11133.97,14,185.88,8
202407,EMP_1180,DVKD_015,VUNG_2,2387.53,12631.75,18803.22,18,295.78,10
202407,EMP_1181,DVKD_015,VUNG_2,1693.24,9579.73,11891.5,12,294.62,6
202407,EMP_1182,DVKD_015,VUNG_2,2295.03,12643.85,18336.82,17,430.84,14
202407,EMP_1183,DVKD_015,VUNG_2,1779.49,7240.55,12333.4,14,286.01,8
202407,EMP_1184,DVKD_016,VUNG_2,947.77,4636.11,6547.72,10,148.57,4
202407,EMP_1185,DVKD_016,VUNG_2,864.03,4149.13,7140.98,9,141.69,4
202407,EMP_1186,DVKD_016,VUNG_2,1048.04,5057.57,8867.63,9,120.99,4
202407,EMP_1187,DVKD_016,VUNG_2,2285.44,12310.11,16905.15,20,340.16,14
202407,EMP_1188,DVKD_016,VUNG_2,1013.63,4572.05,7043.82,10,146.23,5
202407,EMP_1189,DVKD_016,VUNG_2,931.95,4935.44,9267.08,10,185.85,4
202407,EMP_1190,DVKD_016,VUNG_2,1400.71,8039.85,11312.3,18,210.98,9
202407,EMP_1191,DVKD_016,VUNG_2,2353.49,10857.77,19755.12,19,390.35,11
202407,EMP_1192,DVKD_016,VUNG_2,1558.7,8873.06,11903.09,17,322.62,7
202407,EMP_1193,DVKD_016,VUNG_2,1360.72,6839.55,14782.02,17,211.11,10
202407,EMP_1194,DVKD_016,VUNG_2,1524.86,7847.55,15524.3,16,203.92,8
202407,EMP_1195,DVKD_016,VUNG_2,1602.37,7713.1,15536.55,17,218.49,9
202407,EMP_1196,DVKD_016,VUNG_2,1747.99,9528.58,13772.53,17,340.69,10
202407,EMP_1197,DVKD_016,VUNG_2,1486.55,8020.55,13526.93,13,184.37,7
202407,EMP_1198,DVKD_017,VUNG_3,861.51,4892.48,9004.16,7,148.84,4
202407,EMP_1199,DVKD_017,VUNG_3,1018.02,5805.16,7349.9,8,202.66,6
202407,EMP_1200,DVKD_017,VUNG_3,1026.15,4472.96,9127.89,10,176.59,4
202407,EMP_1201,DVKD_017,VUNG_3,1768.97,8324.82,10868.85,13,216.09,10
202407,EMP_1202,DVKD_017,VUNG_3,2255.26,12017.35,16934.85,23,362.53,13
202407,EMP_1203,DVKD_017,VUNG_3,1418.98,7008.5,14054.49,12,262.05,10
202407,EMP_1204,DVKD_017,VUNG_3,921.35,5947.98,8141.07,7,111.62,6
202407,EMP_1205,DVKD_017,VUNG_3,1476.37,7701.02,13100.02,17,179.27,7
202407,EMP_1206,DVKD_017,VUNG_3,1045.44,4530.85,7770.21,7,173.27,6
202407,EMP_1207,DVKD_017,VUNG_3,1725.93,8193.1,15370.3,15,215.52,10
202407,EMP_1208,DVKD_017,VUNG_3,822.77,4778.95,8202.38,9,154.61,4
202407,EMP_1209,DVKD_018,VUNG_3,987.82,4792.84,8066.95,8,182.2,5
202407,EMP_1210,DVKD_018,VUNG_3,856.97,4851.42,7826.35,8,135.71,6
202407,EMP_1211,DVKD_018,VUNG_3,1012.95,5029.46,8041.73,8,150.33,5
202407,EMP_1212,DVKD_018,VUNG_3,1748.15,7864.97,12521.61,15,306.9,10
202407,EMP_1213,DVKD_018,VUNG_3,854.35,4162.09,7938.3,10,170.63,5
202407,EMP_1214,DVKD_018,VUNG_3,1593.09,9462.44,11565.25,17,199.42,10
202407,EMP_1215,DVKD_018,VUNG_3,1442.62,9018.29,11192.37,15,194.58,8
202407,EMP_1216,DVKD_018,VUNG_3,1368.89,7132.21,10819.39,18,291.31,7
202407,EMP_1217,DVKD_018,VUNG_3,871.23,5442.73,7444.51,8,181.84,6
202407,EMP_1218,DVKD_018,VUNG_3,1596.8,8063.87,13953.08,14,275.98,9
202407,EMP_1219,DVKD_018,VUNG_3,995.71,5976.87,7130.35,10,121.35,6
202407,EMP_1220,DVKD_018,VUNG_3,1013.4,5455.11,9052.37,11,188.99,5
202407,EMP_1221,DVKD_018,VUNG_3,1762.13,9023.8,12271.47,17,228.0,7
202407,EMP_1222,DVKD_018,VUNG_3,1637.21,9844.96,11716.83,12,226.76,7
202407,EMP_1223,DVKD_019,VUNG_3,1033.47,5386.52,6673.02,9,117.49,6
202407,EMP_1224,DVKD_019,VUNG_3,988.63,4100.29,8200.98,8,144.37,5
202407,EMP_1225,DVKD_019,VUNG_3,977.2,5845.55,8309.43,9,176.31,6
202407,EMP_1226,DVKD_019,VUNG_3,1575.0,7924.79,12027.75,15,314.62,9
202407,EMP_1227,DVKD_019,VUNG_3,1696.4,8152.65,13618.2,17,341.1,9
202407,EMP_1228,DVKD_019,VUNG_3,1797.59,8015.9,15421.29,17,190.2,7
202407,EMP_1229,DVKD_019,VUNG_3,1947.99,10619.35,20701.83,22,268.03,11
202407,EMP_1230,DVKD_019,VUNG_3,1501.82,8731.55,13052.54,14,271.71,9
202407,EMP_1231,DVKD_019,VUNG_3,1553.04,8763.9,11255.78,16,278.85,9
202407,EMP_1232,DVKD_019,VUNG_3,817.62,5052.09,6679.01,8,133.85,5
202407,EMP_1233,DVKD_019,VUNG_3,1710.59,8514.12,14276.79,14,195.59,8
202407,EMP_1234,DVKD_020,VUNG_3,856.96,4947.31,8938.24,7,168.12,5
202407,EMP_1235,DVKD_020,VUNG_3,995.44,5939.64,6701.24,9,131.15,5
202407,EMP_1236,DVKD_020,VUNG_3,1011.02,5335.43,6988.7,9,136.74,4
202407,EMP_1237,DVKD_020,VUNG_3,1739.5,8667.42,13168.09,16,316.47,10
202407,EMP_1238,DVKD_020,VUNG_3,1402.24,7326.19,11433.6,18,280.91,6
202407,EMP_1239,DVKD_020,VUNG_3,2202.57,13078.63,18009.42,23,464.93,11
202407,EMP_1240,DVKD_020,VUNG_3,2232.4,11395.44,15345.37,20,417.0,9
202407,EMP_1241,DVKD_020,VUNG_3,833.56,5765.34,8394.34,9,158.25,4
202407,EMP_1242,DVKD_020,VUNG_3,2474.56,10136.12,15282.01,18,290.76,10
202407,EMP_1243,DVKD_020,VUNG_3,1646.94,8546.94,13475.37,15,344.9,9
202407,EMP_1244,DVKD_020,VUNG_3,1611.95,7170.72,10990.83,13,227.56,9
202407,EMP_1245,DVKD_020,VUNG_3,1525.82,7989.95,13248.94,12,266.8,7
202407,EMP_1246,DVKD_020,VUNG_3,953.24,4662.42,8817.01,8,130.59,5
202407,EMP_1247,DVKD_020,VUNG_3,1446.1,8924.92,13095.72,13,205.17,9
202407,EMP_1248,DVKD_021,VUNG_3,979.3,5728.69,6684.25,10,195.07,4
202407,EMP_1249,DVKD_021,VUNG_3,1015.34,4997.16,9330.82,7,122.3,5
202407,EMP_1250,DVKD_021,VUNG_3,921.65,5281.2,9180.31,10,147.67,6
202407,EMP_1251,DVKD_021,VUNG_3,1369.31,7825.56,12694.22,13,302.14,8
202407,EMP_1252,DVKD_021,VUNG_3,2173.39,13266.95,16630.13,24,362.44,14
202407,EMP_1253,DVKD_021,VUNG_3,1579.3,8100.9,14984.98,16,217.23,8
202407,EMP_1254,DVKD_021,VUNG_3,944.23,4224.11,8207.49,9,163.98,6
202407,EMP_1255,DVKD_021,VUNG_3,1699.67,9273.34,10991.75,14,224.15,9
202407,EMP_1256,DVKD_021,VUNG_3,1794.01,7892.74,14814.36,16,335.88,10
202407,EMP_1257,DVKD_021,VUNG_3,1561.46,8360.92,14435.6,17,278.17,9
202407,EMP_1258,DVKD_021,VUNG_3,1656.98,8717.89,14571.92,13,233.99,9
202407,EMP_1259,DVKD_021,VUNG_3,1788.85,8504.77,13758.56,12,285.1,10
202407,EMP_1260,DVKD_022,VUNG_3,1046.18,5221.31,7136.19,11,139.04,4
202407,EMP_1261,DVKD_022,VUNG_3,861.64,5946.89,7032.52,8,175.99,5
202407,EMP_1262,DVKD_022,VUNG_3,971.4,5365.79,7022.46,9,187.62,6
202407,EMP_1263,DVKD_022,VUNG_3,2323.65,10371.05,19729.78,23,380.46,10
202407,EMP_1264,DVKD_022,VUNG_3,1558.21,8464.36,11362.61,16,226.01,7
202407,EMP_1265,DVKD_022,VUNG_3,1619.16,8827.02,12419.39,17,316.68,8
202407,EMP_1266,DVKD_022,VUNG_3,1526.23,9094.53,15275.92,15,234.74,7
202407,EMP_1267,DVKD_022,VUNG_3,829.45,4318.9,7564.5,9,146.27,4
202407,EMP_1268,DVKD_022,VUNG_3,1715.4,7615.39,13176.27,18,271.36,10
202407,EMP_1269,DVKD_022,VUNG_3,1580.0,8145.58,12075.37,18,284.92,8
202407,EMP_1270,DVKD_022,VUNG_3,839.18,4919.37,7381.85,8,117.91,6
202407,EMP_1271,DVKD_022,VUNG_3,1797.39,6931.31,11137.34,13,268.66,7
202407,EMP_1272,DVKD_022,VUNG_3,1393.15,9177.67,12831.67,12,290.55,7
202407,EMP_1273,DVKD_022,VUNG_3,1960.2,13896.23,19955.52,19,303.97,10
202407,EMP_1274,DVKD_023,VUNG_3,972.99,5523.31,9152.21,8,129.82,4
202407,EMP_1275,DVKD_023,VUNG_3,967.71,5543.71,6974.91,11,145.24,5
202407,EMP_1276,DVKD_023,VUNG_3,814.71,4387.96,8125.17,9,207.28,6
202407,EMP_1277,DVKD_023,VUNG_3,1406.05,7587.82,12750.73,13,281.68,10
202407,EMP_1278,DVKD_023,VUNG_3,1762.93,7694.31,10815.21,16,251.16,10
202407,EMP_1279,DVKD_023,VUNG_3,2425.24,11518.82,16680.25,24,345.09,11
202407,EMP_1280,DVKD_023,VUNG_3,1417.67,9641.98,14882.81,17,179.03,9
202407,EMP_1281,DVKD_023,VUNG_3,1442.31,8954.6,12895.92,17,234.9,6
202407,EMP_1282,DVKD_023,VUNG_3,1578.4,8041.28,12922.51,13,200.29,7
202407,EMP_1283,DVKD_023,VUNG_3,1726.62,8986.49,11608.23,14,213.14,8
202407,EMP_1284,DVKD_023,VUNG_3,2062.71,12722.9,21157.6,20,460.04,14
202407,EMP_1285,DVKD_023,VUNG_3,2322.49,12043.62,19457.61,17,419.7,9
202407,EMP_1286,DVKD_023,VUNG_3,1607.25,7950.47,10898.37,15,252.93,8
202407,EMP_1287,DVKD_024,VUNG_3,928.09,4748.6,7255.07,10,132.29,4
202407,EMP_1288,DVKD_024,VUNG_3,869.17,5204.15,7969.45,9,125.55,4
202407,EMP_1289,DVKD_024,VUNG_3,912.99,4172.12,7138.31,10,121.67,5
202407,EMP_1290,DVKD_024,VUNG_3,1598.77,7601.25,13321.22,14,201.08,7
202407,EMP_1291,DVKD_024,VUNG_3,1546.15,9587.23,11692.9,14,204.16,7
202407,EMP_1292,DVKD_024,VUNG_3,1045.39,5272.21,8129.11,10,196.54,6
202407,EMP_1293,DVKD_024,VUNG_3,2356.89,10811.33,18280.07,20,286.14,9
202407,EMP_1294,DVKD_024,VUNG_3,1782.6,8728.43,11169.83,17,222.08,10
202407,EMP_1295,DVKD_024,VUNG_3,2226.39,13010.19,18839.11,20,288.84,12
202407,EMP_1296,DVKD_024,VUNG_3,1434.06,9318.11,12362.29,13,222.66,10
202407,EMP_1297,DVKD_024,VUNG_3,1575.41,9663.48,12690.27,13,257.09,10
202407,EMP_1298,DVKD_024,VUNG_3,1458.87,8748.7,12562.52,17,255.92,8
202408,EMP_1001,DVKD_001,VUNG_1,1001.76,5449.79,6946.81,9,109.44,6
202408,EMP_1002,DVKD_001,VUNG_1,846.69,4631.43,8003.21,9,184.2,5
202408,EMP_1003,DVKD_001,VUNG_1,1006.08,5786.48,7823.87,10,159.56,6
202408,EMP_1004,DVKD_001,VUNG_1,1609.86,9480.41,12744.95,14,338.95,7
202408,EMP_1005,DVKD_001,VUNG_1,1736.07,7203.97,10974.8,12,349.08,10
202408,EMP_1006,DVKD_001,VUNG_1,1962.79,13570.66,17690.89,19,250.85,12
202408,EMP_1007,DVKD_001,VUNG_1,1687.64,7489.83,14520.35,17,253.74,9
202408,EMP_1008,DVKD_001,VUNG_1,1691.44,7247.5,14610.05,14,199.91,10
202408,EMP_1009,DVKD_001,VUNG_1,2459.31,10653.08,17802.89,23,336.03,10
202408,EMP_1010,DVKD_001,VUNG_1,1408.69,9870.78,11977.76,13,287.0,7
202408,EMP_1011,DVKD_001,VUNG_1,1518.32,7921.78,15165.08,17,327.62,7
202408,EMP_1012,DVKD_001,VUNG_1,1482.28,9427.5,13447.71,12,346.74,10
202408,EMP_1013,DVKD_001,VUNG_1,1380.49,7860.65,12289.64,15,176.93,7
202408,EMP_1014,DVKD_001,VUNG_1,2358.93,12035.92,15522.44,21,399.52,11
202408,EMP_1015,DVKD_002,VUNG_1,931.06,4721.36,8245.23,8,139.29,5
202408,EMP_1016,DVKD_002,VUNG_1,1026.33,5204.39,9024.58,10,150.51,5
202408,EMP_1017,DVKD_002,VUNG_1,989.91,5132.14,8636.94,9,209.86,4
202408,EMP_1018,DVKD_002,VUNG_1,1032.67,4713.89,8537.1,10,171.7,4
202408,EMP_1019,DVKD_002,VUNG_1,1692.95,7428.27,13761.0,14,213.54,7
202408,EMP_1020,DVKD_002,VUNG_1,813.27,4335.25,7684.92,8,188.94,6
202408,EMP_1021,DVKD_002,VUNG_1,1542.11,8618.2,15554.05,13,348.43,7
202408,EMP_1022,DVKD_002,VUNG_1,1366.86,9127.16,14577.66,13,335.15,7
202408,EMP_1023,DVKD_002,VUNG_1,1652.68,7165.56,14013.2,17,234.98,9
202408,EMP_1024,DVKD_002,VUNG_1,910.47,4980.34,9234.79,9,162.53,6
202408,EMP_1025,DVKD_002,VUNG_1,2357.53,12349.23,17314.3,18,412.08,13
202408,EMP_1026,DVKD_003,VUNG_1,950.41,4615.61,8190.29,10,128.75,4
202408,EMP_1027,DVKD_003,VUNG_1,940.52,4710.05,7945.44,9,181.05,5
202408,EMP_1028,DVKD_003,VUNG_1,1067.07,4656.66,8965.8,8,120.54,4
202408,EMP_1029,DVKD_003,VUNG_1,2383.59,13465.74,16791.52,24,471.88,13
202408,EMP_1030,DVKD_003,VUNG_1,1577.63,8120.46,12719.28,15,227.34,7
202408,EMP_1031,DVKD_003,VUNG_1,1630.38,9835.17,13981.84,17,337.07,7
202408,EMP_1032,DVKD_003,VUNG_1,1532.67,8182.94,12788.27,18,233.41,8
202408,EMP_1033,DVKD_003,VUNG_1,893.16,5014.12,9353.66,11,146.62,4
202408,EMP_1034,DVKD_003,VUNG_1,926.13,4531.41,7180.52,10,140.29,5
202408,EMP_1035,DVKD_003,VUNG_1,970.23,5718.14,6769.9,7,182.43,4
202408,EMP_1036,DVKD_004,VUNG_1,925.71,5801.44,9171.0,10,178.23,4
202408,EMP_1037,DVKD_004,VUNG_1,823.87,4984.72,6574.13,8,193.58,5
202408,EMP_1038,DVKD_004,VUNG_1,1057.88,5423.97,8398.25,8,122.35,5
202408,EMP_1039,DVKD_004,VUNG_1,1394.99,9988.21,11195.26,12,175.04,10
202408,EMP_1040,DVKD_004,VUNG_1,1705.29,9670.58,14756.12,15,221.78,8
202408,EMP_1041,DVKD_004,VUNG_1,1035.95,4217.63,8244.68,8,153.55,6
202408,EMP_1042,DVKD_004,VUNG_1,1989.16,12996.82,18580.07,21,299.83,11
202408,EMP_1043,DVKD_004,VUNG_1,1527.03,7883.7,11581.47,15,254.19,10
202408,EMP_1044,DVKD_004,VUNG_1,1487.88,8891.17,14710.26,15,337.84,10
202408,EMP_1045,DVKD_004,VUNG_1,1731.21,8932.02,11810.63,15,298.07,7
202408,EMP_1046,DVKD_004,VUNG_1,1376.44,9600.45,11508.86,18,197.07,9
202408,EMP_1047,DVKD_004,VUNG_1,1477.11,7864.73,12335.76,13,259.28,8
202408,EMP_1048,DVKD_005,VUNG_1,1061.07,5363.08,8414.33,10,136.77,6
202408,EMP_1049,DVKD_005,VUNG_1,1051.81,5339.87,7528.92,9,141.23,4
202408,EMP_1050,DVKD_005,VUNG_1,1037.1,5622.96,7601.93,10,153.67,6
202408,EMP_1051,DVKD_005,VUNG_1,2383.75,13384.33,18141.39,24,427.59,13
202408,EMP_1052,DVKD_005,VUNG_1,1646.28,9865.81,14407.27,17,207.19,10
202408,EMP_1053,DVKD_005,VUNG_1,1423.88,7601.92,11247.44,17,233.55,7
202408,EMP_1054,DVKD_005,VUNG_1,1413.15,8440.91,13177.72,14,210.39,7
202408,EMP_1055,DVKD_005,VUNG_1,1367.3,6829.52,12531.49,14,282.6,8
202408,EMP_1056,DVKD_005,VUNG_1,1955.9,12976.62,21633.52,18,281.21,13
202408,EMP_1057,DVKD_005,VUNG_1,1736.0,9180.97,12112.54,14,267.53,9
202408,EMP_1058,DVKD_005,VUNG_1,1060.18,4457.59,8696.77,10,109.14,6
202408,EMP_1059,DVKD_006,VUNG_1,969.56,4637.17,9350.76,9,134.87,4
202408,EMP_1060,DVKD_006,VUNG_1,969.12,5932.96,6660.86,10,148.81,5
202408,EMP_1061,DVKD_006,VUNG_1,1048.78,5178.04,9138.5,10,128.4,4
202408,EMP_1062,DVKD_006,VUNG_1,2451.65,13337.7,20608.47,22,386.99,11
202408,EMP_1063,DVKD_006,VUNG_1,1351.93,7533.51,11864.64,17,216.82,6
202408,EMP_1064,DVKD_006,VUNG_1,1371.49,7043.54,14655.76,15,332.41,10
202408,EMP_1065,DVKD_006,VUNG_1,1357.35,9579.35,14317.2,17,312.9,9
202408,EMP_1066,DVKD_006,VUNG_1,989.09,5033.54,8150.91,9,163.0,6
202408,EMP_1067,DVKD_006,VUNG_1,1734.86,9762.01,12667.33,16,206.02,9
202408,EMP_1068,DVKD_006,VUNG_1,1356.4,8174.4,12378.12,13,258.98,7
202408,EMP_1069,DVKD_006,VUNG_1,1768.99,9139.25,11611.31,14,219.99,7
202408,EMP_1070,DVKD_006,VUNG_1,1541.9,9133.32,12534.86,17,225.54,10
202408,EMP_1071,DVKD_006,VUNG_1,2325.68,12382.82,15632.24,18,274.75,14
202408,EMP_1072,DVKD_006,VUNG_1,1067.47,4206.69,8698.58,10,133.36,4
202408,EMP_1073,DVKD_007,VUNG_1,1016.52,4728.06,7921.33,10,161.13,5
202408,EMP_1074,DVKD_007,VUNG_1,939.94,5259.58,8742.23,8,114.66,4
202408,EMP_1075,DVKD_007,VUNG_1,1027.78,5126.98,7200.79,7,200.96,6
202408,EMP_1076,DVKD_007,VUNG_1,2389.79,9907.18,15546.27,18,284.28,14
202408,EMP_1077,DVKD_007,VUNG_1,1590.66,8331.81,15238.63,16,180.21,10
202408,EMP_1078,DVKD_007,VUNG_1,1706.7,8183.68,14674.92,17,245.43,7
202408,EMP_1079,DVKD_007,VUNG_1,977.69,5008.17,8168.7,10,207.49,6
202408,EMP_1080,DVKD_007,VUNG_1,1725.53,9788.15,14547.67,15,255.12,8
202408,EMP_1081,DVKD_007,VUNG_1,909.6,5807.94,6584.77,8,164.95,4
202408,EMP_1082,DVKD_007,VUNG_1,2308.69,11188.97,17396.24,23,246.82,11
202408,EMP_1083,DVKD_008,VUNG_1,935.14,4337.43,6756.41,9,185.44,5
202408,EMP_1084,DVKD_008,VUNG_1,937.83,5142.88,8068.62,10,117.57,6
202408,EMP_1085,DVKD_008,VUNG_1,1022.26,5305.11,7188.59,9,149.69,4
202408,EMP_1086,DVKD_008,VUNG_1,1397.96,9804.96,13991.15,18,296.78,10
202408,EMP_1087,DVKD_008,VUNG_1,1799.68,7698.14,14878.74,18,345.65,8
202408,EMP_1088,DVKD_008,VUNG_1,1574.23,9163.61,12752.98,12,224.9,7
202408,EMP_1089,DVKD_008,VUNG_1,835.13,4343.86,7991.87,9,115.51,4
202408,EMP_1090,DVKD_008,VUNG_1,1788.59,9257.6,12327.9,13,275.87,9
202408,EMP_1091,DVKD_008,VUNG_1,1385.48,6957.05,12295.14,17,307.1,10
202408,EMP_1092,DVKD_008,VUNG_1,1385.85,9081.0,15289.0,17,270.56,10
202408,EMP_1093,DVKD_008,VUNG_1,2304.48,9969.95,17832.53,25,321.41,14
202408,EMP_1094,DVKD_008,VUNG_1,835.1,4719.87,8614.35,8,114.9,6
202408,EMP_1095,DVKD_008,VUNG_1,1892.53,13513.48,15405.77,24,344.47,10
202408,EMP_1096,DVKD_009,VUNG_2,852.88,5884.14,9057.67,8,140.08,4
202408,EMP_1097,DVKD_009,VUNG_2,1057.9,5425.34,6779.16,10,154.38,6
202408,EMP_1098,DVKD_009,VUNG_2,844.2,5496.69,8847.87,10,130.05,5
202408,EMP_1099,DVKD_009,VUNG_2,2319.29,13440.33,18995.36,23,451.25,12
202408,EMP_1100,DVKD_009,VUNG_2,1457.06,8175.11,13743.64,14,319.38,8
202408,EMP_1101,DVKD_009,VUNG_2,1411.29,9915.91,12775.41,15,222.14,9
202408,EMP_1102,DVKD_009,VUNG_2,2450.43,12686.93,16833.6,22,245.36,10
202408,EMP_1103,DVKD_009,VUNG_2,1615.83,9189.71,14118.24,15,317.53,9
202408,EMP_1104,DVKD_009,VUNG_2,1785.23,7596.1,14213.13,13,218.75,7
202408,EMP_1105,DVKD_009,VUNG_2,1382.49,8063.1,15433.06,14,194.71,6
202408,EMP_1106,DVKD_009,VUNG_2,1444.59,7154.48,14141.88,14,234.74,8
202408,EMP_1107,DVKD_009,VUNG_2,1416.14,8873.48,11391.57,14,346.02,8
202408,EMP_1108,DVKD_009,VUNG_2,2216.89,10752.29,19576.16,24,280.75,11
202408,EMP_1109,DVKD_009,VUNG_2,1434.6,8930.74,15344.47,13,260.56,7
202408,EMP_1110,DVKD_010,VUNG_2,823.21,4085.87,7815.12,7,198.34,4
202408,EMP_1111,DVKD_010,VUNG_2,933.86,4635.02,7670.6,10,119.77,5
202408,EMP_1112,DVKD_010,VUNG_2,925.06,4106.43,8742.8,9,166.58,5
202408,EMP_1113,DVKD_010,VUNG_2,2295.88,11533.06,19746.26,19,361.82,11
202408,EMP_1114,DVKD_010,VUNG_2,1422.21,7505.81,15143.07,12,216.02,8
202408,EMP_1115,DVKD_010,VUNG_2,1448.49,9835.25,13246.55,18,194.22,9
202408,EMP_1116,DVKD_010,VUNG_2,2218.88,12610.79,16946.58,22,440.87,13
202408,EMP_1117,DVKD_010,VUNG_2,815.48,5168.94,9028.25,8,134.7,6
202408,EMP_1118,DVKD_010,VUNG_2,1690.98,8939.03,13468.6,16,314.82,9
202408,EMP_1119,DVKD_010,VUNG_2,1432.33,8390.52,13335.97,13,178.42,9
202408,EMP_1120,DVKD_011,VUNG_2,1017.82,4885.87,7462.93,9,124.67,6
202408,EMP_1121,DVKD_011,VUNG_2,1004.64,4895.71,8484.56,8,125.94,5
202408,EMP_1122,DVKD_011,VUNG_2,1037.32,5235.02,8104.38,8,154.54,4
202408,EMP_1123,DVKD_011,VUNG_2,1460.2,6946.57,12413.51,15,217.2,8
202408,EMP_1124,DVKD_011,VUNG_2,2033.37,13809.61,15230.42,17,383.46,10
202408,EMP_1125,DVKD_011,VUNG_2,1534.83,6940.41,13042.0,15,304.26,7
202408,EMP_1126,DVKD_011,VUNG_2,2513.56,11977.58,19947.86,19,297.56,11
202408,EMP_1127,DVKD_011,VUNG_2,1366.48,6837.43,13620.0,13,224.07,9
202408,EMP_1128,DVKD_011,VUNG_2,1552.43,7469.07,12435.91,13,195.79,10
202408,EMP_1129,DVKD_011,VUNG_2,1705.99,8518.05,13819.71,17,182.73,9
202408,EMP_1130,DVKD_011,VUNG_2,1593.48,8903.35,14140.17,12,322.36,10
202408,EMP_1131,DVKD_011,VUNG_2,2026.31,11364.9,17342.6,18,387.81,14
202408,EMP_1132,DVKD_011,VUNG_2,884.97,4900.04,7485.0,8,152.5,6
202408,EMP_1133,DVKD_011,VUNG_2,1906.95,9956.85,19334.83,17,312.44,10
202408,EMP_1134,DVKD_012,VUNG_2,852.38,5495.95,8589.43,8,126.95,4
202408,EMP_1135,DVKD_012,VUNG_2,934.43,5350.39,7129.8,8,117.38,6
202408,EMP_1136,DVKD_012,VUNG_2,865.12,5284.09,9014.88,8,177.11,4
202408,EMP_1137,DVKD_012,VUNG_2,1929.86,13557.18,18303.47,17,336.76,12
202408,EMP_1138,DVKD_012,VUNG_2,2321.2,13520.19,15849.28,23,296.89,10
202408,EMP_1139,DVKD_012,VUNG_2,839.28,4520.17,8820.29,8,159.63,5
202408,EMP_1140,DVKD_012,VUNG_2,1654.71,9839.89,15273.85,17,335.5,10
202408,EMP_1141,DVKD_012,VUNG_2,2448.42,10225.14,21821.3,21,383.99,14
202408,EMP_1142,DVKD_012,VUNG_2,2157.68,12257.05,20460.5,19,308.76,10
202408,EMP_1143,DVKD_012,VUNG_2,1680.04,9269.79,10896.13,14,240.72,9
202408,EMP_1144,DVKD_013,VUNG_2,1060.36,5759.47,6812.2,10,199.59,4
202408,EMP_1145,DVKD_013,VUNG_2,999.07,5903.16,6805.91,9,200.48,5
202408,EMP_1146,DVKD_013,VUNG_2,1009.16,4339.62,7971.71,9,129.34,4
202408,EMP_1147,DVKD_013,VUNG_2,2462.04,11797.7,19198.38,24,304.17,12
202408,EMP_1148,DVKD_013,VUNG_2,1502.6,8520.21,12046.36,14,198.83,7
202408,EMP_1149,DVKD_013,VUNG_2,1542.47,9520.78,11785.44,17,213.59,9
202408,EMP_1150,DVKD_013,VUNG_2,1583.08,8799.49,11142.89,16,270.68,9
202408,EMP_1151,DVKD_013,VUNG_2,1494.83,7326.83,12126.29,17,180.24,9
202408,EMP_1152,DVKD_013,VUNG_2,1701.02,9280.97,14116.24,17,301.54,7
202408,EMP_1153,DVKD_013,VUNG_2,1424.22,9175.03,13857.79,12,295.39,8
202408,EMP_1154,DVKD_013,VUNG_2,1712.42,8204.73,15092.61,16,185.02,9
202408,EMP_1155,DVKD_013,VUNG_2,1785.89,6882.69,11518.92,14,241.33,7
202408,EMP_1156,DVKD_013,VUNG_2,1761.42,8865.94,14412.14,14,189.88,10
202408,EMP_1157,DVKD_014,VUNG_2,972.09,5186.66,7853.12,9,200.58,4
202408,EMP_1158,DVKD_014,VUNG_2,857.45,5545.4,7924.08,10,137.98,5
202408,EMP_1159,DVKD_014,VUNG_2,946.93,4977.24,6607.14,7,174.51,6
202408,EMP_1160,DVKD_014,VUNG_2,1520.05,8837.34,11225.71,16,223.14,7
202408,EMP_1161,DVKD_014,VUNG_2,1519.97,7193.42,12782.27,17,264.54,10
202408,EMP_1162,DVKD_014,VUNG_2,1516.3,6956.79,12288.61,13,275.94,9
202408,EMP_1163,DVKD_014,VUNG_2,1598.64,6926.0,13054.89,14,217.07,9
202408,EMP_1164,DVKD_014,VUNG_2,2276.95,11580.91,17506.12,25,434.23,13
202408,EMP_1165,DVKD_014,VUNG_2,1067.34,5723.82,7994.37,8,111.37,6
202408,EMP_1166,DVKD_014,VUNG_2,1767.66,9568.8,12013.51,15,330.79,10
202408,EMP_1167,DVKD_014,VUNG_2,2355.26,10692.0,20047.68,25,402.73,12
202408,EMP_1168,DVKD_014,VUNG_2,1563.14,9617.45,11995.27,13,300.68,7
202408,EMP_1169,DVKD_014,VUNG_2,1641.48,8079.07,11962.69,16,199.76,8
202408,EMP_1170,DVKD_015,VUNG_2,993.03,5473.9,7982.56,10,175.03,5
202408,EMP_1171,DVKD_015,VUNG_2,890.35,4119.76,9012.8,10,118.7,6
202408,EMP_1172,DVKD_015,VUNG_2,1038.16,4907.31,6779.79,11,131.44,5
202408,EMP_1173,DVKD_015,VUNG_2,1368.35,8048.59,15338.17,16,202.42,10
202408,EMP_1174,DVKD_015,VUNG_2,1518.15,7729.96,14992.64,13,313.02,9
202408,EMP_1175,DVKD_015,VUNG_2,1516.07,8539.1,11697.39,13,326.46,9
202408,EMP_1176,DVKD_015,VUNG_2,2311.26,11624.85,17187.94,23,456.46,12
202408,EMP_1177,DVKD_015,VUNG_2,1781.99,8497.14,15198.12,12,214.53,7
202408,EMP_1178,DVKD_015,VUNG_2,2042.11,12644.38,18605.98,24,312.48,13
202408,EMP_1179,DVKD_015,VUNG_2,1410.41,8752.3,14146.51,16,234.49,8
202408,EMP_1180,DVKD_015,VUNG_2,2292.62,13969.2,17078.05,19,297.95,14
202408,EMP_1181,DVKD_015,VUNG_2,1720.77,7421.85,13325.82,16,329.61,7
202408,EMP_1182,DVKD_015,VUNG_2,2348.92,13134.04,20535.97,18,419.27,12
202408,EMP_1183,DVKD_015,VUNG_2,1559.9,9611.51,11394.14,12,345.73,7
202408,EMP_1184,DVKD_016,VUNG_2,834.68,5383.26,7898.63,8,172.62,6
202408,EMP_1185,DVKD_016,VUNG_2,820.59,4860.76,6580.1,7,113.81,6
202408,EMP_1186,DVKD_016,VUNG_2,1015.57,5033.6,9249.7,11,115.01,6
202408,EMP_1187,DVKD_016,VUNG_2,2430.78,13009.53,19960.32,21,247.05,14
202408,EMP_1188,DVKD_016,VUNG_2,866.35,4131.01,8814.78,9,140.13,5
202408,EMP_1189,DVKD_016,VUNG_2,958.43,5688.19,7988.74,7,177.28,5
202408,EMP_1190,DVKD_016,VUNG_2,1636.58,8391.53,14300.45,17,279.31,10
202408,EMP_1191,DVKD_016,VUNG_2,2462.0,13626.69,21048.93,23,340.98,12
202408,EMP_1192,DVKD_016,VUNG_2,1505.61,9634.83,11166.01,16,316.49,10
202408,EMP_1193,DVKD_016,VUNG_2,1637.68,8640.09,11322.51,14,215.49,9
202408,EMP_1194,DVKD_016,VUNG_2,1504.33,6884.4,11468.61,18,209.07,10
202408,EMP_1195,DVKD_016,VUNG_2,1420.96,7489.87,13689.43,13,217.02,8
202408,EMP_1196,DVKD_016,VUNG_2,1501.96,7045.58,12024.71,12,305.55,9
202408,EMP_1197,DVKD_016,VUNG_2,1408.52,8515.54,15315.21,12,239.2,6
202408,EMP_1198,DVKD_017,VUNG_3,1023.85,4536.29,9174.51,9,206.46,6
202408,EMP_1199,DVKD_017,VUNG_3,950.22,4264.29,8629.47,9,193.89,6
202408,EMP_1200,DVKD_017,VUNG_3,1064.84,5759.67,6639.52,10,142.94,5
202408,EMP_1201,DVKD_017,VUNG_3,1623.34,9418.15,14461.13,14,294.86,7
202408,EMP_1202,DVKD_017,VUNG_3,2482.39,10473.58,21522.73,23,307.24,11
202408,EMP_1203,DVKD_017,VUNG_3,1373.42,8175.34,13441.4,15,194.04,9
202408,EMP_1204,DVKD_017,VUNG_3,941.02,5545.06,8335.15,8,127.14,5
202408,EMP_1205,DVKD_017,VUNG_3,1468.7,9198.92,10993.64,13,331.86,6
202408,EMP_1206,DVKD_017,VUNG_3,952.51,4939.07,7038.92,8,155.07,5
202408,EMP_1207,DVKD_017,VUNG_3,1597.63,9659.92,11455.18,12,215.91,8
202408,EMP_1208,DVKD_017,VUNG_3,1005.44,4182.53,8401.03,9,177.87,5
202408,EMP_1209,DVKD_018,VUNG_3,822.82,4787.03,8105.65,10,189.35,5
202408,EMP_1210,DVKD_018,VUNG_3,859.08,4110.28,9346.65,11,166.2,4
202408,EMP_1211,DVKD_018,VUNG_3,1014.18,5435.83,8276.47,9,185.5,5
202408,EMP_1212,DVKD_018,VUNG_3,1519.14,9297.66,12222.78,15,280.82,9
202408,EMP_1213,DVKD_018,VUNG_3,1007.03,5382.3,9305.96,9,198.36,5
202408,EMP_1214,DVKD_018,VUNG_3,1590.87,7971.78,12643.67,18,218.44,8
202408,EMP_1215,DVKD_018,VUNG_3,1396.32,6868.07,13202.1,14,283.29,10
202408,EMP_1216,DVKD_018,VUNG_3,1437.5,7360.4,11713.8,13,311.56,10
202408,EMP_1217,DVKD_018,VUNG_3,889.5,4351.28,9271.04,9,163.78,6
202408,EMP_1218,DVKD_018,VUNG_3,1533.52,9038.97,15552.11,15,244.65,7
202408,EMP_1219,DVKD_018,VUNG_3,1016.22,5946.9,6567.9,9,183.67,5
202408,EMP_1220,DVKD_018,VUNG_3,1064.62,5470.85,7977.58,8,175.37,5
202408,EMP_1221,DVKD_018,VUNG_3,1512.81,7580.68,15360.31,13,331.99,9
202408,EMP_1222,DVKD_018,VUNG_3,1726.19,9939.0,14774.47,17,343.0,10
202408,EMP_1223,DVKD_019,VUNG_3,841.81,4353.52,8482.01,9,140.84,5
202408,EMP_1224,DVKD_019,VUNG_3,1039.22,4362.71,8180.67,8,176.04,5
202408,EMP_1225,DVKD_019,VUNG_3,881.83,5584.51,7581.41,9,147.73,4
202408,EMP_1226,DVKD_019,VUNG_3,1723.15,6847.79,13113.26,15,292.6,9
202408,EMP_1227,DVKD_019,VUNG_3,1415.57,7408.92,13336.82,15,346.58,9
202408,EMP_1228,DVKD_019,VUNG_3,1463.37,7414.53,12081.83,15,217.11,10
202408,EMP_1229,DVKD_019,VUNG_3,2085.77,11800.46,19327.0,17,252.22,14
202408,EMP_1230,DVKD_019,VUNG_3,1565.29,7515.95,10831.26,17,250.99,8
202408,EMP_1231,DVKD_019,VUNG_3,1748.36,7000.34,11064.72,17,308.57,8
202408,EMP_1232,DVKD_019,VUNG_3,830.27,5363.16,8825.22,8,206.8,6
202408,EMP_1233,DVKD_019,VUNG_3,1371.56,7011.91,13333.5,16,223.87,8
202408,EMP_1234,DVKD_020,VUNG_3,973.76,5727.05,7405.61,9,186.23,6
202408,EMP_1235,DVKD_020,VUNG_3,950.89,5753.93,9214.34,10,170.83,4
202408,EMP_1236,DVKD_020,VUNG_3,909.46,5304.01,7257.95,10,151.27,5
202408,EMP_1237,DVKD_020,VUNG_3,1525.83,6986.18,15326.07,17,302.05,9
202408,EMP_1238,DVKD_020,VUNG_3,1535.24,7216.09,11458.53,12,314.77,9
202408,EMP_1239,DVKD_020,VUNG_3,2200.02,12321.75,18306.22,20,256.69,10
202408,EMP_1240,DVKD_020,VUNG_3,2330.55,12216.06,20288.44,19,342.33,12
202408,EMP_1241,DVKD_020,VUNG_3,954.05,4208.94,7042.37,8,129.37,6
202408,EMP_1242,DVKD_020,VUNG_3,2491.14,10927.62,19924.26,18,329.46,14
202408,EMP_1243,DVKD_020,VUNG_3,1398.92,8542.99,11179.92,12,323.67,10
202408,EMP_1244,DVKD_020,VUNG_3,1423.92,7125.3,13694.05,12,194.71,9
202408,EMP_1245,DVKD_020,VUNG_3,1457.09,8442.54,14014.24,13,261.76,9
202408,EMP_1246,DVKD_020,VUNG_3,903.14,4312.83,7108.57,7,175.13,5
202408,EMP_1247,DVKD_020,VUNG_3,1469.07,6957.39,15413.94,17,231.53,7
202408,EMP_1248,DVKD_021,VUNG_3,916.81,5059.72,9282.47,8,133.92,6
202408,EMP_1249,DVKD_021,VUNG_3,873.86,4473.39,7200.36,8,154.39,4
202408,EMP_1250,DVKD_021,VUNG_3,848.28,4969.35,8757.9,10,122.88,4
202408,EMP_1251,DVKD_021,VUNG_3,1356.31,7316.73,11242.89,15,318.61,9
202408,EMP_1252,DVKD_021,VUNG_3,2004.91,12334.63,16874.58,25,347.87,12
202408,EMP_1253,DVKD_021,VUNG_3,1503.06,9455.19,14565.09,16,251.64,9
202408,EMP_1254,DVKD_021,VUNG_3,1043.98,4524.73,8848.93,8,117.07,5
202408,EMP_1255,DVKD_021,VUNG_3,1594.58,9986.93,12760.44,14,275.17,8
202408,EMP_1256,DVKD_021,VUNG_3,1682.45,8377.04,14173.53,15,286.41,8
202408,EMP_1257,DVKD_021,VUNG_3,1767.2,7180.78,13095.94,12,325.66,8
202408,EMP_1258,DVKD_021,VUNG_3,1755.14,8458.49,14676.51,17,177.71,9
202408,EMP_1259,DVKD_021,VUNG_3,1519.25,7259.61,13962.77,13,214.18,8
202408,EMP_1260,DVKD_022,VUNG_3,991.95,4245.48,7612.87,10,143.43,6
202408,EMP_1261,DVKD_022,VUNG_3,955.55,4938.78,6782.11,8,164.79,6
202408,EMP_1262,DVKD_022,VUNG_3,951.17,5558.57,6981.74,11,119.57,5
202408,EMP_1263,DVKD_022,VUNG_3,2500.42,12902.23,21536.87,21,375.89,13
202408,EMP_1264,DVKD_022,VUNG_3,1455.85,8795.0,13400.92,17,326.91,10
202408,EMP_1265,DVKD_022,VUNG_3,1407.09,9739.48,14884.19,17,341.49,9
202408,EMP_1266,DVKD_022,VUNG_3,1453.41,9493.64,12879.12,16,300.43,7
202408,EMP_1267,DVKD_022,VUNG_3,1071.65,5324.87,7338.64,9,193.84,5
202408,EMP_1268,DVKD_022,VUNG_3,1599.09,7011.26,11203.27,14,284.56,8
202408,EMP_1269,DVKD_022,VUNG_3,1783.09,9203.76,10971.84,16,191.04,10
202408,EMP_1270,DVKD_022,VUNG_3,873.53,5124.42,7769.03,9,161.62,6
202408,EMP_1271,DVKD_022,VUNG_3,1434.04,9788.49,12969.63,14,188.65,9
202408,EMP_1272,DVKD_022,VUNG_3,1673.73,8923.82,13014.75,16,261.18,9
202408,EMP_1273,DVKD_022,VUNG_3,2429.92,12094.18,18053.04,21,452.15,14
202408,EMP_1274,DVKD_023,VUNG_3,844.96,5070.94,7044.92,11,109.01,5
202408,EMP_1275,DVKD_023,VUNG_3,895.93,5086.82,7627.95,8,170.65,4
202408,EMP_1276,DVKD_023,VUNG_3,824.01,4597.11,6566.11,10,142.84,6
202408,EMP_1277,DVKD_023,VUNG_3,1521.42,8782.53,14090.94,15,180.36,7
202408,EMP_1278,DVKD_023,VUNG_3,1475.82,8533.66,14536.22,14,240.54,7
202408,EMP_1279,DVKD_023,VUNG_3,2478.57,11281.42,19108.96,18,331.49,14
202408,EMP_1280,DVKD_023,VUNG_3,1482.37,8842.56,13842.96,13,268.22,9
202408,EMP_1281,DVKD_023,VUNG_3,1471.16,8052.43,14958.59,17,209.05,10
202408,EMP_1282,DVKD_023,VUNG_3,1765.7,9790.52,12432.89,13,188.93,9
202408,EMP_1283,DVKD_023,VUNG_3,1497.55,8505.73,12421.86,18,259.58,10
202408,EMP_1284,DVKD_023,VUNG_3,2106.31,10271.2,18986.98,20,389.34,14
202408,EMP_1285,DVKD_023,VUNG_3,2030.03,11893.24,20372.91,20,299.77,15
202408,EMP_1286,DVKD_023,VUNG_3,1577.02,8591.79,12677.85,14,341.53,8
202408,EMP_1287,DVKD_024,VUNG_3,880.97,4821.66,8928.35,8,169.04,6
202408,EMP_1288,DVKD_024,VUNG_3,1018.71,4631.63,7233.72,7,137.2,5
202408,EMP_1289,DVKD_024,VUNG_3,1046.99,5796.22,8854.07,7,192.4,6
202408,EMP_1290,DVKD_024,VUNG_3,1619.55,7327.41,11755.91,17,233.38,7
202408,EMP_1291,DVKD_024,VUNG_3,1707.05,7075.23,12548.27,14,190.44,8
202408,EMP_1292,DVKD_024,VUNG_3,839.03,5668.99,7062.62,8,123.22,5
202408,EMP_1293,DVKD_024,VUNG_3,2025.11,11399.29,20011.1,25,268.86,13
202408,EMP_1294,DVKD_024,VUNG_3,1551.3,7815.42,10877.07,16,341.73,7
202408,EMP_1295,DVKD_024,VUNG_3,2434.48,13114.67,17024.98,23,266.35,13
202408,EMP_1296,DVKD_024,VUNG_3,1429.8,8025.38,13340.22,18,296.81,8
202408,EMP_1297,DVKD_024,VUNG_3,1602.67,8736.23,14807.58,17,176.18,8
202408,EMP_1298,DVKD_024,VUNG_3,1455.75,8445.62,13477.46,17,245.38,10
202409,EMP_1001,DVKD_001,VUNG_1,1062.5,5150.22,9109.13,10,148.69,6
202409,EMP_1002,DVKD_001,VUNG_1,1043.29,5200.45,7676.68,10,161.59,5
202409,EMP_1003,DVKD_001,VUNG_1,1042.9,4345.38,8513.57,9,208.23,6
202409,EMP_1004,DVKD_001,VUNG_1,1475.83,8822.95,14317.86,15,238.65,10
202409,EMP_1005,DVKD_001,VUNG_1,1704.42,9493.04,12182.56,15,228.29,9
202409,EMP_1006,DVKD_001,VUNG_1,1964.75,9891.74,19778.17,25,251.22,14
202409,EMP_1007,DVKD_001,VUNG_1,1352.82,6926.09,11548.53,14,286.85,9
202409,EMP_1008,DVKD_001,VUNG_1,1745.28,7032.79,11934.82,16,319.52,10
202409,EMP_1009,DVKD_001,VUNG_1,1962.91,10980.38,17252.77,19,324.37,12
202409,EMP_1010,DVKD_001,VUNG_1,1584.8,8826.94,12843.28,16,294.35,8
202409,EMP_1011,DVKD_001,VUNG_1,1477.96,8463.39,13761.16,14,283.49,9
202409,EMP_1012,DVKD_001,VUNG_1,1414.83,9881.9,14113.73,18,249.04,10
202409,EMP_1013,DVKD_001,VUNG_1,1704.97,9101.95,12204.81,14,305.71,7
202409,EMP_1014,DVKD_001,VUNG_1,2422.96,13931.86,19848.76,25,315.54,14
202409,EMP_1015,DVKD_002,VUNG_1,828.79,4499.4,8823.07,10,189.81,4
202409,EMP_1016,DVKD_002,VUNG_1,846.11,5685.77,6843.73,9,197.26,5
202409,EMP_1017,DVKD_002,VUNG_1,979.27,5278.21,6649.88,10,197.98,5
202409,EMP_1018,DVKD_002,VUNG_1,922.15,5019.91,7067.4,9,141.23,5
202409,EMP_1019,DVKD_002,VUNG_1,1695.12,8092.88,14189.6,16,205.96,7
202409,EMP_1020,DVKD_002,VUNG_1,904.52,4971.38,7229.78,11,164.01,4
202409,EMP_1021,DVKD_002,VUNG_1,1411.05,7295.22,13541.85,12,199.93,7
202409,EMP_1022,DVKD_002,VUNG_1,1717.5,9535.61,14361.13,14,290.09,7
202409,EMP_1023,DVKD_002,VUNG_1,1396.01,6969.91,14971.35,16,343.06,9
202409,EMP_1024,DVKD_002,VUNG_1,857.4,4957.76,7099.4,9,180.31,4
202409,EMP_1025,DVKD_002,VUNG_1,2245.63,12129.84,16370.92,24,252.17,10
202409,EMP_1026,DVKD_003,VUNG_1,851.9,5913.97,9099.77,8,148.25,4
202409,EMP_1027,DVKD_003,VUNG_1,837.22,4900.03,7421.63,10,112.91,5
202409,EMP_1028,DVKD_003,VUNG_1,959.35,4356.24,9062.51,8,143.19,6
202409,EMP_1029,DVKD_003,VUNG_1,2387.29,13353.53,18749.9,19,475.23,10
202409,EMP_1030,DVKD_003,VUNG_1,1404.97,9119.32,13022.53,16,261.29,7
202409,EMP_1031,DVKD_003,VUNG_1,1526.89,7590.83,10893.89,14,326.45,9
202409,EMP_1032,DVKD_003,VUNG_1,1778.88,8393.98,14234.36,13,331.32,9
202409,EMP_1033,DVKD_003,VUNG_1,1038.94,5197.95,6487.74,9,151.21,4
202409,EMP_1034,DVKD_003,VUNG_1,899.4,5360.1,8196.18,10,200.62,6
202409,EMP_1035,DVKD_003,VUNG_1,867.84,5439.2,8834.4,8,204.88,6
202409,EMP_1036,DVKD_004,VUNG_1,950.12,4330.88,6560.87,10,207.07,4
202409,EMP_1037,DVKD_004,VUNG_1,908.36,5480.07,8571.19,7,124.79,4
202409,EMP_1038,DVKD_004,VUNG_1,822.01,5541.11,7888.16,10,177.03,5
202409,EMP_1039,DVKD_004,VUNG_1,1576.56,9563.59,12904.18,16,296.33,9
202409,EMP_1040,DVKD_004,VUNG_1,1745.33,8935.51,12515.35,13,268.62,10
202409,EMP_1041,DVKD_004,VUNG_1,1025.65,5851.29,8756.17,10,109.25,4
202409,EMP_1042,DVKD_004,VUNG_1,2506.13,10578.57,17726.36,17,385.3,13
202409,EMP_1043,DVKD_004,VUNG_1,1494.33,8272.69,12465.06,17,341.97,10
202409,EMP_1044,DVKD_004,VUNG_1,1606.73,9771.32,11249.13,17,287.51,7
202409,EMP_1045,DVKD_004,VUNG_1,1767.09,9813.85,14396.54,16,191.18,7
202409,EMP_1046,DVKD_004,VUNG_1,1474.73,9577.14,13254.63,12,319.07,10
202409,EMP_1047,DVKD_004,VUNG_1,1609.45,9974.97,11196.71,16,262.48,9
202409,EMP_1048,DVKD_005,VUNG_1,841.1,4843.81,8303.88,10,117.13,4
202409,EMP_1049,DVKD_005,VUNG_1,1044.02,5854.06,9245.13,9,184.03,4
202409,EMP_1050,DVKD_005,VUNG_1,841.09,5561.04,8419.5,8,145.17,4
202409,EMP_1051,DVKD_005,VUNG_1,2465.37,9707.49,19269.65,17,278.32,11
202409,EMP_1052,DVKD_005,VUNG_1,1684.16,8493.3,12900.66,13,336.96,9
202409,EMP_1053,DVKD_005,VUNG_1,1446.34,7739.56,11723.73,14,211.47,6
202409,EMP_1054,DVKD_005,VUNG_1,1430.48,8882.0,13992.69,14,266.17,7
202409,EMP_1055,DVKD_005,VUNG_1,1703.25,7363.64,11232.48,12,272.72,8
202409,EMP_1056,DVKD_005,VUNG_1,2220.63,13650.24,20898.15,22,325.03,10
202409,EMP_1057,DVKD_005,VUNG_1,1618.35,8001.85,10882.15,17,208.89,10
202409,EMP_1058,DVKD_005,VUNG_1,1078.53,4751.95,7575.83,10,190.1,6
202409,EMP_1059,DVKD_006,VUNG_1,810.33,5866.95,8541.14,9,141.25,6
202409,EMP_1060,DVKD_006,VUNG_1,967.53,5661.11,8715.93,8,152.64,4
202409,EMP_1061,DVKD_006,VUNG_1,861.5,5875.52,8063.12,9,145.67,6
202409,EMP_1062,DVKD_006,VUNG_1,1972.11,13311.61,16862.88,17,426.95,10
202409,EMP_1063,DVKD_006,VUNG_1,1413.38,8341.93,11058.31,13,282.49,8
202409,EMP_1064,DVKD_006,VUNG_1,1600.89,7689.38,11598.49,16,252.55,9
202409,EMP_1065,DVKD_006,VUNG_1,1388.42,8163.84,13635.9,14,197.75,10
202409,EMP_1066,DVKD_006,VUNG_1,953.38,5894.69,6788.27,8,205.06,4
202409,EMP_1067,DVKD_006,VUNG_1,1745.36,8821.55,10836.37,16,326.63,7
202409,EMP_1068,DVKD_006,VUNG_1,1376.39,6853.95,12543.3,17,342.4,9
202409,EMP_1069,DVKD_006,VUNG_1,1695.79,8244.72,12831.31,17,284.01,8
202409,EMP_1070,DVKD_006,VUNG_1,1615.56,9290.82,12470.55,14,322.61,10
202409,EMP_1071,DVKD_006,VUNG_1,2048.31,13290.27,16039.69,24,358.13,9
202409,EMP_1072,DVKD_006,VUNG_1,821.91,4194.05,6821.31,10,117.88,4
202409,EMP_1073,DVKD_007,VUNG_1,1027.65,5494.43,7668.21,8,152.18,5
202409,EMP_1074,DVKD_007,VUNG_1,1064.67,5018.85,7700.56,7,106.38,4
202409,EMP_1075,DVKD_007,VUNG_1,1006.23,4783.19,6789.32,9,196.19,4
202409,EMP_1076,DVKD_007,VUNG_1,2105.91,9792.39,15687.4,21,345.1,10
202409,EMP_1077,DVKD_007,VUNG_1,1374.25,9080.39,12394.27,18,317.27,8
202409,EMP_1078,DVKD_007,VUNG_1,1786.49,9852.44,13161.76,13,245.11,7
202409,EMP_1079,DVKD_007,VUNG_1,863.07,4113.46,7733.08,8,195.24,5
202409,EMP_1080,DVKD_007,VUNG_1,1551.07,9050.9,13661.57,15,210.8,9
202409,EMP_1081,DVKD_007,VUNG_1,900.12,5999.54,8794.52,10,168.73,4
202409,EMP_1082,DVKD_007,VUNG_1,2400.22,13725.56,21315.63,24,462.96,11
202409,EMP_1083,DVKD_008,VUNG_1,850.21,4758.21,6664.53,8,119.51,6
202409,EMP_1084,DVKD_008,VUNG_1,815.12,4190.56,7246.09,9,115.52,6
202409,EMP_1085,DVKD_008,VUNG_1,979.25,4127.87,6675.3,8,151.93,5
202409,EMP_1086,DVKD_008,VUNG_1,1560.31,9724.57,10979.28,16,220.97,7
202409,EMP_1087,DVKD_008,VUNG_1,1695.72,8566.51,14738.63,15,297.49,9
202409,EMP_1088,DVKD_008,VUNG_1,1663.4,8637.34,12312.23,16,298.85,8
202409,EMP_1089,DVKD_008,VUNG_1,856.47,4570.6,8233.49,7,166.91,5
202409,EMP_1090,DVKD_008,VUNG_1,1619.07,8390.1,15180.36,17,267.61,8
202409,EMP_1091,DVKD_008,VUNG_1,1450.66,7008.38,13023.59,15,196.05,8
202409,EMP_1092,DVKD_008,VUNG_1,1621.34,9199.7,11289.87,17,342.2,7
202409,EMP_1093,DVKD_008,VUNG_1,2195.52,13787.41,18379.34,22,305.82,14
202409,EMP_1094,DVKD_008,VUNG_1,1015.79,4918.84,7087.49,10,159.12,5
202409,EMP_1095,DVKD_008,VUNG_1,2072.14,12066.71,15885.67,22,442.72,9
202409,EMP_1096,DVKD_009,VUNG_2,1032.09,4587.1,9024.26,10,205.35,4
202409,EMP_1097,DVKD_009,VUNG_2,867.87,4177.88,7806.94,10,193.65,4
202409,EMP_1098,DVKD_009,VUNG_2,920.9,5694.77,8382.98,10,171.24,5
202409,EMP_1099,DVKD_009,VUNG_2,2053.48,13326.29,21181.01,21,483.44,9
202409,EMP_1100,DVKD_009,VUNG_2,1516.22,9045.81,13753.01,15,263.28,10
202409,EMP_1101,DVKD_009,VUNG_2,1613.12,9682.66,15107.74,13,252.78,6
202409,EMP_1102,DVKD_009,VUNG_2,2416.86,11776.35,19068.99,19,407.06,9
202409,EMP_1103,DVKD_009,VUNG_2,1719.16,7025.95,13423.77,14,220.51,9
202409,EMP_1104,DVKD_009,VUNG_2,1422.32,7184.78,15344.66,17,266.34,9
202409,EMP_1105,DVKD_009,VUNG_2,1454.91,9945.14,15468.09,14,338.19,9
202409,EMP_1106,DVKD_009,VUNG_2,1377.77,6882.22,13392.46,15,231.03,9
202409,EMP_1107,DVKD_009,VUNG_2,1722.96,7375.46,11706.79,15,227.42,8
202409,EMP_1108,DVKD_009,VUNG_2,2371.7,12512.57,21397.48,21,367.42,14
202409,EMP_1109,DVKD_009,VUNG_2,1471.69,7329.12,14017.98,15,263.32,8
202409,EMP_1110,DVKD_010,VUNG_2,1013.08,5190.9,9357.26,11,155.1,5
202409,EMP_1111,DVKD_010,VUNG_2,882.13,5210.58,7140.49,8,200.0,4
202409,EMP_1112,DVKD_010,VUNG_2,966.86,4295.99,7710.19,9,162.94,4
202409,EMP_1113,DVKD_010,VUNG_2,2197.13,12540.38,20552.99,21,299.91,13
202409,EMP_1114,DVKD_010,VUNG_2,1509.32,9292.9,13009.15,17,315.84,9
202409,EMP_1115,DVKD_010,VUNG_2,1529.17,7737.12,11016.8,16,248.79,9
202409,EMP_1116,DVKD_010,VUNG_2,2416.1,11205.89,18794.49,23,474.21,11
202409,EMP_1117,DVKD_010,VUNG_2,881.72,5062.47,6916.87,9,121.06,5
202409,EMP_1118,DVKD_010,VUNG_2,1523.67,7311.38,15280.4,15,217.55,9
202409,EMP_1119,DVKD_010,VUNG_2,1473.85,8549.48,10801.65,18,343.03,10
202409,EMP_1120,DVKD_011,VUNG_2,881.8,4848.25,8486.46,8,109.31,5
202409,EMP_1121,DVKD_011,VUNG_2,1075.95,4838.76,6915.86,11,160.36,5
202409,EMP_1122,DVKD_011,VUNG_2,828.4,4122.35,8879.1,8,112.75,6
202409,EMP_1123,DVKD_011,VUNG_2,1400.83,9667.39,15572.26,13,290.71,10
202409,EMP_1124,DVKD_011,VUNG_2,2293.26,10251.34,20635.43,19,344.81,10
202409,EMP_1125,DVKD_011,VUNG_2,1563.8,8104.42,10802.04,13,218.51,10
202409,EMP_1126,DVKD_011,VUNG_2,2092.37,11809.48,17812.09,23,416.58,14
202409,EMP_1127,DVKD_011,VUNG_2,1512.14,9859.67,14402.29,15,220.88,9
202409,EMP_1128,DVKD_011,VUNG_2,1543.01,8880.91,14990.6,16,222.88,10
202409,EMP_1129,DVKD_011,VUNG_2,1537.38,9504.41,13056.22,16,331.9,10
202409,EMP_1130,DVKD_011,VUNG_2,1379.4,8450.52,14160.93,16,275.32,9
202409,EMP_1131,DVKD_011,VUNG_2,1916.35,11943.87,21218.76,17,343.17,14
202409,EMP_1132,DVKD_011,VUNG_2,849.27,4601.28,7755.41,9,194.02,4
202409,EMP_1133,DVKD_011,VUNG_2,2032.68,10982.49,16361.24,20,337.25,10
202409,EMP_1134,DVKD_012,VUNG_2,923.99,5353.28,8258.13,10,178.38,5
202409,EMP_1135,DVKD_012,VUNG_2,998.05,5135.14,7377.45,9,164.56,5
202409,EMP_1136,DVKD_012,VUNG_2,1044.02,4708.47,8174.45,11,189.38,4
202409,EMP_1137,DVKD_012,VUNG_2,1968.19,10123.76,19146.01,18,451.98,13
202409,EMP_1138,DVKD_012,VUNG_2,2516.65,10623.86,21361.19,24,255.9,10
202409,EMP_1139,DVKD_012,VUNG_2,938.11,4891.17,8577.21,8,167.58,6
202409,EMP_1140,DVKD_012,VUNG_2,1599.86,8063.63,12821.99,13,345.78,9
202409,EMP_1141,DVKD_012,VUNG_2,1953.01,12115.12,17321.83,22,337.85,9
202409,EMP_1142,DVKD_012,VUNG_2,1905.61,12459.17,18966.53,24,318.18,14
202409,EMP_1143,DVKD_012,VUNG_2,1462.6,6950.27,15218.44,18,294.42,7
202409,EMP_1144,DVKD_013,VUNG_2,1053.82,5734.2,8246.56,9,148.1,5
202409,EMP_1145,DVKD_013,VUNG_2,927.67,4390.71,8842.15,11,138.05,6
202409,EMP_1146,DVKD_013,VUNG_2,942.31,4930.74,8028.05,7,152.32,6
202409,EMP_1147,DVKD_013,VUNG_2,2373.84,13842.12,16412.17,21,394.11,11
202409,EMP_1148,DVKD_013,VUNG_2,1459.13,9303.14,12038.83,14,241.72,7
202409,EMP_1149,DVKD_013,VUNG_2,1635.09,9265.36,12415.24,14,193.97,9
202409,EMP_1150,DVKD_013,VUNG_2,1621.64,7910.48,15241.69,12,338.09,8
202409,EMP_1151,DVKD_013,VUNG_2,1735.01,7178.93,11530.35,13,308.36,8
202409,EMP_1152,DVKD_013,VUNG_2,1783.95,8330.77,13951.89,14,198.51,8
202409,EMP_1153,DVKD_013,VUNG_2,1380.3,6888.8,11179.51,14,347.11,7
202409,EMP_1154,DVKD_013,VUNG_2,1759.82,9525.72,14713.37,14,314.45,9
202409,EMP_1155,DVKD_013,VUNG_2,1797.02,6819.58,15141.3,15,193.96,9
202409,EMP_1156,DVKD_013,VUNG_2,1791.89,8339.84,13173.76,15,209.28,7
202409,EMP_1157,DVKD_014,VUNG_2,966.02,5774.36,7512.09,11,199.21,6
202409,EMP_1158,DVKD_014,VUNG_2,883.76,4339.03,8548.64,10,194.54,5
202409,EMP_1159,DVKD_014,VUNG_2,924.75,4362.77,6799.41,8,126.41,4
202409,EMP_1160,DVKD_014,VUNG_2,1680.94,9630.39,12442.32,15,296.88,9
202409,EMP_1161,DVKD_014,VUNG_2,1739.88,8503.33,13013.78,14,318.33,7
202409,EMP_1162,DVKD_014,VUNG_2,1792.53,9833.56,11639.18,13,292.56,9
202409,EMP_1163,DVKD_014,VUNG_2,1454.65,7837.76,12015.45,17,346.49,7
202409,EMP_1164,DVKD_014,VUNG_2,1909.8,13751.69,16830.0,22,314.88,12
202409,EMP_1165,DVKD_014,VUNG_2,1009.74,5750.15,8915.07,7,119.69,4
202409,EMP_1166,DVKD_014,VUNG_2,1770.59,9951.12,12170.24,15,308.94,9
202409,EMP_1167,DVKD_014,VUNG_2,2199.49,13731.58,20048.72,25,355.43,14
202409,EMP_1168,DVKD_014,VUNG_2,1529.16,7460.1,13989.59,16,293.74,7
202409,EMP_1169,DVKD_014,VUNG_2,1426.37,7413.21,14796.5,15,294.89,10
202409,EMP_1170,DVKD_015,VUNG_2,1052.39,4758.97,6516.33,9,189.13,4
202409,EMP_1171,DVKD_015,VUNG_2,1021.69,5927.65,8860.9,8,180.05,4
202409,EMP_1172,DVKD_015,VUNG_2,914.39,5989.11,9299.12,8,162.26,6
202409,EMP_1173,DVKD_015,VUNG_2,1470.04,9660.14,12388.92,13,228.48,7
202409,EMP_1174,DVKD_015,VUNG_2,1764.37,9040.01,13844.97,13,187.1,10
202409,EMP_1175,DVKD_015,VUNG_2,1548.24,8416.5,13268.11,12,249.37,10
202409,EMP_1176,DVKD_015,VUNG_2,2065.68,10659.68,19622.57,20,309.16,9
202409,EMP_1177,DVKD_015,VUNG_2,1589.28,9422.24,15019.24,16,258.14,9
202409,EMP_1178,DVKD_015,VUNG_2,2173.71,13033.57,15840.07,22,404.47,14
202409,EMP_1179,DVKD_015,VUNG_2,1676.71,7825.6,13889.52,13,268.91,10
202409,EMP_1180,DVKD_015,VUNG_2,2212.87,10664.45,18741.18,20,397.41,12
202409,EMP_1181,DVKD_015,VUNG_2,1794.68,8488.62,14526.77,17,308.76,9
202409,EMP_1182,DVKD_015,VUNG_2,2082.83,13934.07,18353.94,23,450.19,10
202409,EMP_1183,DVKD_015,VUNG_2,1727.89,8979.28,12018.21,13,316.79,10
202409,EMP_1184,DVKD_016,VUNG_2,1076.35,5117.66,9254.9,10,123.38,4
202409,EMP_1185,DVKD_016,VUNG_2,865.01,5148.95,7131.99,9,159.75,4
202409,EMP_1186,DVKD_016,VUNG_2,1023.93,4369.82,6804.66,10,162.72,4
202409,EMP_1187,DVKD_016,VUNG_2,2469.57,10223.88,21044.11,19,287.24,14
202409,EMP_1188,DVKD_016,VUNG_2,1059.52,5446.45,8084.29,8,120.3,4
202409,EMP_1189,DVKD_016,VUNG_2,841.58,4435.42,6986.1,7,111.62,5
202409,EMP_1190,DVKD_016,VUNG_2,1557.59,8014.09,11017.49,12,322.22,9
202409,EMP_1191,DVKD_016,VUNG_2,2436.74,13639.59,19667.66,23,274.82,12
202409,EMP_1192,DVKD_016,VUNG_2,1718.02,7405.92,12641.84,13,185.8,9
202409,EMP_1193,DVKD_016,VUNG_2,1753.98,7725.96,12332.76,13,340.1,9
202409,EMP_1194,DVKD_016,VUNG_2,1689.8,9315.74,12126.55,17,309.13,9
202409,EMP_1195,DVKD_016,VUNG_2,1412.21,7807.56,12761.61,18,230.37,9
202409,EMP_1196,DVKD_016,VUNG_2,1393.95,6811.68,14320.01,18,254.98,9
202409,EMP_1197,DVKD_016,VUNG_2,1762.2,6811.23,14723.37,14,232.65,9
202409,EMP_1198,DVKD_017,VUNG_3,912.38,5681.45,7434.45,10,109.84,5
202409,EMP_1199,DVKD_017,VUNG_3,1052.16,4828.67,7253.78,7,200.02,5
202409,EMP_1200,DVKD_017,VUNG_3,910.16,5745.61,8521.8,10,198.64,6
202409,EMP_1201,DVKD_017,VUNG_3,1794.05,6805.07,12945.7,14,244.79,10
202409,EMP_1202,DVKD_017,VUNG_3,2467.27,10724.51,19277.08,17,395.72,11
202409,EMP_1203,DVKD_017,VUNG_3,1602.76,7422.87,12814.51,13,271.94,8
202409,EMP_1204,DVKD_017,VUNG_3,1005.92,5164.04,7647.14,9,153.21,4
202409,EMP_1205,DVKD_017,VUNG_3,1455.34,8187.04,13466.02,17,274.01,8
202409,EMP_1206,DVKD_017,VUNG_3,1078.65,5347.99,7877.65,9,143.23,5
202409,EMP_1207,DVKD_017,VUNG_3,1616.11,7377.95,12976.96,12,254.53,8
202409,EMP_1208,DVKD_017,VUNG_3,997.17,4534.56,6544.16,8,150.32,6
202409,EMP_1209,DVKD_018,VUNG_3,1076.83,4952.74,9254.57,9,163.7,6
202409,EMP_1210,DVKD_018,VUNG_3,912.64,4661.23,6706.54,10,184.91,6
202409,EMP_1211,DVKD_018,VUNG_3,964.34,5874.29,9189.35,10,142.93,5
202409,EMP_1212,DVKD_018,VUNG_3,1787.18,7176.89,13135.96,14,190.79,9
202409,EMP_1213,DVKD_018,VUNG_3,941.83,4819.39,7012.45,7,161.89,6
202409,EMP_1214,DVKD_018,VUNG_3,1640.24,7262.89,11241.13,16,245.49,7
202409,EMP_1215,DVKD_018,VUNG_3,1469.82,7320.7,13695.16,15,264.64,7
202409,EMP_1216,DVKD_018,VUNG_3,1374.03,9062.83,15579.38,17,301.18,8
202409,EMP_1217,DVKD_018,VUNG_3,1057.39,4282.05,8074.23,10,144.15,6
202409,EMP_1218,DVKD_018,VUNG_3,1370.42,8192.38,13227.83,12,276.15,7
202409,EMP_1219,DVKD_018,VUNG_3,1044.8,5034.13,6480.18,9,203.5,4
202409,EMP_1220,DVKD_018,VUNG_3,980.67,4501.55,8507.89,8,133.89,4
202409,EMP_1221,DVKD_018,VUNG_3,1427.25,9447.3,12136.54,17,348.58,8
202409,EMP_1222,DVKD_018,VUNG_3,1763.79,8755.28,15059.64,17,224.0,7
202409,EMP_1223,DVKD_019,VUNG_3,941.08,5331.74,9107.75,9,121.9,4
202409,EMP_1224,DVKD_019,VUNG_3,932.21,4252.97,9341.82,7,203.87,5
202409,EMP_1225,DVKD_019,VUNG_3,1061.43,5563.06,6497.99,7,187.56,6
202409,EMP_1226,DVKD_019,VUNG_3,1638.67,9209.79,11083.21,13,240.07,6
202409,EMP_1227,DVKD_019,VUNG_3,1430.1,8284.23,14674.86,18,289.96,8
202409,EMP_1228,DVKD_019,VUNG_3,1542.33,9192.1,11009.37,14,340.73,10
202409,EMP_1229,DVKD_019,VUNG_3,2167.57,13197.25,16035.02,17,358.28,13
202409,EMP_1230,DVKD_019,VUNG_3,1617.14,8977.55,10822.1,15,333.56,10
202409,EMP_1231,DVKD_019,VUNG_3,1644.14,9607.22,13555.21,14,299.49,9
202409,EMP_1232,DVKD_019,VUNG_3,871.29,5320.05,8776.65,9,148.39,5
202409,EMP_1233,DVKD_019,VUNG_3,1446.0,9543.88,12454.15,16,223.83,8
202409,EMP_1234,DVKD_020,VUNG_3,841.2,5685.76,6733.7,9,180.7,6
202409,EMP_1235,DVKD_020,VUNG_3,1073.9,4468.19,7375.26,9,127.39,6
202409,EMP_1236,DVKD_020,VUNG_3,1018.83,4148.2,7437.0,8,186.34,5
202409,EMP_1237,DVKD_020,VUNG_3,1531.48,8990.73,11129.86,17,212.33,10
202409,EMP_1238,DVKD_020,VUNG_3,1705.8,7951.82,12028.96,17,319.17,8
202409,EMP_1239,DVKD_020,VUNG_3,2468.59,11404.63,15526.4,24,484.86,11
202409,EMP_1240,DVKD_020,VUNG_3,2359.56,11526.16,19073.28,19,420.85,10
202409,EMP_1241,DVKD_020,VUNG_3,890.89,5120.53,7042.27,8,123.57,6
202409,EMP_1242,DVKD_020,VUNG_3,2131.05,13916.66,21220.11,25,317.99,14
202409,EMP_1243,DVKD_020,VUNG_3,1593.09,7858.71,11054.75,17,337.23,9
202409,EMP_1244,DVKD_020,VUNG_3,1527.06,8236.75,12410.71,12,343.16,7
202409,EMP_1245,DVKD_020,VUNG_3,1604.06,9133.4,10846.72,12,338.96,10
202409,EMP_1246,DVKD_020,VUNG_3,897.63,4161.61,8291.36,8,107.89,6
202409,EMP_1247,DVKD_020,VUNG_3,1395.77,7547.43,15365.0,18,255.97,8
202409,EMP_1248,DVKD_021,VUNG_3,914.73,5233.97,8457.63,8,189.57,6
202409,EMP_1249,DVKD_021,VUNG_3,930.2,4827.0,8457.8,8,171.55,5
202409,EMP_1250,DVKD_021,VUNG_3,977.67,5845.2,7387.57,11,133.15,6
202409,EMP_1251,DVKD_021,VUNG_3,1657.16,9994.27,15086.25,16,206.89,10
202409,EMP_1252,DVKD_021,VUNG_3,2384.51,13552.44,17521.35,25,247.59,14
202409,EMP_1253,DVKD_021,VUNG_3,1691.8,9038.84,11043.71,14,234.02,10
202409,EMP_1254,DVKD_021,VUNG_3,1061.24,5820.49,7479.43,10,177.07,5
202409,EMP_1255,DVKD_021,VUNG_3,1548.07,9649.91,12430.96,15,182.67,10
202409,EMP_1256,DVKD_021,VUNG_3,1394.95,8217.42,11718.06,13,279.12,7
202409,EMP_1257,DVKD_021,VUNG_3,1509.24,9178.12,14035.54,16,334.85,9
202409,EMP_1258,DVKD_021,VUNG_3,1723.16,6954.06,15516.32,14,293.57,7
202409,EMP_1259,DVKD_021,VUNG_3,1486.83,9108.38,11775.66,17,195.74,8
202409,EMP_1260,DVKD_022,VUNG_3,844.04,4140.35,7097.8,7,169.22,6
202409,EMP_1261,DVKD_022,VUNG_3,886.74,4218.26,7343.69,9,114.85,4
202409,EMP_1262,DVKD_022,VUNG_3,986.56,5770.56,8255.81,8,162.27,5
202409,EMP_1263,DVKD_022,VUNG_3,2362.53,13593.68,19730.09,20,256.2,11
202409,EMP_1264,DVKD_022,VUNG_3,1364.97,8104.18,13137.09,18,177.28,6
202409,EMP_1265,DVKD_022,VUNG_3,1607.04,9817.29,15162.4,15,187.9,8
202409,EMP_1266,DVKD_022,VUNG_3,1547.65,7640.86,14535.81,17,349.32,8
202409,EMP_1267,DVKD_022,VUNG_3,997.48,4320.59,9042.52,8,125.35,6
202409,EMP_1268,DVKD_022,VUNG_3,1488.04,9036.45,15535.44,17,178.59,8
202409,EMP_1269,DVKD_022,VUNG_3,1556.31,9228.04,14863.25,14,176.41,7
202409,EMP_1270,DVKD_022,VUNG_3,903.94,4101.22,7900.5,11,137.88,4
202409,EMP_1271,DVKD_022,VUNG_3,1526.02,7714.78,13005.02,14,276.87,9
202409,EMP_1272,DVKD_022,VUNG_3,1647.67,8632.58,14539.67,13,213.73,8
202409,EMP_1273,DVKD_022,VUNG_3,1950.01,9588.25,20411.7,22,402.57,14
202409,EMP_1274,DVKD_023,VUNG_3,1036.51,4169.08,7183.54,9,205.7,5
202409,EMP_1275,DVKD_023,VUNG_3,921.78,4566.29,6520.16,10,117.25,5
202409,EMP_1276,DVKD_023,VUNG_3,929.9,5605.59,8254.85,7,199.12,5
202409,EMP_1277,DVKD_023,VUNG_3,1788.87,9718.7,12403.6,17,273.45,10
202409,EMP_1278,DVKD_023,VUNG_3,1594.36,7834.49,13514.85,13,204.92,9
202409,EMP_1279,DVKD_023,VUNG_3,2375.77,10916.35,17776.02,19,451.58,11
202409,EMP_1280,DVKD_023,VUNG_3,1711.85,7373.38,10840.66,16,255.08,8
202409,EMP_1281,DVKD_023,VUNG_3,1433.94,7618.67,15519.86,17,296.61,7
202409,EMP_1282,DVKD_023,VUNG_3,1758.3,7166.51,14645.53,17,214.49,9
202409,EMP_1283,DVKD_023,VUNG_3,1352.75,7404.94,14162.04,13,288.23,9
202409,EMP_1284,DVKD_023,VUNG_3,2305.96,9822.51,21214.4,21,275.5,12
202409,EMP_1285,DVKD_023,VUNG_3,2197.96,9539.16,17579.8,18,271.07,10
202409,EMP_1286,DVKD_023,VUNG_3,1546.44,8513.7,12395.12,15,302.81,10
202409,EMP_1287,DVKD_024,VUNG_3,963.62,4970.4,9281.7,8,177.53,5
202409,EMP_1288,DVKD_024,VUNG_3,949.53,5440.95,8641.19,10,201.3,5
202409,EMP_1289,DVKD_024,VUNG_3,1016.71,5422.78,8951.27,7,207.8,5
202409,EMP_1290,DVKD_024,VUNG_3,1419.56,9707.57,13102.04,13,264.09,8
202409,EMP_1291,DVKD_024,VUNG_3,1746.93,9571.94,13955.31,18,199.17,9
202409,EMP_1292,DVKD_024,VUNG_3,938.73,4082.34,6991.58,8,135.93,4
202409,EMP_1293,DVKD_024,VUNG_3,2473.77,13907.63,16029.02,25,259.49,9
202409,EMP_1294,DVKD_024,VUNG_3,1475.44,9959.69,13943.2,16,336.8,10
202409,EMP_1295,DVKD_024,VUNG_3,2361.1,9815.85,21664.86,25,386.43,13
202409,EMP_1296,DVKD_024,VUNG_3,1665.5,8954.0,14331.45,16,197.33,9
202409,EMP_1297,DVKD_024,VUNG_3,1790.4,7686.39,14229.09,13,324.17,7
202409,EMP_1298,DVKD_024,VUNG_3,1547.51,7949.36,15265.76,16,193.07,8
202410,EMP_1001,DVKD_001,VUNG_1,862.37,5805.14,8666.8,9,148.88,6
202410,EMP_1002,DVKD_001,VUNG_1,919.93,4840.08,6488.31,11,111.03,6
202410,EMP_1003,DVKD_001,VUNG_1,970.62,5875.01,7747.11,9,146.78,5
202410,EMP_1004,DVKD_001,VUNG_1,1625.0,7517.58,14485.94,16,289.06,10
202410,EMP_1005,DVKD_001,VUNG_1,1390.35,8984.44,14702.18,18,187.95,8
202410,EMP_1006,DVKD_001,VUNG_1,2435.07,9703.13,21469.66,22,479.17,10
202410,EMP_1007,DVKD_001,VUNG_1,1774.85,6893.35,11990.12,18,269.71,8
202410,EMP_1008,DVKD_001,VUNG_1,1629.04,8054.02,11524.01,12,327.01,10
202410,EMP_1009,DVKD_001,VUNG_1,2154.47,9582.68,15495.49,20,461.78,14
202410,EMP_1010,DVKD_001,VUNG_1,1537.96,9903.08,12687.63,18,328.48,7
202410,EMP_1011,DVKD_001,VUNG_1,1455.24,8060.8,11534.26,15,315.73,8
202410,EMP_1012,DVKD_001,VUNG_1,1377.2,8659.88,14538.25,17,227.59,7
202410,EMP_1013,DVKD_001,VUNG_1,1784.39,8052.85,11742.47,14,309.79,9
202410,EMP_1014,DVKD_001,VUNG_1,2247.56,11060.18,17151.46,22,285.98,10
202410,EMP_1015,DVKD_002,VUNG_1,1038.56,4819.85,7729.46,10,114.29,6
202410,EMP_1016,DVKD_002,VUNG_1,879.05,5588.79,8396.54,11,182.58,6
202410,EMP_1017,DVKD_002,VUNG_1,959.8,4695.48,8419.7,8,159.04,5
202410,EMP_1018,DVKD_002,VUNG_1,1049.3,4155.44,8596.66,11,167.38,5
202410,EMP_1019,DVKD_002,VUNG_1,1394.14,8792.88,12756.31,16,301.76,10
202410,EMP_1020,DVKD_002,VUNG_1,1002.03,5343.39,8124.17,9,128.16,5
202410,EMP_1021,DVKD_002,VUNG_1,1712.25,9639.56,14256.79,18,224.3,8
202410,EMP_1022,DVKD_002,VUNG_1,1781.1,9644.68,14000.21,14,216.27,7
202410,EMP_1023,DVKD_002,VUNG_1,1777.16,9837.96,10966.73,16,188.57,9
202410,EMP_1024,DVKD_002,VUNG_1,908.78,5363.45,7918.58,7,207.91,4
202410,EMP_1025,DVKD_002,VUNG_1,2434.05,13007.06,17743.52,23,410.41,12
202410,EMP_1026,DVKD_003,VUNG_1,1024.94,4850.64,8530.87,10,208.99,6
202410,EMP_1027,DVKD_003,VUNG_1,1064.54,5839.08,7446.25,8,206.54,5
202410,EMP_1028,DVKD_003,VUNG_1,962.37,5982.97,7260.06,9,181.45,6
202410,EMP_1029,DVKD_003,VUNG_1,2130.85,13134.88,18015.7,24,275.99,10
202410,EMP_1030,DVKD_003,VUNG_1,1478.5,6870.8,14149.16,12,233.11,10
202410,EMP_1031,DVKD_003,VUNG_1,1628.25,9807.67,13238.62,17,207.44,8
202410,EMP_1032,DVKD_003,VUNG_1,1414.17,9316.89,12581.84,14,227.87,8
202410,EMP_1033,DVKD_003,VUNG_1,840.47,5851.46,6519.01,10,134.0,4
202410,EMP_1034,DVKD_003,VUNG_1,1019.77,5209.92,6821.75,8,117.87,6
202410,EMP_1035,DVKD_003,VUNG_1,824.21,5361.98,7242.54,9,125.52,6
202410,EMP_1036,DVKD_004,VUNG_1,852.5,4877.68,6815.07,10,198.04,4
202410,EMP_1037,DVKD_004,VUNG_1,1028.59,4949.39,7668.43,10,153.08,4
202410,EMP_1038,DVKD_004,VUNG_1,1055.01,5815.04,6566.36,10,181.74,5
202410,EMP_1039,DVKD_004,VUNG_1,1588.87,7940.06,11601.66,18,188.9,9
202410,EMP_1040,DVKD_004,VUNG_1,1550.99,9731.68,13473.51,14,211.6,10
202410,EMP_1041,DVKD_004,VUNG_1,987.64,5499.12,6987.51,10,158.08,5
202410,EMP_1042,DVKD_004,VUNG_1,2058.25,12567.64,21102.77,21,272.55,10
202410,EMP_1043,DVKD_004,VUNG_1,1784.19,9583.02,15282.04,16,296.01,8
202410,EMP_1044,DVKD_004,VUNG_1,1503.65,9174.31,11508.42,17,255.99,7
202410,EMP_1045,DVKD_004,VUNG_1,1543.49,8982.3,12752.34,13,175.6,8
202410,EMP_1046,DVKD_004,VUNG_1,1377.88,9447.73,15240.0,16,237.49,7
202410,EMP_1047,DVKD_004,VUNG_1,1547.7,8518.43,10918.02,18,231.96,8
202410,EMP_1048,DVKD_005,VUNG_1,1075.7,4149.82,9131.83,9,176.65,6
202410,EMP_1049,DVKD_005,VUNG_1,827.74,4437.71,7813.77,10,125.46,5
202410,EMP_1050,DVKD_005,VUNG_1,973.14,4515.28,8132.15,10,185.77,4
202410,EMP_1051,DVKD_005,VUNG_1,2140.74,13131.43,19784.54,21,285.3,9
202410,EMP_1052,DVKD_005,VUNG_1,1404.73,8009.87,12460.14,16,265.67,8
202410,EMP_1053,DVKD_005,VUNG_1,1757.92,6885.72,13895.4,15,285.45,8
202410,EMP_1054,DVKD_005,VUNG_1,1460.76,7209.03,12592.94,16,319.77,10
202410,EMP_1055,DVKD_005,VUNG_1,1657.3,9710.54,11512.12,13,296.31,10
202410,EMP_1056,DVKD_005,VUNG_1,2032.91,12279.45,21125.14,22,287.71,11
202410,EMP_1057,DVKD_005,VUNG_1,1733.79,9011.81,14775.87,17,213.86,8
202410,EMP_1058,DVKD_005,VUNG_1,844.88,4892.6,6730.87,8,108.65,5
202410,EMP_1059,DVKD_006,VUNG_1,1055.0,5138.36,7802.25,9,145.85,5
202410,EMP_1060,DVKD_006,VUNG_1,1069.09,5547.82,8803.95,10,125.99,4
202410,EMP_1061,DVKD_006,VUNG_1,813.82,4319.39,7621.71,8,193.76,6
202410,EMP_1062,DVKD_006,VUNG_1,2238.78,13520.41,18871.61,22,480.67,13
202410,EMP_1063,DVKD_006,VUNG_1,1783.65,8377.58,14610.03,16,336.53,9
202410,EMP_1064,DVKD_006,VUNG_1,1590.36,7626.47,12732.18,13,252.46,7
202410,EMP_1065,DVKD_006,VUNG_1,1415.32,9934.97,15428.03,18,346.93,7
202410,EMP_1066,DVKD_006,VUNG_1,853.57,5447.18,6528.64,8,168.78,4
202410,EMP_1067,DVKD_006,VUNG_1,1419.29,8592.68,14017.69,16,202.0,10
202410,EMP_1068,DVKD_006,VUNG_1,1795.87,8820.27,11683.84,16,236.9,7
202410,EMP_1069,DVKD_006,VUNG_1,1432.37,9642.97,15565.93,14,240.03,7
202410,EMP_1070,DVKD_006,VUNG_1,1525.33,9465.97,13850.07,16,326.29,7
202410,EMP_1071,DVKD_006,VUNG_1,2428.7,10034.04,15492.43,20,439.28,11
202410,EMP_1072,DVKD_006,VUNG_1,1033.47,4092.12,8406.73,8,163.68,5
202410,EMP_1073,DVKD_007,VUNG_1,842.95,5158.43,6907.67,10,112.53,6
202410,EMP_1074,DVKD_007,VUNG_1,857.12,5349.31,7945.11,8,146.93,5
202410,EMP_1075,DVKD_007,VUNG_1,1004.43,5341.15,7592.01,8,134.07,5
202410,EMP_1076,DVKD_007,VUNG_1,2117.77,10646.39,15608.69,18,398.42,9
202410,EMP_1077,DVKD_007,VUNG_1,1388.92,9927.53,12084.81,12,309.12,9
202410,EMP_1078,DVKD_007,VUNG_1,1498.48,7669.18,13533.96,16,275.84,8
202410,EMP_1079,DVKD_007,VUNG_1,1075.89,5214.59,7778.47,9,189.51,4
202410,EMP_1080,DVKD_007,VUNG_1,1711.54,9395.85,10887.17,13,345.87,9
202410,EMP_1081,DVKD_007,VUNG_1,829.2,5744.4,7908.86,8,174.47,4
202410,EMP_1082,DVKD_007,VUNG_1,1936.17,10424.0,16757.33,23,466.95,12
202410,EMP_1083,DVKD_008,VUNG_1,934.94,5167.74,7787.24,7,205.26,5
202410,EMP_1084,DVKD_008,VUNG_1,830.03,4898.62,9052.41,8,188.78,6
202410,EMP_1085,DVKD_008,VUNG_1,860.05,4920.67,7601.48,10,153.34,5
202410,EMP_1086,DVKD_008,VUNG_1,1609.55,8497.34,13783.86,16,248.56,7
202410,EMP_1087,DVKD_008,VUNG_1,1636.83,7465.62,13828.63,15,335.27,9
202410,EMP_1088,DVKD_008,VUNG_1,1441.36,8728.38,13823.83,14,229.03,7
202410,EMP_1089,DVKD_008,VUNG_1,948.37,5472.16,8145.27,8,129.48,4
202410,EMP_1090,DVKD_008,VUNG_1,1421.34,8675.5,12489.47,12,236.09,10
202410,EMP_1091,DVKD_008,VUNG_1,1472.53,7704.92,13872.4,17,224.72,6
202410,EMP_1092,DVKD_008,VUNG_1,1372.47,7248.9,15447.21,15,228.58,9
202410,EMP_1093,DVKD_008,VUNG_1,2370.38,11743.92,17120.84,21,355.28,11
202410,EMP_1094,DVKD_008,VUNG_1,1064.07,4886.0,7059.76,10,149.8,6
202410,EMP_1095,DVKD_008,VUNG_1,2051.87,11001.2,15274.92,19,322.11,10
202410,EMP_1096,DVKD_009,VUNG_2,863.78,5210.62,7592.03,8,149.8,4
202410,EMP_1097,DVKD_009,VUNG_2,935.39,4231.83,9022.27,9,142.6,5
202410,EMP_1098,DVKD_009,VUNG_2,912.64,4696.5,6622.69,9,153.92,4
202410,EMP_1099,DVKD_009,VUNG_2,2121.84,10013.35,18674.99,21,410.23,11
202410,EMP_1100,DVKD_009,VUNG_2,1455.65,7050.76,12307.27,14,266.79,10
202410,EMP_1101,DVKD_009,VUNG_2,1728.22,9243.04,13736.28,14,224.3,9
202410,EMP_1102,DVKD_009,VUNG_2,2046.25,13876.24,20184.99,24,475.81,11
202410,EMP_1103,DVKD_009,VUNG_2,1449.63,9068.92,14570.71,17,228.44,7
202410,EMP_1104,DVKD_009,VUNG_2,1606.22,8731.14,11974.02,16,320.91,10
202410,EMP_1105,DVKD_009,VUNG_2,1466.32,8650.62,12168.43,15,222.19,8
202410,EMP_1106,DVKD_009,VUNG_2,1357.73,9229.03,14816.5,16,204.98,7
202410,EMP_1107,DVKD_009,VUNG_2,1616.99,8401.61,11415.86,16,301.62,7
202410,EMP_1108,DVKD_009,VUNG_2,2252.64,13182.72,19437.9,24,387.75,14
202410,EMP_1109,DVKD_009,VUNG_2,1394.89,7304.62,15443.22,18,308.04,8
202410,EMP_1110,DVKD_010,VUNG_2,826.53,4412.81,8958.01,10,155.29,5
202410,EMP_1111,DVKD_010,VUNG_2,1039.94,4747.68,7306.75,10,148.34,5
202410,EMP_1112,DVKD_010,VUNG_2,1026.1,4333.27,8719.91,7,106.07,5
202410,EMP_1113,DVKD_010,VUNG_2,2247.01,13320.19,17683.69,17,422.27,10
202410,EMP_1114,DVKD_010,VUNG_2,1374.57,6887.63,15106.75,17,193.66,10
202410,EMP_1115,DVKD_010,VUNG_2,1441.82,9564.08,12399.93,14,237.34,9
202410,EMP_1116,DVKD_010,VUNG_2,2136.71,11001.84,17387.21,22,360.48,9
202410,EMP_1117,DVKD_010,VUNG_2,1063.78,5944.04,6707.18,9,127.93,4
202410,EMP_1118,DVKD_010,VUNG_2,1667.62,8568.16,11707.93,16,244.4,7
202410,EMP_1119,DVKD_010,VUNG_2,1382.62,9790.56,13443.5,12,210.82,10
202410,EMP_1120,DVKD_011,VUNG_2,861.43,4862.2,9166.43,10,108.52,4
202410,EMP_1121,DVKD_011,VUNG_2,893.71,4642.09,7243.55,8,116.32,5
202410,EMP_1122,DVKD_011,VUNG_2,989.09,5451.27,7677.17,10,175.85,5
202410,EMP_1123,DVKD_011,VUNG_2,1701.64,8528.87,10934.5,15,332.78,10
202410,EMP_1124,DVKD_011,VUNG_2,2087.69,12691.15,16066.63,24,338.45,12
202410,EMP_1125,DVKD_011,VUNG_2,1372.56,9635.59,13938.33,16,345.15,8
202410,EMP_1126,DVKD_011,VUNG_2,2070.21,11606.86,16385.53,17,295.92,11
202410,EMP_1127,DVKD_011,VUNG_2,1419.82,8517.0,14598.6,14,183.21,7
202410,EMP_1128,DVKD_011,VUNG_2,1601.59,9821.82,12826.2,14,253.48,8
202410,EMP_1129,DVKD_011,VUNG_2,1742.46,9751.3,11565.52,13,266.05,7
202410,EMP_1130,DVKD_011,VUNG_2,1706.94,6829.82,10877.96,14,275.38,7
202410,EMP_1131,DVKD_011,VUNG_2,2018.78,9564.62,15267.62,18,345.03,11
202410,EMP_1132,DVKD_011,VUNG_2,1008.2,4315.88,9074.6,10,143.35,6
202410,EMP_1133,DVKD_011,VUNG_2,2165.65,11432.37,20334.09,22,330.11,14
202410,EMP_1134,DVKD_012,VUNG_2,877.26,5516.91,6979.86,10,127.11,4
202410,EMP_1135,DVKD_012,VUNG_2,1053.95,5827.65,8595.98,9,132.12,5
202410,EMP_1136,DVKD_012,VUNG_2,873.45,4496.23,8544.21,11,118.84,4
202410,EMP_1137,DVKD_012,VUNG_2,2076.48,9825.09,21653.22,22,426.64,15
202410,EMP_1138,DVKD_012,VUNG_2,2375.46,9927.08,19942.94,25,407.17,10
202410,EMP_1139,DVKD_012,VUNG_2,824.07,4796.74,7745.32,10,148.43,6
202410,EMP_1140,DVKD_012,VUNG_2,1647.25,8548.69,14302.31,18,320.55,8
202410,EMP_1141,DVKD_012,VUNG_2,2290.72,11738.46,20662.93,20,397.46,14
202410,EMP_1142,DVKD_012,VUNG_2,2479.5,10339.29,16892.13,20,401.76,10
202410,EMP_1143,DVKD_012,VUNG_2,1742.58,8210.26,14585.37,15,200.96,8
202410,EMP_1144,DVKD_013,VUNG_2,1061.41,4425.37,7391.97,7,205.36,6
202410,EMP_1145,DVKD_013,VUNG_2,902.68,4836.87,8017.28,10,201.06,6
202410,EMP_1146,DVKD_013,VUNG_2,849.81,4555.02,7197.42,8,165.21,6
202410,EMP_1147,DVKD_013,VUNG_2,2390.49,9966.79,15688.08,25,274.21,12
202410,EMP_1148,DVKD_013,VUNG_2,1581.08,7554.26,12463.95,16,247.79,10
202410,EMP_1149,DVKD_013,VUNG_2,1626.39,8942.75,15076.11,17,254.52,7
202410,EMP_1150,DVKD_013,VUNG_2,1720.97,7732.31,10973.06,16,214.47,7
202410,EMP_1151,DVKD_013,VUNG_2,1396.61,9909.2,13762.8,16,206.19,8
202410,EMP_1152,DVKD_013,VUNG_2,1748.59,9245.82,13171.16,13,199.87,8
202410,EMP_1153,DVKD_013,VUNG_2,1524.51,7614.49,11857.5,15,203.62,8
202410,EMP_1154,DVKD_013,VUNG_2,1480.17,7261.89,12603.27,14,231.09,10
202410,EMP_1155,DVKD_013,VUNG_2,1616.0,8867.36,14879.99,13,209.18,9
202410,EMP_1156,DVKD_013,VUNG_2,1661.56,9412.65,11771.31,14,227.86,10
202410,EMP_1157,DVKD_014,VUNG_2,1035.05,4665.09,8900.98,9,167.92,6
202410,EMP_1158,DVKD_014,VUNG_2,813.17,4972.08,8796.79,7,144.29,5
202410,EMP_1159,DVKD_014,VUNG_2,1016.81,5393.96,6685.55,10,137.89,6
202410,EMP_1160,DVKD_014,VUNG_2,1551.69,7623.61,14169.56,13,249.75,9
202410,EMP_1161,DVKD_014,VUNG_2,1421.98,9608.47,14357.19,14,221.9,8
202410,EMP_1162,DVKD_014,VUNG_2,1574.1,7820.5,11618.38,17,274.27,6
202410,EMP_1163,DVKD_014,VUNG_2,1386.25,8077.98,13405.14,13,280.8,7
202410,EMP_1164,DVKD_014,VUNG_2,2122.4,12768.57,16179.53,22,273.67,11
202410,EMP_1165,DVKD_014,VUNG_2,1043.47,5863.56,7662.28,7,167.1,5
202410,EMP_1166,DVKD_014,VUNG_2,1649.18,8661.01,11916.44,13,291.97,10
202410,EMP_1167,DVKD_014,VUNG_2,2296.82,10292.17,19302.68,19,432.17,10
202410,EMP_1168,DVKD_014,VUNG_2,1544.16,7043.19,13983.58,16,179.74,9
202410,EMP_1169,DVKD_014,VUNG_2,1502.84,7422.5,14274.49,13,269.2,10
202410,EMP_1170,DVKD_015,VUNG_2,821.77,5181.88,8932.8,8,194.83,4
202410,EMP_1171,DVKD_015,VUNG_2,983.44,4419.42,6917.3,11,123.15,4
202410,EMP_1172,DVKD_015,VUNG_2,1012.28,5061.81,9105.69,8,144.11,4
202410,EMP_1173,DVKD_015,VUNG_2,1545.95,8134.9,13197.62,14,331.39,7
202410,EMP_1174,DVKD_015,VUNG_2,1612.28,8498.68,12058.29,15,243.16,10
202410,EMP_1175,DVKD_015,VUNG_2,1687.53,9478.95,14033.85,12,242.95,9
202410,EMP_1176,DVKD_015,VUNG_2,2206.56,13697.32,18091.88,21,304.92,11
202410,EMP_1177,DVKD_015,VUNG_2,1497.28,9157.6,12661.04,14,340.5,8
202410,EMP_1178,DVKD_015,VUNG_2,2085.8,12859.19,19123.73,23,298.34,13
202410,EMP_1179,DVKD_015,VUNG_2,1400.31,7250.91,15264.78,17,206.33,7
202410,EMP_1180,DVKD_015,VUNG_2,1900.78,12611.99,15425.57,18,306.97,10
202410,EMP_1181,DVKD_015,VUNG_2,1787.66,7700.49,13130.87,15,329.0,9
202410,EMP_1182,DVKD_015,VUNG_2,2331.01,10021.39,18285.52,22,282.59,13
202410,EMP_1183,DVKD_015,VUNG_2,1614.66,8701.0,13742.24,15,267.2,9
202410,EMP_1184,DVKD_016,VUNG_2,948.7,4462.39,8597.82,7,128.03,5
202410,EMP_1185,DVKD_016,VUNG_2,920.65,5496.0,8625.96,10,111.55,5
202410,EMP_1186,DVKD_016,VUNG_2,863.11,4389.68,7449.58,9,124.8,4
202410,EMP_1187,DVKD_016,VUNG_2,2092.71,9727.93,20560.6,19,462.14,14
202410,EMP_1188,DVKD_016,VUNG_2,958.45,4083.67,7503.2,10,202.12,6
202410,EMP_1189,DVKD_016,VUNG_2,976.31,5347.17,8105.92,9,111.26,5
202410,EMP_1190,DVKD_016,VUNG_2,1663.88,7324.85,12995.47,15,217.71,7
202410,EMP_1191,DVKD_016,VUNG_2,2421.62,13968.39,16509.76,24,394.31,11
202410,EMP_1192,DVKD_016,VUNG_2,1705.32,9871.16,11829.55,15,332.52,7
202410,EMP_1193,DVKD_016,VUNG_2,1501.3,7164.94,13829.31,15,316.98,10
202410,EMP_1194,DVKD_016,VUNG_2,1531.12,8072.48,11302.82,15,228.32,10
202410,EMP_1195,DVKD_016,VUNG_2,1350.37,7038.03,11544.25,15,202.45,10
202410,EMP_1196,DVKD_016,VUNG_2,1672.6,7287.53,14030.53,17,302.94,7
202410,EMP_1197,DVKD_016,VUNG_2,1753.97,8275.48,13680.42,17,267.46,8
202410,EMP_1198,DVKD_017,VUNG_3,1063.23,5493.66,8496.91,9,199.04,5
202410,EMP_1199,DVKD_017,VUNG_3,835.64,4163.42,8655.89,10,191.68,4
202410,EMP_1200,DVKD_017,VUNG_3,981.4,5873.92,7985.22,10,190.39,4
202410,EMP_1201,DVKD_017,VUNG_3,1383.78,7207.79,13712.15,18,195.44,10
202410,EMP_1202,DVKD_017,VUNG_3,2327.72,11098.5,19107.79,22,375.64,10
202410,EMP_1203,DVKD_017,VUNG_3,1661.75,7919.82,13187.9,16,177.91,9
202410,EMP_1204,DVKD_017,VUNG_3,1007.61,5426.87,7565.39,10,191.31,5
202410,EMP_1205,DVKD_017,VUNG_3,1693.67,8757.23,12498.73,17,199.21,8
202410,EMP_1206,DVKD_017,VUNG_3,893.17,5053.88,8108.65,11,141.06,4
202410,EMP_1207,DVKD_017,VUNG_3,1472.77,8192.5,13855.02,17,304.18,10
202410,EMP_1208,DVKD_017,VUNG_3,966.42,5247.03,7761.75,9,119.99,5
202410,EMP_1209,DVKD_018,VUNG_3,924.22,5977.85,7357.0,10,165.28,5
202410,EMP_1210,DVKD_018,VUNG_3,815.83,4087.39,8731.72,9,177.03,5
202410,EMP_1211,DVKD_018,VUNG_3,960.97,5396.32,8929.75,8,133.96,6
202410,EMP_1212,DVKD_018,VUNG_3,1437.09,8746.44,13219.53,14,246.92,7
202410,EMP_1213,DVKD_018,VUNG_3,1036.5,5076.46,8294.15,8,181.97,5
202410,EMP_1214,DVKD_018,VUNG_3,1589.95,9991.17,12206.24,16,179.89,8
202410,EMP_1215,DVKD_018,VUNG_3,1354.44,8735.77,13981.83,15,244.04,6
202410,EMP_1216,DVKD_018,VUNG_3,1784.18,7178.46,15060.62,12,244.73,10
202410,EMP_1217,DVKD_018,VUNG_3,820.55,4848.41,8072.29,10,106.9,5
202410,EMP_1218,DVKD_018,VUNG_3,1471.75,9467.4,12521.13,13,213.75,9
202410,EMP_1219,DVKD_018,VUNG_3,955.7,5146.65,8999.81,10,139.64,5
202410,EMP_1220,DVKD_018,VUNG_3,1030.0,5138.05,8262.3,10,132.5,6
202410,EMP_1221,DVKD_018,VUNG_3,1797.68,8570.66,12796.77,17,177.55,10
202410,EMP_1222,DVKD_018,VUNG_3,1551.19,7985.79,10861.08,12,183.04,8
202410,EMP_1223,DVKD_019,VUNG_3,915.4,5383.34,6773.25,10,186.75,5
202410,EMP_1224,DVKD_019,VUNG_3,864.89,5829.43,9216.91,9,115.19,4
202410,EMP_1225,DVKD_019,VUNG_3,962.64,5664.9,9298.79,10,199.21,5
202410,EMP_1226,DVKD_019,VUNG_3,1551.97,6965.72,14453.62,17,334.65,9
202410,EMP_1227,DVKD_019,VUNG_3,1588.87,7318.39,15015.3,17,180.47,9
202410,EMP_1228,DVKD_019,VUNG_3,1441.82,7991.56,14102.07,12,222.49,8
202410,EMP_1229,DVKD_019,VUNG_3,2488.31,10649.25,19161.76,25,341.38,10
202410,EMP_1230,DVKD_019,VUNG_3,1504.32,8150.21,15131.46,14,335.4,7
202410,EMP_1231,DVKD_019,VUNG_3,1773.0,8009.06,14579.51,13,231.63,8
202410,EMP_1232,DVKD_019,VUNG_3,971.29,5754.71,6874.35,11,185.65,4
202410,EMP_1233,DVKD_019,VUNG_3,1734.8,7199.63,10837.99,13,338.08,9
202410,EMP_1234,DVKD_020,VUNG_3,889.62,5602.81,7224.83,8,199.58,5
202410,EMP_1235,DVKD_020,VUNG_3,887.91,5588.1,7552.41,8,150.89,4
202410,EMP_1236,DVKD_020,VUNG_3,1038.99,5650.14,8019.01,8,156.36,4
202410,EMP_1237,DVKD_020,VUNG_3,1411.73,7865.65,12468.95,13,297.77,10
202410,EMP_1238,DVKD_020,VUNG_3,1618.17,6810.64,11995.86,13,207.35,7
202410,EMP_1239,DVKD_020,VUNG_3,2437.42,13683.24,20355.77,19,435.81,10
202410,EMP_1240,DVKD_020,VUNG_3,2501.04,11736.05,17980.02,19,402.42,13
202410,EMP_1241,DVKD_020,VUNG_3,976.72,5146.92,8531.61,8,139.1,4
202410,EMP_1242,DVKD_020,VUNG_3,2311.21,10282.99,20776.21,18,455.51,10
202410,EMP_1243,DVKD_020,VUNG_3,1402.05,8407.54,13148.42,16,253.51,7
202410,EMP_1244,DVKD_020,VUNG_3,1762.31,8493.1,13856.31,14,279.88,7
202410,EMP_1245,DVKD_020,VUNG_3,1554.35,7661.58,11905.54,14,212.59,9
202410,EMP_1246,DVKD_020,VUNG_3,890.34,5757.78,8587.58,10,136.06,6
202410,EMP_1247,DVKD_020,VUNG_3,1729.85,7181.06,13586.79,16,346.5,8
202410,EMP_1248,DVKD_021,VUNG_3,880.19,5707.02,8216.74,7,129.29,5
202410,EMP_1249,DVKD_021,VUNG_3,818.18,4454.85,8005.97,9,196.75,4
202410,EMP_1250,DVKD_021,VUNG_3,864.28,5664.96,7980.96,9,124.13,6
202410,EMP_1251,DVKD_021,VUNG_3,1580.84,8419.29,15070.2,17,272.44,8
202410,EMP_1252,DVKD_021,VUNG_3,1999.68,11954.01,16439.13,19,380.94,10
202410,EMP_1253,DVKD_021,VUNG_3,1657.92,7803.07,11386.69,16,246.5,10
202410,EMP_1254,DVKD_021,VUNG_3,867.43,4708.68,7132.11,10,187.35,4
202410,EMP_1255,DVKD_021,VUNG_3,1580.35,9563.13,12509.95,16,207.9,8
202410,EMP_1256,DVKD_021,VUNG_3,1521.68,7080.39,13100.12,16,338.37,9
202410,EMP_1257,DVKD_021,VUNG_3,1528.87,9782.86,15537.3,13,317.39,7
202410,EMP_1258,DVKD_021,VUNG_3,1622.07,7622.25,12605.14,17,220.85,10
202410,EMP_1259,DVKD_021,VUNG_3,1373.7,8680.13,13612.02,12,181.46,7
202410,EMP_1260,DVKD_022,VUNG_3,970.81,4733.35,7136.28,7,200.12,6
202410,EMP_1261,DVKD_022,VUNG_3,994.61,4733.53,6754.18,8,167.42,5
202410,EMP_1262,DVKD_022,VUNG_3,888.44,4631.98,8353.59,9,182.29,5
202410,EMP_1263,DVKD_022,VUNG_3,2215.52,12294.25,21431.18,24,395.69,12
202410,EMP_1264,DVKD_022,VUNG_3,1516.82,7346.23,15172.03,14,310.65,8
202410,EMP_1265,DVKD_022,VUNG_3,1635.8,8627.25,14420.32,13,265.7,7
202410,EMP_1266,DVKD_022,VUNG_3,1616.55,7373.28,11142.99,16,255.98,9
202410,EMP_1267,DVKD_022,VUNG_3,988.29,5352.14,8297.86,7,119.45,5
202410,EMP_1268,DVKD_022,VUNG_3,1434.39,8746.99,14927.42,17,255.87,10
202410,EMP_1269,DVKD_022,VUNG_3,1687.78,8493.19,15196.34,14,232.53,7
202410,EMP_1270,DVKD_022,VUNG_3,881.79,5857.85,7705.31,10,121.79,6
202410,EMP_1271,DVKD_022,VUNG_3,1791.92,7135.4,11674.68,13,180.19,9
202410,EMP_1272,DVKD_022,VUNG_3,1503.77,8190.14,13374.61,17,276.17,9
202410,EMP_1273,DVKD_022,VUNG_3,2511.08,13257.63,15656.16,25,327.46,9
202410,EMP_1274,DVKD_023,VUNG_3,1031.69,5496.75,8257.52,11,206.44,6
202410,EMP_1275,DVKD_023,VUNG_3,980.17,4400.49,6783.45,9,109.93,5
202410,EMP_1276,DVKD_023,VUNG_3,961.27,4896.43,7698.12,8,191.43,5
202410,EMP_1277,DVKD_023,VUNG_3,1632.6,8902.38,14373.66,15,178.62,9
202410,EMP_1278,DVKD_023,VUNG_3,1782.53,6838.04,14813.45,14,197.14,8
202410,EMP_1279,DVKD_023,VUNG_3,2360.06,10064.49,18988.52,23,264.56,10
202410,EMP_1280,DVKD_023,VUNG_3,1735.94,7202.08,13552.83,15,198.52,10
202410,EMP_1281,DVKD_023,VUNG_3,1507.3,7578.72,12847.64,15,295.76,8
202410,EMP_1282,DVKD_023,VUNG_3,1590.76,7123.41,13210.98,13,224.6,7
202410,EMP_1283,DVKD_023,VUNG_3,1411.03,7478.97,13012.98,14,333.51,10
202410,EMP_1284,DVKD_023,VUNG_3,2390.9,11898.56,16501.91,23,279.27,11
202410,EMP_1285,DVKD_023,VUNG_3,2026.73,11082.08,19962.6,20,305.11,11
202410,EMP_1286,DVKD_023,VUNG_3,1709.32,6993.13,10834.15,14,231.31,10
202410,EMP_1287,DVKD_024,VUNG_3,1012.84,5944.31,6740.2,9,135.65,5
202410,EMP_1288,DVKD_024,VUNG_3,833.21,4721.88,7591.2,9,166.4,5
202410,EMP_1289,DVKD_024,VUNG_3,906.41,5596.52,6813.19,9,130.84,6
202410,EMP_1290,DVKD_024,VUNG_3,1626.05,8912.08,14823.93,17,257.52,7
202410,EMP_1291,DVKD_024,VUNG_3,1362.68,7306.91,13653.61,18,288.78,8
202410,EMP_1292,DVKD_024,VUNG_3,902.64,4558.8,6990.02,7,189.76,4
202410,EMP_1293,DVKD_024,VUNG_3,2404.71,12579.65,15634.37,24,397.75,13
202410,EMP_1294,DVKD_024,VUNG_3,1781.5,7834.66,15079.89,14,327.63,9
202410,EMP_1295,DVKD_024,VUNG_3,2078.76,13230.49,15407.98,20,275.49,10
202410,EMP_1296,DVKD_024,VUNG_3,1602.1,6803.91,13153.99,13,221.21,8
202410,EMP_1297,DVKD_024,VUNG_3,1443.84,7229.83,14914.63,17,221.08,7
202410,EMP_1298,DVKD_024,VUNG_3,1471.76,7171.39,14423.89,13,230.47,7
202411,EMP_1001,DVKD_001,VUNG_1,815.83,4870.58,8776.19,9,147.22,6
202411,EMP_1002,DVKD_001,VUNG_1,1042.35,5345.81,8227.62,11,201.59,5
202411,EMP_1003,DVKD_001,VUNG_1,856.75,5110.24,8951.61,11,158.46,6
202411,EMP_1004,DVKD_001,VUNG_1,1742.03,9214.08,12482.9,17,216.5,10
202411,EMP_1005,DVKD_001,VUNG_1,1497.89,9195.57,12977.64,17,196.58,7
202411,EMP_1006,DVKD_001,VUNG_1,2013.82,12395.28,17974.78,21,382.19,10
202411,EMP_1007,DVKD_001,VUNG_1,1397.55,8027.99,14794.08,14,301.15,10
202411,EMP_1008,DVKD_001,VUNG_1,1441.39,9830.76,13635.11,17,332.7,8
202411,EMP_1009,DVKD_001,VUNG_1,2019.49,11625.12,19500.77,20,370.43,13
202411,EMP_1010,DVKD_001,VUNG_1,1446.5,7708.69,13079.5,12,218.94,7
202411,EMP_1011,DVKD_001,VUNG_1,1353.79,6839.86,15183.09,18,236.09,8
202411,EMP_1012,DVKD_001,VUNG_1,1636.61,8141.22,10911.32,15,244.28,8
202411,EMP_1013,DVKD_001,VUNG_1,1704.39,9903.64,15234.38,12,323.29,10
202411,EMP_1014,DVKD_001,VUNG_1,2036.57,9900.77,15354.19,22,355.3,10
202411,EMP_1015,DVKD_002,VUNG_1,882.5,4616.64,6536.68,10,156.95,5
202411,EMP_1016,DVKD_002,VUNG_1,1000.12,4271.43,7099.46,8,209.77,4
202411,EMP_1017,DVKD_002,VUNG_1,958.73,4224.54,8269.59,10,137.5,6
202411,EMP_1018,DVKD_002,VUNG_1,1059.37,4356.86,7277.9,11,107.96,6
202411,EMP_1019,DVKD_002,VUNG_1,1601.11,7283.27,12670.92,14,338.33,8
202411,EMP_1020,DVKD_002,VUNG_1,859.5,4796.53,9336.54,10,188.31,4
202411,EMP_1021,DVKD_002,VUNG_1,1356.29,9463.62,14130.71,16,205.17,7
202411,EMP_1022,DVKD_002,VUNG_1,1590.11,8789.94,10970.14,14,267.02,7
202411,EMP_1023,DVKD_002,VUNG_1,1521.67,6960.83,10857.6,15,253.51,9
202411,EMP_1024,DVKD_002,VUNG_1,825.14,5865.54,8723.62,7,140.2,6
202411,EMP_1025,DVKD_002,VUNG_1,2136.28,13115.59,19968.09,17,333.3,11
202411,EMP_1026,DVKD_003,VUNG_1,956.8,4139.86,7456.22,9,137.86,4
202411,EMP_1027,DVKD_003,VUNG_1,943.63,4342.2,9231.31,9,106.29,6
202411,EMP_1028,DVKD_003,VUNG_1,868.37,4966.04,7025.78,10,173.71,4
202411,EMP_1029,DVKD_003,VUNG_1,1948.92,10434.79,20583.34,22,427.09,12
202411,EMP_1030,DVKD_003,VUNG_1,1384.01,8047.51,11484.17,13,315.75,7
202411,EMP_1031,DVKD_003,VUNG_1,1741.56,9071.82,12140.77,14,194.58,8
202411,EMP_1032,DVKD_003,VUNG_1,1606.27,8550.9,15565.49,12,320.99,8
202411,EMP_1033,DVKD_003,VUNG_1,892.73,4861.56,9311.76,8,128.69,5
202411,EMP_1034,DVKD_003,VUNG_1,1041.34,5866.89,6859.42,8,114.75,5
202411,EMP_1035,DVKD_003,VUNG_1,848.9,4427.68,9104.74,8,113.64,6
202411,EMP_1036,DVKD_004,VUNG_1,1056.74,5355.49,6529.01,8,182.9,5
202411,EMP_1037,DVKD_004,VUNG_1,1037.49,5775.94,7562.38,7,175.81,5
202411,EMP_1038,DVKD_004,VUNG_1,978.89,4686.35,7126.99,8,147.94,5
202411,EMP_1039,DVKD_004,VUNG_1,1621.21,7760.35,13474.52,18,293.5,7
202411,EMP_1040,DVKD_004,VUNG_1,1505.23,9014.53,13604.86,14,241.9,7
202411,EMP_1041,DVKD_004,VUNG_1,838.7,5361.44,7400.65,11,166.05,6
202411,EMP_1042,DVKD_004,VUNG_1,1997.56,11445.8,21039.26,25,417.26,13
202411,EMP_1043,DVKD_004,VUNG_1,1711.05,9631.67,12025.44,15,313.45,10
202411,EMP_1044,DVKD_004,VUNG_1,1581.16,8148.16,11826.69,14,185.29,6
202411,EMP_1045,DVKD_004,VUNG_1,1586.48,7798.28,12042.33,15,215.38,10
202411,EMP_1046,DVKD_004,VUNG_1,1600.87,7083.43,13509.86,15,260.87,9
202411,EMP_1047,DVKD_004,VUNG_1,1605.26,7074.41,12243.72,12,274.97,9
202411,EMP_1048,DVKD_005,VUNG_1,952.85,5661.85,9053.95,11,146.27,6
202411,EMP_1049,DVKD_005,VUNG_1,978.84,5680.52,8742.02,11,134.25,4
202411,EMP_1050,DVKD_005,VUNG_1,928.0,4942.17,9217.68,9,117.31,5
202411,EMP_1051,DVKD_005,VUNG_1,2222.5,10947.15,18020.98,18,454.64,10
202411,EMP_1052,DVKD_005,VUNG_1,1799.04,7437.77,14288.89,16,304.95,10
202411,EMP_1053,DVKD_005,VUNG_1,1511.68,7852.33,15017.52,17,175.35,6
202411,EMP_1054,DVKD_005,VUNG_1,1596.84,8006.09,14607.74,16,348.96,8
202411,EMP_1055,DVKD_005,VUNG_1,1617.18,8759.0,10816.12,15,309.42,9
202411,EMP_1056,DVKD_005,VUNG_1,1946.69,10649.51,17849.62,17,387.01,14
202411,EMP_1057,DVKD_005,VUNG_1,1391.56,8616.7,14358.64,13,216.14,9
202411,EMP_1058,DVKD_005,VUNG_1,864.42,4956.95,8875.21,10,204.23,5
202411,EMP_1059,DVKD_006,VUNG_1,934.15,5455.41,6608.82,7,188.49,5
202411,EMP_1060,DVKD_006,VUNG_1,956.7,5697.88,6716.74,10,200.52,5
202411,EMP_1061,DVKD_006,VUNG_1,1079.99,4825.94,6597.02,7,167.66,6
202411,EMP_1062,DVKD_006,VUNG_1,2261.38,10762.44,16592.47,20,463.13,13
202411,EMP_1063,DVKD_006,VUNG_1,1459.94,8226.14,15261.93,15,189.9,7
202411,EMP_1064,DVKD_006,VUNG_1,1621.86,8866.44,14132.65,14,199.77,9
202411,EMP_1065,DVKD_006,VUNG_1,1712.19,7280.26,10887.22,16,315.86,9
202411,EMP_1066,DVKD_006,VUNG_1,828.47,4470.63,8676.4,8,148.17,5
202411,EMP_1067,DVKD_006,VUNG_1,1518.78,8639.21,13666.71,14,330.85,7
202411,EMP_1068,DVKD_006,VUNG_1,1531.99,8213.17,14237.35,13,271.34,7
202411,EMP_1069,DVKD_006,VUNG_1,1639.78,6851.3,11468.54,17,334.29,9
202411,EMP_1070,DVKD_006,VUNG_1,1418.49,7240.87,11867.96,15,336.43,8
202411,EMP_1071,DVKD_006,VUNG_1,1890.71,13825.16,17748.07,17,329.93,14
202411,EMP_1072,DVKD_006,VUNG_1,944.16,5402.55,9085.92,9,187.92,5
202411,EMP_1073,DVKD_007,VUNG_1,1072.15,4870.24,6940.14,11,141.17,5
202411,EMP_1074,DVKD_007,VUNG_1,812.27,4247.4,8264.89,11,163.8,4
202411,EMP_1075,DVKD_007,VUNG_1,999.33,4285.79,6814.64,9,112.29,4
202411,EMP_1076,DVKD_007,VUNG_1,2287.87,10986.59,18913.18,19,457.24,11
202411,EMP_1077,DVKD_007,VUNG_1,1747.52,6994.66,13687.75,13,221.29,8
202411,EMP_1078,DVKD_007,VUNG_1,1374.2,7208.92,11963.05,13,190.17,7
202411,EMP_1079,DVKD_007,VUNG_1,1047.32,5822.16,7057.45,10,164.62,6
202411,EMP_1080,DVKD_007,VUNG_1,1632.22,7019.66,11229.94,12,333.28,10
202411,EMP_1081,DVKD_007,VUNG_1,1003.14,4102.13,8598.03,9,139.14,6
202411,EMP_1082,DVKD_007,VUNG_1,2376.3,12792.7,21662.28,19,338.55,9
202411,EMP_1083,DVKD_008,VUNG_1,1046.34,5337.78,9054.24,11,148.99,4
202411,EMP_1084,DVKD_008,VUNG_1,981.18,4815.01,9263.21,8,114.25,4
202411,EMP_1085,DVKD_008,VUNG_1,908.81,5460.82,8779.82,11,206.22,5
202411,EMP_1086,DVKD_008,VUNG_1,1730.4,7630.31,12478.67,18,189.54,10
202411,EMP_1087,DVKD_008,VUNG_1,1590.64,7322.18,12325.68,13,293.89,10
202411,EMP_1088,DVKD_008,VUNG_1,1650.68,7386.47,12974.7,12,243.6,8
202411,EMP_1089,DVKD_008,VUNG_1,1028.49,5875.1,9163.82,10,205.03,6
202411,EMP_1090,DVKD_008,VUNG_1,1474.23,7045.08,15247.67,17,329.68,8
202411,EMP_1091,DVKD_008,VUNG_1,1595.6,8434.04,14852.68,17,226.35,8
202411,EMP_1092,DVKD_008,VUNG_1,1386.23,7310.86,11088.43,13,177.63,8
202411,EMP_1093,DVKD_008,VUNG_1,2477.57,13132.12,17158.23,22,488.39,14
202411,EMP_1094,DVKD_008,VUNG_1,843.9,4681.36,7263.0,8,110.63,6
202411,EMP_1095,DVKD_008,VUNG_1,2443.58,12897.47,18800.43,25,281.95,11
202411,EMP_1096,DVKD_009,VUNG_2,982.04,5699.48,8221.25,10,122.18,4
202411,EMP_1097,DVKD_009,VUNG_2,1022.13,4113.01,7631.05,10,189.11,5
202411,EMP_1098,DVKD_009,VUNG_2,833.74,4317.55,8411.27,9,186.28,5
202411,EMP_1099,DVKD_009,VUNG_2,1940.59,10177.45,16793.8,24,350.11,11
202411,EMP_1100,DVKD_009,VUNG_2,1501.81,8677.63,12180.0,17,262.97,7
202411,EMP_1101,DVKD_009,VUNG_2,1379.15,8453.82,13616.1,15,179.06,8
202411,EMP_1102,DVKD_009,VUNG_2,2053.59,12988.11,17453.97,18,269.69,9
202411,EMP_1103,DVKD_009,VUNG_2,1391.0,9408.57,12581.14,13,306.21,7
202411,EMP_1104,DVKD_009,VUNG_2,1676.79,7590.83,10940.68,16,183.92,9
202411,EMP_1105,DVKD_009,VUNG_2,1777.98,8156.43,14754.22,13,199.9,9
202411,EMP_1106,DVKD_009,VUNG_2,1638.84,8416.76,11053.78,12,203.55,10
202411,EMP_1107,DVKD_009,VUNG_2,1440.74,8702.96,13443.64,16,280.77,10
202411,EMP_1108,DVKD_009,VUNG_2,1940.51,13137.99,15337.95,17,317.96,14
202411,EMP_1109,DVKD_009,VUNG_2,1715.98,7570.25,14401.02,15,192.31,10
202411,EMP_1110,DVKD_010,VUNG_2,1015.72,5145.17,6611.29,10,197.89,6
202411,EMP_1111,DVKD_010,VUNG_2,1048.71,4378.73,9324.56,8,180.11,6
202411,EMP_1112,DVKD_010,VUNG_2,1077.47,5465.78,7224.11,9,134.91,6
202411,EMP_1113,DVKD_010,VUNG_2,2184.0,11867.0,20948.5,25,399.03,9
202411,EMP_1114,DVKD_010,VUNG_2,1781.19,7890.32,12420.95,13,195.89,8
202411,EMP_1115,DVKD_010,VUNG_2,1424.91,8491.15,14962.7,15,305.32,8
202411,EMP_1116,DVKD_010,VUNG_2,2381.02,12202.37,15497.92,19,272.43,11
202411,EMP_1117,DVKD_010,VUNG_2,925.22,5140.85,7954.52,10,154.35,6
202411,EMP_1118,DVKD_010,VUNG_2,1408.4,7448.97,13659.47,17,285.91,8
202411,EMP_1119,DVKD_010,VUNG_2,1566.5,9279.66,13370.27,15,321.56,7
202411,EMP_1120,DVKD_011,VUNG_2,1047.14,5154.54,6785.4,10,124.12,5
202411,EMP_1121,DVKD_011,VUNG_2,814.03,5467.77,8061.24,10,153.88,6
202411,EMP_1122,DVKD_011,VUNG_2,818.5,4405.86,7219.85,10,125.39,6
202411,EMP_1123,DVKD_011,VUNG_2,1445.98,8064.84,11693.87,18,196.27,9
202411,EMP_1124,DVKD_011,VUNG_2,2387.29,11242.34,19614.94,20,331.34,12
202411,EMP_1125,DVKD_011,VUNG_2,1529.28,8310.91,12666.88,15,294.46,7
202411,EMP_1126,DVKD_011,VUNG_2,2280.44,10050.41,19004.59,25,473.22,13
202411,EMP_1127,DVKD_011,VUNG_2,1772.82,9818.63,11229.32,12,195.2,8
202411,EMP_1128,DVKD_011,VUNG_2,1484.19,7264.61,11148.96,15,176.69,7
202411,EMP_1129,DVKD_011,VUNG_2,1370.89,9811.25,14704.18,15,220.15,10
202411,EMP_1130,DVKD_011,VUNG_2,1476.93,7478.02,14390.68,13,269.18,7
202411,EMP_1131,DVKD_011,VUNG_2,1976.28,11947.4,17087.85,17,250.78,11
202411,EMP_1132,DVKD_011,VUNG_2,838.93,4896.17,8810.98,7,106.62,6
202411,EMP_1133,DVKD_011,VUNG_2,1919.52,9972.18,21245.9,20,421.33,13
202411,EMP_1134,DVKD_012,VUNG_2,1002.86,5979.19,8491.06,9,188.39,4
202411,EMP_1135,DVKD_012,VUNG_2,1044.29,5259.77,7430.39,8,114.53,4
202411,EMP_1136,DVKD_012,VUNG_2,814.61,4307.5,8671.84,10,149.16,6
202411,EMP_1137,DVKD_012,VUNG_2,1987.94,11784.93,20552.35,23,454.6,10
202411,EMP_1138,DVKD_012,VUNG_2,2187.65,11992.11,17276.79,23,456.74,10
202411,EMP_1139,DVKD_012,VUNG_2,1018.02,5819.2,9093.91,8,115.34,4
202411,EMP_1140,DVKD_012,VUNG_2,1517.45,8600.92,13232.11,14,220.43,8
202411,EMP_1141,DVKD_012,VUNG_2,2481.5,9724.35,19632.12,22,284.39,13
202411,EMP_1142,DVKD_012,VUNG_2,1901.88,10844.45,17087.07,23,451.43,11
202411,EMP_1143,DVKD_012,VUNG_2,1476.08,9274.13,13049.11,12,186.32,7
202411,EMP_1144,DVKD_013,VUNG_2,934.39,4197.4,7920.12,8,145.35,4
202411,EMP_1145,DVKD_013,VUNG_2,986.13,5100.59,8326.71,8,174.78,4
202411,EMP_1146,DVKD_013,VUNG_2,836.38,4690.66,9298.66,9,186.51,6
202411,EMP_1147,DVKD_013,VUNG_2,2076.8,9846.57,17147.52,24,417.89,13
202411,EMP_1148,DVKD_013,VUNG_2,1522.5,7318.39,11629.24,14,306.55,9
202411,EMP_1149,DVKD_013,VUNG_2,1531.27,7272.0,12964.17,15,320.93,10
202411,EMP_1150,DVKD_013,VUNG_2,1551.91,8171.55,11453.31,15,331.16,9
202411,EMP_1151,DVKD_013,VUNG_2,1414.72,9825.91,14926.4,16,340.04,7
202411,EMP_1152,DVKD_013,VUNG_2,1596.82,9746.71,13084.26,16,237.67,7
202411,EMP_1153,DVKD_013,VUNG_2,1751.9,8179.96,13218.96,15,184.12,10
202411,EMP_1154,DVKD_013,VUNG_2,1662.34,9351.46,13281.66,18,348.89,9
202411,EMP_1155,DVKD_013,VUNG_2,1455.19,6984.11,12406.12,14,216.18,6
202411,EMP_1156,DVKD_013,VUNG_2,1704.69,8999.37,15329.23,16,200.34,7
202411,EMP_1157,DVKD_014,VUNG_2,922.89,4240.91,9085.84,9,152.18,6
202411,EMP_1158,DVKD_014,VUNG_2,1019.66,4683.4,8443.62,10,148.21,4
202411,EMP_1159,DVKD_014,VUNG_2,937.9,5223.13,7814.52,10,141.15,4
202411,EMP_1160,DVKD_014,VUNG_2,1732.74,8677.43,14940.74,13,311.72,7
202411,EMP_1161,DVKD_014,VUNG_2,1730.29,8325.94,14929.5,16,197.79,9
202411,EMP_1162,DVKD_014,VUNG_2,1431.12,9059.73,11642.12,16,259.38,7
202411,EMP_1163,DVKD_014,VUNG_2,1383.76,8287.32,12580.76,17,249.54,7
202411,EMP_1164,DVKD_014,VUNG_2,2199.85,11414.75,15504.43,19,396.11,12
202411,EMP_1165,DVKD_014,VUNG_2,840.79,4594.95,8071.16,9,129.43,5
202411,EMP_1166,DVKD_014,VUNG_2,1773.0,9473.75,15385.7,12,277.29,10
202411,EMP_1167,DVKD_014,VUNG_2,2007.92,13545.23,20139.02,25,486.07,13
202411,EMP_1168,DVKD_014,VUNG_2,1356.26,9990.03,15074.32,13,244.57,8
202411,EMP_1169,DVKD_014,VUNG_2,1384.84,8151.37,10921.31,12,256.3,10
202411,EMP_1170,DVKD_015,VUNG_2,815.22,4494.79,9353.64,9,125.37,6
202411,EMP_1171,DVKD_015,VUNG_2,820.62,4737.47,6511.05,7,166.25,4
202411,EMP_1172,DVKD_015,VUNG_2,921.58,4960.97,7210.96,8,165.65,6
202411,EMP_1173,DVKD_015,VUNG_2,1738.36,8209.82,13503.37,17,250.82,7
202411,EMP_1174,DVKD_015,VUNG_2,1599.84,8527.78,15397.93,12,244.6,10
202411,EMP_1175,DVKD_015,VUNG_2,1467.05,7300.08,12479.01,16,318.08,9
202411,EMP_1176,DVKD_015,VUNG_2,1958.5,12224.23,20080.44,19,358.19,10
202411,EMP_1177,DVKD_015,VUNG_2,1691.15,7376.58,14933.66,13,275.2,10
202411,EMP_1178,DVKD_015,VUNG_2,2029.99,12441.93,17125.69,23,445.19,9
202411,EMP_1179,DVKD_015,VUNG_2,1723.7,9099.28,12972.3,16,319.21,8
202411,EMP_1180,DVKD_015,VUNG_2,1994.71,12407.46,17511.63,19,364.87,12
202411,EMP_1181,DVKD_015,VUNG_2,1631.97,7995.63,12972.69,12,325.35,8
202411,EMP_1182,DVKD_015,VUNG_2,2404.12,11395.76,18447.49,20,346.13,14
202411,EMP_1183,DVKD_015,VUNG_2,1426.34,8546.05,13992.52,18,273.88,10
202411,EMP_1184,DVKD_016,VUNG_2,856.37,4169.2,7016.17,7,144.0,6
202411,EMP_1185,DVKD_016,VUNG_2,890.81,5642.59,8264.73,8,161.93,6
202411,EMP_1186,DVKD_016,VUNG_2,967.89,4412.84,6931.81,11,130.96,4
202411,EMP_1187,DVKD_016,VUNG_2,2493.16,10616.16,15571.82,18,336.69,13
202411,EMP_1188,DVKD_016,VUNG_2,899.47,5718.73,6651.01,9,181.59,6
202411,EMP_1189,DVKD_016,VUNG_2,886.59,5608.73,8446.9,7,194.81,5
202411,EMP_1190,DVKD_016,VUNG_2,1715.92,9387.32,12167.22,17,284.16,9
202411,EMP_1191,DVKD_016,VUNG_2,2044.73,13440.66,17099.33,19,470.19,12
202411,EMP_1192,DVKD_016,VUNG_2,1409.52,9397.91,10927.93,15,304.57,10
202411,EMP_1193,DVKD_016,VUNG_2,1453.72,7204.24,15436.41,14,222.29,7
202411,EMP_1194,DVKD_016,VUNG_2,1610.9,8221.86,12400.03,16,229.78,10
202411,EMP_1195,DVKD_016,VUNG_2,1620.51,7228.47,11070.92,13,344.22,8
202411,EMP_1196,DVKD_016,VUNG_2,1383.86,8271.31,13622.39,14,186.47,6
202411,EMP_1197,DVKD_016,VUNG_2,1432.01,9279.6,12087.37,13,210.55,8
202411,EMP_1198,DVKD_017,VUNG_3,977.98,5609.91,8167.56,8,151.87,6
202411,EMP_1199,DVKD_017,VUNG_3,836.97,4794.96,8560.94,8,149.47,6
202411,EMP_1200,DVKD_017,VUNG_3,937.83,4370.2,8936.78,9,146.86,5
202411,EMP_1201,DVKD_017,VUNG_3,1753.78,7253.97,10921.94,16,196.08,10
202411,EMP_1202,DVKD_017,VUNG_3,2034.0,9540.2,19105.57,22,460.44,14
202411,EMP_1203,DVKD_017,VUNG_3,1491.93,7239.77,11093.21,13,193.53,8
202411,EMP_1204,DVKD_017,VUNG_3,872.17,4717.18,6508.61,8,127.04,6
202411,EMP_1205,DVKD_017,VUNG_3,1395.17,8847.51,12237.66,16,183.64,10
202411,EMP_1206,DVKD_017,VUNG_3,940.98,5215.26,8316.61,8,168.57,4
202411,EMP_1207,DVKD_017,VUNG_3,1661.59,7604.24,11430.2,18,262.8,7
202411,EMP_1208,DVKD_017,VUNG_3,1031.03,5286.3,8425.17,10,161.67,4
202411,EMP_1209,DVKD_018,VUNG_3,858.69,5861.13,6501.38,10,155.73,4
202411,EMP_1210,DVKD_018,VUNG_3,943.03,4813.83,8134.79,11,197.47,6
202411,EMP_1211,DVKD_018,VUNG_3,969.01,5973.46,7718.4,8,196.62,6
202411,EMP_1212,DVKD_018,VUNG_3,1424.67,8295.26,13405.93,14,250.83,7
202411,EMP_1213,DVKD_018,VUNG_3,950.34,5302.16,8742.56,8,160.37,4
202411,EMP_1214,DVKD_018,VUNG_3,1682.47,7349.75,14519.22,16,299.36,8
202411,EMP_1215,DVKD_018,VUNG_3,1532.04,7350.08,14350.35,14,259.39,9
202411,EMP_1216,DVKD_018,VUNG_3,1700.51,7959.72,15235.09,17,286.59,8
202411,EMP_1217,DVKD_018,VUNG_3,910.77,5588.61,7608.36,9,123.12,6
202411,EMP_1218,DVKD_018,VUNG_3,1353.88,7140.13,11680.08,16,291.15,9
202411,EMP_1219,DVKD_018,VUNG_3,855.36,5775.21,7343.64,8,148.17,5
202411,EMP_1220,DVKD_018,VUNG_3,878.03,4426.14,6516.61,10,122.8,4
202411,EMP_1221,DVKD_018,VUNG_3,1764.93,7079.01,13534.71,13,177.0,6
202411,EMP_1222,DVKD_018,VUNG_3,1665.97,8136.02,11617.16,16,181.96,8
202411,EMP_1223,DVKD_019,VUNG_3,810.07,5843.64,9048.54,10,110.52,5
202411,EMP_1224,DVKD_019,VUNG_3,926.18,4435.41,7854.38,8,109.13,6
202411,EMP_1225,DVKD_019,VUNG_3,975.92,4175.81,8669.54,9,130.79,6
202411,EMP_1226,DVKD_019,VUNG_3,1592.43,7368.44,11569.55,17,191.39,10
202411,EMP_1227,DVKD_019,VUNG_3,1449.99,9526.97,14135.17,15,178.72,9
202411,EMP_1228,DVKD_019,VUNG_3,1557.63,8909.04,12337.78,14,194.41,9
202411,EMP_1229,DVKD_019,VUNG_3,2153.33,13285.63,18305.29,20,276.8,11
202411,EMP_1230,DVKD_019,VUNG_3,1668.92,9082.33,12499.15,12,231.97,8
202411,EMP_1231,DVKD_019,VUNG_3,1439.95,8155.71,12934.53,15,200.66,7
202411,EMP_1232,DVKD_019,VUNG_3,840.06,5967.43,9031.85,10,117.04,5
202411,EMP_1233,DVKD_019,VUNG_3,1706.65,7628.72,14220.25,18,227.44,10
202411,EMP_1234,DVKD_020,VUNG_3,1003.16,4827.05,7274.94,10,117.21,6
202411,EMP_1235,DVKD_020,VUNG_3,934.14,4970.73,8376.46,9,143.01,6
202411,EMP_1236,DVKD_020,VUNG_3,1051.46,5523.94,7695.33,10,187.95,5
202411,EMP_1237,DVKD_020,VUNG_3,1431.03,9918.97,14730.19,17,316.55,8
202411,EMP_1238,DVKD_020,VUNG_3,1736.26,7120.28,13442.3,12,190.14,10
202411,EMP_1239,DVKD_020,VUNG_3,2280.43,12049.55,16278.77,23,255.09,10
202411,EMP_1240,DVKD_020,VUNG_3,2243.03,11514.93,16911.61,19,433.3,10
202411,EMP_1241,DVKD_020,VUNG_3,882.54,4902.53,7445.49,8,191.51,5
202411,EMP_1242,DVKD_020,VUNG_3,2172.64,12928.63,15192.44,20,316.89,12
202411,EMP_1243,DVKD_020,VUNG_3,1685.41,8011.2,14453.11,15,274.37,8
202411,EMP_1244,DVKD_020,VUNG_3,1560.42,7433.15,12882.59,16,186.06,6
202411,EMP_1245,DVKD_020,VUNG_3,1780.78,8705.98,11890.26,17,284.52,8
202411,EMP_1246,DVKD_020,VUNG_3,1010.32,4594.4,6743.15,10,129.62,6
202411,EMP_1247,DVKD_020,VUNG_3,1621.53,9472.73,10956.01,17,258.47,7
202411,EMP_1248,DVKD_021,VUNG_3,991.43,4175.83,7887.54,10,148.11,4
202411,EMP_1249,DVKD_021,VUNG_3,869.97,5049.96,9090.8,8,127.29,4
202411,EMP_1250,DVKD_021,VUNG_3,1006.49,4238.12,8647.03,10,206.12,5
202411,EMP_1251,DVKD_021,VUNG_3,1537.04,9667.51,14875.58,13,328.45,9
202411,EMP_1252,DVKD_021,VUNG_3,2144.6,13662.28,21176.93,23,335.1,11
202411,EMP_1253,DVKD_021,VUNG_3,1662.3,8462.3,14719.09,16,274.97,10
202411,EMP_1254,DVKD_021,VUNG_3,850.27,4992.73,8483.84,9,116.55,6
202411,EMP_1255,DVKD_021,VUNG_3,1488.63,6931.23,12981.23,17,273.37,6
202411,EMP_1256,DVKD_021,VUNG_3,1789.33,7962.69,14413.91,15,234.06,7
202411,EMP_1257,DVKD_021,VUNG_3,1667.65,8221.46,15191.26,16,217.99,7
202411,EMP_1258,DVKD_021,VUNG_3,1567.37,8208.1,11812.75,17,257.43,10
202411,EMP_1259,DVKD_021,VUNG_3,1757.14,8553.58,11451.07,16,248.61,10
202411,EMP_1260,DVKD_022,VUNG_3,938.35,5183.3,7289.88,7,106.7,5
202411,EMP_1261,DVKD_022,VUNG_3,947.18,5053.57,7427.8,9,139.6,5
202411,EMP_1262,DVKD_022,VUNG_3,1033.14,4823.44,8644.12,9,126.46,5
202411,EMP_1263,DVKD_022,VUNG_3,1996.57,11827.37,19272.4,24,430.21,14
202411,EMP_1264,DVKD_022,VUNG_3,1360.83,9500.27,14634.34,16,323.43,10
202411,EMP_1265,DVKD_022,VUNG_3,1636.56,8627.21,11467.19,13,254.7,7
202411,EMP_1266,DVKD_022,VUNG_3,1735.4,8152.28,14160.76,12,326.26,9
202411,EMP_1267,DVKD_022,VUNG_3,929.55,4861.7,7073.09,10,185.07,5
202411,EMP_1268,DVKD_022,VUNG_3,1423.29,9778.98,14045.6,17,258.05,10
202411,EMP_1269,DVKD_022,VUNG_3,1611.1,7367.4,14817.49,17,189.02,10
202411,EMP_1270,DVKD_022,VUNG_3,1030.43,5866.54,7892.75,9,148.96,5
202411,EMP_1271,DVKD_022,VUNG_3,1747.61,7453.04,14660.56,15,255.07,10
202411,EMP_1272,DVKD_022,VUNG_3,1352.73,8153.24,14786.2,16,205.03,9
202411,EMP_1273,DVKD_022,VUNG_3,1989.37,10443.99,19793.46,21,478.65,10
202411,EMP_1274,DVKD_023,VUNG_3,1048.75,5375.18,7163.73,8,177.14,5
202411,EMP_1275,DVKD_023,VUNG_3,996.93,4296.87,7513.32,9,207.73,5
202411,EMP_1276,DVKD_023,VUNG_3,1078.35,5229.72,6662.91,8,161.55,4
202411,EMP_1277,DVKD_023,VUNG_3,1515.54,9987.95,13346.41,18,222.52,9
202411,EMP_1278,DVKD_023,VUNG_3,1580.68,9282.48,13961.71,13,184.5,7
202411,EMP_1279,DVKD_023,VUNG_3,2439.09,12558.76,20095.36,21,377.0,11
202411,EMP_1280,DVKD_023,VUNG_3,1575.9,9767.75,12654.55,14,287.16,9
202411,EMP_1281,DVKD_023,VUNG_3,1655.01,7899.97,13896.96,15,307.23,10
202411,EMP_1282,DVKD_023,VUNG_3,1373.31,8014.76,14884.39,17,276.66,9
202411,EMP_1283,DVKD_023,VUNG_3,1413.86,9519.75,13252.81,14,209.95,8
202411,EMP_1284,DVKD_023,VUNG_3,1919.22,11652.27,21416.07,25,346.01,11
202411,EMP_1285,DVKD_023,VUNG_3,2171.15,9734.7,15328.91,22,252.7,13
202411,EMP_1286,DVKD_023,VUNG_3,1739.78,9548.81,12980.46,14,267.52,9
202411,EMP_1287,DVKD_024,VUNG_3,921.95,4413.8,8985.94,8,136.41,5
202411,EMP_1288,DVKD_024,VUNG_3,1013.11,4137.97,8929.9,9,159.22,5
202411,EMP_1289,DVKD_024,VUNG_3,1070.8,5906.71,7009.49,10,171.29,4
202411,EMP_1290,DVKD_024,VUNG_3,1538.53,6806.98,15297.88,16,300.87,10
202411,EMP_1291,DVKD_024,VUNG_3,1523.2,7152.57,14639.08,14,198.18,9
202411,EMP_1292,DVKD_024,VUNG_3,953.2,5694.09,7171.51,8,110.97,6
202411,EMP_1293,DVKD_024,VUNG_3,2000.4,13654.28,16427.84,24,309.82,10
202411,EMP_1294,DVKD_024,VUNG_3,1496.73,8703.56,13825.03,13,219.29,10
202411,EMP_1295,DVKD_024,VUNG_3,2318.69,13440.2,21167.93,17,247.68,13
202411,EMP_1296,DVKD_024,VUNG_3,1714.73,9777.43,11484.5,13,328.46,7
202411,EMP_1297,DVKD_024,VUNG_3,1618.5,8673.81,15306.18,13,214.0,8
202411,EMP_1298,DVKD_024,VUNG_3,1354.03,8564.22,12078.05,15,319.01,10
202412,EMP_1001,DVKD_001,VUNG_1,825.88,5251.29,8349.19,9,118.85,6
202412,EMP_1002,DVKD_001,VUNG_1,875.42,4691.03,8912.05,10,137.38,5
202412,EMP_1003,DVKD_001,VUNG_1,870.02,5547.07,7216.83,10,178.49,6
202412,EMP_1004,DVKD_001,VUNG_1,1705.4,9292.43,12136.23,12,217.54,8
202412,EMP_1005,DVKD_001,VUNG_1,1665.76,9489.28,15114.53,15,195.8,10
202412,EMP_1006,DVKD_001,VUNG_1,2249.07,13991.39,16791.73,20,475.07,11
202412,EMP_1007,DVKD_001,VUNG_1,1418.52,7432.27,11410.43,15,241.7,10
202412,EMP_1008,DVKD_001,VUNG_1,1621.94,8799.77,13338.91,14,187.9,8
202412,EMP_1009,DVKD_001,VUNG_1,2085.56,13178.35,21623.55,24,408.31,10
202412,EMP_1010,DVKD_001,VUNG_1,1686.82,9844.21,11692.78,15,207.29,10
202412,EMP_1011,DVKD_001,VUNG_1,1603.65,7212.19,12642.39,14,344.14,10
202412,EMP_1012,DVKD_001,VUNG_1,1606.14,8106.18,11707.89,14,281.8,9
202412,EMP_1013,DVKD_001,VUNG_1,1750.36,8722.62,14741.38,16,304.02,10
202412,EMP_1014,DVKD_001,VUNG_1,2352.43,10630.81,17274.54,21,361.98,14
202412,EMP_1015,DVKD_002,VUNG_1,960.11,4970.86,7906.84,9,144.08,6
202412,EMP_1016,DVKD_002,VUNG_1,813.34,4313.12,7213.84,8,159.94,6
202412,EMP_1017,DVKD_002,VUNG_1,877.9,5247.38,7191.42,8,168.33,6
202412,EMP_1018,DVKD_002,VUNG_1,1073.53,5231.02,6925.7,8,106.03,4
202412,EMP_1019,DVKD_002,VUNG_1,1379.92,7751.97,13931.38,16,256.62,8
202412,EMP_1020,DVKD_002,VUNG_1,1036.82,5470.8,9198.42,11,137.02,5
202412,EMP_1021,DVKD_002,VUNG_1,1452.07,6908.02,12164.37,18,187.38,8
202412,EMP_1022,DVKD_002,VUNG_1,1357.51,8453.08,13559.58,14,332.7,10
202412,EMP_1023,DVKD_002,VUNG_1,1561.53,6906.15,13741.91,15,232.26,9
202412,EMP_1024,DVKD_002,VUNG_1,890.22,5505.18,8401.33,10,136.17,4
202412,EMP_1025,DVKD_002,VUNG_1,2281.28,12698.21,16136.95,21,302.22,14
202412,EMP_1026,DVKD_003,VUNG_1,818.36,5870.38,9340.78,9,203.95,4
202412,EMP_1027,DVKD_003,VUNG_1,1064.68,5152.7,8266.87,8,203.46,6
202412,EMP_1028,DVKD_003,VUNG_1,1033.37,5126.78,9281.61,10,173.15,6
202412,EMP_1029,DVKD_003,VUNG_1,2143.45,10110.05,15148.99,21,334.3,12
202412,EMP_1030,DVKD_003,VUNG_1,1351.25,8770.2,12763.39,18,250.36,8
202412,EMP_1031,DVKD_003,VUNG_1,1566.13,9224.63,13927.86,16,343.63,8
202412,EMP_1032,DVKD_003,VUNG_1,1730.98,7790.78,14617.93,14,220.08,9
202412,EMP_1033,DVKD_003,VUNG_1,895.86,5931.58,8371.15,9,169.96,6
202412,EMP_1034,DVKD_003,VUNG_1,836.17,4179.51,7891.75,8,122.8,5
202412,EMP_1035,DVKD_003,VUNG_1,1072.08,4199.25,7686.85,10,184.99,4
202412,EMP_1036,DVKD_004,VUNG_1,822.15,5414.42,8879.98,10,166.3,6
202412,EMP_1037,DVKD_004,VUNG_1,969.51,5070.02,7036.92,9,124.94,6
202412,EMP_1038,DVKD_004,VUNG_1,1028.8,5715.43,7374.27,10,135.09,5
202412,EMP_1039,DVKD_004,VUNG_1,1700.88,8378.82,10923.23,16,268.55,10
202412,EMP_1040,DVKD_004,VUNG_1,1698.51,7808.68,11115.31,18,175.9,10
202412,EMP_1041,DVKD_004,VUNG_1,921.66,4226.34,8660.32,7,154.48,4
202412,EMP_1042,DVKD_004,VUNG_1,2468.92,12016.99,20369.99,20,363.41,10
202412,EMP_1043,DVKD_004,VUNG_1,1645.83,9564.41,13646.83,12,236.54,7
202412,EMP_1044,DVKD_004,VUNG_1,1465.11,8736.06,11152.2,17,264.05,8
202412,EMP_1045,DVKD_004,VUNG_1,1595.07,7052.97,14335.71,13,331.66,8
202412,EMP_1046,DVKD_004,VUNG_1,1472.06,9362.45,12683.52,14,280.4,7
202412,EMP_1047,DVKD_004,VUNG_1,1529.27,8869.16,14742.04,12,224.88,9
202412,EMP_1048,DVKD_005,VUNG_1,1050.91,5618.23,8544.45,8,137.73,5
202412,EMP_1049,DVKD_005,VUNG_1,1075.87,5989.37,7196.1,11,179.74,4
202412,EMP_1050,DVKD_005,VUNG_1,831.99,5116.09,8441.2,9,146.33,4
202412,EMP_1051,DVKD_005,VUNG_1,2482.06,12796.6,16723.04,20,446.09,12
202412,EMP_1052,DVKD_005,VUNG_1,1658.02,7691.84,15466.09,16,290.51,9
202412,EMP_1053,DVKD_005,VUNG_1,1355.6,8053.57,11555.75,16,190.85,10
202412,EMP_1054,DVKD_005,VUNG_1,1477.12,8199.45,13681.5,17,301.42,8
202412,EMP_1055,DVKD_005,VUNG_1,1537.89,7440.28,15276.19,16,256.97,7
202412,EMP_1056,DVKD_005,VUNG_1,1903.02,13587.32,21168.02,23,450.91,12
202412,EMP_1057,DVKD_005,VUNG_1,1577.52,9887.85,13480.27,18,182.45,7
202412,EMP_1058,DVKD_005,VUNG_1,1074.34,5454.03,8206.52,9,161.79,6
202412,EMP_1059,DVKD_006,VUNG_1,997.04,5780.59,7292.58,8,114.65,5
202412,EMP_1060,DVKD_006,VUNG_1,1055.83,5636.65,7570.29,8,161.4,5
202412,EMP_1061,DVKD_006,VUNG_1,961.44,4738.39,8784.99,8,174.1,4
202412,EMP_1062,DVKD_006,VUNG_1,2303.4,9664.92,21800.99,24,409.7,10
202412,EMP_1063,DVKD_006,VUNG_1,1358.14,7522.85,15143.92,16,258.31,10
202412,EMP_1064,DVKD_006,VUNG_1,1513.51,7691.25,13105.19,16,313.24,10
202412,EMP_1065,DVKD_006,VUNG_1,1655.5,8972.52,11460.42,16,209.42,8
202412,EMP_1066,DVKD_006,VUNG_1,827.15,4829.57,6691.47,9,140.59,4
202412,EMP_1067,DVKD_006,VUNG_1,1472.53,9604.48,13132.4,14,246.43,10
202412,EMP_1068,DVKD_006,VUNG_1,1430.91,7845.49,14442.93,14,175.49,7
202412,EMP_1069,DVKD_006,VUNG_1,1356.12,9196.93,11153.63,15,177.88,8
202412,EMP_1070,DVKD_006,VUNG_1,1715.83,9703.09,10828.5,17,265.46,7
202412,EMP_1071,DVKD_006,VUNG_1,2474.72,9752.22,16709.31,20,303.48,14
202412,EMP_1072,DVKD_006,VUNG_1,910.16,4328.19,8009.0,10,172.93,5
202412,EMP_1073,DVKD_007,VUNG_1,1036.1,5277.78,8172.77,7,127.72,4
202412,EMP_1074,DVKD_007,VUNG_1,841.93,4396.62,8799.82,8,108.03,5
202412,EMP_1075,DVKD_007,VUNG_1,816.29,4583.6,6935.27,8,203.99,6
202412,EMP_1076,DVKD_007,VUNG_1,2248.11,12638.59,17584.01,24,385.75,14
202412,EMP_1077,DVKD_007,VUNG_1,1786.13,6933.31,13791.75,15,182.52,10
202412,EMP_1078,DVKD_007,VUNG_1,1558.56,9735.14,15348.11,18,290.78,7
202412,EMP_1079,DVKD_007,VUNG_1,883.81,5289.92,9221.24,7,135.01,5
202412,EMP_1080,DVKD_007,VUNG_1,1622.24,9019.15,15243.5,13,190.85,9
202412,EMP_1081,DVKD_007,VUNG_1,980.27,4311.89,8058.31,9,171.07,5
202412,EMP_1082,DVKD_007,VUNG_1,2068.54,13278.58,17021.69,20,485.19,10
202412,EMP_1083,DVKD_008,VUNG_1,855.33,5604.87,7548.46,8,169.74,4
202412,EMP_1084,DVKD_008,VUNG_1,998.84,4809.38,7156.03,10,115.77,5
202412,EMP_1085,DVKD_008,VUNG_1,847.68,5120.18,6567.79,7,152.14,5
202412,EMP_1086,DVKD_008,VUNG_1,1691.0,9685.75,12749.3,13,236.83,10
202412,EMP_1087,DVKD_008,VUNG_1,1514.69,7968.53,11140.83,18,294.16,7
202412,EMP_1088,DVKD_008,VUNG_1,1453.68,9122.67,15365.41,15,316.57,8
202412,EMP_1089,DVKD_008,VUNG_1,824.57,5090.99,8127.6,9,123.82,5
202412,EMP_1090,DVKD_008,VUNG_1,1444.13,8690.34,12276.44,15,184.91,8
202412,EMP_1091,DVKD_008,VUNG_1,1468.9,9185.08,11826.21,16,230.98,10
202412,EMP_1092,DVKD_008,VUNG_1,1763.06,8667.28,12332.73,15,275.22,9
202412,EMP_1093,DVKD_008,VUNG_1,2367.84,13697.18,19402.15,21,351.51,13
202412,EMP_1094,DVKD_008,VUNG_1,891.09,5459.53,8152.52,9,145.78,4
202412,EMP_1095,DVKD_008,VUNG_1,2038.08,13467.36,19914.61,21,398.66,12
202412,EMP_1096,DVKD_009,VUNG_2,916.92,5913.3,7557.86,9,186.06,6
202412,EMP_1097,DVKD_009,VUNG_2,1078.33,5412.6,8920.99,10,114.31,4
202412,EMP_1098,DVKD_009,VUNG_2,1041.0,5626.96,6768.75,8,107.68,5
202412,EMP_1099,DVKD_009,VUNG_2,2197.99,10492.22,20834.08,18,418.08,13
202412,EMP_1100,DVKD_009,VUNG_2,1445.72,8984.36,11809.6,18,245.85,7
202412,EMP_1101,DVKD_009,VUNG_2,1433.72,8594.15,11440.18,13,203.68,8
202412,EMP_1102,DVKD_009,VUNG_2,2396.45,13839.4,17647.14,24,404.92,10
202412,EMP_1103,DVKD_009,VUNG_2,1547.68,9739.03,13785.36,16,214.17,9
202412,EMP_1104,DVKD_009,VUNG_2,1502.17,7250.21,11455.97,16,178.8,7
202412,EMP_1105,DVKD_009,VUNG_2,1659.93,6800.43,12831.74,13,308.2,7
202412,EMP_1106,DVKD_009,VUNG_2,1475.51,7242.56,15415.33,15,187.36,9
202412,EMP_1107,DVKD_009,VUNG_2,1417.21,8745.95,14638.54,15,318.48,10
202412,EMP_1108,DVKD_009,VUNG_2,2096.8,10723.91,17418.89,24,259.11,14
202412,EMP_1109,DVKD_009,VUNG_2,1495.62,8618.86,13724.89,12,271.44,7
202412,EMP_1110,DVKD_010,VUNG_2,817.95,5455.91,7612.84,8,130.81,5
202412,EMP_1111,DVKD_010,VUNG_2,859.76,5536.07,9339.54,10,120.81,4
202412,EMP_1112,DVKD_010,VUNG_2,931.34,4976.38,7066.81,7,198.1,5
202412,EMP_1113,DVKD_010,VUNG_2,2494.86,13798.14,17820.16,19,362.14,14
202412,EMP_1114,DVKD_010,VUNG_2,1549.33,7463.47,12535.23,13,314.57,8
202412,EMP_1115,DVKD_010,VUNG_2,1490.94,8796.5,14621.51,13,225.34,9
202412,EMP_1116,DVKD_010,VUNG_2,1913.68,11638.67,19878.16,23,277.41,12
202412,EMP_1117,DVKD_010,VUNG_2,815.0,5324.17,7730.87,10,143.52,4
202412,EMP_1118,DVKD_010,VUNG_2,1554.05,7240.7,13532.04,12,337.04,10
202412,EMP_1119,DVKD_010,VUNG_2,1356.21,6928.03,14191.62,13,263.96,10
202412,EMP_1120,DVKD_011,VUNG_2,981.26,5604.21,9198.25,10,188.52,6
202412,EMP_1121,DVKD_011,VUNG_2,1006.81,4622.83,7769.71,8,156.0,5
202412,EMP_1122,DVKD_011,VUNG_2,838.21,5856.6,9305.11,10,164.93,5
202412,EMP_1123,DVKD_011,VUNG_2,1608.44,8533.39,12133.42,18,313.18,7
202412,EMP_1124,DVKD_011,VUNG_2,2465.75,11787.27,15351.05,23,462.74,14
202412,EMP_1125,DVKD_011,VUNG_2,1356.39,7702.71,14170.56,16,200.01,8
202412,EMP_1126,DVKD_011,VUNG_2,2439.61,10848.76,15977.2,23,483.96,10
202412,EMP_1127,DVKD_011,VUNG_2,1521.45,7218.44,11553.35,15,298.18,10
202412,EMP_1128,DVKD_011,VUNG_2,1712.51,7038.82,14961.71,13,282.79,9
202412,EMP_1129,DVKD_011,VUNG_2,1502.75,7604.73,10819.6,12,294.88,8
202412,EMP_1130,DVKD_011,VUNG_2,1664.56,9741.46,11584.08,17,317.91,10
202412,EMP_1131,DVKD_011,VUNG_2,2333.02,10882.75,18464.6,18,462.93,13
202412,EMP_1132,DVKD_011,VUNG_2,902.07,5453.05,8629.99,10,111.74,5
202412,EMP_1133,DVKD_011,VUNG_2,2205.75,10153.22,21606.08,19,373.84,12
202412,EMP_1134,DVKD_012,VUNG_2,940.43,4713.27,8054.37,10,112.08,5
202412,EMP_1135,DVKD_012,VUNG_2,913.79,4227.91,8586.11,10,131.82,5
202412,EMP_1136,DVKD_012,VUNG_2,918.22,4977.67,9301.08,9,207.11,6
202412,EMP_1137,DVKD_012,VUNG_2,2136.59,12893.61,17301.09,20,353.74,10
202412,EMP_1138,DVKD_012,VUNG_2,2378.28,11252.96,21057.75,21,482.91,14
202412,EMP_1139,DVKD_012,VUNG_2,1041.68,4933.97,7059.83,10,110.32,5
202412,EMP_1140,DVKD_012,VUNG_2,1608.27,7250.27,11201.64,14,176.3,8
202412,EMP_1141,DVKD_012,VUNG_2,2114.49,10947.58,18141.44,21,478.02,11
202412,EMP_1142,DVKD_012,VUNG_2,2309.27,11861.87,17798.57,20,430.87,14
202412,EMP_1143,DVKD_012,VUNG_2,1508.43,9971.83,11626.31,15,223.05,6
202412,EMP_1144,DVKD_013,VUNG_2,914.33,4937.11,7980.54,10,189.88,6
202412,EMP_1145,DVKD_013,VUNG_2,888.62,4190.38,6685.32,9,131.81,4
202412,EMP_1146,DVKD_013,VUNG_2,857.28,4572.84,7351.31,7,158.79,5
202412,EMP_1147,DVKD_013,VUNG_2,2477.76,9542.12,20507.26,24,294.39,11
202412,EMP_1148,DVKD_013,VUNG_2,1590.48,8162.56,13260.28,13,230.7,8
202412,EMP_1149,DVKD_013,VUNG_2,1368.85,7003.27,10895.42,13,208.95,10
202412,EMP_1150,DVKD_013,VUNG_2,1484.23,9797.15,11538.64,13,287.52,7
202412,EMP_1151,DVKD_013,VUNG_2,1370.35,9019.8,14310.35,15,303.78,7
202412,EMP_1152,DVKD_013,VUNG_2,1792.4,9285.95,12134.29,12,222.1,9
202412,EMP_1153,DVKD_013,VUNG_2,1612.75,8186.43,11117.83,16,279.37,10
202412,EMP_1154,DVKD_013,VUNG_2,1763.68,9665.04,15012.67,13,222.73,10
202412,EMP_1155,DVKD_013,VUNG_2,1599.86,7150.45,12540.38,16,267.16,8
202412,EMP_1156,DVKD_013,VUNG_2,1761.47,8284.92,12498.9,17,306.56,8
202412,EMP_1157,DVKD_014,VUNG_2,1076.72,5949.47,6520.78,8,172.22,6
202412,EMP_1158,DVKD_014,VUNG_2,964.72,5379.51,9038.22,9,170.93,5
202412,EMP_1159,DVKD_014,VUNG_2,847.9,5966.57,6483.14,10,131.35,4
202412,EMP_1160,DVKD_014,VUNG_2,1742.36,9541.16,14646.87,18,236.91,9
202412,EMP_1161,DVKD_014,VUNG_2,1788.73,7247.72,13298.81,16,327.43,8
202412,EMP_1162,DVKD_014,VUNG_2,1729.97,7291.41,11891.32,15,252.0,8
202412,EMP_1163,DVKD_014,VUNG_2,1478.57,8197.72,12540.36,14,341.01,9
202412,EMP_1164,DVKD_014,VUNG_2,1932.02,13549.11,20078.11,25,413.25,13
202412,EMP_1165,DVKD_014,VUNG_2,864.4,5041.65,8653.29,8,168.67,6
202412,EMP_1166,DVKD_014,VUNG_2,1584.0,8068.58,13268.65,18,193.55,8
202412,EMP_1167,DVKD_014,VUNG_2,2044.16,12953.71,16251.08,24,252.63,13
202412,EMP_1168,DVKD_014,VUNG_2,1675.16,8005.58,13789.01,14,255.37,10
202412,EMP_1169,DVKD_014,VUNG_2,1481.64,8452.33,11273.55,18,208.68,6
202412,EMP_1170,DVKD_015,VUNG_2,918.77,5699.37,7095.27,11,201.05,4
202412,EMP_1171,DVKD_015,VUNG_2,834.91,5638.97,9139.17,10,114.48,5
202412,EMP_1172,DVKD_015,VUNG_2,850.39,5575.56,9032.7,10,191.28,5
202412,EMP_1173,DVKD_015,VUNG_2,1536.44,8556.03,14812.68,18,337.37,7
202412,EMP_1174,DVKD_015,VUNG_2,1557.08,7262.12,13938.06,13,284.32,10
202412,EMP_1175,DVKD_015,VUNG_2,1362.14,7284.81,11622.06,15,319.82,7
202412,EMP_1176,DVKD_015,VUNG_2,2336.31,13088.66,21695.48,19,311.82,13
202412,EMP_1177,DVKD_015,VUNG_2,1593.97,8840.84,11067.02,17,224.1,8
202412,EMP_1178,DVKD_015,VUNG_2,2171.38,10966.86,16863.77,22,354.07,12
202412,EMP_1179,DVKD_015,VUNG_2,1491.24,8698.71,11171.49,17,326.36,9
202412,EMP_1180,DVKD_015,VUNG_2,2321.86,13296.61,20152.92,21,261.25,12
202412,EMP_1181,DVKD_015,VUNG_2,1494.18,8728.09,13477.57,14,264.24,9
202412,EMP_1182,DVKD_015,VUNG_2,2338.69,11269.92,17841.51,21,368.85,12
202412,EMP_1183,DVKD_015,VUNG_2,1549.48,7457.16,10909.7,13,177.96,8
202412,EMP_1184,DVKD_016,VUNG_2,831.4,4536.57,7629.55,8,117.02,5
202412,EMP_1185,DVKD_016,VUNG_2,990.33,4133.49,8927.21,10,162.45,6
202412,EMP_1186,DVKD_016,VUNG_2,836.94,5862.52,8343.48,9,172.58,6
202412,EMP_1187,DVKD_016,VUNG_2,2384.01,9960.35,20274.35,24,251.51,14
202412,EMP_1188,DVKD_016,VUNG_2,811.9,4851.44,8539.97,10,167.58,6
202412,EMP_1189,DVKD_016,VUNG_2,822.71,5205.38,7112.0,10,166.9,4
202412,EMP_1190,DVKD_016,VUNG_2,1598.98,9659.09,11874.74,17,264.49,10
202412,EMP_1191,DVKD_016,VUNG_2,2165.1,10880.97,21182.25,25,304.44,11
202412,EMP_1192,DVKD_016,VUNG_2,1539.33,7849.29,13252.96,14,265.75,9
202412,EMP_1193,DVKD_016,VUNG_2,1451.38,9918.13,12423.93,16,177.32,8
202412,EMP_1194,DVKD_016,VUNG_2,1456.26,7125.0,11619.88,17,332.29,7
202412,EMP_1195,DVKD_016,VUNG_2,1495.31,7888.84,11005.0,17,230.7,9
202412,EMP_1196,DVKD_016,VUNG_2,1364.73,7206.33,11249.35,15,280.61,10
202412,EMP_1197,DVKD_016,VUNG_2,1450.19,7676.32,14746.41,14,229.46,10
202412,EMP_1198,DVKD_017,VUNG_3,955.1,4280.97,6699.89,7,198.22,6
202412,EMP_1199,DVKD_017,VUNG_3,985.88,5427.0,8647.32,11,207.67,6
202412,EMP_1200,DVKD_017,VUNG_3,1039.72,4461.03,8022.97,9,139.05,6
202412,EMP_1201,DVKD_017,VUNG_3,1718.61,9284.62,13688.35,16,276.99,8
202412,EMP_1202,DVKD_017,VUNG_3,2439.81,12288.24,18733.52,24,279.82,13
202412,EMP_1203,DVKD_017,VUNG_3,1486.15,9289.53,12081.65,15,226.09,8
202412,EMP_1204,DVKD_017,VUNG_3,937.72,5635.59,6551.25,10,129.35,6
202412,EMP_1205,DVKD_017,VUNG_3,1676.53,8167.27,12231.18,12,250.6,10
202412,EMP_1206,DVKD_017,VUNG_3,975.55,5001.15,8664.14,9,126.87,4
202412,EMP_1207,DVKD_017,VUNG_3,1612.03,8394.3,12974.43,18,280.25,9
202412,EMP_1208,DVKD_017,VUNG_3,849.77,4923.23,6780.85,9,163.75,6
202412,EMP_1209,DVKD_018,VUNG_3,1001.88,4342.47,8870.02,8,143.67,6
202412,EMP_1210,DVKD_018,VUNG_3,892.16,4394.26,8846.34,8,136.51,5
202412,EMP_1211,DVKD_018,VUNG_3,1078.02,4795.87,8063.97,9,131.7,4
202412,EMP_1212,DVKD_018,VUNG_3,1544.79,8045.0,15344.32,17,227.48,10
202412,EMP_1213,DVKD_018,VUNG_3,1038.57,5441.32,7599.68,10,141.26,5
202412,EMP_1214,DVKD_018,VUNG_3,1510.53,7706.99,11195.19,16,221.85,10
202412,EMP_1215,DVKD_018,VUNG_3,1768.09,7167.69,11105.48,12,177.3,7
202412,EMP_1216,DVKD_018,VUNG_3,1424.51,8443.58,11251.41,15,187.57,10
202412,EMP_1217,DVKD_018,VUNG_3,887.4,5996.99,7136.43,10,192.97,5
202412,EMP_1218,DVKD_018,VUNG_3,1523.97,9645.95,14185.12,14,273.43,9
202412,EMP_1219,DVKD_018,VUNG_3,1028.93,4632.58,8599.52,8,190.09,6
202412,EMP_1220,DVKD_018,VUNG_3,954.72,4634.14,8314.34,8,126.13,6
202412,EMP_1221,DVKD_018,VUNG_3,1715.36,8159.21,14893.16,14,338.24,7
202412,EMP_1222,DVKD_018,VUNG_3,1676.7,8672.46,14193.98,13,272.62,7
202412,EMP_1223,DVKD_019,VUNG_3,911.82,4962.59,8207.38,9,148.63,5
202412,EMP_1224,DVKD_019,VUNG_3,831.05,4347.94,7382.73,9,130.25,4
202412,EMP_1225,DVKD_019,VUNG_3,1066.54,4141.58,8765.09,10,119.03,6
202412,EMP_1226,DVKD_019,VUNG_3,1449.08,8763.9,13412.25,12,348.0,9
202412,EMP_1227,DVKD_019,VUNG_3,1787.38,8571.93,15077.3,15,283.01,6
202412,EMP_1228,DVKD_019,VUNG_3,1563.46,8247.49,11146.4,13,228.28,10
202412,EMP_1229,DVKD_019,VUNG_3,1965.79,10836.07,19264.77,19,435.33,11
202412,EMP_1230,DVKD_019,VUNG_3,1556.06,9524.69,15158.24,15,228.75,10
202412,EMP_1231,DVKD_019,VUNG_3,1519.6,6968.15,13438.01,13,306.53,8
202412,EMP_1232,DVKD_019,VUNG_3,827.95,5202.35,8641.26,10,172.5,6
202412,EMP_1233,DVKD_019,VUNG_3,1635.17,7939.25,14438.08,16,260.04,8
202412,EMP_1234,DVKD_020,VUNG_3,1039.72,4584.4,6746.92,9,107.76,6
202412,EMP_1235,DVKD_020,VUNG_3,1071.56,5844.95,8057.01,7,123.78,6
202412,EMP_1236,DVKD_020,VUNG_3,902.68,5478.93,9298.86,10,187.09,4
202412,EMP_1237,DVKD_020,VUNG_3,1479.85,8986.71,15000.02,14,199.62,9
202412,EMP_1238,DVKD_020,VUNG_3,1591.17,8632.52,12243.31,17,342.42,7
202412,EMP_1239,DVKD_020,VUNG_3,2472.85,10756.45,20033.77,23,336.58,12
202412,EMP_1240,DVKD_020,VUNG_3,2255.56,10406.92,17523.06,18,415.69,12
202412,EMP_1241,DVKD_020,VUNG_3,952.02,4975.79,8852.83,8,119.07,5
202412,EMP_1242,DVKD_020,VUNG_3,2072.39,12132.57,17037.99,21,404.4,11
202412,EMP_1243,DVKD_020,VUNG_3,1581.22,6965.66,13336.02,14,184.03,7
202412,EMP_1244,DVKD_020,VUNG_3,1663.52,8337.35,11967.4,14,276.9,8
202412,EMP_1245,DVKD_020,VUNG_3,1772.24,7600.55,12879.04,15,204.9,7
202412,EMP_1246,DVKD_020,VUNG_3,1026.05,5012.9,8059.69,9,115.22,5
202412,EMP_1247,DVKD_020,VUNG_3,1532.43,8478.42,12831.57,13,308.17,10
202412,EMP_1248,DVKD_021,VUNG_3,919.77,5132.0,8893.02,8,149.92,5
202412,EMP_1249,DVKD_021,VUNG_3,863.44,5855.04,8557.88,9,132.64,6
202412,EMP_1250,DVKD_021,VUNG_3,862.97,4856.15,6632.05,8,124.43,5
202412,EMP_1251,DVKD_021,VUNG_3,1743.43,9925.78,14118.64,14,296.69,9
202412,EMP_1252,DVKD_021,VUNG_3,2466.77,10138.71,17057.42,18,315.87,10
202412,EMP_1253,DVKD_021,VUNG_3,1531.67,8337.28,11294.86,12,230.96,9
202412,EMP_1254,DVKD_021,VUNG_3,848.25,4263.26,8956.56,9,131.23,6
202412,EMP_1255,DVKD_021,VUNG_3,1583.69,7211.92,14893.83,14,180.51,8
202412,EMP_1256,DVKD_021,VUNG_3,1741.08,8678.74,11684.11,13,240.18,7
202412,EMP_1257,DVKD_021,VUNG_3,1362.39,9874.82,14347.97,17,323.81,7
202412,EMP_1258,DVKD_021,VUNG_3,1443.48,8509.39,11803.56,15,208.68,9
202412,EMP_1259,DVKD_021,VUNG_3,1513.63,8454.47,15385.71,13,212.57,7
202412,EMP_1260,DVKD_022,VUNG_3,971.38,4724.23,8956.56,10,139.99,4
202412,EMP_1261,DVKD_022,VUNG_3,860.13,4847.48,8704.84,8,151.49,6
202412,EMP_1262,DVKD_022,VUNG_3,856.78,5200.61,7718.54,8,123.26,4
202412,EMP_1263,DVKD_022,VUNG_3,2400.45,13779.38,16783.32,23,400.98,12
202412,EMP_1264,DVKD_022,VUNG_3,1757.21,9427.02,12128.29,15,286.47,8
202412,EMP_1265,DVKD_022,VUNG_3,1629.82,9457.21,12509.81,17,191.12,9
202412,EMP_1266,DVKD_022,VUNG_3,1798.78,9941.88,12740.56,17,273.48,7
202412,EMP_1267,DVKD_022,VUNG_3,941.74,5802.67,9246.07,9,130.86,5
202412,EMP_1268,DVKD_022,VUNG_3,1377.26,9731.59,12799.15,13,257.73,10
202412,EMP_1269,DVKD_022,VUNG_3,1448.63,8093.82,13591.7,14,225.5,8
202412,EMP_1270,DVKD_022,VUNG_3,1077.96,4599.93,8682.29,9,138.37,4
202412,EMP_1271,DVKD_022,VUNG_3,1443.77,8657.79,14109.12,18,197.27,9
202412,EMP_1272,DVKD_022,VUNG_3,1694.64,8564.62,12427.6,13,225.69,10
202412,EMP_1273,DVKD_022,VUNG_3,2335.46,13954.69,18438.7,22,317.96,11
202412,EMP_1274,DVKD_023,VUNG_3,832.08,5310.63,8966.62,10,148.93,4
202412,EMP_1275,DVKD_023,VUNG_3,978.83,5867.94,7413.07,8,174.23,5
202412,EMP_1276,DVKD_023,VUNG_3,898.7,5518.24,7189.49,9,148.36,4
202412,EMP_1277,DVKD_023,VUNG_3,1678.83,7270.77,13514.43,16,216.36,9
202412,EMP_1278,DVKD_023,VUNG_3,1750.24,8548.41,13954.91,14,237.03,7
202412,EMP_1279,DVKD_023,VUNG_3,2486.19,9893.19,17765.34,23,405.67,13
202412,EMP_1280,DVKD_023,VUNG_3,1389.77,7583.5,13186.09,13,197.89,7
202412,EMP_1281,DVKD_023,VUNG_3,1661.01,9280.05,14511.68,18,222.93,9
202412,EMP_1282,DVKD_023,VUNG_3,1716.53,9868.56,15138.41,12,331.84,8
202412,EMP_1283,DVKD_023,VUNG_3,1473.79,7465.62,11432.71,13,224.96,10
202412,EMP_1284,DVKD_023,VUNG_3,2263.06,10854.37,20316.31,20,324.21,11
202412,EMP_1285,DVKD_023,VUNG_3,1980.81,12110.12,20706.66,18,451.4,11
202412,EMP_1286,DVKD_023,VUNG_3,1687.79,7456.37,14716.53,16,255.5,9
202412,EMP_1287,DVKD_024,VUNG_3,967.97,5628.53,8296.15,8,127.6,6
202412,EMP_1288,DVKD_024,VUNG_3,880.81,5705.24,6710.18,10,124.06,5
202412,EMP_1289,DVKD_024,VUNG_3,1055.98,5459.72,8113.41,8,148.05,6
202412,EMP_1290,DVKD_024,VUNG_3,1361.51,8982.17,13443.38,13,213.62,7
202412,EMP_1291,DVKD_024,VUNG_3,1397.2,8046.81,11615.08,17,274.96,7
202412,EMP_1292,DVKD_024,VUNG_3,1019.54,4554.05,8212.7,10,108.56,6
202412,EMP_1293,DVKD_024,VUNG_3,2012.65,10557.67,21652.26,19,469.82,11
202412,EMP_1294,DVKD_024,VUNG_3,1566.91,9360.34,15393.59,14,314.05,8
202412,EMP_1295,DVKD_024,VUNG_3,2410.08,11963.82,19765.91,18,260.21,9
202412,EMP_1296,DVKD_024,VUNG_3,1545.37,8721.59,10980.95,18,334.02,7
202412,EMP_1297,DVKD_024,VUNG_3,1530.21,9921.02,13576.04,16,291.01,7
202412,EMP_1298,DVKD_024,VUNG_3,1361.21,9514.95,13949.55,18,331.39,7
202501,EMP_1001,DVKD_001,VUNG_1,953.0,5675.12,7681.62,9,117.5,6
202501,EMP_1002,DVKD_001,VUNG_1,1079.8,5516.14,6688.38,9,109.15,5
202501,EMP_1003,DVKD_001,VUNG_1,842.94,5703.61,7057.65,9,182.99,5
202501,EMP_1004,DVKD_001,VUNG_1,1599.08,9642.1,15582.78,13,209.56,8
202501,EMP_1005,DVKD_001,VUNG_1,1662.91,8609.52,14022.24,15,339.36,9
202501,EMP_1006,DVKD_001,VUNG_1,2019.41,11955.08,15514.87,20,362.74,14
202501,EMP_1007,DVKD_001,VUNG_1,1747.69,9330.29,11356.83,17,311.97,7
202501,EMP_1008,DVKD_001,VUNG_1,1656.83,9763.91,14721.18,18,228.1,8
202501,EMP_1009,DVKD_001,VUNG_1,2436.48,10243.84,21388.77,21,405.53,11
202501,EMP_1010,DVKD_001,VUNG_1,1403.65,9489.22,13005.01,16,230.49,10
202501,EMP_1011,DVKD_001,VUNG_1,1770.25,7040.27,15261.29,13,251.32,10
202501,EMP_1012,DVKD_001,VUNG_1,1515.83,8017.81,14928.89,13,187.56,9
202501,EMP_1013,DVKD_001,VUNG_1,1783.79,6920.03,13858.33,14,344.86,9
202501,EMP_1014,DVKD_001,VUNG_1,2128.74,13025.41,21831.64,18,402.15,10
202501,EMP_1015,DVKD_002,VUNG_1,886.67,4171.94,8524.76,7,140.23,5
202501,EMP_1016,DVKD_002,VUNG_1,920.96,5353.84,9261.54,8,111.98,5
202501,EMP_1017,DVKD_002,VUNG_1,1029.82,4727.3,9355.22,8,173.88,6
202501,EMP_1018,DVKD_002,VUNG_1,1051.22,4083.87,8303.03,8,180.67,4
202501,EMP_1019,DVKD_002,VUNG_1,1668.41,8668.0,13666.61,16,266.1,10
202501,EMP_1020,DVKD_002,VUNG_1,906.9,4829.62,7293.1,9,204.71,4
202501,EMP_1021,DVKD_002,VUNG_1,1376.26,7981.58,13636.07,16,302.83,8
202501,EMP_1022,DVKD_002,VUNG_1,1506.54,8922.91,12729.07,14,311.2,8
202501,EMP_1023,DVKD_002,VUNG_1,1415.54,9969.67,12951.62,16,254.74,8
202501,EMP_1024,DVKD_002,VUNG_1,845.98,5334.55,7646.67,7,145.19,4
202501,EMP_1025,DVKD_002,VUNG_1,1904.21,9711.89,17096.09,25,470.64,10
202501,EMP_1026,DVKD_003,VUNG_1,870.07,5974.71,7568.85,10,205.91,6
202501,EMP_1027,DVKD_003,VUNG_1,880.38,5591.91,7954.42,10,115.77,4
202501,EMP_1028,DVKD_003,VUNG_1,1071.47,5962.49,7666.13,9,111.19,4
202501,EMP_1029,DVKD_003,VUNG_1,2502.36,12923.44,18384.99,21,246.89,11
202501,EMP_1030,DVKD_003,VUNG_1,1436.48,9104.37,11384.23,17,290.43,7
202501,EMP_1031,DVKD_003,VUNG_1,1414.27,7273.87,11639.95,13,177.3,8
202501,EMP_1032,DVKD_003,VUNG_1,1497.03,7297.74,11724.5,18,278.43,8
202501,EMP_1033,DVKD_003,VUNG_1,810.35,4257.16,8571.71,9,152.5,6
202501,EMP_1034,DVKD_003,VUNG_1,871.61,5788.62,6773.13,8,130.86,5
202501,EMP_1035,DVKD_003,VUNG_1,1033.03,5895.73,7385.53,8,186.88,5
202501,EMP_1036,DVKD_004,VUNG_1,849.32,5551.0,8008.16,8,191.69,6
202501,EMP_1037,DVKD_004,VUNG_1,927.9,4305.91,8496.6,10,205.43,5
202501,EMP_1038,DVKD_004,VUNG_1,821.05,5537.61,7989.67,7,202.3,4
202501,EMP_1039,DVKD_004,VUNG_1,1382.75,9663.86,11291.17,14,326.68,10
202501,EMP_1040,DVKD_004,VUNG_1,1459.16,7047.04,12398.0,17,312.66,8
202501,EMP_1041,DVKD_004,VUNG_1,1054.73,5865.28,7236.39,9,148.05,5
202501,EMP_1042,DVKD_004,VUNG_1,2351.64,12337.06,18820.05,18,402.18,13
202501,EMP_1043,DVKD_004,VUNG_1,1766.85,7514.47,12650.52,17,262.1,10
202501,EMP_1044,DVKD_004,VUNG_1,1639.11,9897.82,14033.71,13,272.7,9
202501,EMP_1045,DVKD_004,VUNG_1,1650.44,7111.51,14754.76,16,333.36,8
202501,EMP_1046,DVKD_004,VUNG_1,1769.02,9692.35,14745.69,14,275.75,8
202501,EMP_1047,DVKD_004,VUNG_1,1499.37,7834.12,12453.51,15,240.11,9
202501,EMP_1048,DVKD_005,VUNG_1,998.43,4120.04,8667.53,8,198.95,4
202501,EMP_1049,DVKD_005,VUNG_1,923.16,5932.32,8111.34,7,136.29,6
202501,EMP_1050,DVKD_005,VUNG_1,950.35,5617.93,7715.95,9,181.43,5
202501,EMP_1051,DVKD_005,VUNG_1,2154.84,10597.86,18159.77,19,353.79,9
202501,EMP_1052,DVKD_005,VUNG_1,1529.58,7260.49,12789.0,18,248.19,9
202501,EMP_1053,DVKD_005,VUNG_1,1484.48,9676.54,11081.21,14,286.13,8
202501,EMP_1054,DVKD_005,VUNG_1,1437.5,9113.24,13756.63,13,282.25,8
202501,EMP_1055,DVKD_005,VUNG_1,1471.21,8271.46,14819.35,17,206.56,10
202501,EMP_1056,DVKD_005,VUNG_1,2401.3,11901.14,19658.1,19,279.51,10
202501,EMP_1057,DVKD_005,VUNG_1,1445.67,8439.31,14480.6,14,254.51,7
202501,EMP_1058,DVKD_005,VUNG_1,839.86,4715.51,7190.21,10,168.04,5
202501,EMP_1059,DVKD_006,VUNG_1,901.27,4960.39,8916.03,9,108.02,4
202501,EMP_1060,DVKD_006,VUNG_1,944.73,5633.27,6523.05,8,143.74,4
202501,EMP_1061,DVKD_006,VUNG_1,1079.12,4488.76,8372.62,9,140.48,5
202501,EMP_1062,DVKD_006,VUNG_1,2116.07,13690.51,20820.73,20,376.77,13
202501,EMP_1063,DVKD_006,VUNG_1,1586.41,7524.35,12141.76,17,199.47,8
202501,EMP_1064,DVKD_006,VUNG_1,1432.72,9621.59,13762.74,13,202.64,8
202501,EMP_1065,DVKD_006,VUNG_1,1778.08,8720.76,14780.26,12,190.23,8
202501,EMP_1066,DVKD_006,VUNG_1,1060.46,4419.52,6823.36,10,166.99,6
202501,EMP_1067,DVKD_006,VUNG_1,1522.1,7471.73,14920.5,17,244.34,10
202501,EMP_1068,DVKD_006,VUNG_1,1718.73,9204.88,15461.65,13,215.36,7
202501,EMP_1069,DVKD_006,VUNG_1,1370.32,8501.24,15300.58,14,207.37,7
202501,EMP_1070,DVKD_006,VUNG_1,1392.85,8672.12,11309.97,13,217.62,8
202501,EMP_1071,DVKD_006,VUNG_1,2032.19,12226.8,15689.54,17,259.24,9
202501,EMP_1072,DVKD_006,VUNG_1,1001.36,5324.22,7719.23,9,124.34,5
202501,EMP_1073,DVKD_007,VUNG_1,1003.2,5379.87,8496.04,7,182.7,5
202501,EMP_1074,DVKD_007,VUNG_1,971.92,4084.72,7774.55,11,190.25,4
202501,EMP_1075,DVKD_007,VUNG_1,810.13,5604.33,7471.09,10,127.81,6
202501,EMP_1076,DVKD_007,VUNG_1,1942.19,11245.12,19336.97,21,436.55,13
202501,EMP_1077,DVKD_007,VUNG_1,1478.19,8005.9,12917.24,14,217.89,6
202501,EMP_1078,DVKD_007,VUNG_1,1683.04,8767.8,15335.91,14,293.59,9
202501,EMP_1079,DVKD_007,VUNG_1,838.19,4234.14,7779.92,9,206.77,6
202501,EMP_1080,DVKD_007,VUNG_1,1502.99,7902.72,13962.4,16,307.94,7
202501,EMP_1081,DVKD_007,VUNG_1,817.16,5184.96,8074.87,10,173.04,5
202501,EMP_1082,DVKD_007,VUNG_1,1924.61,12486.57,20476.87,22,283.19,10
202501,EMP_1083,DVKD_008,VUNG_1,992.3,4830.32,8283.06,10,151.39,5
202501,EMP_1084,DVKD_008,VUNG_1,1032.99,5294.61,7068.95,8,120.87,5
202501,EMP_1085,DVKD_008,VUNG_1,843.24,4763.01,6927.3,10,144.75,5
202501,EMP_1086,DVKD_008,VUNG_1,1674.21,8870.79,12564.64,13,262.15,7
202501,EMP_1087,DVKD_008,VUNG_1,1730.61,8740.08,11724.31,12,339.32,7
202501,EMP_1088,DVKD_008,VUNG_1,1723.58,9273.31,11979.16,17,273.8,9
202501,EMP_1089,DVKD_008,VUNG_1,1045.9,5429.83,6690.67,8,150.92,5
202501,EMP_1090,DVKD_008,VUNG_1,1631.87,9524.66,12623.95,13,344.91,9
202501,EMP_1091,DVKD_008,VUNG_1,1590.92,7625.14,13156.27,15,315.25,8
202501,EMP_1092,DVKD_008,VUNG_1,1504.12,7029.05,15530.07,17,335.89,7
202501,EMP_1093,DVKD_008,VUNG_1,1949.38,13009.67,19604.25,17,340.02,11
202501,EMP_1094,DVKD_008,VUNG_1,999.09,4834.41,7009.89,9,188.27,4
202501,EMP_1095,DVKD_008,VUNG_1,2449.12,9804.99,16091.04,18,313.51,14
202501,EMP_1096,DVKD_009,VUNG_2,869.56,5630.97,7196.85,11,143.37,5
202501,EMP_1097,DVKD_009,VUNG_2,1061.2,4820.93,7831.47,9,160.54,5
202501,EMP_1098,DVKD_009,VUNG_2,968.94,4386.71,7282.6,10,135.24,5
202501,EMP_1099,DVKD_009,VUNG_2,1965.8,10894.59,19323.19,19,479.85,12
202501,EMP_1100,DVKD_009,VUNG_2,1786.81,8140.18,12638.77,18,325.28,7
202501,EMP_1101,DVKD_009,VUNG_2,1652.48,9572.38,14476.4,17,328.27,9
202501,EMP_1102,DVKD_009,VUNG_2,2002.97,13752.07,20090.75,23,395.4,12
202501,EMP_1103,DVKD_009,VUNG_2,1446.98,8991.41,12092.6,13,197.92,7
202501,EMP_1104,DVKD_009,VUNG_2,1546.69,9304.26,12581.99,12,200.79,7
202501,EMP_1105,DVKD_009,VUNG_2,1751.84,8276.7,15523.04,16,324.56,9
202501,EMP_1106,DVKD_009,VUNG_2,1664.56,7718.0,12455.47,15,274.27,10
202501,EMP_1107,DVKD_009,VUNG_2,1411.62,7171.9,13294.81,16,184.09,6
202501,EMP_1108,DVKD_009,VUNG_2,2035.01,12257.12,16020.17,19,381.1,14
202501,EMP_1109,DVKD_009,VUNG_2,1774.68,9831.99,14516.02,13,287.89,10
202501,EMP_1110,DVKD_010,VUNG_2,997.22,5858.81,8492.3,8,111.72,6
202501,EMP_1111,DVKD_010,VUNG_2,941.82,5550.6,7762.37,9,147.73,4
202501,EMP_1112,DVKD_010,VUNG_2,847.97,5736.75,9301.05,9,126.05,4
202501,EMP_1113,DVKD_010,VUNG_2,2512.72,13477.1,20666.97,17,477.54,9
202501,EMP_1114,DVKD_010,VUNG_2,1749.65,8962.84,12202.45,18,197.14,10
202501,EMP_1115,DVKD_010,VUNG_2,1697.96,9582.97,11776.99,18,212.19,10
202501,EMP_1116,DVKD_010,VUNG_2,2315.69,11226.99,21483.82,21,474.93,13
202501,EMP_1117,DVKD_010,VUNG_2,973.42,5037.63,8611.39,8,126.72,4
202501,EMP_1118,DVKD_010,VUNG_2,1501.01,8966.97,13711.63,14,251.1,10
202501,EMP_1119,DVKD_010,VUNG_2,1409.89,8599.33,12578.26,15,274.45,10
202501,EMP_1120,DVKD_011,VUNG_2,840.71,4440.57,7233.27,9,196.05,6
202501,EMP_1121,DVKD_011,VUNG_2,1061.24,4798.46,8855.63,11,196.84,4
202501,EMP_1122,DVKD_011,VUNG_2,1052.71,4640.21,6796.01,8,199.46,6
202501,EMP_1123,DVKD_011,VUNG_2,1752.56,8855.3,13396.29,12,341.54,9
202501,EMP_1124,DVKD_011,VUNG_2,2253.56,12912.85,20061.2,19,401.32,9
202501,EMP_1125,DVKD_011,VUNG_2,1377.65,7574.37,12473.14,14,264.07,7
202501,EMP_1126,DVKD_011,VUNG_2,2024.55,10999.17,18630.8,22,312.24,13
202501,EMP_1127,DVKD_011,VUNG_2,1564.79,8265.86,12490.87,12,182.36,9
202501,EMP_1128,DVKD_011,VUNG_2,1396.4,8090.61,15270.71,14,253.29,8
202501,EMP_1129,DVKD_011,VUNG_2,1717.04,8556.53,10973.24,18,281.43,7
202501,EMP_1130,DVKD_011,VUNG_2,1558.17,9718.07,11293.0,17,267.25,9
202501,EMP_1131,DVKD_011,VUNG_2,2333.07,11687.12,15811.02,18,334.62,14
202501,EMP_1132,DVKD_011,VUNG_2,924.56,5613.76,9295.97,8,164.72,5
202501,EMP_1133,DVKD_011,VUNG_2,2413.91,11484.66,19011.84,23,294.48,10
202501,EMP_1134,DVKD_012,VUNG_2,921.73,4994.86,6600.05,8,107.95,6
202501,EMP_1135,DVKD_012,VUNG_2,954.8,4799.85,7216.08,10,112.03,5
202501,EMP_1136,DVKD_012,VUNG_2,898.33,5434.73,8050.85,8,204.94,6
202501,EMP_1137,DVKD_012,VUNG_2,2254.46,12177.84,20234.49,18,284.01,11
202501,EMP_1138,DVKD_012,VUNG_2,1979.48,11617.2,20339.94,21,382.09,9
202501,EMP_1139,DVKD_012,VUNG_2,899.17,5643.62,9155.61,9,155.91,6
202501,EMP_1140,DVKD_012,VUNG_2,1351.94,9599.91,11771.49,13,265.2,7
202501,EMP_1141,DVKD_012,VUNG_2,2457.6,11589.88,18338.81,20,390.17,14
202501,EMP_1142,DVKD_012,VUNG_2,2029.85,10938.62,19407.17,24,418.98,10
202501,EMP_1143,DVKD_012,VUNG_2,1406.6,8457.15,15328.26,15,344.45,6
202501,EMP_1144,DVKD_013,VUNG_2,956.98,5650.91,9191.17,7,201.19,6
202501,EMP_1145,DVKD_013,VUNG_2,843.77,5466.36,6502.96,9,192.01,5
202501,EMP_1146,DVKD_013,VUNG_2,1003.06,4400.48,7873.29,9,152.87,6
202501,EMP_1147,DVKD_013,VUNG_2,2366.07,10061.5,20226.9,19,323.16,13
202501,EMP_1148,DVKD_013,VUNG_2,1566.33,8412.65,12671.69,12,280.44,6
202501,EMP_1149,DVKD_013,VUNG_2,1758.33,7268.57,11030.64,13,325.07,7
202501,EMP_1150,DVKD_013,VUNG_2,1482.84,7728.86,11839.71,16,184.07,9
202501,EMP_1151,DVKD_013,VUNG_2,1567.54,9429.28,13978.63,18,191.44,9
202501,EMP_1152,DVKD_013,VUNG_2,1767.56,9077.8,12850.53,13,276.43,9
202501,EMP_1153,DVKD_013,VUNG_2,1398.75,7967.25,13727.59,14,244.78,9
202501,EMP_1154,DVKD_013,VUNG_2,1533.02,6930.21,13725.12,16,266.7,7
202501,EMP_1155,DVKD_013,VUNG_2,1479.41,7651.25,10883.83,16,201.66,10
202501,EMP_1156,DVKD_013,VUNG_2,1727.83,9823.92,15534.79,14,299.71,7
202501,EMP_1157,DVKD_014,VUNG_2,933.9,4464.56,8480.33,8,114.27,4
202501,EMP_1158,DVKD_014,VUNG_2,879.76,5969.42,8505.85,9,142.99,5
202501,EMP_1159,DVKD_014,VUNG_2,991.38,4888.96,8675.32,8,187.8,5
202501,EMP_1160,DVKD_014,VUNG_2,1387.18,9822.99,10978.28,16,182.67,8
202501,EMP_1161,DVKD_014,VUNG_2,1722.96,7284.45,10842.78,15,198.55,8
202501,EMP_1162,DVKD_014,VUNG_2,1607.32,7468.59,12055.94,15,233.85,8
202501,EMP_1163,DVKD_014,VUNG_2,1600.34,9532.45,11859.15,14,262.57,7
202501,EMP_1164,DVKD_014,VUNG_2,2199.96,9919.88,16375.91,19,343.72,12
202501,EMP_1165,DVKD_014,VUNG_2,1030.91,4818.06,9274.46,10,202.03,6
202501,EMP_1166,DVKD_014,VUNG_2,1524.3,7707.62,14792.42,17,179.02,7
202501,EMP_1167,DVKD_014,VUNG_2,2483.72,13774.69,19774.76,24,344.88,11
202501,EMP_1168,DVKD_014,VUNG_2,1700.41,7254.36,12685.66,14,325.2,9
202501,EMP_1169,DVKD_014,VUNG_2,1424.9,9105.93,14015.09,14,181.89,7
202501,EMP_1170,DVKD_015,VUNG_2,1047.76,5376.58,6886.8,9,174.73,4
202501,EMP_1171,DVKD_015,VUNG_2,989.97,4803.82,6530.31,8,107.53,6
202501,EMP_1172,DVKD_015,VUNG_2,885.55,5661.89,7907.06,8,205.21,4
202501,EMP_1173,DVKD_015,VUNG_2,1375.66,8863.89,14282.36,18,231.05,8
202501,EMP_1174,DVKD_015,VUNG_2,1644.95,7494.63,13671.71,17,331.93,10
202501,EMP_1175,DVKD_015,VUNG_2,1390.23,6986.28,14267.43,16,267.11,9
202501,EMP_1176,DVKD_015,VUNG_2,2037.92,11997.64,18621.4,23,443.34,11
202501,EMP_1177,DVKD_015,VUNG_2,1720.78,9894.96,11632.75,16,340.96,8
202501,EMP_1178,DVKD_015,VUNG_2,2489.66,9808.82,18774.03,25,430.22,12
202501,EMP_1179,DVKD_015,VUNG_2,1372.76,9166.7,11036.97,14,213.61,8
202501,EMP_1180,DVKD_015,VUNG_2,2157.56,10606.14,17925.49,18,469.47,9
202501,EMP_1181,DVKD_015,VUNG_2,1704.99,7063.51,15528.22,16,250.09,7
202501,EMP_1182,DVKD_015,VUNG_2,2427.42,13396.17,18964.37,23,464.06,14
202501,EMP_1183,DVKD_015,VUNG_2,1696.1,9509.77,14984.71,17,213.55,10
202501,EMP_1184,DVKD_016,VUNG_2,1043.05,4249.49,9300.9,10,204.42,5
202501,EMP_1185,DVKD_016,VUNG_2,1010.25,4096.06,8245.07,9,126.29,5
202501,EMP_1186,DVKD_016,VUNG_2,946.04,5959.17,6752.63,9,118.1,5
202501,EMP_1187,DVKD_016,VUNG_2,2310.38,12236.69,18307.77,20,456.56,13
202501,EMP_1188,DVKD_016,VUNG_2,1014.52,4279.38,8819.41,9,177.46,4
202501,EMP_1189,DVKD_016,VUNG_2,943.71,4844.41,9066.07,10,161.98,6
202501,EMP_1190,DVKD_016,VUNG_2,1534.13,7555.8,13414.79,17,291.68,6
202501,EMP_1191,DVKD_016,VUNG_2,2349.09,11296.37,20334.3,22,357.67,11
202501,EMP_1192,DVKD_016,VUNG_2,1616.46,7389.04,12874.83,15,320.39,8
202501,EMP_1193,DVKD_016,VUNG_2,1606.44,9000.92,12948.22,14,341.18,10
202501,EMP_1194,DVKD_016,VUNG_2,1496.19,7399.24,15200.53,16,331.1,9
202501,EMP_1195,DVKD_016,VUNG_2,1624.14,8284.16,13587.74,13,230.65,9
202501,EMP_1196,DVKD_016,VUNG_2,1411.01,7892.47,13087.78,15,250.92,10
202501,EMP_1197,DVKD_016,VUNG_2,1726.18,8016.58,10919.7,17,334.62,8
202501,EMP_1198,DVKD_017,VUNG_3,1010.35,4127.3,6564.46,7,179.61,6
202501,EMP_1199,DVKD_017,VUNG_3,843.7,4926.37,9048.79,10,139.61,5
202501,EMP_1200,DVKD_017,VUNG_3,860.89,4214.34,8850.14,9,204.65,5
202501,EMP_1201,DVKD_017,VUNG_3,1528.42,9364.58,13365.04,15,288.45,10
202501,EMP_1202,DVKD_017,VUNG_3,2084.27,11439.82,15496.87,22,434.6,9
202501,EMP_1203,DVKD_017,VUNG_3,1621.56,7638.05,13652.96,16,266.5,8
202501,EMP_1204,DVKD_017,VUNG_3,1035.52,5023.25,8321.62,11,170.78,5
202501,EMP_1205,DVKD_017,VUNG_3,1698.27,8686.88,10886.49,13,328.51,8
202501,EMP_1206,DVKD_017,VUNG_3,813.56,5315.99,7607.3,9,156.81,4
202501,EMP_1207,DVKD_017,VUNG_3,1689.41,6873.46,13975.52,16,201.12,7
202501,EMP_1208,DVKD_017,VUNG_3,871.31,4442.94,8221.62,10,171.57,4
202501,EMP_1209,DVKD_018,VUNG_3,855.4,4160.35,8733.48,9,125.53,6
202501,EMP_1210,DVKD_018,VUNG_3,1029.34,5588.15,9085.53,10,149.46,4
202501,EMP_1211,DVKD_018,VUNG_3,1027.33,4946.37,7168.95,11,182.15,5
202501,EMP_1212,DVKD_018,VUNG_3,1361.2,9388.71,13175.13,17,191.1,9
202501,EMP_1213,DVKD_018,VUNG_3,884.81,4830.77,8390.43,9,199.64,5
202501,EMP_1214,DVKD_018,VUNG_3,1758.74,7618.28,14257.73,15,261.27,7
202501,EMP_1215,DVKD_018,VUNG_3,1640.67,7610.09,12588.85,14,301.8,8
202501,EMP_1216,DVKD_018,VUNG_3,1644.89,9668.24,15480.88,16,248.3,10
202501,EMP_1217,DVKD_018,VUNG_3,948.81,5359.21,8993.03,9,187.59,5
202501,EMP_1218,DVKD_018,VUNG_3,1735.27,8916.32,15248.78,16,340.32,9
202501,EMP_1219,DVKD_018,VUNG_3,1040.76,5677.68,7101.6,11,192.14,5
202501,EMP_1220,DVKD_018,VUNG_3,874.89,4136.25,8389.43,9,143.32,5
202501,EMP_1221,DVKD_018,VUNG_3,1765.94,9683.49,12195.49,13,329.67,8
202501,EMP_1222,DVKD_018,VUNG_3,1711.88,8594.73,13953.06,16,227.63,10
202501,EMP_1223,DVKD_019,VUNG_3,1006.78,5993.89,8468.67,10,108.33,4
202501,EMP_1224,DVKD_019,VUNG_3,1005.5,4666.76,8783.16,9,180.68,5
202501,EMP_1225,DVKD_019,VUNG_3,953.64,4849.71,6955.73,10,110.37,4
202501,EMP_1226,DVKD_019,VUNG_3,1427.5,9954.6,13696.84,13,182.99,8
202501,EMP_1227,DVKD_019,VUNG_3,1452.27,9162.57,15153.53,17,278.3,7
202501,EMP_1228,DVKD_019,VUNG_3,1704.81,7905.15,13818.65,16,217.3,10
202501,EMP_1229,DVKD_019,VUNG_3,1929.96,10136.93,18877.12,20,331.82,13
202501,EMP_1230,DVKD_019,VUNG_3,1660.11,8835.28,12239.51,14,290.14,10
202501,EMP_1231,DVKD_019,VUNG_3,1392.4,7471.1,11889.48,12,334.05,9
202501,EMP_1232,DVKD_019,VUNG_3,1018.38,5398.4,8451.49,10,183.81,5
202501,EMP_1233,DVKD_019,VUNG_3,1724.6,7857.96,11177.61,16,333.49,7
202501,EMP_1234,DVKD_020,VUNG_3,874.53,4756.98,6564.07,11,122.52,5
202501,EMP_1235,DVKD_020,VUNG_3,1048.93,5648.86,6909.08,9,175.94,6
202501,EMP_1236,DVKD_020,VUNG_3,1027.65,4740.38,8472.67,9,157.07,5
202501,EMP_1237,DVKD_020,VUNG_3,1599.3,8966.07,12473.1,14,189.04,9
202501,EMP_1238,DVKD_020,VUNG_3,1544.12,6931.13,13697.42,17,189.14,7
202501,EMP_1239,DVKD_020,VUNG_3,1949.07,11655.33,21180.61,19,448.06,11
202501,EMP_1240,DVKD_020,VUNG_3,2321.09,12605.1,19814.17,25,347.38,12
202501,EMP_1241,DVKD_020,VUNG_3,956.83,4286.69,7792.21,8,131.27,4
202501,EMP_1242,DVKD_020,VUNG_3,2421.37,13309.44,19607.62,24,336.77,11
202501,EMP_1243,DVKD_020,VUNG_3,1674.86,9582.36,11600.57,15,329.52,7
202501,EMP_1244,DVKD_020,VUNG_3,1540.94,8443.83,13323.45,15,312.12,8
202501,EMP_1245,DVKD_020,VUNG_3,1421.9,8685.3,15277.96,15,215.96,9
202501,EMP_1246,DVKD_020,VUNG_3,926.5,4118.74,8910.96,11,167.76,6
202501,EMP_1247,DVKD_020,VUNG_3,1546.12,8381.03,11084.72,14,299.65,9
202501,EMP_1248,DVKD_021,VUNG_3,1031.81,5116.52,9122.93,8,176.1,6
202501,EMP_1249,DVKD_021,VUNG_3,928.99,5379.26,6767.88,8,184.86,5
202501,EMP_1250,DVKD_021,VUNG_3,871.87,5568.77,9128.9,9,109.04,5
202501,EMP_1251,DVKD_021,VUNG_3,1732.59,7089.44,12200.41,13,200.42,9
202501,EMP_1252,DVKD_021,VUNG_3,2042.64,10854.05,15430.45,23,380.48,13
202501,EMP_1253,DVKD_021,VUNG_3,1456.9,7588.21,11436.07,14,239.94,8
202501,EMP_1254,DVKD_021,VUNG_3,859.9,5250.5,6797.37,8,167.0,6
202501,EMP_1255,DVKD_021,VUNG_3,1632.92,7421.06,11208.39,17,210.55,8
202501,EMP_1256,DVKD_021,VUNG_3,1546.15,8768.12,11880.11,17,330.15,9
202501,EMP_1257,DVKD_021,VUNG_3,1735.09,8926.31,13609.23,15,293.69,7
202501,EMP_1258,DVKD_021,VUNG_3,1357.11,7270.65,13605.82,18,338.82,9
202501,EMP_1259,DVKD_021,VUNG_3,1525.42,9303.23,12430.71,12,254.09,10
202501,EMP_1260,DVKD_022,VUNG_3,947.49,5696.36,6886.81,9,183.08,6
202501,EMP_1261,DVKD_022,VUNG_3,942.08,5654.59,6928.19,8,162.74,5
202501,EMP_1262,DVKD_022,VUNG_3,1052.97,5590.74,7754.84,10,150.69,5
202501,EMP_1263,DVKD_022,VUNG_3,2376.91,11128.25,18915.99,23,364.39,11
202501,EMP_1264,DVKD_022,VUNG_3,1481.41,9521.42,14354.33,17,189.17,10
202501,EMP_1265,DVKD_022,VUNG_3,1375.42,7677.32,11045.37,17,206.08,7
202501,EMP_1266,DVKD_022,VUNG_3,1640.79,9175.68,13299.57,15,272.12,7
202501,EMP_1267,DVKD_022,VUNG_3,867.52,5885.05,8317.3,10,122.86,5
202501,EMP_1268,DVKD_022,VUNG_3,1529.89,9235.94,11026.71,16,183.32,6
202501,EMP_1269,DVKD_022,VUNG_3,1701.39,9323.77,12111.08,16,255.37,8
202501,EMP_1270,DVKD_022,VUNG_3,978.87,5110.02,8563.97,8,149.52,5
202501,EMP_1271,DVKD_022,VUNG_3,1370.09,9643.73,14784.5,16,253.12,7
202501,EMP_1272,DVKD_022,VUNG_3,1742.11,7803.43,11969.69,14,185.52,9
202501,EMP_1273,DVKD_022,VUNG_3,1990.6,9533.09,16699.34,22,286.42,13
202501,EMP_1274,DVKD_023,VUNG_3,856.93,5560.22,8611.87,10,113.06,6
202501,EMP_1275,DVKD_023,VUNG_3,914.42,4313.39,8725.64,9,148.61,4
202501,EMP_1276,DVKD_023,VUNG_3,955.12,5379.33,8439.04,10,178.65,6
202501,EMP_1277,DVKD_023,VUNG_3,1682.23,8720.74,13036.11,15,298.63,9
202501,EMP_1278,DVKD_023,VUNG_3,1542.78,7389.4,11005.16,14,189.14,9
202501,EMP_1279,DVKD_023,VUNG_3,1952.83,9745.59,18304.54,17,272.96,10
202501,EMP_1280,DVKD_023,VUNG_3,1602.28,9588.36,10932.41,16,268.3,9
202501,EMP_1281,DVKD_023,VUNG_3,1396.89,7493.41,10830.81,14,308.83,10
202501,EMP_1282,DVKD_023,VUNG_3,1612.86,7057.61,12071.19,16,238.32,10
202501,EMP_1283,DVKD_023,VUNG_3,1539.14,8312.36,13760.81,14,243.16,7
202501,EMP_1284,DVKD_023,VUNG_3,2007.22,11436.48,15645.82,20,424.92,14
202501,EMP_1285,DVKD_023,VUNG_3,2323.5,12547.27,18483.2,23,452.38,10
202501,EMP_1286,DVKD_023,VUNG_3,1509.47,7140.97,14362.49,17,241.79,10
202501,EMP_1287,DVKD_024,VUNG_3,956.85,5884.71,7552.1,9,153.17,4
202501,EMP_1288,DVKD_024,VUNG_3,1038.44,5087.53,8632.63,10,109.89,6
202501,EMP_1289,DVKD_024,VUNG_3,868.7,5338.13,8546.08,11,175.06,6
202501,EMP_1290,DVKD_024,VUNG_3,1485.87,9319.87,15051.58,13,249.25,9
202501,EMP_1291,DVKD_024,VUNG_3,1350.38,9844.57,11330.16,17,247.82,7
202501,EMP_1292,DVKD_024,VUNG_3,890.51,5282.32,6774.53,8,158.69,4
202501,EMP_1293,DVKD_024,VUNG_3,2139.97,11902.75,17952.47,24,346.84,12
202501,EMP_1294,DVKD_024,VUNG_3,1728.77,8042.55,12610.12,18,242.81,8
202501,EMP_1295,DVKD_024,VUNG_3,2194.31,9617.88,17656.16,21,480.52,9
202501,EMP_1296,DVKD_024,VUNG_3,1475.24,7503.65,14077.97,18,214.87,9
202501,EMP_1297,DVKD_024,VUNG_3,1660.54,7052.03,12453.67,18,305.69,7
202501,EMP_1298,DVKD_024,VUNG_3,1779.73,9961.06,13650.52,16,204.34,10
202502,EMP_1001,DVKD_001,VUNG_1,913.49,5228.76,7286.86,7,132.74,5
202502,EMP_1002,DVKD_001,VUNG_1,1062.89,4358.7,6751.26,9,122.89,5
202502,EMP_1003,DVKD_001,VUNG_1,885.81,4318.23,7034.63,8,116.99,6
202502,EMP_1004,DVKD_001,VUNG_1,1697.7,9827.2,13929.62,17,259.08,9
202502,EMP_1005,DVKD_001,VUNG_1,1586.62,9133.11,14815.25,15,219.11,9
202502,EMP_1006,DVKD_001,VUNG_1,2453.47,12125.73,18135.91,22,322.35,14
202502,EMP_1007,DVKD_001,VUNG_1,1410.67,8369.06,11329.82,15,246.61,8
202502,EMP_1008,DVKD_001,VUNG_1,1537.88,8453.71,11255.62,16,291.01,10
202502,EMP_1009,DVKD_001,VUNG_1,2451.57,9562.17,15637.23,19,441.19,14
202502,EMP_1010,DVKD_001,VUNG_1,1739.37,7802.83,14935.54,13,246.39,10
202502,EMP_1011,DVKD_001,VUNG_1,1425.67,8275.19,15384.4,17,253.51,7
202502,EMP_1012,DVKD_001,VUNG_1,1740.03,8126.14,12809.05,14,246.84,8
202502,EMP_1013,DVKD_001,VUNG_1,1602.25,7027.3,13555.0,17,266.97,9
202502,EMP_1014,DVKD_001,VUNG_1,2261.69,12121.81,19052.86,20,484.62,10
202502,EMP_1015,DVKD_002,VUNG_1,822.79,5546.13,8331.85,7,113.07,6
202502,EMP_1016,DVKD_002,VUNG_1,903.98,5607.06,8483.35,8,128.29,6
202502,EMP_1017,DVKD_002,VUNG_1,862.51,5848.17,8790.71,8,154.37,6
202502,EMP_1018,DVKD_002,VUNG_1,898.94,5190.52,8652.42,7,177.37,6
202502,EMP_1019,DVKD_002,VUNG_1,1459.2,8952.18,13686.61,16,240.03,10
202502,EMP_1020,DVKD_002,VUNG_1,945.95,4736.15,7692.76,11,196.1,5
202502,EMP_1021,DVKD_002,VUNG_1,1762.68,8554.11,14788.15,13,323.86,10
202502,EMP_1022,DVKD_002,VUNG_1,1448.02,8822.78,11498.4,14,343.19,8
202502,EMP_1023,DVKD_002,VUNG_1,1547.08,7671.45,14801.41,16,207.24,9
202502,EMP_1024,DVKD_002,VUNG_1,1047.11,5288.35,8907.96,10,192.3,6
202502,EMP_1025,DVKD_002,VUNG_1,2436.62,13543.18,21198.94,18,417.29,10
202502,EMP_1026,DVKD_003,VUNG_1,860.72,5637.31,6829.96,9,129.49,5
202502,EMP_1027,DVKD_003,VUNG_1,906.66,4267.52,7078.78,10,131.43,4
202502,EMP_1028,DVKD_003,VUNG_1,894.77,4497.85,6631.84,8,198.95,6
202502,EMP_1029,DVKD_003,VUNG_1,2266.62,11855.5,20071.82,23,397.33,13
202502,EMP_1030,DVKD_003,VUNG_1,1542.89,8917.13,12539.34,17,269.22,7
202502,EMP_1031,DVKD_003,VUNG_1,1474.9,9134.02,13499.54,16,280.94,7
202502,EMP_1032,DVKD_003,VUNG_1,1398.43,8347.06,14526.72,13,288.9,9
202502,EMP_1033,DVKD_003,VUNG_1,835.1,4848.88,6665.39,10,127.66,5
202502,EMP_1034,DVKD_003,VUNG_1,861.87,4903.28,6562.89,10,117.71,5
202502,EMP_1035,DVKD_003,VUNG_1,1000.79,5951.27,8514.28,8,118.92,4
202502,EMP_1036,DVKD_004,VUNG_1,856.1,5713.89,7258.67,10,160.15,6
202502,EMP_1037,DVKD_004,VUNG_1,1004.9,5636.66,6656.63,10,130.79,6
202502,EMP_1038,DVKD_004,VUNG_1,927.15,4672.4,6521.52,10,115.49,6
202502,EMP_1039,DVKD_004,VUNG_1,1480.59,7338.23,14451.74,15,324.28,7
202502,EMP_1040,DVKD_004,VUNG_1,1793.36,6898.62,14127.01,13,321.44,8
202502,EMP_1041,DVKD_004,VUNG_1,998.38,4670.69,7664.7,10,203.49,4
202502,EMP_1042,DVKD_004,VUNG_1,2353.58,11427.57,15557.64,20,487.47,9
202502,EMP_1043,DVKD_004,VUNG_1,1711.22,7712.02,12282.86,14,283.67,9
202502,EMP_1044,DVKD_004,VUNG_1,1379.23,7416.07,10986.87,14,286.35,8
202502,EMP_1045,DVKD_004,VUNG_1,1496.15,7098.68,13840.5,12,334.13,7
202502,EMP_1046,DVKD_004,VUNG_1,1737.04,8935.67,14744.68,12,287.53,8
202502,EMP_1047,DVKD_004,VUNG_1,1493.79,7654.94,14396.87,16,205.7,9
202502,EMP_1048,DVKD_005,VUNG_1,857.11,5002.15,8528.04,9,174.72,6
202502,EMP_1049,DVKD_005,VUNG_1,971.99,5568.71,8121.16,8,161.41,4
202502,EMP_1050,DVKD_005,VUNG_1,877.51,5682.75,8280.32,9,184.22,5
202502,EMP_1051,DVKD_005,VUNG_1,1900.23,12302.58,16668.93,23,276.07,13
202502,EMP_1052,DVKD_005,VUNG_1,1736.4,7740.98,12617.02,16,264.67,7
202502,EMP_1053,DVKD_005,VUNG_1,1534.55,7445.03,12239.56,15,280.79,10
202502,EMP_1054,DVKD_005,VUNG_1,1465.81,8312.45,11292.13,18,267.19,8
202502,EMP_1055,DVKD_005,VUNG_1,1625.53,9141.3,13237.11,17,238.34,8
202502,EMP_1056,DVKD_005,VUNG_1,2069.1,12779.01,16306.72,25,476.46,12
202502,EMP_1057,DVKD_005,VUNG_1,1504.59,8239.25,11780.17,17,178.8,10
202502,EMP_1058,DVKD_005,VUNG_1,854.03,5537.51,8091.19,10,159.92,5
202502,EMP_1059,DVKD_006,VUNG_1,910.77,4602.2,9318.25,9,171.31,4
202502,EMP_1060,DVKD_006,VUNG_1,963.72,5628.8,8222.54,11,134.75,4
202502,EMP_1061,DVKD_006,VUNG_1,972.25,5691.85,7834.53,8,132.15,4
202502,EMP_1062,DVKD_006,VUNG_1,2236.15,10422.31,15372.91,22,389.23,10
202502,EMP_1063,DVKD_006,VUNG_1,1597.72,9838.53,11818.88,14,224.84,9
202502,EMP_1064,DVKD_006,VUNG_1,1640.28,8934.28,13278.46,15,253.75,9
202502,EMP_1065,DVKD_006,VUNG_1,1610.73,8262.35,12761.2,13,297.55,10
202502,EMP_1066,DVKD_006,VUNG_1,816.01,5737.52,8942.73,9,113.93,4
202502,EMP_1067,DVKD_006,VUNG_1,1548.14,7062.51,10926.32,17,314.72,7
202502,EMP_1068,DVKD_006,VUNG_1,1778.13,9090.64,15337.58,13,243.63,10
202502,EMP_1069,DVKD_006,VUNG_1,1538.47,9129.27,10800.25,14,269.99,8
202502,EMP_1070,DVKD_006,VUNG_1,1774.66,8995.92,12644.93,16,220.63,10
202502,EMP_1071,DVKD_006,VUNG_1,2320.35,10435.76,19785.66,25,335.14,14
202502,EMP_1072,DVKD_006,VUNG_1,1075.51,5184.93,7423.68,10,209.18,5
202502,EMP_1073,DVKD_007,VUNG_1,1015.06,4111.95,7445.16,9,194.97,5
202502,EMP_1074,DVKD_007,VUNG_1,1066.07,5010.19,7375.3,8,179.75,6
202502,EMP_1075,DVKD_007,VUNG_1,1053.34,5607.18,7731.74,9,178.82,5
202502,EMP_1076,DVKD_007,VUNG_1,2456.69,13110.89,15955.78,25,451.9,11
202502,EMP_1077,DVKD_007,VUNG_1,1791.15,8983.96,11955.44,14,298.5,8
202502,EMP_1078,DVKD_007,VUNG_1,1685.06,9217.82,14997.81,14,348.73,7
202502,EMP_1079,DVKD_007,VUNG_1,921.04,5531.28,7969.83,8,130.67,6
202502,EMP_1080,DVKD_007,VUNG_1,1736.75,9578.15,14021.63,13,264.63,7
202502,EMP_1081,DVKD_007,VUNG_1,1004.42,4242.39,8696.97,10,119.84,5
202502,EMP_1082,DVKD_007,VUNG_1,2127.74,11013.92,21617.15,22,296.06,13
202502,EMP_1083,DVKD_008,VUNG_1,983.53,5047.13,7542.36,10,199.89,5
202502,EMP_1084,DVKD_008,VUNG_1,904.58,4802.01,7847.56,10,145.67,5
202502,EMP_1085,DVKD_008,VUNG_1,823.93,4453.06,7696.69,8,176.4,4
202502,EMP_1086,DVKD_008,VUNG_1,1617.81,8089.49,14548.24,14,304.28,7
202502,EMP_1087,DVKD_008,VUNG_1,1397.23,7030.21,15422.42,13,239.89,9
202502,EMP_1088,DVKD_008,VUNG_1,1389.95,9085.01,14365.37,12,329.49,10
202502,EMP_1089,DVKD_008,VUNG_1,1049.2,4658.79,8975.19,9,198.04,4
202502,EMP_1090,DVKD_008,VUNG_1,1536.06,7234.9,11976.01,14,269.18,9
202502,EMP_1091,DVKD_008,VUNG_1,1579.25,9685.53,13460.49,17,260.47,8
202502,EMP_1092,DVKD_008,VUNG_1,1702.6,9891.8,14921.71,16,294.72,9
202502,EMP_1093,DVKD_008,VUNG_1,2482.8,13280.11,19910.43,18,331.76,10
202502,EMP_1094,DVKD_008,VUNG_1,1012.47,5591.45,9009.15,10,206.04,6
202502,EMP_1095,DVKD_008,VUNG_1,2190.0,11606.47,18866.89,19,309.96,10
202502,EMP_1096,DVKD_009,VUNG_2,1068.74,5001.64,7825.67,7,167.66,5
202502,EMP_1097,DVKD_009,VUNG_2,890.47,4225.98,8652.62,10,173.43,4
202502,EMP_1098,DVKD_009,VUNG_2,977.94,4191.72,6573.08,10,164.95,5
202502,EMP_1099,DVKD_009,VUNG_2,1911.1,11352.5,17797.44,23,281.75,13
202502,EMP_1100,DVKD_009,VUNG_2,1675.06,7898.9,13321.6,18,233.37,9
202502,EMP_1101,DVKD_009,VUNG_2,1514.46,7894.26,11665.41,13,293.45,10
202502,EMP_1102,DVKD_009,VUNG_2,2160.8,9662.87,19713.38,24,431.86,14
202502,EMP_1103,DVKD_009,VUNG_2,1366.57,8292.53,14906.24,15,188.77,7
202502,EMP_1104,DVKD_009,VUNG_2,1460.48,7784.53,15550.08,16,319.28,7
202502,EMP_1105,DVKD_009,VUNG_2,1620.0,9249.23,13208.95,16,244.84,8
202502,EMP_1106,DVKD_009,VUNG_2,1386.16,8552.38,14077.67,14,212.63,10
202502,EMP_1107,DVKD_009,VUNG_2,1704.4,7685.38,12846.65,14,228.62,8
202502,EMP_1108,DVKD_009,VUNG_2,2471.69,11808.06,20254.85,20,364.28,9
202502,EMP_1109,DVKD_009,VUNG_2,1674.25,9145.85,12775.72,16,325.24,10
202502,EMP_1110,DVKD_010,VUNG_2,957.84,4362.74,8248.64,10,179.76,5
202502,EMP_1111,DVKD_010,VUNG_2,902.64,5232.77,7559.79,9,169.98,5
202502,EMP_1112,DVKD_010,VUNG_2,854.3,4526.73,7146.89,10,165.3,4
202502,EMP_1113,DVKD_010,VUNG_2,2156.37,10800.26,15236.59,19,362.89,10
202502,EMP_1114,DVKD_010,VUNG_2,1590.76,7359.15,11546.72,14,237.05,7
202502,EMP_1115,DVKD_010,VUNG_2,1389.71,8043.36,10954.71,15,253.94,7
202502,EMP_1116,DVKD_010,VUNG_2,2237.61,13274.28,16822.38,23,367.58,10
202502,EMP_1117,DVKD_010,VUNG_2,932.91,5740.31,8863.53,7,139.37,4
202502,EMP_1118,DVKD_010,VUNG_2,1396.4,9776.07,14382.26,16,335.36,7
202502,EMP_1119,DVKD_010,VUNG_2,1577.05,8864.45,14823.85,18,269.02,9
202502,EMP_1120,DVKD_011,VUNG_2,998.91,5730.05,7671.23,11,195.78,5
202502,EMP_1121,DVKD_011,VUNG_2,835.79,4253.13,7066.24,9,158.08,4
202502,EMP_1122,DVKD_011,VUNG_2,848.17,5067.1,7043.31,10,206.9,6
202502,EMP_1123,DVKD_011,VUNG_2,1590.53,7051.31,11808.18,16,267.26,9
202502,EMP_1124,DVKD_011,VUNG_2,2291.75,12628.07,18405.81,22,329.21,12
202502,EMP_1125,DVKD_011,VUNG_2,1628.94,9388.31,13308.07,16,293.55,10
202502,EMP_1126,DVKD_011,VUNG_2,2467.5,13870.64,18842.88,20,333.45,12
202502,EMP_1127,DVKD_011,VUNG_2,1749.19,9569.12,12608.59,14,283.65,7
202502,EMP_1128,DVKD_011,VUNG_2,1442.49,9532.21,13620.46,14,308.39,9
202502,EMP_1129,DVKD_011,VUNG_2,1596.48,9092.73,10997.05,12,209.31,9
202502,EMP_1130,DVKD_011,VUNG_2,1718.61,9571.68,11707.58,13,281.17,10
202502,EMP_1131,DVKD_011,VUNG_2,2086.41,10223.3,19751.0,24,385.69,13
202502,EMP_1132,DVKD_011,VUNG_2,875.38,5545.21,6629.82,9,201.99,4
202502,EMP_1133,DVKD_011,VUNG_2,2214.46,10213.22,21198.93,19,487.59,11
202502,EMP_1134,DVKD_012,VUNG_2,918.43,4457.55,6721.48,10,142.42,4
202502,EMP_1135,DVKD_012,VUNG_2,824.57,4200.52,7123.56,8,189.89,5
202502,EMP_1136,DVKD_012,VUNG_2,931.44,5103.02,8414.55,8,109.98,6
202502,EMP_1137,DVKD_012,VUNG_2,2356.45,11135.32,18809.48,22,321.65,12
202502,EMP_1138,DVKD_012,VUNG_2,2357.1,12691.48,16715.2,24,324.76,14
202502,EMP_1139,DVKD_012,VUNG_2,842.31,5152.05,9284.41,9,115.32,5
202502,EMP_1140,DVKD_012,VUNG_2,1626.24,9695.49,12081.12,13,247.97,9
202502,EMP_1141,DVKD_012,VUNG_2,2479.01,13629.78,20520.81,17,483.07,14
202502,EMP_1142,DVKD_012,VUNG_2,2361.37,13920.27,17677.2,22,249.23,14
202502,EMP_1143,DVKD_012,VUNG_2,1749.68,9519.43,14288.21,16,203.01,7
202502,EMP_1144,DVKD_013,VUNG_2,1026.02,4317.12,8022.38,9,157.86,4
202502,EMP_1145,DVKD_013,VUNG_2,995.49,5295.01,7917.76,11,147.22,5
202502,EMP_1146,DVKD_013,VUNG_2,912.88,5267.1,8723.8,11,108.2,4
202502,EMP_1147,DVKD_013,VUNG_2,2060.72,12086.75,21385.72,18,245.95,11
202502,EMP_1148,DVKD_013,VUNG_2,1453.68,8918.56,13843.9,18,340.76,8
202502,EMP_1149,DVKD_013,VUNG_2,1408.28,7224.54,13811.03,12,210.22,7
202502,EMP_1150,DVKD_013,VUNG_2,1370.98,8865.24,13023.85,17,272.8,9
202502,EMP_1151,DVKD_013,VUNG_2,1680.76,7613.08,11718.6,15,196.37,9
202502,EMP_1152,DVKD_013,VUNG_2,1389.77,7870.97,15124.64,17,232.96,10
202502,EMP_1153,DVKD_013,VUNG_2,1748.06,9369.09,10910.73,18,334.87,10
202502,EMP_1154,DVKD_013,VUNG_2,1529.75,9379.24,11010.81,15,205.36,10
202502,EMP_1155,DVKD_013,VUNG_2,1431.87,6840.94,14559.24,17,330.12,7
202502,EMP_1156,DVKD_013,VUNG_2,1779.58,8077.25,15502.71,18,182.29,9
202502,EMP_1157,DVKD_014,VUNG_2,879.44,4240.19,7927.71,10,158.03,5
202502,EMP_1158,DVKD_014,VUNG_2,1069.99,4578.4,6581.6,10,139.57,6
202502,EMP_1159,DVKD_014,VUNG_2,926.48,4338.31,7962.69,9,158.41,5
202502,EMP_1160,DVKD_014,VUNG_2,1677.6,8018.93,12842.73,18,345.91,9
202502,EMP_1161,DVKD_014,VUNG_2,1456.94,7459.21,13963.21,12,288.25,10
202502,EMP_1162,DVKD_014,VUNG_2,1412.12,8693.05,15046.66,18,314.89,10
202502,EMP_1163,DVKD_014,VUNG_2,1600.21,6829.19,12141.32,17,223.49,9
202502,EMP_1164,DVKD_014,VUNG_2,2458.61,9876.79,19000.25,17,369.69,10
202502,EMP_1165,DVKD_014,VUNG_2,842.74,5464.38,7218.29,11,166.62,6
202502,EMP_1166,DVKD_014,VUNG_2,1495.19,7586.85,11608.74,16,225.72,7
202502,EMP_1167,DVKD_014,VUNG_2,2338.12,10066.72,18208.52,22,256.71,11
202502,EMP_1168,DVKD_014,VUNG_2,1488.43,7210.07,11948.97,14,191.27,9
202502,EMP_1169,DVKD_014,VUNG_2,1563.4,8846.74,14736.35,14,213.69,9
202502,EMP_1170,DVKD_015,VUNG_2,916.34,4095.03,8082.99,10,184.71,5
202502,EMP_1171,DVKD_015,VUNG_2,979.23,5516.57,7671.95,10,144.9,5
202502,EMP_1172,DVKD_015,VUNG_2,970.11,4400.25,8709.98,11,161.15,4
202502,EMP_1173,DVKD_015,VUNG_2,1748.66,8481.72,11590.8,15,175.28,9
202502,EMP_1174,DVKD_015,VUNG_2,1587.12,7293.64,12592.88,12,332.2,8
202502,EMP_1175,DVKD_015,VUNG_2,1542.19,9127.98,14071.24,17,259.87,8
202502,EMP_1176,DVKD_015,VUNG_2,2201.98,9602.76,21497.89,19,441.42,10
202502,EMP_1177,DVKD_015,VUNG_2,1788.1,9149.01,13557.75,17,258.12,7
202502,EMP_1178,DVKD_015,VUNG_2,2035.56,12370.08,15665.4,21,464.82,13
202502,EMP_1179,DVKD_015,VUNG_2,1669.1,8719.04,11561.48,15,283.96,7
202502,EMP_1180,DVKD_015,VUNG_2,2336.38,13844.85,15704.54,23,417.91,11
202502,EMP_1181,DVKD_015,VUNG_2,1586.95,8988.49,15517.25,13,252.66,9
202502,EMP_1182,DVKD_015,VUNG_2,2418.59,12440.57,20428.19,22,348.98,11
202502,EMP_1183,DVKD_015,VUNG_2,1470.7,8100.03,14578.23,12,237.68,9
202502,EMP_1184,DVKD_016,VUNG_2,893.88,4294.26,7641.51,9,149.81,6
202502,EMP_1185,DVKD_016,VUNG_2,812.14,5633.17,8109.29,8,182.32,6
202502,EMP_1186,DVKD_016,VUNG_2,826.48,4291.69,8738.74,10,114.02,6
202502,EMP_1187,DVKD_016,VUNG_2,2252.63,12441.89,16163.17,25,280.42,12
202502,EMP_1188,DVKD_016,VUNG_2,1015.02,5600.41,7099.1,10,168.02,5
202502,EMP_1189,DVKD_016,VUNG_2,920.76,4173.73,8289.88,10,150.77,6
202502,EMP_1190,DVKD_016,VUNG_2,1779.71,9374.29,14996.37,18,223.05,10
202502,EMP_1191,DVKD_016,VUNG_2,2013.82,10864.05,15153.65,24,326.74,10
202502,EMP_1192,DVKD_016,VUNG_2,1686.49,7999.13,15029.49,14,347.68,8
202502,EMP_1193,DVKD_016,VUNG_2,1767.84,7844.15,12108.32,17,235.38,9
202502,EMP_1194,DVKD_016,VUNG_2,1751.62,6930.89,15074.55,15,221.78,9
202502,EMP_1195,DVKD_016,VUNG_2,1795.75,8825.57,11461.37,13,285.1,9
202502,EMP_1196,DVKD_016,VUNG_2,1527.79,9029.64,14607.88,16,186.02,9
202502,EMP_1197,DVKD_016,VUNG_2,1418.92,8498.29,15511.05,14,304.31,10
202502,EMP_1198,DVKD_017,VUNG_3,851.46,5042.52,8605.05,8,113.98,6
202502,EMP_1199,DVKD_017,VUNG_3,906.5,4696.29,9031.87,10,193.04,4
202502,EMP_1200,DVKD_017,VUNG_3,876.39,4117.65,7911.73,8,138.6,4
202502,EMP_1201,DVKD_017,VUNG_3,1761.38,8036.09,12800.57,13,281.28,8
202502,EMP_1202,DVKD_017,VUNG_3,2294.05,10716.14,20149.17,17,382.49,13
202502,EMP_1203,DVKD_017,VUNG_3,1360.07,8337.59,12448.29,16,331.4,9
202502,EMP_1204,DVKD_017,VUNG_3,1063.3,5245.73,6666.26,9,143.88,4
202502,EMP_1205,DVKD_017,VUNG_3,1654.91,7687.48,11260.69,14,311.63,8
202502,EMP_1206,DVKD_017,VUNG_3,991.49,4904.53,7273.71,9,159.6,5
202502,EMP_1207,DVKD_017,VUNG_3,1460.04,9298.0,12414.45,15,222.62,8
202502,EMP_1208,DVKD_017,VUNG_3,904.64,5577.85,8157.16,7,106.97,5
202502,EMP_1209,DVKD_018,VUNG_3,1005.83,4585.58,8766.12,8,192.71,4
202502,EMP_1210,DVKD_018,VUNG_3,1016.78,5111.12,8372.86,8,195.28,6
202502,EMP_1211,DVKD_018,VUNG_3,857.17,4350.46,6487.7,9,185.61,6
202502,EMP_1212,DVKD_018,VUNG_3,1374.2,8095.73,15357.42,13,326.4,8
202502,EMP_1213,DVKD_018,VUNG_3,907.18,4970.52,6839.97,7,110.01,4
202502,EMP_1214,DVKD_018,VUNG_3,1499.86,7607.24,12983.3,13,225.35,10
202502,EMP_1215,DVKD_018,VUNG_3,1458.18,7029.62,15093.27,14,268.9,7
202502,EMP_1216,DVKD_018,VUNG_3,1508.58,7968.9,15417.24,14,219.55,7
202502,EMP_1217,DVKD_018,VUNG_3,883.0,5935.5,8305.57,8,146.32,5
202502,EMP_1218,DVKD_018,VUNG_3,1641.92,8296.3,13773.96,14,216.61,7
202502,EMP_1219,DVKD_018,VUNG_3,909.01,4795.93,8071.74,10,175.79,5
202502,EMP_1220,DVKD_018,VUNG_3,1071.35,4740.5,8630.89,8,156.22,6
202502,EMP_1221,DVKD_018,VUNG_3,1393.97,8108.11,11012.69,17,334.24,9
202502,EMP_1222,DVKD_018,VUNG_3,1468.12,8848.88,14528.13,14,216.71,9
202502,EMP_1223,DVKD_019,VUNG_3,986.9,5927.67,7349.62,7,106.92,4
202502,EMP_1224,DVKD_019,VUNG_3,918.12,5218.37,9290.31,9,115.08,6
202502,EMP_1225,DVKD_019,VUNG_3,943.03,5212.55,8554.65,10,177.82,6
202502,EMP_1226,DVKD_019,VUNG_3,1406.02,7917.76,12332.84,14,182.3,9
202502,EMP_1227,DVKD_019,VUNG_3,1574.69,7706.88,14226.65,14,196.47,7
202502,EMP_1228,DVKD_019,VUNG_3,1623.82,8042.57,10892.62,15,282.76,7
202502,EMP_1229,DVKD_019,VUNG_3,2423.22,12915.74,18065.57,17,338.89,12
202502,EMP_1230,DVKD_019,VUNG_3,1640.79,8638.8,13146.63,15,279.54,10
202502,EMP_1231,DVKD_019,VUNG_3,1490.67,8975.69,12709.77,16,194.22,10
202502,EMP_1232,DVKD_019,VUNG_3,966.14,5578.74,8394.0,10,201.95,5
202502,EMP_1233,DVKD_019,VUNG_3,1530.81,7599.96,15591.43,17,260.19,7
202502,EMP_1234,DVKD_020,VUNG_3,1047.38,5607.52,8505.31,9,109.77,4
202502,EMP_1235,DVKD_020,VUNG_3,844.58,5105.24,7097.47,10,206.54,4
202502,EMP_1236,DVKD_020,VUNG_3,903.26,4284.42,7038.29,7,133.57,4
202502,EMP_1237,DVKD_020,VUNG_3,1560.64,9543.27,11591.85,16,345.73,7
202502,EMP_1238,DVKD_020,VUNG_3,1532.33,8951.59,11880.08,15,310.08,9
202502,EMP_1239,DVKD_020,VUNG_3,2168.23,13194.42,15540.37,23,372.44,9
202502,EMP_1240,DVKD_020,VUNG_3,2333.26,13346.61,21109.57,17,257.63,12
202502,EMP_1241,DVKD_020,VUNG_3,1004.65,5624.82,8709.64,9,143.3,6
202502,EMP_1242,DVKD_020,VUNG_3,2135.59,9632.85,16289.99,24,289.46,15
202502,EMP_1243,DVKD_020,VUNG_3,1536.79,9670.17,13060.2,16,221.27,10
202502,EMP_1244,DVKD_020,VUNG_3,1380.74,9636.34,14947.12,15,250.1,9
202502,EMP_1245,DVKD_020,VUNG_3,1389.81,7204.02,11416.43,13,315.4,7
202502,EMP_1246,DVKD_020,VUNG_3,979.19,4399.47,8976.2,10,113.67,4
202502,EMP_1247,DVKD_020,VUNG_3,1570.15,8854.12,13524.52,18,322.51,10
202502,EMP_1248,DVKD_021,VUNG_3,1043.59,4837.08,8663.68,8,206.19,5
202502,EMP_1249,DVKD_021,VUNG_3,883.67,5836.25,8496.19,8,177.08,5
202502,EMP_1250,DVKD_021,VUNG_3,887.33,4226.71,7979.82,10,177.19,5
202502,EMP_1251,DVKD_021,VUNG_3,1694.03,9028.11,11209.57,14,253.78,8
202502,EMP_1252,DVKD_021,VUNG_3,1901.52,11034.81,15509.35,21,403.78,12
202502,EMP_1253,DVKD_021,VUNG_3,1660.51,7492.44,14820.01,16,264.77,10
202502,EMP_1254,DVKD_021,VUNG_3,955.01,5803.79,8962.43,11,132.32,5
202502,EMP_1255,DVKD_021,VUNG_3,1424.62,9827.58,12052.97,15,209.71,8
202502,EMP_1256,DVKD_021,VUNG_3,1788.65,9678.08,11334.2,15,269.8,10
202502,EMP_1257,DVKD_021,VUNG_3,1355.14,6805.18,13112.08,17,336.02,8
202502,EMP_1258,DVKD_021,VUNG_3,1567.31,9143.41,10850.72,15,291.38,8
202502,EMP_1259,DVKD_021,VUNG_3,1787.1,7559.16,13032.15,13,280.65,6
202502,EMP_1260,DVKD_022,VUNG_3,923.69,5006.94,8894.41,9,124.48,4
202502,EMP_1261,DVKD_022,VUNG_3,849.77,4621.32,7987.83,9,163.9,5
202502,EMP_1262,DVKD_022,VUNG_3,837.8,4828.67,8133.99,7,198.04,5
202502,EMP_1263,DVKD_022,VUNG_3,2133.89,10852.23,17327.56,20,395.62,12
202502,EMP_1264,DVKD_022,VUNG_3,1399.13,8761.2,12726.13,14,333.59,9
202502,EMP_1265,DVKD_022,VUNG_3,1624.15,6865.39,14566.21,14,314.58,7
202502,EMP_1266,DVKD_022,VUNG_3,1604.05,9070.9,13135.41,12,227.21,8
202502,EMP_1267,DVKD_022,VUNG_3,988.74,4299.83,9248.62,9,110.57,5
202502,EMP_1268,DVKD_022,VUNG_3,1681.83,7996.04,13554.57,13,348.86,7
202502,EMP_1269,DVKD_022,VUNG_3,1526.07,9854.35,13019.38,13,343.13,10
202502,EMP_1270,DVKD_022,VUNG_3,828.09,4558.02,9075.83,10,187.0,5
202502,EMP_1271,DVKD_022,VUNG_3,1427.34,9346.85,11474.86,13,274.99,10
202502,EMP_1272,DVKD_022,VUNG_3,1361.29,9065.08,12986.38,17,265.02,7
202502,EMP_1273,DVKD_022,VUNG_3,2421.12,12223.61,16457.19,25,378.58,13
202502,EMP_1274,DVKD_023,VUNG_3,1033.44,4448.88,8896.88,9,105.45,5
202502,EMP_1275,DVKD_023,VUNG_3,874.61,5622.6,8931.7,9,140.5,4
202502,EMP_1276,DVKD_023,VUNG_3,964.96,5561.26,8513.33,8,196.99,6
202502,EMP_1277,DVKD_023,VUNG_3,1486.92,9703.51,14472.75,13,270.04,7
202502,EMP_1278,DVKD_023,VUNG_3,1607.11,7976.46,15367.26,15,259.38,9
202502,EMP_1279,DVKD_023,VUNG_3,2476.99,11038.16,20216.23,22,269.49,14
202502,EMP_1280,DVKD_023,VUNG_3,1386.65,8354.98,10928.76,12,246.89,8
202502,EMP_1281,DVKD_023,VUNG_3,1375.64,8634.01,11153.83,14,338.25,8
202502,EMP_1282,DVKD_023,VUNG_3,1498.48,9882.16,12016.18,17,308.13,9
202502,EMP_1283,DVKD_023,VUNG_3,1615.77,7468.27,12951.45,15,195.18,9
202502,EMP_1284,DVKD_023,VUNG_3,2371.3,11328.63,18243.38,22,455.14,9
202502,EMP_1285,DVKD_023,VUNG_3,2066.28,10909.53,21448.51,22,420.03,12
202502,EMP_1286,DVKD_023,VUNG_3,1672.19,8964.23,14007.82,13,189.01,9
202502,EMP_1287,DVKD_024,VUNG_3,1015.28,4165.65,7130.3,8,188.08,6
202502,EMP_1288,DVKD_024,VUNG_3,1005.09,4946.28,9107.74,11,199.09,4
202502,EMP_1289,DVKD_024,VUNG_3,1044.44,4303.32,6480.93,9,199.18,6
202502,EMP_1290,DVKD_024,VUNG_3,1613.99,9042.91,15519.45,16,213.01,7
202502,EMP_1291,DVKD_024,VUNG_3,1391.73,7902.2,10893.76,14,225.66,8
202502,EMP_1292,DVKD_024,VUNG_3,932.85,5576.54,8160.99,11,190.85,6
202502,EMP_1293,DVKD_024,VUNG_3,2078.3,11658.39,20710.74,18,257.55,14
202502,EMP_1294,DVKD_024,VUNG_3,1609.26,8055.06,15029.34,14,292.88,8
202502,EMP_1295,DVKD_024,VUNG_3,2105.09,10191.36,18918.64,21,285.77,13
202502,EMP_1296,DVKD_024,VUNG_3,1444.54,8422.11,12088.14,18,179.33,7
202502,EMP_1297,DVKD_024,VUNG_3,1354.69,8423.91,15391.86,14,325.2,9
202502,EMP_1298,DVKD_024,VUNG_3,1355.13,8188.39,14273.11,16,206.85,10
202503,EMP_1001,DVKD_001,VUNG_1,985.49,5736.77,6674.92,9,202.81,6
202503,EMP_1002,DVKD_001,VUNG_1,938.62,5279.61,8963.43,10,198.49,5
202503,EMP_1003,DVKD_001,VUNG_1,911.14,4158.49,8364.25,9,198.77,5
202503,EMP_1004,DVKD_001,VUNG_1,1519.31,8390.41,13628.45,17,316.38,10
202503,EMP_1005,DVKD_001,VUNG_1,1381.39,9313.04,11064.84,15,216.71,8
202503,EMP_1006,DVKD_001,VUNG_1,1971.91,12194.89,16278.47,22,252.96,12
202503,EMP_1007,DVKD_001,VUNG_1,1755.45,9732.12,12179.61,13,208.7,10
202503,EMP_1008,DVKD_001,VUNG_1,1458.84,9320.94,11835.24,16,215.21,8
202503,EMP_1009,DVKD_001,VUNG_1,1904.21,11317.09,19880.24,17,452.8,14
202503,EMP_1010,DVKD_001,VUNG_1,1604.7,9917.8,14197.05,16,175.4,9
202503,EMP_1011,DVKD_001,VUNG_1,1644.46,7410.33,12900.7,17,231.55,7
202503,EMP_1012,DVKD_001,VUNG_1,1487.48,7236.93,12449.45,15,321.06,7
202503,EMP_1013,DVKD_001,VUNG_1,1522.14,9808.66,12018.28,17,272.25,8
202503,EMP_1014,DVKD_001,VUNG_1,2191.69,13762.93,16769.15,18,386.77,13
202503,EMP_1015,DVKD_002,VUNG_1,1025.88,5583.94,7217.06,9,206.12,6
202503,EMP_1016,DVKD_002,VUNG_1,952.94,4092.41,7193.03,9,184.81,5
202503,EMP_1017,DVKD_002,VUNG_1,845.64,4719.4,6566.01,9,206.95,5
202503,EMP_1018,DVKD_002,VUNG_1,953.11,5924.32,8047.75,7,123.94,4
202503,EMP_1019,DVKD_002,VUNG_1,1615.54,7216.2,11387.25,17,335.48,7
202503,EMP_1020,DVKD_002,VUNG_1,1052.82,5273.15,8545.2,8,147.13,5
202503,EMP_1021,DVKD_002,VUNG_1,1443.98,8693.97,13568.11,13,316.94,9
202503,EMP_1022,DVKD_002,VUNG_1,1699.53,7310.33,15050.63,15,319.61,9
202503,EMP_1023,DVKD_002,VUNG_1,1463.22,7304.02,12286.63,14,246.52,9
202503,EMP_1024,DVKD_002,VUNG_1,840.54,5838.17,8143.02,8,117.06,4
202503,EMP_1025,DVKD_002,VUNG_1,2012.66,10338.73,18861.08,17,246.1,11
202503,EMP_1026,DVKD_003,VUNG_1,999.43,4423.29,7884.48,8,113.33,6
202503,EMP_1027,DVKD_003,VUNG_1,849.73,4385.68,8505.53,10,113.64,6
202503,EMP_1028,DVKD_003,VUNG_1,907.43,4783.82,7262.18,9,160.63,5
202503,EMP_1029,DVKD_003,VUNG_1,2304.89,12638.87,15493.32,24,344.42,10
202503,EMP_1030,DVKD_003,VUNG_1,1559.91,8880.75,10885.95,13,204.95,9
202503,EMP_1031,DVKD_003,VUNG_1,1607.02,7609.16,11619.89,12,326.85,8
202503,EMP_1032,DVKD_003,VUNG_1,1566.58,9707.35,12439.94,16,338.1,10
202503,EMP_1033,DVKD_003,VUNG_1,864.45,5179.9,7552.69,11,119.88,4
202503,EMP_1034,DVKD_003,VUNG_1,959.96,4843.96,8516.79,7,110.14,4
202503,EMP_1035,DVKD_003,VUNG_1,880.1,4935.23,8191.93,8,147.14,4
202503,EMP_1036,DVKD_004,VUNG_1,1010.21,5100.53,7920.48,8,171.6,4
202503,EMP_1037,DVKD_004,VUNG_1,908.55,5466.94,8108.63,9,208.03,6
202503,EMP_1038,DVKD_004,VUNG_1,990.71,4133.2,6851.88,7,118.72,4
202503,EMP_1039,DVKD_004,VUNG_1,1603.06,8559.07,14260.18,13,214.7,7
202503,EMP_1040,DVKD_004,VUNG_1,1604.3,9493.69,14790.44,15,323.92,9
202503,EMP_1041,DVKD_004,VUNG_1,968.08,5050.6,8188.96,8,161.23,6
202503,EMP_1042,DVKD_004,VUNG_1,2462.39,13616.9,20566.92,17,451.37,13
202503,EMP_1043,DVKD_004,VUNG_1,1640.67,7066.5,13687.4,18,333.21,8
202503,EMP_1044,DVKD_004,VUNG_1,1723.72,8270.37,14140.76,13,313.55,8
202503,EMP_1045,DVKD_004,VUNG_1,1432.58,8596.12,13045.17,13,247.11,8
202503,EMP_1046,DVKD_004,VUNG_1,1505.62,7055.13,15243.25,13,187.27,8
202503,EMP_1047,DVKD_004,VUNG_1,1608.8,9925.54,14600.29,15,253.67,9
202503,EMP_1048,DVKD_005,VUNG_1,984.36,5439.9,7807.93,8,183.91,5
202503,EMP_1049,DVKD_005,VUNG_1,981.55,4459.3,9024.02,10,170.38,5
202503,EMP_1050,DVKD_005,VUNG_1,943.76,5238.91,8976.99,9,116.58,6
202503,EMP_1051,DVKD_005,VUNG_1,2364.19,13334.32,16617.22,21,410.71,9
202503,EMP_1052,DVKD_005,VUNG_1,1420.51,9730.53,11025.0,17,222.29,9
202503,EMP_1053,DVKD_005,VUNG_1,1358.44,7749.85,12206.46,15,248.28,7
202503,EMP_1054,DVKD_005,VUNG_1,1363.76,6959.49,12177.99,16,248.32,8
202503,EMP_1055,DVKD_005,VUNG_1,1452.62,8128.64,12182.32,13,241.84,10
202503,EMP_1056,DVKD_005,VUNG_1,2327.14,10140.13,17579.3,22,471.1,10
202503,EMP_1057,DVKD_005,VUNG_1,1701.85,7538.97,13658.08,13,342.56,10
202503,EMP_1058,DVKD_005,VUNG_1,979.97,4192.6,6768.74,8,154.01,4
202503,EMP_1059,DVKD_006,VUNG_1,1001.9,5524.11,7010.92,8,137.63,4
202503,EMP_1060,DVKD_006,VUNG_1,942.66,5743.26,7692.78,11,106.34,4
202503,EMP_1061,DVKD_006,VUNG_1,827.76,4590.52,9125.01,10,127.83,5
202503,EMP_1062,DVKD_006,VUNG_1,2222.32,12821.59,18133.08,19,283.69,12
202503,EMP_1063,DVKD_006,VUNG_1,1459.06,9340.59,14455.96,17,282.88,9
202503,EMP_1064,DVKD_006,VUNG_1,1760.22,8340.16,13088.0,18,347.01,7
202503,EMP_1065,DVKD_006,VUNG_1,1617.81,9326.86,11597.59,17,203.62,8
202503,EMP_1066,DVKD_006,VUNG_1,1006.72,4533.65,7414.41,7,126.29,5
202503,EMP_1067,DVKD_006,VUNG_1,1357.15,6921.39,15462.67,12,227.61,8
202503,EMP_1068,DVKD_006,VUNG_1,1380.4,9490.28,12296.47,13,263.07,7
202503,EMP_1069,DVKD_006,VUNG_1,1681.9,7839.64,12047.08,18,300.02,8
202503,EMP_1070,DVKD_006,VUNG_1,1638.58,7199.81,13772.37,16,301.72,9
202503,EMP_1071,DVKD_006,VUNG_1,2352.87,11504.08,17563.96,24,476.79,10
202503,EMP_1072,DVKD_006,VUNG_1,863.04,5915.44,8449.66,9,107.02,5
202503,EMP_1073,DVKD_007,VUNG_1,867.24,5573.52,8179.1,8,209.09,5
202503,EMP_1074,DVKD_007,VUNG_1,948.61,5151.24,7120.6,9,131.05,6
202503,EMP_1075,DVKD_007,VUNG_1,947.95,5792.52,7189.27,11,129.41,5
202503,EMP_1076,DVKD_007,VUNG_1,2286.31,13275.39,16519.05,18,301.35,11
202503,EMP_1077,DVKD_007,VUNG_1,1730.31,7288.09,14439.13,18,178.79,9
202503,EMP_1078,DVKD_007,VUNG_1,1518.44,9086.65,13001.45,12,215.28,7
202503,EMP_1079,DVKD_007,VUNG_1,1057.28,4847.54,6841.48,10,139.3,6
202503,EMP_1080,DVKD_007,VUNG_1,1569.36,7087.28,15346.61,14,325.36,7
202503,EMP_1081,DVKD_007,VUNG_1,968.69,5935.41,8306.06,10,133.71,4
202503,EMP_1082,DVKD_007,VUNG_1,2298.01,12598.1,17130.31,20,319.86,9
202503,EMP_1083,DVKD_008,VUNG_1,977.58,4792.96,7552.11,8,138.68,5
202503,EMP_1084,DVKD_008,VUNG_1,1029.42,5887.45,8699.6,7,114.57,4
202503,EMP_1085,DVKD_008,VUNG_1,1073.86,5949.54,7474.35,7,180.13,4
202503,EMP_1086,DVKD_008,VUNG_1,1659.86,8755.97,12018.86,17,186.97,9
202503,EMP_1087,DVKD_008,VUNG_1,1561.7,7866.18,13186.62,17,237.64,10
202503,EMP_1088,DVKD_008,VUNG_1,1752.36,8055.46,14628.2,13,265.11,9
202503,EMP_1089,DVKD_008,VUNG_1,1074.78,4866.39,6530.25,10,117.63,5
202503,EMP_1090,DVKD_008,VUNG_1,1730.42,7038.19,14014.15,15,238.82,10
202503,EMP_1091,DVKD_008,VUNG_1,1544.66,7811.02,10844.44,17,255.19,10
202503,EMP_1092,DVKD_008,VUNG_1,1490.7,7725.32,11062.73,16,290.42,8
202503,EMP_1093,DVKD_008,VUNG_1,2115.85,12441.55,19122.74,21,263.95,10
202503,EMP_1094,DVKD_008,VUNG_1,868.26,5931.56,6549.06,11,109.41,6
202503,EMP_1095,DVKD_008,VUNG_1,1913.9,9717.71,21278.62,23,347.31,9
202503,EMP_1096,DVKD_009,VUNG_2,823.51,4495.77,6908.54,10,160.07,5
202503,EMP_1097,DVKD_009,VUNG_2,955.25,4477.68,7289.42,11,146.03,4
202503,EMP_1098,DVKD_009,VUNG_2,1063.33,5145.34,6807.98,11,154.68,5
202503,EMP_1099,DVKD_009,VUNG_2,2111.96,11882.94,19723.55,25,473.09,9
202503,EMP_1100,DVKD_009,VUNG_2,1507.73,6912.59,13637.82,14,245.05,9
202503,EMP_1101,DVKD_009,VUNG_2,1691.4,8016.62,11645.27,12,258.85,7
202503,EMP_1102,DVKD_009,VUNG_2,2197.61,13212.07,19985.3,25,272.5,13
202503,EMP_1103,DVKD_009,VUNG_2,1739.16,8231.77,13834.91,15,236.55,8
202503,EMP_1104,DVKD_009,VUNG_2,1559.75,7514.48,14277.26,17,342.9,7
202503,EMP_1105,DVKD_009,VUNG_2,1695.89,8731.71,15371.04,15,279.72,9
202503,EMP_1106,DVKD_009,VUNG_2,1606.36,7130.37,12025.46,18,281.32,7
202503,EMP_1107,DVKD_009,VUNG_2,1557.65,7054.18,12660.14,14,181.18,8
202503,EMP_1108,DVKD_009,VUNG_2,2221.92,12760.02,18140.24,17,382.49,13
202503,EMP_1109,DVKD_009,VUNG_2,1751.95,7068.8,12260.75,15,236.44,9
202503,EMP_1110,DVKD_010,VUNG_2,908.67,4852.17,9351.11,8,183.8,5
202503,EMP_1111,DVKD_010,VUNG_2,1057.35,5339.18,7083.39,11,106.71,4
202503,EMP_1112,DVKD_010,VUNG_2,904.36,5683.0,7476.77,8,188.06,4
202503,EMP_1113,DVKD_010,VUNG_2,2185.93,11656.14,20459.72,17,294.02,11
202503,EMP_1114,DVKD_010,VUNG_2,1659.38,8339.3,13641.13,13,247.74,8
202503,EMP_1115,DVKD_010,VUNG_2,1596.38,8954.55,10860.55,13,220.96,7
202503,EMP_1116,DVKD_010,VUNG_2,2490.98,13799.77,17069.29,19,406.26,15
202503,EMP_1117,DVKD_010,VUNG_2,889.86,5985.7,7940.97,10,108.83,5
202503,EMP_1118,DVKD_010,VUNG_2,1763.28,9497.38,13526.54,15,285.44,7
202503,EMP_1119,DVKD_010,VUNG_2,1579.5,7232.33,12612.03,14,177.31,10
202503,EMP_1120,DVKD_011,VUNG_2,1018.42,4557.56,7112.91,10,107.89,5
202503,EMP_1121,DVKD_011,VUNG_2,888.58,4680.71,8251.45,9,128.73,4
202503,EMP_1122,DVKD_011,VUNG_2,996.74,5450.63,6786.31,11,164.47,5
202503,EMP_1123,DVKD_011,VUNG_2,1491.34,7668.7,14422.06,13,283.36,9
202503,EMP_1124,DVKD_011,VUNG_2,2116.31,11857.97,20485.57,18,327.52,11
202503,EMP_1125,DVKD_011,VUNG_2,1497.29,8093.51,10820.05,13,181.54,7
202503,EMP_1126,DVKD_011,VUNG_2,2490.97,9694.51,17688.66,21,454.01,14
202503,EMP_1127,DVKD_011,VUNG_2,1395.94,7950.16,13964.62,15,303.9,10
202503,EMP_1128,DVKD_011,VUNG_2,1396.03,8453.06,13819.36,17,263.7,10
202503,EMP_1129,DVKD_011,VUNG_2,1501.57,8121.02,12870.51,16,315.18,10
202503,EMP_1130,DVKD_011,VUNG_2,1447.88,7206.69,13330.58,14,223.2,9
202503,EMP_1131,DVKD_011,VUNG_2,1911.2,12014.79,20493.7,20,324.96,12
202503,EMP_1132,DVKD_011,VUNG_2,975.1,5671.93,8813.7,10,134.59,5
202503,EMP_1133,DVKD_011,VUNG_2,1899.33,10237.12,21685.98,23,281.55,12
202503,EMP_1134,DVKD_012,VUNG_2,1035.83,4447.47,6683.03,10,129.64,4
202503,EMP_1135,DVKD_012,VUNG_2,909.09,4514.62,6692.18,10,116.54,5
202503,EMP_1136,DVKD_012,VUNG_2,997.77,4810.1,7576.27,9,117.79,4
202503,EMP_1137,DVKD_012,VUNG_2,1966.56,12934.81,19619.28,20,338.89,9
202503,EMP_1138,DVKD_012,VUNG_2,2176.15,13025.65,15741.7,21,449.16,10
202503,EMP_1139,DVKD_012,VUNG_2,837.52,5193.91,8782.83,8,138.11,6
202503,EMP_1140,DVKD_012,VUNG_2,1780.39,8964.93,11486.47,14,260.09,9
202503,EMP_1141,DVKD_012,VUNG_2,2311.52,10467.15,15545.98,17,309.15,11
202503,EMP_1142,DVKD_012,VUNG_2,2014.74,9832.53,15816.49,25,489.86,12
202503,EMP_1143,DVKD_012,VUNG_2,1396.61,6831.06,15519.71,18,297.05,7
202503,EMP_1144,DVKD_013,VUNG_2,895.01,4302.42,8996.76,10,137.52,5
202503,EMP_1145,DVKD_013,VUNG_2,945.63,4875.02,8128.87,8,110.02,6
202503,EMP_1146,DVKD_013,VUNG_2,914.33,4272.17,8382.48,9,160.29,4
202503,EMP_1147,DVKD_013,VUNG_2,2014.7,10696.79,20544.65,23,340.48,11
202503,EMP_1148,DVKD_013,VUNG_2,1406.31,9246.63,12997.08,16,257.67,7
202503,EMP_1149,DVKD_013,VUNG_2,1374.59,9122.06,10931.14,13,348.8,8
202503,EMP_1150,DVKD_013,VUNG_2,1466.22,8807.64,13744.5,18,253.71,9
202503,EMP_1151,DVKD_013,VUNG_2,1453.35,8747.07,14198.49,14,344.69,9
202503,EMP_1152,DVKD_013,VUNG_2,1390.03,9410.63,12741.7,14,175.75,8
202503,EMP_1153,DVKD_013,VUNG_2,1450.87,8165.21,14683.51,14,339.55,9
202503,EMP_1154,DVKD_013,VUNG_2,1600.43,7912.59,15242.21,14,190.33,10
202503,EMP_1155,DVKD_013,VUNG_2,1386.55,9988.64,13692.29,16,226.68,10
202503,EMP_1156,DVKD_013,VUNG_2,1424.58,7522.75,10979.77,18,178.73,8
202503,EMP_1157,DVKD_014,VUNG_2,888.46,5080.42,7815.97,8,163.95,6
202503,EMP_1158,DVKD_014,VUNG_2,981.76,5647.31,8181.91,9,159.26,5
202503,EMP_1159,DVKD_014,VUNG_2,1052.51,4553.2,8807.4,7,110.62,6
202503,EMP_1160,DVKD_014,VUNG_2,1709.07,6812.57,11144.72,15,342.26,10
202503,EMP_1161,DVKD_014,VUNG_2,1644.23,7802.24,15155.78,16,316.57,10
202503,EMP_1162,DVKD_014,VUNG_2,1770.4,8221.28,11295.66,18,187.93,7
202503,EMP_1163,DVKD_014,VUNG_2,1666.57,8154.0,11049.94,12,282.82,7
202503,EMP_1164,DVKD_014,VUNG_2,1948.48,10804.03,15698.8,25,332.38,14
202503,EMP_1165,DVKD_014,VUNG_2,924.18,4616.29,7149.2,10,159.49,5
202503,EMP_1166,DVKD_014,VUNG_2,1678.69,9951.77,15242.97,14,203.31,9
202503,EMP_1167,DVKD_014,VUNG_2,1958.61,12997.17,15298.17,19,302.36,10
202503,EMP_1168,DVKD_014,VUNG_2,1350.57,9797.76,11065.93,16,314.47,9
202503,EMP_1169,DVKD_014,VUNG_2,1523.13,8093.5,12470.32,16,300.59,10
202503,EMP_1170,DVKD_015,VUNG_2,975.62,5323.38,7794.32,8,152.72,6
202503,EMP_1171,DVKD_015,VUNG_2,1044.64,5545.63,8480.08,8,158.19,6
202503,EMP_1172,DVKD_015,VUNG_2,851.1,5843.04,8763.21,10,191.38,6
202503,EMP_1173,DVKD_015,VUNG_2,1519.25,7854.62,13974.02,17,201.85,8
202503,EMP_1174,DVKD_015,VUNG_2,1715.43,8570.91,13986.15,14,188.69,10
202503,EMP_1175,DVKD_015,VUNG_2,1458.64,8644.82,14596.95,17,259.28,9
202503,EMP_1176,DVKD_015,VUNG_2,2167.4,9669.53,15159.4,20,402.07,12
202503,EMP_1177,DVKD_015,VUNG_2,1453.05,7822.18,13716.12,13,300.49,8
202503,EMP_1178,DVKD_015,VUNG_2,2103.57,11281.54,20573.06,21,291.05,14
202503,EMP_1179,DVKD_015,VUNG_2,1687.55,8058.06,12723.09,17,268.65,9
202503,EMP_1180,DVKD_015,VUNG_2,1899.81,13725.25,19572.82,22,325.28,12
202503,EMP_1181,DVKD_015,VUNG_2,1731.13,7538.48,14243.27,14,198.16,9
202503,EMP_1182,DVKD_015,VUNG_2,2508.78,12764.86,21742.99,20,428.1,14
202503,EMP_1183,DVKD_015,VUNG_2,1512.95,7203.66,14802.0,16,232.62,9
202503,EMP_1184,DVKD_016,VUNG_2,856.88,5971.03,6500.41,10,187.3,6
202503,EMP_1185,DVKD_016,VUNG_2,839.99,5559.78,6639.5,10,149.53,5
202503,EMP_1186,DVKD_016,VUNG_2,1038.44,4962.57,8098.12,10,206.63,6
202503,EMP_1187,DVKD_016,VUNG_2,2284.88,9886.92,21487.6,24,245.3,13
202503,EMP_1188,DVKD_016,VUNG_2,960.13,4348.67,8679.69,9,136.81,6
202503,EMP_1189,DVKD_016,VUNG_2,1034.7,5279.03,8680.79,10,198.41,6
202503,EMP_1190,DVKD_016,VUNG_2,1602.31,8095.61,11413.71,16,213.16,7
202503,EMP_1191,DVKD_016,VUNG_2,2309.15,11890.93,18438.27,24,484.86,14
202503,EMP_1192,DVKD_016,VUNG_2,1460.26,9973.94,14909.18,18,344.65,9
202503,EMP_1193,DVKD_016,VUNG_2,1381.59,7243.21,15541.56,17,267.8,7
202503,EMP_1194,DVKD_016,VUNG_2,1412.87,8114.11,14403.13,15,347.21,10
202503,EMP_1195,DVKD_016,VUNG_2,1404.7,8030.1,13862.76,16,300.61,10
202503,EMP_1196,DVKD_016,VUNG_2,1419.99,8123.07,14469.97,16,251.36,7
202503,EMP_1197,DVKD_016,VUNG_2,1578.03,7813.97,13803.24,16,247.42,8
202503,EMP_1198,DVKD_017,VUNG_3,883.96,5686.27,6904.34,10,174.97,6
202503,EMP_1199,DVKD_017,VUNG_3,1008.23,5344.49,9295.23,8,199.47,4
202503,EMP_1200,DVKD_017,VUNG_3,1049.46,5625.68,8798.52,10,123.35,6
202503,EMP_1201,DVKD_017,VUNG_3,1458.18,8666.15,13704.06,16,231.15,10
202503,EMP_1202,DVKD_017,VUNG_3,2479.86,10922.34,21215.02,20,308.03,11
202503,EMP_1203,DVKD_017,VUNG_3,1584.11,9232.39,11991.9,18,285.21,9
202503,EMP_1204,DVKD_017,VUNG_3,1007.0,4915.21,6805.34,11,117.2,5
202503,EMP_1205,DVKD_017,VUNG_3,1786.99,7506.52,12845.21,12,298.82,6
202503,EMP_1206,DVKD_017,VUNG_3,961.72,4999.49,8901.82,8,141.51,5
202503,EMP_1207,DVKD_017,VUNG_3,1701.78,6978.52,13873.48,14,330.54,10
202503,EMP_1208,DVKD_017,VUNG_3,953.27,5863.82,6630.14,11,165.6,5
202503,EMP_1209,DVKD_018,VUNG_3,814.27,5481.09,9229.05,11,154.14,4
202503,EMP_1210,DVKD_018,VUNG_3,858.22,5471.0,7622.89,10,127.72,4
202503,EMP_1211,DVKD_018,VUNG_3,947.35,4219.12,8773.36,8,138.54,5
202503,EMP_1212,DVKD_018,VUNG_3,1615.25,9844.44,13048.35,13,254.69,10
202503,EMP_1213,DVKD_018,VUNG_3,964.24,5235.16,7513.93,9,165.78,6
202503,EMP_1214,DVKD_018,VUNG_3,1380.35,9877.35,14717.39,14,254.0,9
202503,EMP_1215,DVKD_018,VUNG_3,1383.07,8334.35,11839.54,14,336.42,6
202503,EMP_1216,DVKD_018,VUNG_3,1669.72,8162.23,15414.24,14,289.26,10
202503,EMP_1217,DVKD_018,VUNG_3,838.1,4387.8,9210.46,8,194.27,4
202503,EMP_1218,DVKD_018,VUNG_3,1363.78,6846.12,11006.21,14,218.62,9
202503,EMP_1219,DVKD_018,VUNG_3,947.2,4360.61,9256.34,9,209.39,5
202503,EMP_1220,DVKD_018,VUNG_3,948.04,4508.49,9098.24,10,188.93,4
202503,EMP_1221,DVKD_018,VUNG_3,1562.27,9091.57,13318.87,12,286.42,7
202503,EMP_1222,DVKD_018,VUNG_3,1542.04,7930.05,15214.34,15,201.14,6
202503,EMP_1223,DVKD_019,VUNG_3,846.11,4202.98,7773.66,7,135.97,5
202503,EMP_1224,DVKD_019,VUNG_3,878.41,5372.96,7738.14,10,156.46,6
202503,EMP_1225,DVKD_019,VUNG_3,1015.75,4481.93,7619.21,7,170.59,6
202503,EMP_1226,DVKD_019,VUNG_3,1509.07,7092.4,14205.0,12,238.6,7
202503,EMP_1227,DVKD_019,VUNG_3,1580.97,8779.02,14105.45,17,299.25,7
202503,EMP_1228,DVKD_019,VUNG_3,1744.7,7465.57,11028.75,13,176.88,8
202503,EMP_1229,DVKD_019,VUNG_3,1971.27,10963.63,16151.79,22,301.57,13
202503,EMP_1230,DVKD_019,VUNG_3,1435.68,7669.49,11483.26,17,223.07,10
202503,EMP_1231,DVKD_019,VUNG_3,1498.9,7455.08,11350.69,15,275.3,10
202503,EMP_1232,DVKD_019,VUNG_3,961.27,5739.78,6802.15,9,146.62,4
202503,EMP_1233,DVKD_019,VUNG_3,1728.11,9310.59,13738.64,17,257.47,9
202503,EMP_1234,DVKD_020,VUNG_3,812.5,4476.18,6484.13,9,200.54,4
202503,EMP_1235,DVKD_020,VUNG_3,815.09,4271.21,7605.98,9,105.45,5
202503,EMP_1236,DVKD_020,VUNG_3,887.6,5594.46,7434.11,7,139.57,5
202503,EMP_1237,DVKD_020,VUNG_3,1570.41,7757.84,13584.51,14,296.33,8
202503,EMP_1238,DVKD_020,VUNG_3,1613.86,7746.3,11371.27,12,318.17,9
202503,EMP_1239,DVKD_020,VUNG_3,2497.52,11347.6,18971.54,23,269.19,13
202503,EMP_1240,DVKD_020,VUNG_3,2012.94,10997.93,16211.52,20,284.15,10
202503,EMP_1241,DVKD_020,VUNG_3,853.91,5348.47,9301.3,11,139.06,6
202503,EMP_1242,DVKD_020,VUNG_3,2011.66,11563.01,18110.76,19,330.71,10
202503,EMP_1243,DVKD_020,VUNG_3,1375.77,9038.2,14222.92,15,245.8,10
202503,EMP_1244,DVKD_020,VUNG_3,1685.77,8964.36,13659.91,12,193.64,7
202503,EMP_1245,DVKD_020,VUNG_3,1498.33,7309.3,12358.19,15,251.2,7
202503,EMP_1246,DVKD_020,VUNG_3,930.24,5123.13,8030.31,9,128.21,6
202503,EMP_1247,DVKD_020,VUNG_3,1474.36,8680.2,15452.98,12,333.98,8
202503,EMP_1248,DVKD_021,VUNG_3,1053.65,5790.52,7941.6,10,167.27,4
202503,EMP_1249,DVKD_021,VUNG_3,956.76,4209.42,9039.88,10,191.82,4
202503,EMP_1250,DVKD_021,VUNG_3,974.47,5794.32,7539.77,10,205.76,6
202503,EMP_1251,DVKD_021,VUNG_3,1647.34,7966.29,15020.55,12,303.88,8
202503,EMP_1252,DVKD_021,VUNG_3,2146.26,10958.86,18452.62,22,453.88,10
202503,EMP_1253,DVKD_021,VUNG_3,1434.77,8237.48,13643.59,15,178.21,8
202503,EMP_1254,DVKD_021,VUNG_3,899.47,4870.42,6891.25,10,139.14,6
202503,EMP_1255,DVKD_021,VUNG_3,1396.84,9991.43,10802.7,15,331.14,8
202503,EMP_1256,DVKD_021,VUNG_3,1588.77,8287.22,15353.25,17,194.08,8
202503,EMP_1257,DVKD_021,VUNG_3,1767.76,7337.24,11358.17,13,241.31,8
202503,EMP_1258,DVKD_021,VUNG_3,1699.58,6994.52,15193.98,13,255.24,9
202503,EMP_1259,DVKD_021,VUNG_3,1381.66,8949.18,13850.98,17,277.67,9
202503,EMP_1260,DVKD_022,VUNG_3,811.9,5977.71,7908.03,9,116.11,4
202503,EMP_1261,DVKD_022,VUNG_3,876.53,5687.23,8220.38,10,165.62,6
202503,EMP_1262,DVKD_022,VUNG_3,970.49,4975.76,8304.2,11,178.07,6
202503,EMP_1263,DVKD_022,VUNG_3,2464.79,13356.23,16600.6,21,364.01,12
202503,EMP_1264,DVKD_022,VUNG_3,1583.57,7928.85,14777.9,15,303.43,10
202503,EMP_1265,DVKD_022,VUNG_3,1602.37,8767.26,12703.51,16,270.57,9
202503,EMP_1266,DVKD_022,VUNG_3,1699.17,9901.29,13043.58,16,183.95,10
202503,EMP_1267,DVKD_022,VUNG_3,963.49,5318.5,7834.36,9,134.88,5
202503,EMP_1268,DVKD_022,VUNG_3,1625.27,9305.46,14294.39,17,311.82,8
202503,EMP_1269,DVKD_022,VUNG_3,1657.8,8856.22,12012.73,17,223.49,10
202503,EMP_1270,DVKD_022,VUNG_3,821.67,4853.74,9088.2,8,149.73,5
202503,EMP_1271,DVKD_022,VUNG_3,1697.03,7898.75,13940.12,14,254.09,8
202503,EMP_1272,DVKD_022,VUNG_3,1605.62,9005.98,10948.76,17,220.35,8
202503,EMP_1273,DVKD_022,VUNG_3,2300.92,11828.96,21308.46,21,478.93,13
202503,EMP_1274,DVKD_023,VUNG_3,1042.8,5502.28,7810.74,9,187.2,6
202503,EMP_1275,DVKD_023,VUNG_3,908.25,5721.74,7777.27,10,201.8,5
202503,EMP_1276,DVKD_023,VUNG_3,922.49,5973.55,8070.23,9,160.26,6
202503,EMP_1277,DVKD_023,VUNG_3,1448.14,7781.07,10986.93,17,296.35,7
202503,EMP_1278,DVKD_023,VUNG_3,1549.29,8943.76,14670.58,17,256.5,8
202503,EMP_1279,DVKD_023,VUNG_3,2444.5,12593.65,20898.4,19,251.26,12
202503,EMP_1280,DVKD_023,VUNG_3,1571.37,8510.72,12661.94,13,208.38,9
202503,EMP_1281,DVKD_023,VUNG_3,1575.47,7704.07,11934.22,13,276.79,9
202503,EMP_1282,DVKD_023,VUNG_3,1408.45,8573.84,14074.17,12,207.78,7
202503,EMP_1283,DVKD_023,VUNG_3,1799.86,7242.38,14742.54,17,230.14,7
202503,EMP_1284,DVKD_023,VUNG_3,2039.87,12630.71,19897.48,24,314.76,11
202503,EMP_1285,DVKD_023,VUNG_3,2055.36,12611.07,16385.88,25,305.19,12
202503,EMP_1286,DVKD_023,VUNG_3,1383.68,8156.42,13739.4,17,277.4,9
202503,EMP_1287,DVKD_024,VUNG_3,894.77,4741.78,7780.28,11,200.89,4
202503,EMP_1288,DVKD_024,VUNG_3,821.06,4298.01,7204.25,8,207.31,4
202503,EMP_1289,DVKD_024,VUNG_3,1062.0,4772.07,7269.39,9,146.12,6
202503,EMP_1290,DVKD_024,VUNG_3,1398.5,8603.9,15250.42,16,342.4,7
202503,EMP_1291,DVKD_024,VUNG_3,1654.65,9218.64,10868.49,15,180.19,9
202503,EMP_1292,DVKD_024,VUNG_3,837.91,4375.34,8983.59,10,161.81,4
202503,EMP_1293,DVKD_024,VUNG_3,2337.35,9638.34,17715.29,19,381.58,11
202503,EMP_1294,DVKD_024,VUNG_3,1652.04,9797.79,12580.7,14,339.43,9
202503,EMP_1295,DVKD_024,VUNG_3,1922.16,13863.47,16546.29,20,246.62,12
202503,EMP_1296,DVKD_024,VUNG_3,1695.67,8738.29,14026.39,18,212.87,9
202503,EMP_1297,DVKD_024,VUNG_3,1569.67,9545.04,11720.09,16,185.8,9
202503,EMP_1298,DVKD_024,VUNG_3,1534.98,6893.54,11654.13,16,217.73,9
202504,EMP_1001,DVKD_001,VUNG_1,1004.64,5967.46,8885.22,11,149.53,6
202504,EMP_1002,DVKD_001,VUNG_1,814.69,5898.14,7009.23,7,151.63,6
202504,EMP_1003,DVKD_001,VUNG_1,992.66,4848.79,7798.79,9,150.32,6
202504,EMP_1004,DVKD_001,VUNG_1,1558.0,9736.6,11122.25,14,193.87,7
202504,EMP_1005,DVKD_001,VUNG_1,1443.24,9514.7,12013.69,16,254.99,9
202504,EMP_1006,DVKD_001,VUNG_1,2453.25,13607.39,17689.68,23,380.05,10
202504,EMP_1007,DVKD_001,VUNG_1,1456.95,8996.02,11909.81,16,324.65,7
202504,EMP_1008,DVKD_001,VUNG_1,1618.32,8649.57,12614.04,16,200.67,6
202504,EMP_1009,DVKD_001,VUNG_1,2102.42,9631.51,15691.47,18,347.39,14
202504,EMP_1010,DVKD_001,VUNG_1,1753.97,7202.95,11497.52,13,256.08,9
202504,EMP_1011,DVKD_001,VUNG_1,1431.82,9294.09,12314.67,16,231.73,9
202504,EMP_1012,DVKD_001,VUNG_1,1590.95,8223.69,11599.27,15,200.43,8
202504,EMP_1013,DVKD_001,VUNG_1,1417.83,9017.5,13289.05,16,304.94,10
202504,EMP_1014,DVKD_001,VUNG_1,2507.94,10270.0,21678.99,21,465.88,10
202504,EMP_1015,DVKD_002,VUNG_1,1000.0,4782.1,8149.22,8,197.51,5
202504,EMP_1016,DVKD_002,VUNG_1,813.55,5170.31,8837.2,10,172.91,6
202504,EMP_1017,DVKD_002,VUNG_1,1066.72,4924.72,8480.95,8,190.74,5
202504,EMP_1018,DVKD_002,VUNG_1,907.68,4497.64,8064.32,10,154.27,5
202504,EMP_1019,DVKD_002,VUNG_1,1591.35,6845.1,10817.3,16,281.05,8
202504,EMP_1020,DVKD_002,VUNG_1,939.21,4959.64,8978.48,11,114.07,6
202504,EMP_1021,DVKD_002,VUNG_1,1581.28,8741.32,15376.78,13,228.61,8
202504,EMP_1022,DVKD_002,VUNG_1,1377.58,8715.96,13260.72,18,331.38,9
202504,EMP_1023,DVKD_002,VUNG_1,1382.04,8860.48,12612.74,13,179.7,8
202504,EMP_1024,DVKD_002,VUNG_1,1043.74,4223.1,7965.92,9,140.14,6
202504,EMP_1025,DVKD_002,VUNG_1,2140.62,11828.59,20461.72,17,450.64,13
202504,EMP_1026,DVKD_003,VUNG_1,912.06,5998.96,9271.91,9,143.61,4
202504,EMP_1027,DVKD_003,VUNG_1,935.88,5085.5,9064.99,10,184.9,6
202504,EMP_1028,DVKD_003,VUNG_1,846.05,5394.65,7166.08,9,177.0,4
202504,EMP_1029,DVKD_003,VUNG_1,2141.31,9600.67,18996.1,18,396.12,13
202504,EMP_1030,DVKD_003,VUNG_1,1600.27,8471.36,10813.26,16,257.47,9
202504,EMP_1031,DVKD_003,VUNG_1,1700.75,8992.5,13132.31,17,239.23,7
202504,EMP_1032,DVKD_003,VUNG_1,1560.3,7131.07,15355.45,15,224.92,8
202504,EMP_1033,DVKD_003,VUNG_1,870.73,5952.08,8147.47,10,167.7,5
202504,EMP_1034,DVKD_003,VUNG_1,850.95,5831.06,7667.38,10,139.39,4
202504,EMP_1035,DVKD_003,VUNG_1,819.45,5671.06,9144.44,7,154.24,6
202504,EMP_1036,DVKD_004,VUNG_1,944.02,5494.87,6560.86,8,144.08,4
202504,EMP_1037,DVKD_004,VUNG_1,989.58,5165.46,6950.8,10,170.81,6
202504,EMP_1038,DVKD_004,VUNG_1,976.8,4142.92,6514.43,10,170.11,6
202504,EMP_1039,DVKD_004,VUNG_1,1514.01,8797.98,13694.62,14,255.62,9
202504,EMP_1040,DVKD_004,VUNG_1,1648.63,9798.63,13872.02,17,248.9,9
202504,EMP_1041,DVKD_004,VUNG_1,1012.09,4946.51,7370.59,10,122.53,4
202504,EMP_1042,DVKD_004,VUNG_1,2307.76,12568.45,20251.07,19,403.87,9
202504,EMP_1043,DVKD_004,VUNG_1,1387.52,7709.48,12476.27,16,252.14,7
202504,EMP_1044,DVKD_004,VUNG_1,1707.01,8975.79,12558.66,17,349.19,7
202504,EMP_1045,DVKD_004,VUNG_1,1771.84,9946.56,14483.28,17,313.15,10
202504,EMP_1046,DVKD_004,VUNG_1,1527.96,8634.97,14560.16,16,241.38,7
202504,EMP_1047,DVKD_004,VUNG_1,1654.23,8005.52,15202.72,17,231.04,8
202504,EMP_1048,DVKD_005,VUNG_1,833.87,5607.77,7347.39,10,188.99,5
202504,EMP_1049,DVKD_005,VUNG_1,976.15,4830.69,7946.32,8,166.76,4
202504,EMP_1050,DVKD_005,VUNG_1,825.74,5915.52,8775.26,9,122.95,6
202504,EMP_1051,DVKD_005,VUNG_1,2314.52,11510.06,16904.38,17,396.21,12
202504,EMP_1052,DVKD_005,VUNG_1,1444.09,7627.0,14471.29,14,345.45,9
202504,EMP_1053,DVKD_005,VUNG_1,1399.18,9684.36,11234.54,18,334.43,8
202504,EMP_1054,DVKD_005,VUNG_1,1710.31,9557.13,15418.37,14,293.55,10
202504,EMP_1055,DVKD_005,VUNG_1,1624.36,8938.6,14289.1,16,318.24,7
202504,EMP_1056,DVKD_005,VUNG_1,2114.89,12104.4,15911.51,22,257.82,13
202504,EMP_1057,DVKD_005,VUNG_1,1675.45,7435.39,12119.99,18,268.08,10
202504,EMP_1058,DVKD_005,VUNG_1,820.77,4379.9,8371.13,9,121.26,5
202504,EMP_1059,DVKD_006,VUNG_1,1066.03,5352.38,6866.66,8,139.85,5
202504,EMP_1060,DVKD_006,VUNG_1,854.27,5182.94,8984.85,11,201.75,5
202504,EMP_1061,DVKD_006,VUNG_1,837.53,5250.73,9268.95,10,189.46,5
202504,EMP_1062,DVKD_006,VUNG_1,2320.35,12247.65,18747.67,21,339.72,11
202504,EMP_1063,DVKD_006,VUNG_1,1612.74,9793.52,15400.37,15,270.84,7
202504,EMP_1064,DVKD_006,VUNG_1,1563.5,9342.09,11665.14,14,188.74,7
202504,EMP_1065,DVKD_006,VUNG_1,1501.18,6951.74,12102.83,17,283.76,10
202504,EMP_1066,DVKD_006,VUNG_1,924.43,5739.4,8896.11,9,157.86,5
202504,EMP_1067,DVKD_006,VUNG_1,1554.75,9978.08,13318.74,18,232.86,8
202504,EMP_1068,DVKD_006,VUNG_1,1580.72,9627.13,14440.76,18,216.23,6
202504,EMP_1069,DVKD_006,VUNG_1,1763.13,9763.85,11453.72,18,348.45,10
202504,EMP_1070,DVKD_006,VUNG_1,1537.18,9649.67,10815.65,14,280.36,7
202504,EMP_1071,DVKD_006,VUNG_1,2175.82,12492.43,15550.1,23,296.15,11
202504,EMP_1072,DVKD_006,VUNG_1,877.28,5237.4,6799.33,10,193.36,5
202504,EMP_1073,DVKD_007,VUNG_1,1022.66,4998.75,7178.12,10,175.25,5
202504,EMP_1074,DVKD_007,VUNG_1,1058.7,4214.22,7517.21,9,147.22,6
202504,EMP_1075,DVKD_007,VUNG_1,999.33,4540.79,9061.22,11,190.2,4
202504,EMP_1076,DVKD_007,VUNG_1,2153.9,12267.54,18604.05,24,482.11,10
202504,EMP_1077,DVKD_007,VUNG_1,1365.81,9060.97,12957.65,18,217.22,7
202504,EMP_1078,DVKD_007,VUNG_1,1726.65,9872.71,11646.05,17,288.85,9
202504,EMP_1079,DVKD_007,VUNG_1,942.86,5110.84,8310.93,8,136.32,6
202504,EMP_1080,DVKD_007,VUNG_1,1508.46,7401.77,11100.61,17,197.76,7
202504,EMP_1081,DVKD_007,VUNG_1,956.77,4107.53,8048.25,8,199.93,5
202504,EMP_1082,DVKD_007,VUNG_1,2392.71,13579.64,17916.84,19,461.09,11
202504,EMP_1083,DVKD_008,VUNG_1,1042.68,4716.15,7635.86,8,150.47,6
202504,EMP_1084,DVKD_008,VUNG_1,890.04,5083.94,6562.72,9,162.85,5
202504,EMP_1085,DVKD_008,VUNG_1,901.42,4225.97,6973.5,10,179.01,5
202504,EMP_1086,DVKD_008,VUNG_1,1612.8,9716.26,12317.27,18,222.69,9
202504,EMP_1087,DVKD_008,VUNG_1,1671.64,8483.11,12288.78,15,330.85,10
202504,EMP_1088,DVKD_008,VUNG_1,1728.31,9968.48,12955.24,12,201.97,7
202504,EMP_1089,DVKD_008,VUNG_1,990.86,5692.29,6962.58,9,163.33,6
202504,EMP_1090,DVKD_008,VUNG_1,1391.03,9147.48,14951.39,13,202.88,6
202504,EMP_1091,DVKD_008,VUNG_1,1740.36,9822.86,13310.18,18,197.19,8
202504,EMP_1092,DVKD_008,VUNG_1,1742.71,8337.7,12668.16,15,269.78,9
202504,EMP_1093,DVKD_008,VUNG_1,2102.89,11630.97,18676.12,23,485.48,13
202504,EMP_1094,DVKD_008,VUNG_1,850.38,5051.17,9108.77,9,128.78,4
202504,EMP_1095,DVKD_008,VUNG_1,2501.07,13805.51,15168.74,18,376.55,14
202504,EMP_1096,DVKD_009,VUNG_2,881.81,5295.93,8822.21,10,207.76,5
202504,EMP_1097,DVKD_009,VUNG_2,909.44,4546.02,9045.24,8,205.17,4
202504,EMP_1098,DVKD_009,VUNG_2,1027.14,5691.3,7919.15,10,108.84,4
202504,EMP_1099,DVKD_009,VUNG_2,2024.17,11897.72,19862.43,21,259.92,10
202504,EMP_1100,DVKD_009,VUNG_2,1558.03,9185.48,14012.13,13,271.38,10
202504,EMP_1101,DVKD_009,VUNG_2,1714.55,9752.9,10908.7,16,313.02,7
202504,EMP_1102,DVKD_009,VUNG_2,2347.9,10202.72,17419.47,19,345.58,12
202504,EMP_1103,DVKD_009,VUNG_2,1705.39,8988.59,15509.3,17,331.17,10
202504,EMP_1104,DVKD_009,VUNG_2,1642.16,7738.15,11299.19,15,272.64,10
202504,EMP_1105,DVKD_009,VUNG_2,1381.12,9323.89,12822.36,17,224.96,10
202504,EMP_1106,DVKD_009,VUNG_2,1557.11,8488.46,14838.76,18,235.07,9
202504,EMP_1107,DVKD_009,VUNG_2,1483.66,9889.11,13271.52,18,221.3,9
202504,EMP_1108,DVKD_009,VUNG_2,2204.66,10542.62,16379.41,18,452.79,14
202504,EMP_1109,DVKD_009,VUNG_2,1423.37,8541.96,12385.41,15,335.65,8
202504,EMP_1110,DVKD_010,VUNG_2,812.85,5710.11,9046.56,8,169.57,6
202504,EMP_1111,DVKD_010,VUNG_2,967.32,5218.22,8904.58,11,149.28,4
202504,EMP_1112,DVKD_010,VUNG_2,921.4,5301.47,8192.56,8,113.94,6
202504,EMP_1113,DVKD_010,VUNG_2,1919.74,13370.36,16765.99,21,414.98,10
202504,EMP_1114,DVKD_010,VUNG_2,1775.4,8396.16,14962.3,14,270.25,7
202504,EMP_1115,DVKD_010,VUNG_2,1540.93,8798.57,12338.25,17,310.64,7
202504,EMP_1116,DVKD_010,VUNG_2,2230.73,9595.75,15906.02,24,295.64,11
202504,EMP_1117,DVKD_010,VUNG_2,1028.19,4706.07,7800.15,8,173.87,5
202504,EMP_1118,DVKD_010,VUNG_2,1580.17,8274.58,15590.33,18,239.02,8
202504,EMP_1119,DVKD_010,VUNG_2,1629.45,8280.58,15199.29,16,226.77,10
202504,EMP_1120,DVKD_011,VUNG_2,901.97,4739.06,8121.72,11,107.67,5
202504,EMP_1121,DVKD_011,VUNG_2,1052.07,4540.78,8292.08,8,179.56,4
202504,EMP_1122,DVKD_011,VUNG_2,840.98,5066.78,9000.96,11,135.05,4
202504,EMP_1123,DVKD_011,VUNG_2,1450.92,7903.92,11570.18,14,304.34,9
202504,EMP_1124,DVKD_011,VUNG_2,2121.19,13144.34,15534.64,21,408.84,12
202504,EMP_1125,DVKD_011,VUNG_2,1789.43,7324.88,14444.68,14,229.83,10
202504,EMP_1126,DVKD_011,VUNG_2,2274.46,12699.75,15741.81,24,336.69,11
202504,EMP_1127,DVKD_011,VUNG_2,1483.13,7276.6,14658.39,12,316.2,7
202504,EMP_1128,DVKD_011,VUNG_2,1633.8,9248.11,15032.2,15,179.5,9
202504,EMP_1129,DVKD_011,VUNG_2,1596.12,7760.59,11072.08,17,238.42,10
202504,EMP_1130,DVKD_011,VUNG_2,1427.54,9799.01,14571.71,16,224.79,10
202504,EMP_1131,DVKD_011,VUNG_2,1896.05,12665.99,19036.08,25,351.94,11
202504,EMP_1132,DVKD_011,VUNG_2,1035.58,5589.09,8138.52,8,188.71,4
202504,EMP_1133,DVKD_011,VUNG_2,2237.56,9693.76,19947.85,22,331.63,12
202504,EMP_1134,DVKD_012,VUNG_2,967.41,4197.37,6557.5,11,155.24,6
202504,EMP_1135,DVKD_012,VUNG_2,833.91,5616.92,8367.57,10,139.12,5
202504,EMP_1136,DVKD_012,VUNG_2,833.31,5808.09,6730.45,11,116.95,6
202504,EMP_1137,DVKD_012,VUNG_2,2356.84,12789.78,16687.26,24,418.96,12
202504,EMP_1138,DVKD_012,VUNG_2,2017.34,12211.7,19727.35,20,288.1,12
202504,EMP_1139,DVKD_012,VUNG_2,957.65,4247.39,7901.48,8,118.48,6
202504,EMP_1140,DVKD_012,VUNG_2,1417.83,9274.47,13772.38,17,298.86,8
202504,EMP_1141,DVKD_012,VUNG_2,2516.18,9696.66,17068.79,24,382.32,10
202504,EMP_1142,DVKD_012,VUNG_2,2221.15,12218.49,18856.71,22,419.29,12
202504,EMP_1143,DVKD_012,VUNG_2,1654.84,7766.46,12530.23,13,319.29,7
202504,EMP_1144,DVKD_013,VUNG_2,965.44,5212.97,7957.83,7,127.78,5
202504,EMP_1145,DVKD_013,VUNG_2,1070.34,5475.96,8485.03,8,205.71,4
202504,EMP_1146,DVKD_013,VUNG_2,926.38,5736.15,7628.23,7,136.54,6
202504,EMP_1147,DVKD_013,VUNG_2,2444.4,13957.49,21243.83,18,455.27,10
202504,EMP_1148,DVKD_013,VUNG_2,1596.54,8602.19,13768.23,17,313.81,8
202504,EMP_1149,DVKD_013,VUNG_2,1366.09,9402.05,10944.83,13,211.04,7
202504,EMP_1150,DVKD_013,VUNG_2,1693.55,9955.53,12107.67,17,278.68,8
202504,EMP_1151,DVKD_013,VUNG_2,1781.17,7045.16,15092.96,15,243.4,7
202504,EMP_1152,DVKD_013,VUNG_2,1672.0,8252.1,14405.42,13,298.81,9
202504,EMP_1153,DVKD_013,VUNG_2,1418.41,7040.77,12611.16,16,195.59,7
202504,EMP_1154,DVKD_013,VUNG_2,1438.13,8391.88,13883.95,16,191.24,10
202504,EMP_1155,DVKD_013,VUNG_2,1652.33,9925.13,11063.38,17,295.75,8
202504,EMP_1156,DVKD_013,VUNG_2,1731.1,6899.13,11702.22,17,282.11,10
202504,EMP_1157,DVKD_014,VUNG_2,865.56,4895.09,8984.58,7,141.26,5
202504,EMP_1158,DVKD_014,VUNG_2,918.7,5226.62,8891.42,9,177.07,4
202504,EMP_1159,DVKD_014,VUNG_2,1003.24,5974.68,7193.72,10,111.22,5
202504,EMP_1160,DVKD_014,VUNG_2,1683.99,7818.48,14730.2,17,276.5,10
202504,EMP_1161,DVKD_014,VUNG_2,1379.57,8899.09,13485.28,13,206.96,8
202504,EMP_1162,DVKD_014,VUNG_2,1729.97,9357.06,12749.86,17,311.21,8
202504,EMP_1163,DVKD_014,VUNG_2,1746.76,8533.48,13325.44,13,328.17,7
202504,EMP_1164,DVKD_014,VUNG_2,2184.92,12207.01,15154.97,22,290.69,12
202504,EMP_1165,DVKD_014,VUNG_2,1050.12,5833.6,8894.79,8,144.25,6
202504,EMP_1166,DVKD_014,VUNG_2,1684.21,7939.43,15594.89,13,283.54,7
202504,EMP_1167,DVKD_014,VUNG_2,2252.95,11405.32,15280.78,19,321.15,14
202504,EMP_1168,DVKD_014,VUNG_2,1700.23,7552.66,13178.92,15,211.08,9
202504,EMP_1169,DVKD_014,VUNG_2,1437.95,9609.71,14837.7,13,341.75,9
202504,EMP_1170,DVKD_015,VUNG_2,818.79,5414.13,7664.24,9,159.48,5
202504,EMP_1171,DVKD_015,VUNG_2,1052.62,4605.06,7720.5,9,179.73,4
202504,EMP_1172,DVKD_015,VUNG_2,872.34,5552.11,6855.18,9,116.09,5
202504,EMP_1173,DVKD_015,VUNG_2,1750.62,8640.28,13107.77,12,220.53,8
202504,EMP_1174,DVKD_015,VUNG_2,1352.19,7131.0,14396.62,14,314.87,8
202504,EMP_1175,DVKD_015,VUNG_2,1430.22,7160.77,12295.71,13,241.37,7
202504,EMP_1176,DVKD_015,VUNG_2,2150.86,11227.82,15805.29,20,252.61,10
202504,EMP_1177,DVKD_015,VUNG_2,1518.77,7085.84,13716.34,14,305.96,10
202504,EMP_1178,DVKD_015,VUNG_2,2105.27,12697.56,16931.8,25,467.89,10
202504,EMP_1179,DVKD_015,VUNG_2,1529.21,9903.29,12622.92,17,336.86,10
202504,EMP_1180,DVKD_015,VUNG_2,2501.7,13962.67,18478.87,18,310.39,9
202504,EMP_1181,DVKD_015,VUNG_2,1480.53,9357.75,12108.92,16,224.14,8
202504,EMP_1182,DVKD_015,VUNG_2,2246.96,12542.06,20414.88,17,301.56,9
202504,EMP_1183,DVKD_015,VUNG_2,1388.8,8723.12,12785.58,18,201.63,10
202504,EMP_1184,DVKD_016,VUNG_2,1068.24,5939.85,7564.05,9,200.25,5
202504,EMP_1185,DVKD_016,VUNG_2,996.43,5331.14,8573.12,10,183.09,6
202504,EMP_1186,DVKD_016,VUNG_2,915.46,5098.32,8021.03,10,196.85,6
202504,EMP_1187,DVKD_016,VUNG_2,2094.65,12562.73,18150.6,25,388.44,10
202504,EMP_1188,DVKD_016,VUNG_2,1020.84,5240.75,6724.9,10,200.22,4
202504,EMP_1189,DVKD_016,VUNG_2,840.65,4442.83,8794.16,10,194.89,6
202504,EMP_1190,DVKD_016,VUNG_2,1776.24,7569.75,14717.98,16,273.35,7
202504,EMP_1191,DVKD_016,VUNG_2,2359.67,11642.9,18234.04,17,347.89,13
202504,EMP_1192,DVKD_016,VUNG_2,1767.58,7858.3,13971.68,14,299.22,8
202504,EMP_1193,DVKD_016,VUNG_2,1431.56,9854.9,12024.4,16,242.76,9
202504,EMP_1194,DVKD_016,VUNG_2,1482.16,9472.98,15508.66,17,258.3,9
202504,EMP_1195,DVKD_016,VUNG_2,1786.13,9503.17,11426.07,14,262.59,10
202504,EMP_1196,DVKD_016,VUNG_2,1400.51,9893.9,14363.93,18,337.9,10
202504,EMP_1197,DVKD_016,VUNG_2,1641.76,8229.85,12100.33,15,290.9,8
202504,EMP_1198,DVKD_017,VUNG_3,1012.84,5203.35,7154.6,10,190.69,6
202504,EMP_1199,DVKD_017,VUNG_3,958.72,5660.76,7696.98,10,159.01,5
202504,EMP_1200,DVKD_017,VUNG_3,834.6,5914.66,8934.46,7,151.72,5
202504,EMP_1201,DVKD_017,VUNG_3,1784.68,7131.01,14078.82,16,286.35,8
202504,EMP_1202,DVKD_017,VUNG_3,2145.17,9855.52,20082.29,17,311.29,15
202504,EMP_1203,DVKD_017,VUNG_3,1775.92,8612.09,13485.3,13,336.18,8
202504,EMP_1204,DVKD_017,VUNG_3,978.89,5790.77,8921.69,10,137.9,5
202504,EMP_1205,DVKD_017,VUNG_3,1417.39,9988.66,14705.15,15,286.98,8
202504,EMP_1206,DVKD_017,VUNG_3,992.12,5634.58,8533.27,10,174.14,5
202504,EMP_1207,DVKD_017,VUNG_3,1599.66,8910.54,11031.73,13,329.92,8
202504,EMP_1208,DVKD_017,VUNG_3,982.05,5905.12,7840.38,10,140.87,5
202504,EMP_1209,DVKD_018,VUNG_3,1048.55,5479.58,6666.48,9,208.73,5
202504,EMP_1210,DVKD_018,VUNG_3,820.13,5789.0,8756.34,8,202.9,6
202504,EMP_1211,DVKD_018,VUNG_3,941.66,5187.57,6814.06,9,112.99,6
202504,EMP_1212,DVKD_018,VUNG_3,1466.01,8021.84,13918.25,18,349.89,10
202504,EMP_1213,DVKD_018,VUNG_3,875.1,5535.84,7797.53,10,123.11,6
202504,EMP_1214,DVKD_018,VUNG_3,1742.92,8366.31,15406.17,17,292.34,10
202504,EMP_1215,DVKD_018,VUNG_3,1736.09,9249.26,15456.33,13,261.98,9
202504,EMP_1216,DVKD_018,VUNG_3,1567.28,7735.65,14038.51,18,261.73,6
202504,EMP_1217,DVKD_018,VUNG_3,936.56,5156.18,6828.48,8,130.44,5
202504,EMP_1218,DVKD_018,VUNG_3,1392.66,7076.95,13919.05,17,319.95,9
202504,EMP_1219,DVKD_018,VUNG_3,854.12,4398.71,7871.24,11,111.34,5
202504,EMP_1220,DVKD_018,VUNG_3,919.58,5477.78,6907.4,9,200.61,6
202504,EMP_1221,DVKD_018,VUNG_3,1597.19,7488.02,13541.24,18,255.39,8
202504,EMP_1222,DVKD_018,VUNG_3,1531.13,9440.88,13342.11,18,309.49,6
202504,EMP_1223,DVKD_019,VUNG_3,813.75,5391.1,8625.67,7,184.49,5
202504,EMP_1224,DVKD_019,VUNG_3,1075.64,4938.27,8814.94,9,186.55,5
202504,EMP_1225,DVKD_019,VUNG_3,948.27,5487.7,9126.86,10,150.64,6
202504,EMP_1226,DVKD_019,VUNG_3,1611.02,7325.51,13193.81,17,306.68,7
202504,EMP_1227,DVKD_019,VUNG_3,1783.76,9648.38,11925.98,15,278.93,9
202504,EMP_1228,DVKD_019,VUNG_3,1661.2,8373.47,12261.45,15,246.64,9
202504,EMP_1229,DVKD_019,VUNG_3,2277.89,11077.31,20848.28,24,409.93,10
202504,EMP_1230,DVKD_019,VUNG_3,1503.14,7813.32,11439.51,15,238.08,8
202504,EMP_1231,DVKD_019,VUNG_3,1698.04,8431.46,13210.3,15,277.55,8
202504,EMP_1232,DVKD_019,VUNG_3,965.9,4086.71,9127.98,7,137.27,6
202504,EMP_1233,DVKD_019,VUNG_3,1689.66,6995.23,12899.82,13,282.0,10
202504,EMP_1234,DVKD_020,VUNG_3,825.75,4320.01,8620.39,10,199.92,5
202504,EMP_1235,DVKD_020,VUNG_3,1067.32,4792.74,7756.71,8,169.24,6
202504,EMP_1236,DVKD_020,VUNG_3,818.91,5986.58,8650.04,10,186.43,4
202504,EMP_1237,DVKD_020,VUNG_3,1521.49,7872.04,12876.87,14,288.28,7
202504,EMP_1238,DVKD_020,VUNG_3,1529.87,8331.63,11386.42,14,272.65,8
202504,EMP_1239,DVKD_020,VUNG_3,2288.71,12179.13,15286.14,23,332.75,14
202504,EMP_1240,DVKD_020,VUNG_3,2022.26,12760.52,20274.7,22,296.17,10
202504,EMP_1241,DVKD_020,VUNG_3,927.31,4496.83,7222.67,8,204.09,6
202504,EMP_1242,DVKD_020,VUNG_3,1990.38,13760.18,18611.95,21,464.33,14
202504,EMP_1243,DVKD_020,VUNG_3,1716.16,8391.34,11648.23,14,276.45,7
202504,EMP_1244,DVKD_020,VUNG_3,1454.88,7534.17,13063.37,17,297.32,10
202504,EMP_1245,DVKD_020,VUNG_3,1353.11,9017.36,12298.53,16,218.92,10
202504,EMP_1246,DVKD_020,VUNG_3,865.19,4935.88,7249.24,8,198.12,4
202504,EMP_1247,DVKD_020,VUNG_3,1405.71,8805.58,15058.74,15,268.34,8
202504,EMP_1248,DVKD_021,VUNG_3,981.35,5939.07,6848.3,10,198.54,5
202504,EMP_1249,DVKD_021,VUNG_3,813.41,4972.3,7746.88,9,189.1,5
202504,EMP_1250,DVKD_021,VUNG_3,910.35,5875.68,8431.29,9,149.2,5
202504,EMP_1251,DVKD_021,VUNG_3,1593.16,9659.67,13932.23,14,239.67,9
202504,EMP_1252,DVKD_021,VUNG_3,2083.51,12781.02,19764.6,18,364.92,13
202504,EMP_1253,DVKD_021,VUNG_3,1706.2,8283.42,14009.84,15,180.27,7
202504,EMP_1254,DVKD_021,VUNG_3,849.28,5661.9,7050.87,11,206.67,5
202504,EMP_1255,DVKD_021,VUNG_3,1588.19,8773.57,12062.75,18,267.08,9
202504,EMP_1256,DVKD_021,VUNG_3,1636.05,8630.93,11860.55,15,334.28,8
202504,EMP_1257,DVKD_021,VUNG_3,1762.33,8950.82,14940.04,16,189.05,8
202504,EMP_1258,DVKD_021,VUNG_3,1457.11,7102.73,13247.08,17,319.25,8
202504,EMP_1259,DVKD_021,VUNG_3,1505.45,7960.98,11187.35,16,180.22,8
202504,EMP_1260,DVKD_022,VUNG_3,916.95,4914.05,9105.15,10,147.5,5
202504,EMP_1261,DVKD_022,VUNG_3,819.94,5320.77,7122.68,8,148.84,4
202504,EMP_1262,DVKD_022,VUNG_3,890.42,5171.02,8434.19,9,119.94,5
202504,EMP_1263,DVKD_022,VUNG_3,2346.22,9918.84,20030.39,19,327.06,11
202504,EMP_1264,DVKD_022,VUNG_3,1735.43,8019.63,11532.98,14,274.05,8
202504,EMP_1265,DVKD_022,VUNG_3,1758.39,8213.65,11788.31,16,247.56,9
202504,EMP_1266,DVKD_022,VUNG_3,1465.73,7877.81,13663.08,12,272.36,8
202504,EMP_1267,DVKD_022,VUNG_3,1022.73,4629.11,7523.41,10,173.56,4
202504,EMP_1268,DVKD_022,VUNG_3,1561.47,8443.35,11842.56,12,304.21,7
202504,EMP_1269,DVKD_022,VUNG_3,1647.98,9156.16,15335.56,18,241.53,8
202504,EMP_1270,DVKD_022,VUNG_3,994.38,5948.11,7490.66,9,188.45,4
202504,EMP_1271,DVKD_022,VUNG_3,1667.01,7394.84,15345.95,13,335.67,8
202504,EMP_1272,DVKD_022,VUNG_3,1603.93,8714.85,11113.5,16,175.89,7
202504,EMP_1273,DVKD_022,VUNG_3,1968.02,12222.37,17151.88,21,342.1,14
202504,EMP_1274,DVKD_023,VUNG_3,816.18,4929.34,9291.35,10,148.4,5
202504,EMP_1275,DVKD_023,VUNG_3,1013.97,5565.21,8085.95,9,177.54,5
202504,EMP_1276,DVKD_023,VUNG_3,948.81,5258.95,8294.69,8,155.86,5
202504,EMP_1277,DVKD_023,VUNG_3,1376.23,9411.49,14020.3,16,261.74,10
202504,EMP_1278,DVKD_023,VUNG_3,1481.69,9800.67,14194.84,16,286.74,9
202504,EMP_1279,DVKD_023,VUNG_3,1899.12,11088.31,18418.46,19,311.62,11
202504,EMP_1280,DVKD_023,VUNG_3,1608.59,7760.47,15188.0,17,295.52,10
202504,EMP_1281,DVKD_023,VUNG_3,1592.8,9257.96,15034.48,16,312.62,10
202504,EMP_1282,DVKD_023,VUNG_3,1496.51,8403.76,13548.48,16,243.07,8
202504,EMP_1283,DVKD_023,VUNG_3,1794.31,8570.0,12924.01,17,228.02,8
202504,EMP_1284,DVKD_023,VUNG_3,1947.06,11888.42,20184.54,21,484.28,10
202504,EMP_1285,DVKD_023,VUNG_3,2403.63,11109.33,19193.87,20,323.13,10
202504,EMP_1286,DVKD_023,VUNG_3,1368.26,7304.78,12352.18,13,182.89,10
202504,EMP_1287,DVKD_024,VUNG_3,984.13,5671.1,7603.01,9,168.87,5
202504,EMP_1288,DVKD_024,VUNG_3,881.61,4506.8,8710.64,8,131.37,5
202504,EMP_1289,DVKD_024,VUNG_3,899.09,5993.75,7017.59,8,142.35,4
202504,EMP_1290,DVKD_024,VUNG_3,1455.81,8245.99,10824.52,15,211.68,10
202504,EMP_1291,DVKD_024,VUNG_3,1538.82,7730.36,12850.4,17,277.8,7
202504,EMP_1292,DVKD_024,VUNG_3,938.77,4578.35,7275.47,9,200.97,4
202504,EMP_1293,DVKD_024,VUNG_3,2357.26,9887.0,15664.75,18,444.06,9
202504,EMP_1294,DVKD_024,VUNG_3,1689.55,9126.48,14717.51,14,229.78,8
202504,EMP_1295,DVKD_024,VUNG_3,2386.85,12701.52,19897.63,23,401.43,14
202504,EMP_1296,DVKD_024,VUNG_3,1369.99,9321.05,12252.95,14,280.38,7
202504,EMP_1297,DVKD_024,VUNG_3,1517.76,9504.3,12796.72,16,245.19,7
202504,EMP_1298,DVKD_024,VUNG_3,1450.54,7804.15,14396.2,17,179.53,9
202505,EMP_1001,DVKD_001,VUNG_1,1022.06,5005.29,8754.68,7,209.11,6
202505,EMP_1002,DVKD_001,VUNG_1,828.52,5722.69,8814.66,10,114.94,5
202505,EMP_1003,DVKD_001,VUNG_1,1056.03,5153.16,7588.13,10,189.88,5
202505,EMP_1004,DVKD_001,VUNG_1,1623.41,9266.32,11356.49,17,284.46,9
202505,EMP_1005,DVKD_001,VUNG_1,1366.28,7939.97,11379.91,13,317.27,10
202505,EMP_1006,DVKD_001,VUNG_1,2030.25,13680.58,17887.19,20,367.91,13
202505,EMP_1007,DVKD_001,VUNG_1,1571.6,8345.69,13374.09,16,281.81,7
202505,EMP_1008,DVKD_001,VUNG_1,1732.81,9062.83,14405.83,18,323.68,10
202505,EMP_1009,DVKD_001,VUNG_1,2491.16,13316.68,21767.62,17,470.01,13
202505,EMP_1010,DVKD_001,VUNG_1,1620.07,7067.93,15421.63,13,317.24,7
202505,EMP_1011,DVKD_001,VUNG_1,1437.62,8644.76,11583.33,13,273.44,10
202505,EMP_1012,DVKD_001,VUNG_1,1697.25,7648.6,13995.48,18,319.7,8
202505,EMP_1013,DVKD_001,VUNG_1,1654.3,9794.03,13061.69,14,272.24,8
202505,EMP_1014,DVKD_001,VUNG_1,2341.3,10661.89,15166.4,20,261.73,14
202505,EMP_1015,DVKD_002,VUNG_1,1065.76,4428.12,7673.8,11,118.79,4
202505,EMP_1016,DVKD_002,VUNG_1,871.98,4194.33,7598.39,11,143.91,4
202505,EMP_1017,DVKD_002,VUNG_1,895.86,5373.65,6963.89,8,150.32,6
202505,EMP_1018,DVKD_002,VUNG_1,827.14,4237.19,6829.74,10,195.67,6
202505,EMP_1019,DVKD_002,VUNG_1,1700.96,9599.37,13749.99,16,213.79,7
202505,EMP_1020,DVKD_002,VUNG_1,897.63,5200.74,8627.16,10,165.98,6
202505,EMP_1021,DVKD_002,VUNG_1,1376.81,9321.7,11861.58,17,317.8,8
202505,EMP_1022,DVKD_002,VUNG_1,1543.71,8905.94,13223.5,16,323.1,7
202505,EMP_1023,DVKD_002,VUNG_1,1359.07,8664.56,12657.13,13,308.49,10
202505,EMP_1024,DVKD_002,VUNG_1,823.07,4633.36,6568.82,8,111.84,6
202505,EMP_1025,DVKD_002,VUNG_1,2420.81,13070.88,15159.55,18,437.58,13
202505,EMP_1026,DVKD_003,VUNG_1,1064.18,5788.72,8693.8,8,183.45,6
202505,EMP_1027,DVKD_003,VUNG_1,1036.76,5762.77,8500.23,10,157.45,4
202505,EMP_1028,DVKD_003,VUNG_1,820.3,5566.89,8901.45,8,164.21,4
202505,EMP_1029,DVKD_003,VUNG_1,2246.6,11098.74,20631.93,17,411.63,14
202505,EMP_1030,DVKD_003,VUNG_1,1499.59,9707.78,13207.21,14,198.05,10
202505,EMP_1031,DVKD_003,VUNG_1,1468.02,8074.8,13651.78,13,283.19,9
202505,EMP_1032,DVKD_003,VUNG_1,1724.89,8628.8,10994.98,14,281.47,7
202505,EMP_1033,DVKD_003,VUNG_1,892.36,5357.1,8374.82,8,142.7,6
202505,EMP_1034,DVKD_003,VUNG_1,1079.14,4930.68,7721.51,8,125.01,6
202505,EMP_1035,DVKD_003,VUNG_1,954.09,4951.95,8647.92,9,197.2,6
202505,EMP_1036,DVKD_004,VUNG_1,862.72,4263.79,9181.89,11,157.01,5
202505,EMP_1037,DVKD_004,VUNG_1,980.1,4317.05,9328.98,10,144.41,5
202505,EMP_1038,DVKD_004,VUNG_1,967.26,4107.5,9262.33,11,145.68,5
202505,EMP_1039,DVKD_004,VUNG_1,1550.7,8041.87,11380.61,14,198.99,9
202505,EMP_1040,DVKD_004,VUNG_1,1529.56,6825.21,11710.28,16,197.31,10
202505,EMP_1041,DVKD_004,VUNG_1,918.01,5132.91,9122.37,11,175.89,5
202505,EMP_1042,DVKD_004,VUNG_1,1918.96,11293.34,17663.38,24,427.77,14
202505,EMP_1043,DVKD_004,VUNG_1,1482.91,7306.04,15104.86,17,262.02,7
202505,EMP_1044,DVKD_004,VUNG_1,1389.03,9801.0,12346.99,14,343.18,8
202505,EMP_1045,DVKD_004,VUNG_1,1503.71,9176.87,14789.48,12,231.18,10
202505,EMP_1046,DVKD_004,VUNG_1,1726.96,7788.48,12674.3,12,206.46,8
202505,EMP_1047,DVKD_004,VUNG_1,1732.15,7886.33,11520.95,16,333.93,10
202505,EMP_1048,DVKD_005,VUNG_1,899.22,5553.68,7022.64,8,133.58,6
202505,EMP_1049,DVKD_005,VUNG_1,814.5,5256.23,8868.44,8,174.71,4
202505,EMP_1050,DVKD_005,VUNG_1,844.26,5458.23,6835.91,9,197.74,6
202505,EMP_1051,DVKD_005,VUNG_1,2254.55,13625.55,21094.79,19,271.71,14
202505,EMP_1052,DVKD_005,VUNG_1,1758.95,8850.16,11160.5,17,316.3,9
202505,EMP_1053,DVKD_005,VUNG_1,1705.51,8438.38,12073.15,17,325.17,9
202505,EMP_1054,DVKD_005,VUNG_1,1635.83,9603.04,13112.22,17,201.45,10
202505,EMP_1055,DVKD_005,VUNG_1,1370.31,7275.48,15254.26,15,267.91,7
202505,EMP_1056,DVKD_005,VUNG_1,2026.72,12309.74,18922.51,23,427.73,9
202505,EMP_1057,DVKD_005,VUNG_1,1399.07,6849.58,11004.65,16,242.0,10
202505,EMP_1058,DVKD_005,VUNG_1,853.91,4864.13,9340.93,9,169.74,6
202505,EMP_1059,DVKD_006,VUNG_1,1028.91,5384.22,7521.47,9,207.1,6
202505,EMP_1060,DVKD_006,VUNG_1,1045.15,5744.34,7680.99,10,136.55,5
202505,EMP_1061,DVKD_006,VUNG_1,953.96,4455.21,8660.72,9,170.78,5
202505,EMP_1062,DVKD_006,VUNG_1,2076.12,10351.84,19416.73,19,273.61,14
202505,EMP_1063,DVKD_006,VUNG_1,1786.5,8974.6,14434.69,15,232.95,10
202505,EMP_1064,DVKD_006,VUNG_1,1463.29,7969.67,13459.29,15,264.39,8
202505,EMP_1065,DVKD_006,VUNG_1,1353.2,7638.39,12704.21,15,335.14,9
202505,EMP_1066,DVKD_006,VUNG_1,953.71,5117.44,9273.22,8,179.21,6
202505,EMP_1067,DVKD_006,VUNG_1,1551.04,9113.47,11421.03,16,229.85,7
202505,EMP_1068,DVKD_006,VUNG_1,1728.9,7488.47,15174.27,15,280.73,7
202505,EMP_1069,DVKD_006,VUNG_1,1699.71,9069.91,12701.44,13,289.6,8
202505,EMP_1070,DVKD_006,VUNG_1,1482.99,9675.13,11194.56,17,221.08,6
202505,EMP_1071,DVKD_006,VUNG_1,2405.99,9588.21,17725.27,19,315.11,10
202505,EMP_1072,DVKD_006,VUNG_1,1022.88,5227.2,9162.36,8,153.44,4
202505,EMP_1073,DVKD_007,VUNG_1,865.28,4212.72,8771.61,10,115.15,4
202505,EMP_1074,DVKD_007,VUNG_1,1039.85,4515.42,8837.82,10,187.48,6
202505,EMP_1075,DVKD_007,VUNG_1,854.45,4909.7,8251.96,7,107.64,4
202505,EMP_1076,DVKD_007,VUNG_1,2019.79,12356.65,16640.65,19,391.91,11
202505,EMP_1077,DVKD_007,VUNG_1,1670.15,9043.25,14705.87,16,284.71,9
202505,EMP_1078,DVKD_007,VUNG_1,1585.57,7095.42,15276.44,15,184.4,9
202505,EMP_1079,DVKD_007,VUNG_1,1061.2,5774.69,6812.94,9,121.11,5
202505,EMP_1080,DVKD_007,VUNG_1,1447.81,8198.74,15207.9,15,260.93,8
202505,EMP_1081,DVKD_007,VUNG_1,1044.22,5908.95,7086.69,8,122.57,4
202505,EMP_1082,DVKD_007,VUNG_1,2269.31,10702.89,15395.23,24,248.38,11
202505,EMP_1083,DVKD_008,VUNG_1,995.16,5962.68,8587.69,10,197.18,5
202505,EMP_1084,DVKD_008,VUNG_1,1025.34,5146.71,7371.8,9,195.14,4
202505,EMP_1085,DVKD_008,VUNG_1,933.94,4504.67,7588.79,10,208.11,5
202505,EMP_1086,DVKD_008,VUNG_1,1355.63,8951.07,12956.55,18,199.37,10
202505,EMP_1087,DVKD_008,VUNG_1,1597.33,7294.9,14954.19,13,295.3,9
202505,EMP_1088,DVKD_008,VUNG_1,1404.42,9452.78,11820.13,17,247.68,10
202505,EMP_1089,DVKD_008,VUNG_1,854.56,5146.75,7233.38,9,149.8,6
202505,EMP_1090,DVKD_008,VUNG_1,1446.97,7459.17,14882.34,17,301.34,8
202505,EMP_1091,DVKD_008,VUNG_1,1613.8,9483.29,13535.62,16,181.42,8
202505,EMP_1092,DVKD_008,VUNG_1,1647.06,8070.7,15059.73,15,347.99,7
202505,EMP_1093,DVKD_008,VUNG_1,2017.5,12447.37,16898.27,25,372.66,13
202505,EMP_1094,DVKD_008,VUNG_1,966.14,5999.36,6743.73,11,174.07,6
202505,EMP_1095,DVKD_008,VUNG_1,2392.95,11094.65,16155.02,19,274.0,14
202505,EMP_1096,DVKD_009,VUNG_2,1012.33,4977.95,8444.76,9,179.29,5
202505,EMP_1097,DVKD_009,VUNG_2,1001.79,5880.9,8753.14,8,204.72,4
202505,EMP_1098,DVKD_009,VUNG_2,996.11,5475.09,8148.63,11,182.5,6
202505,EMP_1099,DVKD_009,VUNG_2,2398.09,12699.68,18968.65,19,262.95,10
202505,EMP_1100,DVKD_009,VUNG_2,1608.21,7431.47,11301.13,17,246.77,10
202505,EMP_1101,DVKD_009,VUNG_2,1527.24,8643.84,11650.88,14,249.84,8
202505,EMP_1102,DVKD_009,VUNG_2,2197.51,12064.44,17545.11,21,262.62,14
202505,EMP_1103,DVKD_009,VUNG_2,1488.87,8353.68,15592.41,12,235.56,9
202505,EMP_1104,DVKD_009,VUNG_2,1798.14,6875.16,13429.08,15,227.11,8
202505,EMP_1105,DVKD_009,VUNG_2,1571.12,7216.89,11762.32,16,293.93,8
202505,EMP_1106,DVKD_009,VUNG_2,1532.72,7962.62,10932.33,13,189.35,9
202505,EMP_1107,DVKD_009,VUNG_2,1500.44,8482.21,10801.07,14,306.14,8
202505,EMP_1108,DVKD_009,VUNG_2,2048.2,12290.77,20214.71,19,388.33,9
202505,EMP_1109,DVKD_009,VUNG_2,1351.14,9123.59,15363.65,13,338.41,10
202505,EMP_1110,DVKD_010,VUNG_2,1055.01,4560.17,7805.58,9,137.75,5
202505,EMP_1111,DVKD_010,VUNG_2,1026.2,5237.35,9232.47,8,200.1,4
202505,EMP_1112,DVKD_010,VUNG_2,988.6,4131.38,7788.07,11,144.99,5
202505,EMP_1113,DVKD_010,VUNG_2,2133.88,10333.15,15365.74,22,273.95,13
202505,EMP_1114,DVKD_010,VUNG_2,1692.75,8265.82,12875.27,13,205.35,8
202505,EMP_1115,DVKD_010,VUNG_2,1709.3,8616.36,12906.39,13,221.72,8
202505,EMP_1116,DVKD_010,VUNG_2,2510.03,9983.94,20793.36,22,333.67,13
202505,EMP_1117,DVKD_010,VUNG_2,976.88,4381.36,9004.16,9,117.45,5
202505,EMP_1118,DVKD_010,VUNG_2,1488.71,8779.44,14800.98,15,262.35,9
202505,EMP_1119,DVKD_010,VUNG_2,1432.3,9477.42,12785.8,17,277.59,8
202505,EMP_1120,DVKD_011,VUNG_2,919.7,5139.5,8023.8,10,162.78,6
202505,EMP_1121,DVKD_011,VUNG_2,819.43,5531.88,7467.9,9,126.05,5
202505,EMP_1122,DVKD_011,VUNG_2,912.2,5938.99,8962.54,10,192.21,5
202505,EMP_1123,DVKD_011,VUNG_2,1445.64,9029.96,11733.83,17,222.92,10
202505,EMP_1124,DVKD_011,VUNG_2,1922.17,11234.4,16130.56,20,365.73,11
202505,EMP_1125,DVKD_011,VUNG_2,1710.87,9598.42,13653.73,17,314.74,9
202505,EMP_1126,DVKD_011,VUNG_2,2216.49,12458.09,17722.29,22,445.72,13
202505,EMP_1127,DVKD_011,VUNG_2,1787.6,9182.66,12474.58,17,316.6,7
202505,EMP_1128,DVKD_011,VUNG_2,1734.15,9702.8,14944.96,16,300.46,7
202505,EMP_1129,DVKD_011,VUNG_2,1360.58,7966.54,12924.88,13,288.3,9
202505,EMP_1130,DVKD_011,VUNG_2,1472.8,9461.6,13316.25,14,328.74,9
202505,EMP_1131,DVKD_011,VUNG_2,2052.98,13451.33,16712.8,24,330.6,12
202505,EMP_1132,DVKD_011,VUNG_2,1064.3,5563.88,7868.27,7,129.11,4
202505,EMP_1133,DVKD_011,VUNG_2,2349.52,11185.99,17827.58,18,421.8,10
202505,EMP_1134,DVKD_012,VUNG_2,919.91,4809.17,9290.93,9,178.15,5
202505,EMP_1135,DVKD_012,VUNG_2,1020.82,4991.46,7800.76,7,189.31,4
202505,EMP_1136,DVKD_012,VUNG_2,904.97,5465.68,7592.61,8,208.89,4
202505,EMP_1137,DVKD_012,VUNG_2,1908.47,9983.05,20510.55,24,344.86,12
202505,EMP_1138,DVKD_012,VUNG_2,2437.69,11544.76,19027.18,19,463.26,14
202505,EMP_1139,DVKD_012,VUNG_2,936.17,5323.62,7247.46,11,187.81,6
202505,EMP_1140,DVKD_012,VUNG_2,1738.7,9185.81,11988.67,17,341.54,10
202505,EMP_1141,DVKD_012,VUNG_2,2013.84,13031.38,19281.91,19,327.24,10
202505,EMP_1142,DVKD_012,VUNG_2,1923.82,13798.07,18987.8,24,262.1,14
202505,EMP_1143,DVKD_012,VUNG_2,1359.52,8810.51,12893.81,15,268.33,9
202505,EMP_1144,DVKD_013,VUNG_2,971.01,4300.77,7341.21,9,167.15,5
202505,EMP_1145,DVKD_013,VUNG_2,962.76,4981.12,7972.9,11,195.62,4
202505,EMP_1146,DVKD_013,VUNG_2,833.54,4563.09,9041.61,9,173.81,4
202505,EMP_1147,DVKD_013,VUNG_2,2486.28,11885.91,16533.71,20,476.73,14
202505,EMP_1148,DVKD_013,VUNG_2,1650.91,9259.31,14094.04,14,207.5,8
202505,EMP_1149,DVKD_013,VUNG_2,1676.79,9554.3,13057.78,15,257.33,8
202505,EMP_1150,DVKD_013,VUNG_2,1636.43,9725.77,13400.41,18,339.75,9
202505,EMP_1151,DVKD_013,VUNG_2,1457.62,9100.09,15227.71,17,274.75,7
202505,EMP_1152,DVKD_013,VUNG_2,1571.39,7611.37,13671.46,16,343.94,10
202505,EMP_1153,DVKD_013,VUNG_2,1396.1,9156.54,11794.09,17,262.19,10
202505,EMP_1154,DVKD_013,VUNG_2,1550.65,7870.29,14128.43,17,177.05,9
202505,EMP_1155,DVKD_013,VUNG_2,1691.32,8809.5,14418.41,17,238.59,10
202505,EMP_1156,DVKD_013,VUNG_2,1718.4,7655.45,13180.6,18,267.35,9
202505,EMP_1157,DVKD_014,VUNG_2,993.8,4658.67,8009.02,8,206.74,6
202505,EMP_1158,DVKD_014,VUNG_2,871.56,5073.69,8694.06,9,150.45,6
202505,EMP_1159,DVKD_014,VUNG_2,988.18,5404.99,6500.85,8,132.54,4
202505,EMP_1160,DVKD_014,VUNG_2,1433.12,6984.82,10847.48,13,254.05,10
202505,EMP_1161,DVKD_014,VUNG_2,1577.72,9333.95,14572.2,17,219.86,9
202505,EMP_1162,DVKD_014,VUNG_2,1387.22,8375.83,13292.44,16,262.95,7
202505,EMP_1163,DVKD_014,VUNG_2,1467.49,7654.88,10999.9,15,275.19,8
202505,EMP_1164,DVKD_014,VUNG_2,2357.73,10485.94,16463.35,18,398.28,12
202505,EMP_1165,DVKD_014,VUNG_2,1049.62,4916.57,8912.86,10,121.22,5
202505,EMP_1166,DVKD_014,VUNG_2,1701.56,7197.43,12535.69,13,334.61,7
202505,EMP_1167,DVKD_014,VUNG_2,1972.11,13765.16,19544.42,20,292.98,9
202505,EMP_1168,DVKD_014,VUNG_2,1620.18,9652.91,15169.22,14,343.76,8
202505,EMP_1169,DVKD_014,VUNG_2,1786.07,9931.11,10940.89,16,278.8,10
202505,EMP_1170,DVKD_015,VUNG_2,884.3,5606.11,6653.15,8,153.61,6
202505,EMP_1171,DVKD_015,VUNG_2,816.95,4360.26,9287.09,9,127.58,5
202505,EMP_1172,DVKD_015,VUNG_2,1058.77,4088.41,7321.55,8,174.75,5
202505,EMP_1173,DVKD_015,VUNG_2,1664.9,9225.8,14125.77,14,265.51,10
202505,EMP_1174,DVKD_015,VUNG_2,1374.96,8490.71,11397.34,16,274.16,10
202505,EMP_1175,DVKD_015,VUNG_2,1375.16,9874.36,12227.14,14,253.45,10
202505,EMP_1176,DVKD_015,VUNG_2,2116.12,12909.06,18381.98,21,295.12,14
202505,EMP_1177,DVKD_015,VUNG_2,1773.53,7281.15,14788.93,14,293.98,7
202505,EMP_1178,DVKD_015,VUNG_2,2412.82,11198.87,15688.82,18,280.61,13
202505,EMP_1179,DVKD_015,VUNG_2,1694.11,9585.09,12895.64,14,198.01,8
202505,EMP_1180,DVKD_015,VUNG_2,2492.71,11779.91,16360.95,20,403.4,13
202505,EMP_1181,DVKD_015,VUNG_2,1698.3,9307.02,13974.64,12,333.42,9
202505,EMP_1182,DVKD_015,VUNG_2,2043.52,13717.13,15952.83,20,423.05,14
202505,EMP_1183,DVKD_015,VUNG_2,1497.76,7770.66,14360.36,15,193.08,10
202505,EMP_1184,DVKD_016,VUNG_2,814.02,5440.53,7327.21,9,166.45,4
202505,EMP_1185,DVKD_016,VUNG_2,1002.51,4704.65,6567.69,9,173.71,5
202505,EMP_1186,DVKD_016,VUNG_2,1002.2,4158.86,9122.26,7,202.94,5
202505,EMP_1187,DVKD_016,VUNG_2,2476.08,11073.08,17487.43,23,434.53,10
202505,EMP_1188,DVKD_016,VUNG_2,1042.45,5055.94,6704.07,7,184.45,4
202505,EMP_1189,DVKD_016,VUNG_2,851.19,4922.19,7429.64,9,192.82,5
202505,EMP_1190,DVKD_016,VUNG_2,1770.2,7668.83,13557.23,13,224.68,9
202505,EMP_1191,DVKD_016,VUNG_2,1969.5,11824.13,16117.15,19,388.76,14
202505,EMP_1192,DVKD_016,VUNG_2,1567.14,8303.8,10984.98,15,299.37,10
202505,EMP_1193,DVKD_016,VUNG_2,1751.72,8719.51,12164.2,17,274.61,9
202505,EMP_1194,DVKD_016,VUNG_2,1557.83,7648.49,14254.21,17,251.37,7
202505,EMP_1195,DVKD_016,VUNG_2,1654.98,7890.94,12824.51,17,195.55,8
202505,EMP_1196,DVKD_016,VUNG_2,1613.76,7899.22,10943.39,13,253.82,8
202505,EMP_1197,DVKD_016,VUNG_2,1630.83,9331.95,12602.9,13,202.1,10
202505,EMP_1198,DVKD_017,VUNG_3,851.32,4363.25,7870.11,8,189.55,6
202505,EMP_1199,DVKD_017,VUNG_3,1030.6,5901.0,8477.08,8,115.84,6
202505,EMP_1200,DVKD_017,VUNG_3,981.98,4174.9,7456.28,11,140.32,4
202505,EMP_1201,DVKD_017,VUNG_3,1480.41,7938.07,15424.44,17,238.62,8
202505,EMP_1202,DVKD_017,VUNG_3,2008.02,10071.16,21786.93,25,407.57,10
202505,EMP_1203,DVKD_017,VUNG_3,1707.45,9768.94,13121.54,18,308.75,8
202505,EMP_1204,DVKD_017,VUNG_3,824.57,5655.11,8244.75,10,136.66,6
202505,EMP_1205,DVKD_017,VUNG_3,1611.24,6895.9,12803.4,16,226.4,7
202505,EMP_1206,DVKD_017,VUNG_3,833.97,5828.58,8439.82,9,185.43,4
202505,EMP_1207,DVKD_017,VUNG_3,1673.19,8261.73,11911.27,14,242.15,7
202505,EMP_1208,DVKD_017,VUNG_3,1063.29,5388.77,7178.6,7,176.4,4
202505,EMP_1209,DVKD_018,VUNG_3,965.45,5929.95,7970.84,9,141.78,5
202505,EMP_1210,DVKD_018,VUNG_3,1074.47,4144.15,7550.8,10,125.67,4
202505,EMP_1211,DVKD_018,VUNG_3,839.17,5695.14,6978.85,8,134.93,4
202505,EMP_1212,DVKD_018,VUNG_3,1668.67,8995.11,14321.13,16,339.58,8
202505,EMP_1213,DVKD_018,VUNG_3,944.94,4161.72,9099.78,10,198.39,5
202505,EMP_1214,DVKD_018,VUNG_3,1636.33,8460.03,15329.46,18,185.99,9
202505,EMP_1215,DVKD_018,VUNG_3,1445.06,7750.89,15372.44,15,192.38,9
202505,EMP_1216,DVKD_018,VUNG_3,1697.82,8183.29,11992.64,17,329.12,10
202505,EMP_1217,DVKD_018,VUNG_3,1009.57,5123.86,7341.06,10,124.49,4
202505,EMP_1218,DVKD_018,VUNG_3,1694.67,8191.89,13107.53,13,317.83,8
202505,EMP_1219,DVKD_018,VUNG_3,1039.02,4574.7,8346.94,8,176.84,4
202505,EMP_1220,DVKD_018,VUNG_3,943.62,5655.23,7650.62,9,187.41,5
202505,EMP_1221,DVKD_018,VUNG_3,1391.82,9017.78,13076.98,17,227.91,9
202505,EMP_1222,DVKD_018,VUNG_3,1425.94,8042.15,12940.15,13,338.15,7
202505,EMP_1223,DVKD_019,VUNG_3,1030.17,4497.08,8764.33,9,140.17,4
202505,EMP_1224,DVKD_019,VUNG_3,898.3,5631.53,7641.72,10,125.58,5
202505,EMP_1225,DVKD_019,VUNG_3,1064.22,5283.08,8761.65,9,106.17,5
202505,EMP_1226,DVKD_019,VUNG_3,1604.41,8000.1,14475.23,16,243.33,9
202505,EMP_1227,DVKD_019,VUNG_3,1713.52,7004.4,15107.4,16,269.11,10
202505,EMP_1228,DVKD_019,VUNG_3,1609.44,9330.15,11966.37,17,285.28,10
202505,EMP_1229,DVKD_019,VUNG_3,1975.93,11239.01,18417.14,18,257.85,12
202505,EMP_1230,DVKD_019,VUNG_3,1453.68,9062.41,14512.98,12,242.69,9
202505,EMP_1231,DVKD_019,VUNG_3,1441.69,8123.76,15215.6,16,348.14,10
202505,EMP_1232,DVKD_019,VUNG_3,943.86,4549.65,9153.34,10,139.43,5
202505,EMP_1233,DVKD_019,VUNG_3,1710.04,9646.31,14043.74,15,244.89,10
202505,EMP_1234,DVKD_020,VUNG_3,1057.33,5963.32,8857.94,9,145.46,5
202505,EMP_1235,DVKD_020,VUNG_3,824.61,4756.92,6673.26,10,201.24,5
202505,EMP_1236,DVKD_020,VUNG_3,939.32,4894.75,8320.75,11,132.72,6
202505,EMP_1237,DVKD_020,VUNG_3,1761.97,7329.95,10974.82,14,219.69,8
202505,EMP_1238,DVKD_020,VUNG_3,1436.8,7604.19,12015.34,12,226.07,7
202505,EMP_1239,DVKD_020,VUNG_3,2321.55,11452.2,16800.4,23,457.04,10
202505,EMP_1240,DVKD_020,VUNG_3,2047.22,9891.04,18980.23,22,374.28,13
202505,EMP_1241,DVKD_020,VUNG_3,987.5,5624.58,7657.48,9,129.72,5
202505,EMP_1242,DVKD_020,VUNG_3,2426.9,10951.38,18771.8,22,487.28,14
202505,EMP_1243,DVKD_020,VUNG_3,1724.83,9070.63,13203.38,18,332.33,8
202505,EMP_1244,DVKD_020,VUNG_3,1797.8,7395.73,13151.85,16,300.42,10
202505,EMP_1245,DVKD_020,VUNG_3,1407.99,7454.26,11259.79,14,336.02,9
202505,EMP_1246,DVKD_020,VUNG_3,946.46,5943.44,8601.63,9,109.01,4
202505,EMP_1247,DVKD_020,VUNG_3,1621.41,8491.98,12477.94,17,289.5,10
202505,EMP_1248,DVKD_021,VUNG_3,889.78,5677.22,7650.52,9,107.2,6
202505,EMP_1249,DVKD_021,VUNG_3,937.73,5430.32,7491.88,9,115.05,4
202505,EMP_1250,DVKD_021,VUNG_3,888.28,4687.74,9302.72,10,109.7,6
202505,EMP_1251,DVKD_021,VUNG_3,1352.81,8348.74,14311.55,16,239.1,7
202505,EMP_1252,DVKD_021,VUNG_3,2159.71,9568.56,20167.87,24,484.7,10
202505,EMP_1253,DVKD_021,VUNG_3,1597.39,8258.48,12427.93,18,319.04,7
202505,EMP_1254,DVKD_021,VUNG_3,1079.55,4539.28,8882.99,7,130.81,5
202505,EMP_1255,DVKD_021,VUNG_3,1549.56,7596.51,11217.55,14,246.97,8
202505,EMP_1256,DVKD_021,VUNG_3,1369.46,7509.32,12728.19,17,344.4,8
202505,EMP_1257,DVKD_021,VUNG_3,1359.98,9241.07,12002.62,14,234.22,8
202505,EMP_1258,DVKD_021,VUNG_3,1773.08,9661.59,14037.37,14,331.04,9
202505,EMP_1259,DVKD_021,VUNG_3,1414.79,9116.87,11341.13,12,343.03,10
202505,EMP_1260,DVKD_022,VUNG_3,1038.27,5841.61,9139.11,9,109.38,5
202505,EMP_1261,DVKD_022,VUNG_3,896.19,5917.31,8705.09,11,113.74,5
202505,EMP_1262,DVKD_022,VUNG_3,1039.34,4950.99,8461.89,8,123.92,4
202505,EMP_1263,DVKD_022,VUNG_3,2393.65,10360.55,20519.27,23,470.17,9
202505,EMP_1264,DVKD_022,VUNG_3,1739.27,7672.46,12153.01,15,230.94,7
202505,EMP_1265,DVKD_022,VUNG_3,1741.78,7858.71,14724.96,17,276.79,7
202505,EMP_1266,DVKD_022,VUNG_3,1737.31,9060.04,11890.57,13,205.91,9
202505,EMP_1267,DVKD_022,VUNG_3,921.31,5094.38,7442.86,11,139.75,4
202505,EMP_1268,DVKD_022,VUNG_3,1361.05,9106.38,12262.02,17,289.18,7
202505,EMP_1269,DVKD_022,VUNG_3,1669.54,8541.99,10957.33,14,183.73,7
202505,EMP_1270,DVKD_022,VUNG_3,886.8,5567.4,8563.41,8,148.75,6
202505,EMP_1271,DVKD_022,VUNG_3,1352.93,8342.38,14506.78,16,208.86,9
202505,EMP_1272,DVKD_022,VUNG_3,1373.82,8648.44,13393.24,14,245.98,10
202505,EMP_1273,DVKD_022,VUNG_3,2036.97,13682.26,15341.79,22,268.49,12
202505,EMP_1274,DVKD_023,VUNG_3,1033.68,5513.65,7749.61,8,124.31,6
202505,EMP_1275,DVKD_023,VUNG_3,1045.93,4405.66,9067.75,10,128.52,4
202505,EMP_1276,DVKD_023,VUNG_3,1056.01,5653.93,8625.17,8,172.4,6
202505,EMP_1277,DVKD_023,VUNG_3,1518.35,8493.4,12979.26,16,240.62,8
202505,EMP_1278,DVKD_023,VUNG_3,1392.48,9845.89,11936.42,16,273.49,7
202505,EMP_1279,DVKD_023,VUNG_3,2331.91,13915.02,19727.44,23,463.66,12
202505,EMP_1280,DVKD_023,VUNG_3,1698.5,8741.04,13431.34,13,288.83,8
202505,EMP_1281,DVKD_023,VUNG_3,1445.35,9645.97,12180.11,15,265.85,9
202505,EMP_1282,DVKD_023,VUNG_3,1465.97,7759.93,12651.39,16,315.25,8
202505,EMP_1283,DVKD_023,VUNG_3,1796.74,7935.82,11516.36,16,274.91,10
202505,EMP_1284,DVKD_023,VUNG_3,2122.22,9616.12,18462.95,25,338.64,11
202505,EMP_1285,DVKD_023,VUNG_3,2253.23,11275.97,20962.02,21,460.78,11
202505,EMP_1286,DVKD_023,VUNG_3,1416.24,9813.73,11674.98,13,290.79,7
202505,EMP_1287,DVKD_024,VUNG_3,817.04,4327.05,9165.09,9,145.22,6
202505,EMP_1288,DVKD_024,VUNG_3,1069.05,4312.86,7736.0,10,107.1,4
202505,EMP_1289,DVKD_024,VUNG_3,1077.26,5781.41,8749.29,9,105.34,5
202505,EMP_1290,DVKD_024,VUNG_3,1615.31,9501.81,10816.74,15,289.39,7
202505,EMP_1291,DVKD_024,VUNG_3,1742.56,9982.92,13198.05,14,204.42,6
202505,EMP_1292,DVKD_024,VUNG_3,1060.85,5620.35,8400.9,9,153.82,5
202505,EMP_1293,DVKD_024,VUNG_3,2202.33,9742.89,16985.0,22,277.86,11
202505,EMP_1294,DVKD_024,VUNG_3,1408.25,9868.31,11304.87,14,288.31,9
202505,EMP_1295,DVKD_024,VUNG_3,2267.94,11317.52,18036.57,25,355.15,13
202505,EMP_1296,DVKD_024,VUNG_3,1782.79,7958.45,14137.75,15,194.61,9
202505,EMP_1297,DVKD_024,VUNG_3,1425.26,6918.14,14953.54,17,196.02,7
202505,EMP_1298,DVKD_024,VUNG_3,1530.57,9537.54,14300.8,15,304.24,8
202506,EMP_1001,DVKD_001,VUNG_1,886.22,5098.84,8410.23,8,109.71,5
202506,EMP_1002,DVKD_001,VUNG_1,838.58,4976.59,7245.17,10,160.12,5
202506,EMP_1003,DVKD_001,VUNG_1,861.07,5119.37,8066.87,10,156.46,5
202506,EMP_1004,DVKD_001,VUNG_1,1579.32,9820.39,12154.33,15,216.78,10
202506,EMP_1005,DVKD_001,VUNG_1,1626.4,8793.44,14054.85,14,271.26,7
202506,EMP_1006,DVKD_001,VUNG_1,2038.17,11252.1,19008.79,21,275.43,11
202506,EMP_1007,DVKD_001,VUNG_1,1697.86,9495.53,13735.84,12,241.49,7
202506,EMP_1008,DVKD_001,VUNG_1,1638.19,7193.88,12631.31,15,276.03,9
202506,EMP_1009,DVKD_001,VUNG_1,2496.16,12096.88,16536.7,19,254.21,12
202506,EMP_1010,DVKD_001,VUNG_1,1460.39,8576.36,13472.69,12,287.24,9
202506,EMP_1011,DVKD_001,VUNG_1,1582.02,9161.74,14558.05,14,216.2,10
202506,EMP_1012,DVKD_001,VUNG_1,1430.07,9006.55,11055.66,16,223.43,9
202506,EMP_1013,DVKD_001,VUNG_1,1570.93,8336.17,11394.67,13,202.59,9
202506,EMP_1014,DVKD_001,VUNG_1,2308.61,10402.42,20133.18,18,301.54,14
202506,EMP_1015,DVKD_002,VUNG_1,1026.17,4343.89,7116.56,9,153.31,5
202506,EMP_1016,DVKD_002,VUNG_1,1054.53,4095.5,7183.57,10,176.99,6
202506,EMP_1017,DVKD_002,VUNG_1,928.63,5686.08,8335.21,7,139.19,5
202506,EMP_1018,DVKD_002,VUNG_1,988.25,5471.56,8729.21,9,153.16,4
202506,EMP_1019,DVKD_002,VUNG_1,1761.58,8941.82,11816.08,16,211.12,7
202506,EMP_1020,DVKD_002,VUNG_1,1059.75,4226.86,8467.01,9,108.32,5
202506,EMP_1021,DVKD_002,VUNG_1,1754.97,8270.17,11040.79,14,181.06,10
202506,EMP_1022,DVKD_002,VUNG_1,1521.24,9045.85,12591.17,16,348.57,7
202506,EMP_1023,DVKD_002,VUNG_1,1625.32,7430.65,13567.77,14,241.07,10
202506,EMP_1024,DVKD_002,VUNG_1,934.37,4089.15,7980.06,8,106.74,5
202506,EMP_1025,DVKD_002,VUNG_1,2061.53,12987.57,19012.29,24,310.18,10
202506,EMP_1026,DVKD_003,VUNG_1,1022.18,4209.52,7343.54,10,186.85,5
202506,EMP_1027,DVKD_003,VUNG_1,880.32,4450.47,7281.81,9,117.05,6
202506,EMP_1028,DVKD_003,VUNG_1,838.84,5087.18,6684.49,9,172.24,5
202506,EMP_1029,DVKD_003,VUNG_1,2453.0,12308.58,15883.56,25,431.85,14
202506,EMP_1030,DVKD_003,VUNG_1,1613.8,7983.07,15461.43,14,267.52,10
202506,EMP_1031,DVKD_003,VUNG_1,1749.48,7048.2,11227.93,16,181.58,7
202506,EMP_1032,DVKD_003,VUNG_1,1556.13,8065.99,13886.52,17,321.5,8
202506,EMP_1033,DVKD_003,VUNG_1,1061.92,5399.26,7586.92,8,203.78,6
202506,EMP_1034,DVKD_003,VUNG_1,886.63,5979.15,6489.35,8,117.96,4
202506,EMP_1035,DVKD_003,VUNG_1,1001.44,5602.65,8274.19,10,120.13,4
202506,EMP_1036,DVKD_004,VUNG_1,886.81,5021.17,8957.08,10,130.84,5
202506,EMP_1037,DVKD_004,VUNG_1,884.57,4815.41,6658.73,11,170.54,5
202506,EMP_1038,DVKD_004,VUNG_1,1060.07,4986.79,6622.81,10,148.8,6
202506,EMP_1039,DVKD_004,VUNG_1,1462.43,8626.18,14895.52,12,252.26,10
202506,EMP_1040,DVKD_004,VUNG_1,1510.86,8051.79,12419.03,12,285.67,9
202506,EMP_1041,DVKD_004,VUNG_1,1009.86,4080.87,6970.92,8,116.2,5
202506,EMP_1042,DVKD_004,VUNG_1,1932.45,11825.39,21204.6,20,307.01,14
202506,EMP_1043,DVKD_004,VUNG_1,1587.95,9853.66,12411.73,13,213.21,7
202506,EMP_1044,DVKD_004,VUNG_1,1526.43,9138.62,10859.2,15,346.59,9
202506,EMP_1045,DVKD_004,VUNG_1,1764.46,7851.97,12869.25,17,230.91,7
202506,EMP_1046,DVKD_004,VUNG_1,1641.06,7116.49,12591.41,15,204.83,7
202506,EMP_1047,DVKD_004,VUNG_1,1498.14,9160.72,12259.29,13,189.99,9
202506,EMP_1048,DVKD_005,VUNG_1,841.36,5396.3,8353.18,8,166.2,5
202506,EMP_1049,DVKD_005,VUNG_1,946.02,4637.17,7298.62,10,127.72,5
202506,EMP_1050,DVKD_005,VUNG_1,907.69,5430.28,9075.69,9,165.95,5
202506,EMP_1051,DVKD_005,VUNG_1,1996.1,10960.08,15158.45,18,284.76,13
202506,EMP_1052,DVKD_005,VUNG_1,1398.63,7766.31,11006.2,12,332.88,9
202506,EMP_1053,DVKD_005,VUNG_1,1665.83,8194.69,15502.52,15,266.1,8
202506,EMP_1054,DVKD_005,VUNG_1,1630.91,8540.03,14116.95,13,207.66,10
202506,EMP_1055,DVKD_005,VUNG_1,1406.08,8918.64,12993.9,16,341.15,10
202506,EMP_1056,DVKD_005,VUNG_1,2465.28,10918.53,16955.3,22,275.32,14
202506,EMP_1057,DVKD_005,VUNG_1,1491.01,9346.87,14252.75,15,179.45,7
202506,EMP_1058,DVKD_005,VUNG_1,861.49,5073.37,9022.09,8,142.73,6
202506,EMP_1059,DVKD_006,VUNG_1,954.08,4407.98,9258.18,8,162.03,6
202506,EMP_1060,DVKD_006,VUNG_1,1072.67,5476.35,6904.95,10,182.15,4
202506,EMP_1061,DVKD_006,VUNG_1,857.02,4834.69,8880.86,9,209.9,4
202506,EMP_1062,DVKD_006,VUNG_1,2516.84,10922.84,21418.61,25,460.88,10
202506,EMP_1063,DVKD_006,VUNG_1,1591.6,8211.24,10988.9,15,242.35,8
202506,EMP_1064,DVKD_006,VUNG_1,1410.58,9739.89,11749.93,18,338.39,9
202506,EMP_1065,DVKD_006,VUNG_1,1688.08,8379.18,14189.18,17,298.96,10
202506,EMP_1066,DVKD_006,VUNG_1,891.64,5944.97,8498.3,10,157.42,6
202506,EMP_1067,DVKD_006,VUNG_1,1383.77,8236.23,12422.6,17,322.5,7
202506,EMP_1068,DVKD_006,VUNG_1,1458.5,7499.72,10971.82,17,324.53,6
202506,EMP_1069,DVKD_006,VUNG_1,1652.95,9372.47,13672.06,17,344.14,7
202506,EMP_1070,DVKD_006,VUNG_1,1709.23,9373.85,11460.33,14,250.65,8
202506,EMP_1071,DVKD_006,VUNG_1,1930.78,12857.34,19598.39,21,409.37,12
202506,EMP_1072,DVKD_006,VUNG_1,941.06,5700.49,8647.07,11,179.51,4
202506,EMP_1073,DVKD_007,VUNG_1,958.75,5422.69,7112.25,10,189.52,4
202506,EMP_1074,DVKD_007,VUNG_1,1060.53,5186.99,9094.57,10,206.88,5
202506,EMP_1075,DVKD_007,VUNG_1,1019.81,4962.09,8354.62,9,155.2,6
202506,EMP_1076,DVKD_007,VUNG_1,2468.73,10748.4,19492.79,19,466.43,12
202506,EMP_1077,DVKD_007,VUNG_1,1642.7,7053.03,13748.14,14,216.17,10
202506,EMP_1078,DVKD_007,VUNG_1,1676.46,8981.41,13647.22,16,288.89,8
202506,EMP_1079,DVKD_007,VUNG_1,894.36,4977.75,6644.24,7,154.27,6
202506,EMP_1080,DVKD_007,VUNG_1,1644.95,8385.98,12599.79,16,271.53,9
202506,EMP_1081,DVKD_007,VUNG_1,890.33,4622.5,8144.26,9,200.86,4
202506,EMP_1082,DVKD_007,VUNG_1,2108.3,11212.92,17916.52,25,275.69,9
202506,EMP_1083,DVKD_008,VUNG_1,957.65,4102.05,7417.02,9,112.66,6
202506,EMP_1084,DVKD_008,VUNG_1,879.45,4616.59,7513.91,10,122.1,5
202506,EMP_1085,DVKD_008,VUNG_1,899.86,4273.58,8833.34,10,179.34,6
202506,EMP_1086,DVKD_008,VUNG_1,1625.55,7923.26,11262.08,14,290.4,8
202506,EMP_1087,DVKD_008,VUNG_1,1764.32,9052.8,15200.31,12,246.88,8
202506,EMP_1088,DVKD_008,VUNG_1,1398.26,7537.26,14930.7,18,215.14,9
202506,EMP_1089,DVKD_008,VUNG_1,1008.22,4098.85,8938.09,10,131.44,5
202506,EMP_1090,DVKD_008,VUNG_1,1573.48,9749.05,11483.34,13,198.5,10
202506,EMP_1091,DVKD_008,VUNG_1,1569.09,8407.45,14687.24,17,342.61,10
202506,EMP_1092,DVKD_008,VUNG_1,1439.42,9858.7,14056.46,13,319.47,7
202506,EMP_1093,DVKD_008,VUNG_1,2215.05,11497.24,21079.58,24,444.92,13
202506,EMP_1094,DVKD_008,VUNG_1,963.95,4521.71,9200.26,8,151.53,5
202506,EMP_1095,DVKD_008,VUNG_1,2361.95,13450.42,21532.34,18,466.27,11
202506,EMP_1096,DVKD_009,VUNG_2,895.64,5196.18,7183.2,10,198.57,4
202506,EMP_1097,DVKD_009,VUNG_2,833.67,5244.15,9227.44,8,208.74,6
202506,EMP_1098,DVKD_009,VUNG_2,1079.0,5047.43,6946.48,8,190.72,6
202506,EMP_1099,DVKD_009,VUNG_2,2100.63,13870.45,21091.53,22,251.45,10
202506,EMP_1100,DVKD_009,VUNG_2,1767.5,7105.68,14645.6,13,248.06,9
202506,EMP_1101,DVKD_009,VUNG_2,1517.5,7096.57,10979.69,12,186.85,7
202506,EMP_1102,DVKD_009,VUNG_2,1937.76,10652.67,18775.5,21,278.01,10
202506,EMP_1103,DVKD_009,VUNG_2,1540.2,8158.76,13440.73,15,287.27,9
202506,EMP_1104,DVKD_009,VUNG_2,1432.67,7005.54,13525.79,15,325.83,10
202506,EMP_1105,DVKD_009,VUNG_2,1444.33,7210.75,10898.88,13,229.49,8
202506,EMP_1106,DVKD_009,VUNG_2,1445.87,7455.78,12266.09,13,246.99,7
202506,EMP_1107,DVKD_009,VUNG_2,1370.24,6866.59,14848.59,12,177.1,8
202506,EMP_1108,DVKD_009,VUNG_2,2015.54,10570.17,17582.12,25,356.53,11
202506,EMP_1109,DVKD_009,VUNG_2,1371.3,8311.55,15483.7,13,294.17,9
202506,EMP_1110,DVKD_010,VUNG_2,971.13,4766.09,8654.46,11,153.75,5
202506,EMP_1111,DVKD_010,VUNG_2,942.06,5606.23,6701.05,9,185.25,6
202506,EMP_1112,DVKD_010,VUNG_2,961.01,5197.55,7910.83,9,194.14,5
202506,EMP_1113,DVKD_010,VUNG_2,2156.82,12815.26,21287.78,24,298.35,12
202506,EMP_1114,DVKD_010,VUNG_2,1645.33,7212.14,11822.8,15,268.28,9
202506,EMP_1115,DVKD_010,VUNG_2,1626.63,8858.31,14639.43,12,263.67,7
202506,EMP_1116,DVKD_010,VUNG_2,2063.19,10043.75,16819.57,20,367.82,14
202506,EMP_1117,DVKD_010,VUNG_2,1028.29,4242.23,8601.25,9,181.04,5
202506,EMP_1118,DVKD_010,VUNG_2,1592.35,9676.25,10946.98,18,276.28,8
202506,EMP_1119,DVKD_010,VUNG_2,1490.26,8967.47,11990.28,16,193.72,10
202506,EMP_1120,DVKD_011,VUNG_2,1027.31,5059.2,8265.07,10,116.13,6
202506,EMP_1121,DVKD_011,VUNG_2,982.14,4537.78,7606.94,8,142.98,5
202506,EMP_1122,DVKD_011,VUNG_2,892.53,4447.13,7158.35,8,113.52,5
202506,EMP_1123,DVKD_011,VUNG_2,1463.25,9818.1,11893.94,14,248.58,8
202506,EMP_1124,DVKD_011,VUNG_2,1978.37,9764.35,18266.71,22,433.09,10
202506,EMP_1125,DVKD_011,VUNG_2,1601.51,7693.14,11064.82,17,237.83,9
202506,EMP_1126,DVKD_011,VUNG_2,2342.96,12905.81,19647.73,19,474.56,14
202506,EMP_1127,DVKD_011,VUNG_2,1552.58,9805.01,13277.51,16,247.31,8
202506,EMP_1128,DVKD_011,VUNG_2,1785.46,9598.49,13382.62,17,337.25,7
202506,EMP_1129,DVKD_011,VUNG_2,1672.11,9135.74,15479.78,17,308.4,7
202506,EMP_1130,DVKD_011,VUNG_2,1367.41,9294.8,14059.85,12,223.52,9
202506,EMP_1131,DVKD_011,VUNG_2,2279.69,11735.32,21637.74,25,436.66,11
202506,EMP_1132,DVKD_011,VUNG_2,838.53,4931.7,8405.76,9,106.64,6
202506,EMP_1133,DVKD_011,VUNG_2,1949.71,13497.0,21521.23,25,380.23,11
202506,EMP_1134,DVKD_012,VUNG_2,832.09,4883.4,9218.98,8,150.51,6
202506,EMP_1135,DVKD_012,VUNG_2,891.17,5898.66,7912.99,10,164.11,5
202506,EMP_1136,DVKD_012,VUNG_2,832.18,5625.99,9301.43,9,153.95,4
202506,EMP_1137,DVKD_012,VUNG_2,2042.58,10981.82,20338.47,23,406.61,10
202506,EMP_1138,DVKD_012,VUNG_2,2365.47,11596.84,16024.54,24,406.55,13
202506,EMP_1139,DVKD_012,VUNG_2,962.9,5258.04,7870.71,10,168.08,6
202506,EMP_1140,DVKD_012,VUNG_2,1376.93,7484.13,14523.83,14,343.09,8
202506,EMP_1141,DVKD_012,VUNG_2,1953.69,11598.89,19315.48,24,367.55,12
202506,EMP_1142,DVKD_012,VUNG_2,1979.92,11329.67,18974.66,19,250.47,14
202506,EMP_1143,DVKD_012,VUNG_2,1404.55,9773.09,14064.42,12,264.54,9
202506,EMP_1144,DVKD_013,VUNG_2,887.87,4340.93,6721.16,8,142.51,5
202506,EMP_1145,DVKD_013,VUNG_2,910.33,5059.4,6839.13,9,167.44,6
202506,EMP_1146,DVKD_013,VUNG_2,938.15,4121.42,7261.13,10,153.33,4
202506,EMP_1147,DVKD_013,VUNG_2,2421.01,11106.37,17682.56,23,317.52,14
202506,EMP_1148,DVKD_013,VUNG_2,1707.28,9302.54,12386.9,14,230.16,10
202506,EMP_1149,DVKD_013,VUNG_2,1652.29,7457.62,11150.59,14,194.11,7
202506,EMP_1150,DVKD_013,VUNG_2,1616.34,9744.5,10929.69,13,241.36,8
202506,EMP_1151,DVKD_013,VUNG_2,1461.53,8086.44,13598.68,12,180.78,10
202506,EMP_1152,DVKD_013,VUNG_2,1429.44,9928.87,12284.6,13,326.31,10
202506,EMP_1153,DVKD_013,VUNG_2,1546.98,9956.27,11972.85,17,317.85,9
202506,EMP_1154,DVKD_013,VUNG_2,1651.4,7811.08,12837.22,13,246.64,10
202506,EMP_1155,DVKD_013,VUNG_2,1490.7,9246.23,13540.2,16,222.27,7
202506,EMP_1156,DVKD_013,VUNG_2,1706.45,7072.87,12121.02,17,230.05,8
202506,EMP_1157,DVKD_014,VUNG_2,1018.97,5765.56,8021.71,8,160.65,6
202506,EMP_1158,DVKD_014,VUNG_2,978.71,4195.25,6786.62,10,165.96,6
202506,EMP_1159,DVKD_014,VUNG_2,893.96,4140.29,8781.33,8,141.47,5
202506,EMP_1160,DVKD_014,VUNG_2,1453.5,7913.0,11068.62,13,292.19,10
202506,EMP_1161,DVKD_014,VUNG_2,1499.97,8863.49,13238.32,12,179.9,10
202506,EMP_1162,DVKD_014,VUNG_2,1492.27,9593.15,14237.14,15,277.53,10
202506,EMP_1163,DVKD_014,VUNG_2,1633.7,8243.41,11816.73,14,313.24,8
202506,EMP_1164,DVKD_014,VUNG_2,1972.85,10330.14,19849.16,21,364.72,10
202506,EMP_1165,DVKD_014,VUNG_2,1020.22,4605.07,7604.69,10,130.75,5
202506,EMP_1166,DVKD_014,VUNG_2,1477.04,6969.18,12886.85,14,268.11,8
202506,EMP_1167,DVKD_014,VUNG_2,1975.5,10853.48,18039.1,25,409.54,11
202506,EMP_1168,DVKD_014,VUNG_2,1514.25,7465.26,13020.66,13,330.04,10
202506,EMP_1169,DVKD_014,VUNG_2,1508.24,8885.08,12193.22,17,178.62,7
202506,EMP_1170,DVKD_015,VUNG_2,842.75,5781.03,7211.99,9,195.27,4
202506,EMP_1171,DVKD_015,VUNG_2,1074.0,5483.79,8216.79,7,184.34,4
202506,EMP_1172,DVKD_015,VUNG_2,1035.14,5259.83,9320.34,8,193.45,6
202506,EMP_1173,DVKD_015,VUNG_2,1560.93,8209.15,11487.95,18,238.1,10
202506,EMP_1174,DVKD_015,VUNG_2,1707.31,9061.32,12223.91,13,243.99,7
202506,EMP_1175,DVKD_015,VUNG_2,1409.26,6987.9,14761.11,16,346.24,10
202506,EMP_1176,DVKD_015,VUNG_2,2077.2,12539.46,19135.11,25,308.37,10
202506,EMP_1177,DVKD_015,VUNG_2,1419.55,8581.79,12515.94,16,217.49,7
202506,EMP_1178,DVKD_015,VUNG_2,2426.23,12170.06,16898.08,20,309.33,14
202506,EMP_1179,DVKD_015,VUNG_2,1487.83,9035.68,15100.08,16,236.96,8
202506,EMP_1180,DVKD_015,VUNG_2,2209.46,10039.57,18134.76,18,271.75,13
202506,EMP_1181,DVKD_015,VUNG_2,1479.55,9129.22,13961.99,13,302.64,9
202506,EMP_1182,DVKD_015,VUNG_2,1973.62,10169.89,19708.25,24,284.54,12
202506,EMP_1183,DVKD_015,VUNG_2,1443.9,9559.99,15188.29,15,192.91,8
202506,EMP_1184,DVKD_016,VUNG_2,1030.24,5444.14,8687.36,8,109.25,6
202506,EMP_1185,DVKD_016,VUNG_2,915.15,5354.46,6765.98,8,144.67,5
202506,EMP_1186,DVKD_016,VUNG_2,1068.39,5932.46,7488.62,11,179.27,6
202506,EMP_1187,DVKD_016,VUNG_2,2225.1,12221.89,15374.43,23,316.53,13
202506,EMP_1188,DVKD_016,VUNG_2,968.67,4405.84,9205.38,9,180.41,4
202506,EMP_1189,DVKD_016,VUNG_2,1020.56,5807.85,7892.26,10,124.17,5
202506,EMP_1190,DVKD_016,VUNG_2,1493.26,7647.98,15171.14,13,286.78,10
202506,EMP_1191,DVKD_016,VUNG_2,2011.92,13048.17,19927.83,21,297.91,11
202506,EMP_1192,DVKD_016,VUNG_2,1685.78,7398.74,14759.38,14,182.19,7
202506,EMP_1193,DVKD_016,VUNG_2,1350.64,8211.27,11592.64,14,331.46,9
202506,EMP_1194,DVKD_016,VUNG_2,1779.19,9030.11,12649.76,17,291.63,8
202506,EMP_1195,DVKD_016,VUNG_2,1705.53,9460.21,11839.57,15,238.21,8
202506,EMP_1196,DVKD_016,VUNG_2,1461.88,9902.69,12509.26,12,274.36,7
202506,EMP_1197,DVKD_016,VUNG_2,1600.25,7510.34,13993.28,15,238.24,8
202506,EMP_1198,DVKD_017,VUNG_3,866.59,4527.24,7773.96,10,128.91,6
202506,EMP_1199,DVKD_017,VUNG_3,975.32,5978.7,9040.57,8,113.99,5
202506,EMP_1200,DVKD_017,VUNG_3,901.77,5795.95,8689.52,10,152.66,6
202506,EMP_1201,DVKD_017,VUNG_3,1517.9,8844.48,15096.58,12,201.14,9
202506,EMP_1202,DVKD_017,VUNG_3,1901.68,12241.58,18292.3,18,382.39,12
202506,EMP_1203,DVKD_017,VUNG_3,1388.43,7301.19,14415.24,15,322.92,10
202506,EMP_1204,DVKD_017,VUNG_3,903.74,4551.0,9348.38,10,164.87,6
202506,EMP_1205,DVKD_017,VUNG_3,1409.13,7471.06,14701.73,17,333.71,10
202506,EMP_1206,DVKD_017,VUNG_3,949.35,4971.95,7490.25,9,151.78,5
202506,EMP_1207,DVKD_017,VUNG_3,1438.97,7429.16,14731.45,15,269.23,10
202506,EMP_1208,DVKD_017,VUNG_3,1043.21,5781.1,7295.07,7,140.3,4
202506,EMP_1209,DVKD_018,VUNG_3,1024.73,4616.98,9206.83,11,109.94,5
202506,EMP_1210,DVKD_018,VUNG_3,957.49,5027.76,7486.7,10,155.88,5
202506,EMP_1211,DVKD_018,VUNG_3,956.13,5903.03,6494.07,8,184.07,5
202506,EMP_1212,DVKD_018,VUNG_3,1369.39,8779.56,15161.91,13,218.42,8
202506,EMP_1213,DVKD_018,VUNG_3,888.64,4835.22,7762.5,9,205.32,4
202506,EMP_1214,DVKD_018,VUNG_3,1760.07,7721.7,14111.03,12,313.82,10
202506,EMP_1215,DVKD_018,VUNG_3,1643.09,7665.25,13978.22,17,294.35,9
202506,EMP_1216,DVKD_018,VUNG_3,1758.0,7267.96,13137.57,14,290.92,10
202506,EMP_1217,DVKD_018,VUNG_3,973.29,4466.28,8133.1,8,149.7,6
202506,EMP_1218,DVKD_018,VUNG_3,1776.39,9206.9,12612.76,14,180.86,9
202506,EMP_1219,DVKD_018,VUNG_3,993.27,5370.27,8481.53,9,182.26,6
202506,EMP_1220,DVKD_018,VUNG_3,998.05,5684.98,7516.52,8,133.43,4
202506,EMP_1221,DVKD_018,VUNG_3,1688.15,6974.72,13899.02,18,255.1,7
202506,EMP_1222,DVKD_018,VUNG_3,1542.96,9838.78,13219.22,16,289.3,8
202506,EMP_1223,DVKD_019,VUNG_3,975.01,4688.7,7789.0,7,206.54,5
202506,EMP_1224,DVKD_019,VUNG_3,867.45,5699.54,7721.74,8,175.96,5
202506,EMP_1225,DVKD_019,VUNG_3,1079.55,5858.5,7225.0,8,203.33,5
202506,EMP_1226,DVKD_019,VUNG_3,1471.68,6808.78,10988.53,16,210.16,8
202506,EMP_1227,DVKD_019,VUNG_3,1710.81,9481.61,12591.7,17,206.23,8
202506,EMP_1228,DVKD_019,VUNG_3,1663.76,8686.36,14432.89,17,310.35,10
202506,EMP_1229,DVKD_019,VUNG_3,2028.96,13861.24,19993.78,21,296.04,11
202506,EMP_1230,DVKD_019,VUNG_3,1573.34,7251.15,12669.08,15,207.3,7
202506,EMP_1231,DVKD_019,VUNG_3,1733.69,6815.55,13452.32,14,290.45,10
202506,EMP_1232,DVKD_019,VUNG_3,904.21,5207.0,7538.14,8,137.02,5
202506,EMP_1233,DVKD_019,VUNG_3,1524.76,6863.11,13585.6,17,324.46,10
202506,EMP_1234,DVKD_020,VUNG_3,900.08,5022.92,8028.55,9,168.6,6
202506,EMP_1235,DVKD_020,VUNG_3,865.5,4468.19,9100.92,7,200.57,4
202506,EMP_1236,DVKD_020,VUNG_3,981.96,4729.69,7024.46,9,138.93,6
202506,EMP_1237,DVKD_020,VUNG_3,1591.25,8772.9,14062.34,18,252.67,9
202506,EMP_1238,DVKD_020,VUNG_3,1548.54,9888.89,14334.56,17,249.58,6
202506,EMP_1239,DVKD_020,VUNG_3,2061.58,11210.43,20708.12,23,305.64,11
202506,EMP_1240,DVKD_020,VUNG_3,2515.51,13032.02,20047.48,17,457.58,12
202506,EMP_1241,DVKD_020,VUNG_3,893.4,5904.12,7047.29,9,113.66,6
202506,EMP_1242,DVKD_020,VUNG_3,2410.33,13566.44,16721.79,24,357.32,10
202506,EMP_1243,DVKD_020,VUNG_3,1385.7,7944.92,13094.44,15,227.68,6
202506,EMP_1244,DVKD_020,VUNG_3,1496.27,9911.15,14800.03,15,196.34,7
202506,EMP_1245,DVKD_020,VUNG_3,1692.14,9118.19,12276.51,14,260.58,8
202506,EMP_1246,DVKD_020,VUNG_3,873.14,4201.96,6793.42,10,157.83,5
202506,EMP_1247,DVKD_020,VUNG_3,1538.22,9068.17,14093.04,13,285.77,7
202506,EMP_1248,DVKD_021,VUNG_3,1002.71,5186.38,8165.47,10,199.19,6
202506,EMP_1249,DVKD_021,VUNG_3,852.99,4682.96,8742.18,7,178.36,4
202506,EMP_1250,DVKD_021,VUNG_3,1042.51,4346.14,8484.6,8,133.68,5
202506,EMP_1251,DVKD_021,VUNG_3,1765.35,7923.54,12976.22,17,187.44,10
202506,EMP_1252,DVKD_021,VUNG_3,2310.05,10014.87,21508.13,22,338.07,9
202506,EMP_1253,DVKD_021,VUNG_3,1492.04,8553.78,14821.56,15,331.09,8
202506,EMP_1254,DVKD_021,VUNG_3,1031.07,4675.42,7747.69,9,201.67,6
202506,EMP_1255,DVKD_021,VUNG_3,1775.75,9205.87,12717.59,14,257.92,8
202506,EMP_1256,DVKD_021,VUNG_3,1530.39,7605.47,15468.79,12,236.74,6
202506,EMP_1257,DVKD_021,VUNG_3,1652.05,9770.64,14879.37,13,251.26,8
202506,EMP_1258,DVKD_021,VUNG_3,1494.29,7392.15,13156.85,12,275.31,9
202506,EMP_1259,DVKD_021,VUNG_3,1572.8,7229.95,13479.9,15,200.13,8
202506,EMP_1260,DVKD_022,VUNG_3,1009.91,4352.15,6494.25,7,178.48,5
202506,EMP_1261,DVKD_022,VUNG_3,820.96,5789.59,6970.08,10,154.08,5
202506,EMP_1262,DVKD_022,VUNG_3,984.25,4909.05,8454.44,7,144.89,5
202506,EMP_1263,DVKD_022,VUNG_3,2082.33,13376.56,18021.64,22,305.21,13
202506,EMP_1264,DVKD_022,VUNG_3,1389.47,7590.95,11731.11,15,208.24,9
202506,EMP_1265,DVKD_022,VUNG_3,1753.99,7573.81,10895.13,12,336.31,10
202506,EMP_1266,DVKD_022,VUNG_3,1578.74,8939.47,12722.32,14,268.06,8
202506,EMP_1267,DVKD_022,VUNG_3,944.5,4793.34,8486.01,8,164.8,4
202506,EMP_1268,DVKD_022,VUNG_3,1383.67,7417.14,13721.34,18,235.63,9
202506,EMP_1269,DVKD_022,VUNG_3,1585.48,7815.62,15299.8,18,328.95,7
202506,EMP_1270,DVKD_022,VUNG_3,945.45,5448.23,6736.3,8,141.66,5
202506,EMP_1271,DVKD_022,VUNG_3,1540.9,8776.41,15472.21,13,347.73,10
202506,EMP_1272,DVKD_022,VUNG_3,1594.17,9377.96,12505.93,17,269.01,9
202506,EMP_1273,DVKD_022,VUNG_3,1933.02,12446.9,21325.41,20,412.22,14
202506,EMP_1274,DVKD_023,VUNG_3,996.98,5232.01,8639.92,11,186.37,6
202506,EMP_1275,DVKD_023,VUNG_3,926.68,4586.38,7702.76,9,171.55,5
202506,EMP_1276,DVKD_023,VUNG_3,1066.22,5216.47,7612.8,10,203.27,5
202506,EMP_1277,DVKD_023,VUNG_3,1544.23,9552.02,14815.25,15,278.22,7
202506,EMP_1278,DVKD_023,VUNG_3,1566.62,9126.03,13709.77,18,190.83,10
202506,EMP_1279,DVKD_023,VUNG_3,1972.6,13946.46,20608.52,21,263.88,13
202506,EMP_1280,DVKD_023,VUNG_3,1655.85,9989.79,12301.48,16,293.32,7
202506,EMP_1281,DVKD_023,VUNG_3,1354.06,8528.08,13969.96,13,335.14,7
202506,EMP_1282,DVKD_023,VUNG_3,1737.2,7969.06,11161.11,12,222.95,8
202506,EMP_1283,DVKD_023,VUNG_3,1708.43,7348.87,12262.78,18,222.37,9
202506,EMP_1284,DVKD_023,VUNG_3,1984.82,9940.45,17381.83,20,399.88,10
202506,EMP_1285,DVKD_023,VUNG_3,2023.65,12557.95,15365.08,18,291.21,10
202506,EMP_1286,DVKD_023,VUNG_3,1407.7,7569.86,13384.61,18,177.54,7
202506,EMP_1287,DVKD_024,VUNG_3,943.52,4681.67,8942.77,10,193.01,4
202506,EMP_1288,DVKD_024,VUNG_3,883.89,4386.48,6886.49,8,136.24,6
202506,EMP_1289,DVKD_024,VUNG_3,903.56,5016.69,7542.93,10,183.29,4
202506,EMP_1290,DVKD_024,VUNG_3,1740.2,9813.32,13274.36,17,286.94,10
202506,EMP_1291,DVKD_024,VUNG_3,1623.65,8290.02,11470.63,14,227.9,10
202506,EMP_1292,DVKD_024,VUNG_3,833.23,5822.01,6514.63,9,175.27,4
202506,EMP_1293,DVKD_024,VUNG_3,2316.94,12667.67,16743.06,25,430.34,12
202506,EMP_1294,DVKD_024,VUNG_3,1633.32,7505.96,12893.59,14,252.15,7
202506,EMP_1295,DVKD_024,VUNG_3,1970.18,11119.22,21483.93,20,320.95,14
202506,EMP_1296,DVKD_024,VUNG_3,1479.65,9800.35,11662.68,14,249.9,8
202506,EMP_1297,DVKD_024,VUNG_3,1657.5,8656.31,14633.46,15,327.24,9
202506,EMP_1298,DVKD_024,VUNG_3,1430.65,9064.97,14794.89,18,235.51,10
