YearMonth,CIF_sale,Ma_DVKD,Ma_Vung,DS_CASA_TH,DS_CKH_TH,DS_tin_dung_TH,DS_The_TD_TH,DS_bao_hiem_TH,DS_KH_reactive_TH,Ty_le_HT_CASA,Ty_le_HT_CKH,Ty_le_HT_Tin_dung,Ty_le_HT_The,Ty_le_HT_Bao_hiem,Ty_le_HT_Reactive,Diem_KPI_Tong_Hop,Incentive_Du_Kien_Trieu_VND,Xep_Hang_KPI
202401,EMP_1001,DVKD_001,VUNG_1,1632.82,8237.07,10795.26,11,212.78,8,160.5,148.5,147.6,137.5,135.3,160.0,148.11,30.59,A - Xuất sắc
202401,EMP_1002,DVKD_001,VUNG_1,550.27,3208.02,4531.65,6,102.7,4,65.1,62.9,63.4,66.7,58.6,80.0,63.36,0.0,D - Không đạt
202401,EMP_1003,DVKD_001,VUNG_1,794.08,5236.86,7460.91,7,123.46,5,86.6,95.1,96.4,77.8,109.1,100.0,93.8,2.44,B - Đạt
202401,EMP_1004,DVKD_001,VUNG_1,848.52,4712.12,7614.5,8,168.47,7,55.0,58.2,54.9,57.1,68.5,70.0,57.68,0.0,D - Không đạt
202401,EMP_1005,DVKD_001,VUNG_1,1319.38,8764.62,12150.58,17,175.37,8,92.4,89.1,93.4,106.2,73.6,100.0,90.81,3.57,B - Đạt
202401,EMP_1006,DVKD_001,VUNG_1,2097.79,11294.67,19731.25,20,430.76,12,107.2,98.5,110.8,117.6,94.0,92.3,106.21,9.94,B - Đạt
202401,EMP_1007,DVKD_001,VUNG_1,1418.46,9158.29,10717.58,17,270.3,6,97.8,98.5,96.0,106.2,100.9,85.7,98.58,2.63,B - Đạt
202401,EMP_1008,DVKD_001,VUNG_1,1824.47,8312.78,17839.91,16,272.21,8,107.4,104.9,115.8,100.0,135.5,114.3,113.44,14.46,B - Đạt
202401,EMP_1009,DVKD_001,VUNG_1,1893.81,10026.33,14916.67,24,243.2,13,92.3,97.4,92.4,104.3,92.3,92.9,94.3,4.67,B - Đạt
202401,EMP_1010,DVKD_001,VUNG_1,2285.7,12012.31,18959.52,19,347.38,12,140.0,145.0,140.4,126.7,118.1,120.0,136.28,19.02,A - Xuất sắc
202401,EMP_1011,DVKD_001,VUNG_1,1661.36,10491.11,13920.06,20,245.54,8,101.3,105.4,112.7,111.1,106.6,100.0,107.68,10.98,B - Đạt
202401,EMP_1012,DVKD_001,VUNG_1,1545.21,8590.02,15520.79,19,266.41,6,99.0,97.4,106.1,118.8,112.6,85.7,105.27,10.47,B - Đạt
202401,EMP_1013,DVKD_001,VUNG_1,1415.72,6273.32,11510.09,14,334.26,10,90.9,90.7,91.6,100.0,116.1,100.0,95.81,5.42,B - Đạt
202401,EMP_1014,DVKD_001,VUNG_1,2266.32,13439.42,21061.68,27,515.39,15,116.4,110.3,119.0,122.7,107.6,115.4,115.7,12.46,B - Đạt
202401,EMP_1015,DVKD_002,VUNG_1,900.93,7203.53,9070.33,10,227.94,6,109.7,123.7,111.6,125.0,135.3,120.0,117.83,13.12,B - Đạt
202401,EMP_1016,DVKD_002,VUNG_1,1150.95,5640.79,9259.68,12,179.44,5,107.7,114.1,105.0,120.0,86.2,125.0,105.72,13.77,B - Đạt
202401,EMP_1017,DVKD_002,VUNG_1,1135.93,4658.72,9274.07,11,213.39,6,115.4,112.1,108.9,100.0,133.3,120.0,113.78,12.64,B - Đạt
202401,EMP_1018,DVKD_002,VUNG_1,826.16,5013.62,7397.1,9,179.97,3,91.0,85.8,97.4,90.0,102.1,75.0,94.02,3.92,B - Đạt
202401,EMP_1019,DVKD_002,VUNG_1,1635.55,7651.22,11231.49,15,234.32,6,100.1,97.2,90.7,100.0,96.6,85.7,95.84,3.14,B - Đạt
202401,EMP_1020,DVKD_002,VUNG_1,547.91,3332.13,4503.64,4,56.3,3,52.7,56.2,54.8,50.0,49.6,60.0,53.22,0.0,D - Không đạt
202401,EMP_1021,DVKD_002,VUNG_1,2414.65,11308.42,18670.63,24,243.86,15,137.0,145.1,133.8,150.0,123.4,166.7,136.36,29.41,A - Xuất sắc
202401,EMP_1022,DVKD_002,VUNG_1,1301.55,7349.71,13401.03,14,223.58,8,93.8,85.6,96.5,100.0,113.3,88.9,97.06,3.58,B - Đạt
202401,EMP_1023,DVKD_002,VUNG_1,2307.31,12888.69,20375.89,17,361.33,11,129.9,129.0,134.2,130.8,123.6,137.5,130.41,33.66,A - Xuất sắc
202401,EMP_1024,DVKD_002,VUNG_1,937.29,5422.77,10962.63,9,232.87,4,115.0,116.0,118.9,112.5,125.6,100.0,117.86,16.56,B - Đạt
202401,EMP_1025,DVKD_002,VUNG_1,2277.95,9314.14,15434.27,22,377.9,10,90.4,91.2,90.2,95.7,102.3,83.3,92.76,5.72,B - Đạt
202401,EMP_1026,DVKD_003,VUNG_1,1080.62,5249.52,8951.93,11,216.01,6,107.1,103.1,106.7,110.0,127.1,120.0,109.65,16.15,B - Đạt
202401,EMP_1027,DVKD_003,VUNG_1,1142.35,5735.41,11579.49,11,269.73,7,134.1,129.5,136.6,122.2,135.0,116.7,133.23,24.47,A - Xuất sắc
202401,EMP_1028,DVKD_003,VUNG_1,778.87,4590.29,7592.57,11,135.51,5,94.8,96.0,88.8,100.0,80.1,83.3,91.2,5.78,B - Đạt
202401,EMP_1029,DVKD_003,VUNG_1,2777.82,12421.88,19098.75,25,602.43,17,116.5,117.5,114.2,100.0,137.8,121.4,117.39,10.43,B - Đạt
202401,EMP_1030,DVKD_003,VUNG_1,2212.88,13031.47,19456.68,25,465.35,15,154.0,145.3,143.7,166.7,150.3,150.0,149.8,18.78,A - Xuất sắc
202401,EMP_1031,DVKD_003,VUNG_1,2519.43,13383.79,16809.05,18,431.21,16,159.8,164.4,145.2,138.5,153.6,160.0,152.32,20.87,A - Xuất sắc
202401,EMP_1032,DVKD_003,VUNG_1,1384.13,8232.77,12437.6,18,365.8,9,100.8,98.7,98.9,100.0,122.1,112.5,102.94,10.45,B - Đạt
202401,EMP_1033,DVKD_003,VUNG_1,922.9,4389.96,7388.78,11,203.44,7,109.4,103.5,106.4,122.2,128.0,116.7,111.54,13.6,B - Đạt
202401,EMP_1034,DVKD_003,VUNG_1,1337.35,8965.24,14818.52,15,299.94,6,160.2,153.8,167.8,150.0,148.0,120.0,159.05,27.54,A - Xuất sắc
202401,EMP_1035,DVKD_003,VUNG_1,953.26,4796.47,7697.33,6,134.24,6,103.9,100.0,101.4,85.7,104.4,120.0,100.69,10.41,B - Đạt
202401,EMP_1036,DVKD_004,VUNG_1,724.31,5158.89,7248.89,7,100.12,6,86.6,94.6,97.4,87.5,91.8,100.0,92.45,2.99,B - Đạt
202401,EMP_1037,DVKD_004,VUNG_1,562.91,3744.47,5887.65,5,124.3,3,60.0,66.0,67.9,55.6,73.3,50.0,65.22,0.0,D - Không đạt
202401,EMP_1038,DVKD_004,VUNG_1,816.61,4220.55,7194.95,10,144.89,4,100.2,93.9,104.1,90.9,85.8,80.0,97.53,2.29,B - Đạt
202401,EMP_1039,DVKD_004,VUNG_1,2564.99,12012.81,16383.83,17,501.25,14,150.9,158.9,143.9,130.8,174.8,155.6,151.23,21.02,A - Xuất sắc
202401,EMP_1040,DVKD_004,VUNG_1,1636.08,11636.38,17414.27,18,283.8,9,118.7,122.8,131.9,120.0,99.4,100.0,121.17,13.6,A - Xuất sắc
202401,EMP_1041,DVKD_004,VUNG_1,1177.39,4871.65,7675.63,9,174.75,5,117.3,105.0,118.4,112.5,106.0,125.0,113.66,14.28,B - Đạt
202401,EMP_1042,DVKD_004,VUNG_1,3484.53,17995.16,26678.98,40,467.75,19,150.8,151.7,152.1,160.0,123.6,146.2,148.23,32.77,A - Xuất sắc
202401,EMP_1043,DVKD_004,VUNG_1,1822.22,7278.69,16078.7,13,246.31,11,115.4,106.0,107.2,108.3,101.5,137.5,108.33,15.06,B - Đạt
202401,EMP_1044,DVKD_004,VUNG_1,1767.21,9230.61,11672.03,15,296.2,8,104.8,116.2,104.9,115.4,102.1,114.3,107.2,9.02,B - Đạt
202401,EMP_1045,DVKD_004,VUNG_1,772.8,4364.21,4843.99,7,114.32,4,47.9,47.3,42.3,50.0,48.8,44.4,46.2,0.0,D - Không đạt
202401,EMP_1046,DVKD_004,VUNG_1,2142.14,11212.77,22171.88,21,216.65,10,124.3,124.7,143.0,140.0,104.7,142.9,129.53,16.4,A - Xuất sắc
202401,EMP_1047,DVKD_004,VUNG_1,1766.6,9667.5,12296.14,12,319.42,11,105.6,98.5,112.0,92.3,101.9,110.0,104.89,8.23,B - Đạt
202401,EMP_1048,DVKD_005,VUNG_1,641.16,3317.43,5146.14,7,126.32,3,71.6,71.0,67.5,70.0,81.6,75.0,71.41,0.0,C - Cần nỗ lực
202401,EMP_1049,DVKD_005,VUNG_1,1312.98,6029.74,13284.92,11,201.51,5,133.3,130.3,148.2,157.1,115.9,125.0,137.84,25.42,A - Xuất sắc
202401,EMP_1050,DVKD_005,VUNG_1,1066.77,5677.2,8613.85,9,215.24,6,104.0,115.4,112.9,100.0,104.8,120.0,108.55,8.91,B - Đạt
202401,EMP_1051,DVKD_005,VUNG_1,1985.18,11699.67,17148.85,26,355.04,10,98.9,92.7,97.5,113.0,114.4,111.1,101.21,11.7,B - Đạt
202401,EMP_1052,DVKD_005,VUNG_1,2146.64,11008.01,21021.24,18,298.29,9,139.3,134.6,135.0,138.5,131.7,128.6,135.87,25.52,A - Xuất sắc
202401,EMP_1053,DVKD_005,VUNG_1,1323.16,7257.6,10985.89,16,230.47,7,88.4,93.7,84.9,100.0,112.9,87.5,92.81,4.56,B - Đạt
202401,EMP_1054,DVKD_005,VUNG_1,2328.59,15074.8,21926.58,25,456.01,12,150.1,165.2,144.5,156.2,181.6,133.3,155.74,23.83,A - Xuất sắc
202401,EMP_1055,DVKD_005,VUNG_1,1774.93,7350.99,14797.33,16,285.76,10,104.0,105.3,105.5,114.3,107.9,111.1,106.34,8.56,B - Đạt
202401,EMP_1056,DVKD_005,VUNG_1,2010.0,9988.08,19252.68,19,391.97,9,101.0,103.4,92.5,86.4,111.2,90.0,98.45,2.09,B - Đạt
202401,EMP_1057,DVKD_005,VUNG_1,1360.05,7831.53,12993.84,16,163.23,8,93.4,88.3,103.6,88.9,90.3,114.3,95.29,2.34,B - Đạt
202401,EMP_1058,DVKD_005,VUNG_1,552.47,2898.67,4569.68,5,61.35,3,59.3,60.5,58.9,71.4,51.4,60.0,59.37,0.0,D - Không đạt
202401,EMP_1059,DVKD_006,VUNG_1,1383.44,6801.56,12835.52,10,218.1,6,154.6,147.4,138.8,142.9,175.1,120.0,149.89,21.29,A - Xuất sắc
202401,EMP_1060,DVKD_006,VUNG_1,1704.04,6746.25,12415.23,16,162.51,6,161.3,156.7,142.5,160.0,127.4,120.0,148.81,23.15,A - Xuất sắc
202401,EMP_1061,DVKD_006,VUNG_1,910.59,5500.53,6752.43,8,102.58,3,91.3,91.7,95.7,100.0,91.0,75.0,93.72,2.35,B - Đạt
202401,EMP_1062,DVKD_006,VUNG_1,3187.89,20317.36,29909.47,35,799.62,18,136.3,145.3,145.4,140.0,164.3,138.5,145.41,34.19,A - Xuất sắc
202401,EMP_1063,DVKD_006,VUNG_1,1568.85,8093.26,10484.28,11,207.37,8,94.0,94.5,86.0,78.6,102.4,88.9,90.99,3.23,B - Đạt
202401,EMP_1064,DVKD_006,VUNG_1,1851.16,7887.58,13769.3,12,306.35,9,111.2,107.2,109.8,92.3,88.2,90.0,104.77,16.97,B - Đạt
202401,EMP_1065,DVKD_006,VUNG_1,819.5,4674.25,6774.05,9,140.08,5,56.3,55.8,54.1,60.0,54.5,50.0,55.55,0.0,D - Không đạt
202401,EMP_1066,DVKD_006,VUNG_1,1256.53,9014.1,10788.64,12,227.6,7,148.7,156.0,161.8,133.3,126.2,140.0,149.47,19.61,A - Xuất sắc
202401,EMP_1067,DVKD_006,VUNG_1,1552.17,7840.84,14321.36,14,182.78,8,101.1,96.7,105.6,107.7,79.3,114.3,99.4,4.66,B - Đạt
202401,EMP_1068,DVKD_006,VUNG_1,1550.14,8601.64,10400.23,16,224.65,8,99.4,101.7,91.1,94.1,82.8,88.9,93.82,2.54,B - Đạt
202401,EMP_1069,DVKD_006,VUNG_1,1119.01,5312.48,9371.31,12,195.2,5,66.0,73.7,70.9,70.6,60.9,62.5,68.56,0.0,D - Không đạt
202401,EMP_1070,DVKD_006,VUNG_1,1459.23,7623.69,15406.43,15,422.85,8,98.1,104.2,100.8,115.4,124.1,100.0,105.59,15.89,B - Đạt
202401,EMP_1071,DVKD_006,VUNG_1,2954.76,14267.74,24740.85,31,505.32,16,142.8,144.5,150.5,124.0,161.8,133.3,146.72,33.2,A - Xuất sắc
202401,EMP_1072,DVKD_006,VUNG_1,1000.37,4356.05,8988.99,10,161.31,4,102.5,102.3,108.0,111.1,97.2,100.0,104.46,12.8,B - Đạt
202401,EMP_1073,DVKD_007,VUNG_1,1013.98,6233.85,7634.35,13,134.59,6,103.6,107.3,102.4,118.2,123.1,100.0,108.12,14.39,B - Đạt
202401,EMP_1074,DVKD_007,VUNG_1,860.86,6231.26,8786.03,9,113.85,5,103.5,105.6,101.0,112.5,89.6,100.0,101.75,16.76,B - Đạt
202401,EMP_1075,DVKD_007,VUNG_1,732.55,3185.54,7120.38,7,103.03,3,75.0,77.0,78.8,77.8,59.8,60.0,74.63,0.0,C - Cần nỗ lực
202401,EMP_1076,DVKD_007,VUNG_1,1988.73,11670.01,17537.64,18,379.18,10,97.3,88.8,98.3,85.7,91.7,100.0,94.37,3.02,B - Đạt
202401,EMP_1077,DVKD_007,VUNG_1,1565.7,7951.24,11854.53,14,328.81,8,101.9,96.0,95.3,107.7,100.9,100.0,99.13,5.55,B - Đạt
202401,EMP_1078,DVKD_007,VUNG_1,2429.48,10529.85,17110.96,25,415.68,11,135.4,133.2,134.6,147.1,156.8,157.1,139.17,34.04,A - Xuất sắc
202401,EMP_1079,DVKD_007,VUNG_1,1018.5,4492.25,7986.26,8,147.66,6,116.4,104.1,102.7,100.0,133.9,100.0,110.75,16.92,B - Đạt
202401,EMP_1080,DVKD_007,VUNG_1,1770.37,9000.29,16669.6,18,312.41,12,101.8,110.6,108.1,105.9,98.4,120.0,105.23,14.91,B - Đạt
202401,EMP_1081,DVKD_007,VUNG_1,1062.08,4210.43,7228.6,10,189.36,6,105.7,94.7,104.2,90.9,122.9,100.0,104.62,12.42,B - Đạt
202401,EMP_1082,DVKD_007,VUNG_1,2515.35,10771.86,20303.15,26,425.5,12,114.2,108.5,114.3,123.8,140.0,100.0,118.21,11.97,B - Đạt
202401,EMP_1083,DVKD_008,VUNG_1,803.47,4415.27,8279.36,9,179.58,5,97.6,95.6,101.0,90.0,102.3,100.0,98.43,3.44,B - Đạt
202401,EMP_1084,DVKD_008,VUNG_1,374.86,1892.6,3143.29,4,56.23,2,46.2,44.2,45.8,50.0,39.2,40.0,45.09,0.0,D - Không đạt
202401,EMP_1085,DVKD_008,VUNG_1,503.71,2711.95,5319.02,5,101.34,3,61.3,64.9,65.7,55.6,74.9,60.0,64.85,0.0,D - Không đạt
202401,EMP_1086,DVKD_008,VUNG_1,1510.8,8781.06,12696.13,15,231.23,6,97.3,102.6,86.0,93.8,82.0,85.7,91.49,3.2,B - Đạt
202401,EMP_1087,DVKD_008,VUNG_1,972.05,5717.48,11833.27,12,155.96,5,69.8,71.5,76.2,80.0,65.3,71.4,72.64,0.0,C - Cần nỗ lực
202401,EMP_1088,DVKD_008,VUNG_1,1114.59,5446.5,6546.99,8,224.48,6,68.8,67.4,59.6,66.7,74.9,60.0,66.08,0.0,D - Không đạt
202401,EMP_1089,DVKD_008,VUNG_1,967.13,4374.08,8430.84,8,187.04,4,101.8,100.2,93.1,100.0,92.2,80.0,96.89,5.25,B - Đạt
202401,EMP_1090,DVKD_008,VUNG_1,1674.83,9591.34,17734.18,18,281.18,7,109.7,109.3,119.5,112.5,106.6,87.5,112.88,8.7,B - Đạt
202401,EMP_1091,DVKD_008,VUNG_1,1544.09,7911.34,12030.97,11,186.27,8,98.3,92.0,92.0,91.7,80.0,114.3,91.74,2.76,B - Đạt
202401,EMP_1092,DVKD_008,VUNG_1,1320.38,6363.37,14399.27,15,263.85,9,85.9,81.7,95.3,88.2,92.5,100.0,89.78,4.16,C - Cần nỗ lực
202401,EMP_1093,DVKD_008,VUNG_1,2347.58,13578.04,22871.12,28,283.5,10,114.1,109.0,105.6,127.3,94.3,111.1,108.71,8.72,B - Đạt
202401,EMP_1094,DVKD_008,VUNG_1,963.4,5214.56,9583.66,11,173.41,7,102.5,102.5,112.0,110.0,119.7,116.7,109.15,15.33,B - Đạt
202401,EMP_1095,DVKD_008,VUNG_1,2123.9,11460.63,21586.12,19,328.59,10,104.0,94.8,108.9,105.6,93.1,90.9,102.86,10.43,B - Đạt
202401,EMP_1096,DVKD_009,VUNG_2,812.38,4167.95,6540.99,8,142.01,5,88.2,93.2,82.5,88.9,91.9,83.3,87.58,4.87,C - Cần nỗ lực
202401,EMP_1097,DVKD_009,VUNG_2,987.54,5686.57,7531.76,9,244.57,4,98.1,104.6,94.5,100.0,116.6,80.0,100.78,16.78,B - Đạt
202401,EMP_1098,DVKD_009,VUNG_2,946.12,6577.56,8320.04,10,178.09,6,103.8,111.2,106.6,111.1,109.7,120.0,107.5,8.26,B - Đạt
202401,EMP_1099,DVKD_009,VUNG_2,2451.04,13334.14,21290.89,21,328.02,14,100.6,106.1,103.8,110.5,90.2,100.0,101.97,8.14,B - Đạt
202401,EMP_1100,DVKD_009,VUNG_2,1476.63,8247.56,16407.21,20,338.45,9,100.1,106.3,107.1,111.1,109.2,100.0,105.94,14.95,B - Đạt
202401,EMP_1101,DVKD_009,VUNG_2,1494.9,7547.85,13511.94,14,258.78,7,90.0,90.2,103.1,93.3,76.4,77.8,92.9,3.42,B - Đạt
202401,EMP_1102,DVKD_009,VUNG_2,2079.18,11752.08,19400.59,26,334.61,10,100.4,97.2,103.4,108.3,97.9,90.9,101.39,14.09,B - Đạt
202401,EMP_1103,DVKD_009,VUNG_2,1024.16,4096.26,5843.7,9,90.36,6,60.3,56.4,53.1,50.0,47.9,60.0,54.3,0.0,D - Không đạt
202401,EMP_1104,DVKD_009,VUNG_2,2007.28,11284.85,15439.48,24,292.03,13,122.0,122.8,130.5,141.2,131.3,144.4,128.41,9.18,A - Xuất sắc
202401,EMP_1105,DVKD_009,VUNG_2,1460.02,7236.77,15743.43,14,180.19,10,99.2,101.2,109.7,107.7,98.0,100.0,103.84,11.03,B - Đạt
202401,EMP_1106,DVKD_009,VUNG_2,1524.06,7885.76,12425.56,15,221.72,9,105.0,104.5,110.1,107.1,86.0,100.0,104.07,16.05,B - Đạt
202401,EMP_1107,DVKD_009,VUNG_2,1096.2,7259.85,12637.2,10,259.46,8,77.6,73.4,81.6,76.9,89.7,80.0,80.11,5.0,C - Cần nỗ lực
202401,EMP_1108,DVKD_009,VUNG_2,2415.89,13020.94,20310.02,23,414.31,11,110.3,104.7,100.5,121.1,131.6,122.2,110.3,15.47,B - Đạt
202401,EMP_1109,DVKD_009,VUNG_2,1919.73,9026.03,13452.61,19,406.65,9,113.2,101.6,112.9,118.8,125.6,128.6,113.77,15.67,B - Đạt
202401,EMP_1110,DVKD_010,VUNG_2,1076.98,4947.11,9695.82,13,113.56,7,101.7,101.3,109.0,118.2,104.4,116.7,106.25,9.88,B - Đạt
202401,EMP_1111,DVKD_010,VUNG_2,1055.61,4560.97,9521.14,10,118.62,5,103.2,102.8,110.2,100.0,87.6,125.0,102.93,13.98,B - Đạt
202401,EMP_1112,DVKD_010,VUNG_2,753.28,4707.62,8572.65,7,152.48,5,84.6,89.9,93.6,87.5,99.8,100.0,91.11,3.13,B - Đạt
202401,EMP_1113,DVKD_010,VUNG_2,2390.14,14161.2,18466.0,23,279.86,17,107.6,104.9,115.3,109.5,89.7,130.8,107.39,14.08,B - Đạt
202401,EMP_1114,DVKD_010,VUNG_2,1545.14,8986.8,14376.41,16,168.6,9,103.1,98.3,103.3,100.0,95.0,112.5,100.92,14.73,B - Đạt
202401,EMP_1115,DVKD_010,VUNG_2,1788.17,10125.36,15186.09,18,420.57,8,120.6,113.0,129.5,112.5,146.7,100.0,125.68,12.74,A - Xuất sắc
202401,EMP_1116,DVKD_010,VUNG_2,2178.32,11180.09,18606.1,20,614.59,14,100.9,101.7,104.4,111.1,126.6,116.7,107.12,9.7,B - Đạt
202401,EMP_1117,DVKD_010,VUNG_2,1057.75,4304.03,7888.29,9,157.22,6,99.5,105.2,104.0,100.0,118.2,120.0,104.78,8.43,B - Đạt
202401,EMP_1118,DVKD_010,VUNG_2,1891.55,10174.99,12603.66,18,230.93,9,117.3,117.9,104.5,128.6,106.7,100.0,112.45,13.85,B - Đạt
202401,EMP_1119,DVKD_010,VUNG_2,1707.23,7171.39,13935.07,16,374.14,8,109.5,98.1,98.9,88.9,113.2,88.9,102.58,10.0,B - Đạt
202401,EMP_1120,DVKD_011,VUNG_2,640.49,3432.17,5273.23,6,98.13,4,64.3,64.7,57.4,66.7,76.6,66.7,64.03,0.0,D - Không đạt
202401,EMP_1121,DVKD_011,VUNG_2,711.28,3726.89,7014.61,6,133.63,5,75.7,75.2,75.2,66.7,74.8,83.3,74.42,0.0,C - Cần nỗ lực
202401,EMP_1122,DVKD_011,VUNG_2,963.16,5270.93,9197.53,9,204.92,5,94.9,93.8,103.8,90.0,116.1,100.0,100.54,13.52,B - Đạt
202401,EMP_1123,DVKD_011,VUNG_2,1765.76,9450.73,14872.31,13,294.78,7,103.6,111.4,111.5,92.9,87.9,100.0,104.11,9.84,B - Đạt
202401,EMP_1124,DVKD_011,VUNG_2,2329.25,12765.36,16129.01,17,296.53,11,96.6,94.1,97.9,81.0,103.9,78.6,96.22,5.78,B - Đạt
202401,EMP_1125,DVKD_011,VUNG_2,2135.99,11252.08,20986.5,20,425.56,12,137.9,125.3,147.4,133.3,128.1,150.0,137.41,25.9,A - Xuất sắc
202401,EMP_1126,DVKD_011,VUNG_2,2485.89,13777.66,22927.44,28,460.12,14,129.1,136.3,128.0,127.3,120.5,107.7,128.32,13.69,A - Xuất sắc
202401,EMP_1127,DVKD_011,VUNG_2,2233.37,10522.16,18160.42,16,398.25,13,150.0,153.2,151.1,133.3,186.9,185.7,154.73,34.31,A - Xuất sắc
202401,EMP_1128,DVKD_011,VUNG_2,1528.8,8773.79,12556.25,13,376.7,9,99.2,97.0,93.7,108.3,113.6,90.0,100.02,8.49,B - Đạt
202401,EMP_1129,DVKD_011,VUNG_2,1406.92,7263.4,11305.99,11,282.66,7,90.0,94.1,96.9,84.6,98.4,77.8,93.75,4.96,B - Đạt
202401,EMP_1130,DVKD_011,VUNG_2,1764.55,7760.95,15530.85,13,342.98,8,98.9,97.0,103.0,86.7,102.2,100.0,99.33,4.12,B - Đạt
202401,EMP_1131,DVKD_011,VUNG_2,1939.37,14822.55,23326.46,19,585.67,12,99.9,107.1,111.1,105.6,128.5,120.0,109.76,11.22,B - Đạt
202401,EMP_1132,DVKD_011,VUNG_2,1559.99,7207.88,10576.88,17,262.04,10,144.7,149.1,154.5,154.5,136.0,166.7,148.46,24.69,A - Xuất sắc
202401,EMP_1133,DVKD_011,VUNG_2,1940.56,9424.28,14446.35,17,211.42,7,77.4,81.3,72.4,85.0,62.6,70.0,74.78,0.0,C - Cần nỗ lực
202401,EMP_1134,DVKD_012,VUNG_2,490.48,2384.98,3823.25,5,90.91,2,52.5,54.5,54.4,50.0,49.0,50.0,52.69,0.0,D - Không đạt
202401,EMP_1135,DVKD_012,VUNG_2,952.26,4963.13,9461.94,11,141.19,4,96.4,94.3,103.1,110.0,108.4,100.0,101.59,8.41,B - Đạt
202401,EMP_1136,DVKD_012,VUNG_2,530.54,2514.43,5024.27,6,64.83,2,54.7,50.9,59.7,60.0,49.6,50.0,55.64,0.0,D - Không đạt
202401,EMP_1137,DVKD_012,VUNG_2,2563.55,14105.21,24833.79,28,262.34,18,118.3,118.2,123.0,121.7,93.9,120.0,116.61,13.99,B - Đạt
202401,EMP_1138,DVKD_012,VUNG_2,2181.32,15633.66,20225.49,26,483.09,17,107.1,114.7,106.5,118.2,111.2,121.4,109.75,8.95,B - Đạt
202401,EMP_1139,DVKD_012,VUNG_2,1218.32,8427.41,13978.74,14,246.99,7,139.4,146.2,150.0,155.6,166.4,140.0,149.8,22.56,A - Xuất sắc
202401,EMP_1140,DVKD_012,VUNG_2,1770.6,9303.18,14852.74,14,395.26,11,110.6,107.0,103.7,107.7,134.5,122.2,110.94,15.82,B - Đạt
202401,EMP_1141,DVKD_012,VUNG_2,2078.1,12754.54,20389.67,19,388.47,12,108.3,115.3,104.9,95.0,104.0,92.3,106.18,16.17,B - Đạt
202401,EMP_1142,DVKD_012,VUNG_2,2327.39,12025.53,18406.15,25,332.01,11,108.4,110.7,112.5,119.0,109.2,110.0,111.36,11.75,B - Đạt
202401,EMP_1143,DVKD_012,VUNG_2,1068.12,4528.31,8375.93,7,143.51,5,61.5,62.4,64.3,58.3,58.0,62.5,61.77,0.0,D - Không đạt
202401,EMP_1144,DVKD_013,VUNG_2,897.71,4829.9,6957.11,7,110.59,6,94.2,100.1,96.4,87.5,97.6,120.0,95.7,2.29,B - Đạt
202401,EMP_1145,DVKD_013,VUNG_2,925.86,4708.47,8193.1,7,116.95,4,101.7,92.2,92.4,100.0,80.9,80.0,93.73,3.58,B - Đạt
202401,EMP_1146,DVKD_013,VUNG_2,817.97,4140.43,9533.91,10,183.1,5,99.7,98.1,108.4,111.1,104.3,125.0,104.33,10.81,B - Đạt
202401,EMP_1147,DVKD_013,VUNG_2,2136.7,14487.41,17621.69,26,361.51,11,105.7,106.7,102.7,108.3,121.8,110.0,107.47,13.46,B - Đạt
202401,EMP_1148,DVKD_013,VUNG_2,1582.98,9168.84,12273.18,14,299.75,8,94.0,99.8,85.1,82.4,101.0,88.9,91.64,2.82,B - Đạt
202401,EMP_1149,DVKD_013,VUNG_2,1634.44,8705.19,14486.57,17,280.49,8,106.9,115.1,117.4,121.4,109.3,88.9,113.61,8.04,B - Đạt
202401,EMP_1150,DVKD_013,VUNG_2,2054.36,11814.6,22063.38,18,428.82,15,138.0,148.6,146.7,120.0,135.9,166.7,140.52,30.8,A - Xuất sắc
202401,EMP_1151,DVKD_013,VUNG_2,2684.04,11482.44,19806.2,22,329.47,14,158.6,146.7,168.2,157.1,180.0,140.0,163.23,23.88,A - Xuất sắc
202401,EMP_1152,DVKD_013,VUNG_2,1526.29,5722.72,10700.19,13,261.99,6,90.7,83.5,79.5,81.2,87.0,75.0,84.2,4.95,C - Cần nỗ lực
202401,EMP_1153,DVKD_013,VUNG_2,1427.8,7142.97,13983.75,13,308.81,8,99.3,94.8,103.3,100.0,113.8,80.0,102.27,10.68,B - Đạt
202401,EMP_1154,DVKD_013,VUNG_2,2276.68,15528.48,19473.93,23,434.65,11,151.6,168.0,148.1,143.8,142.8,137.5,150.73,31.04,A - Xuất sắc
202401,EMP_1155,DVKD_013,VUNG_2,2398.8,11772.68,14879.64,22,244.75,15,142.8,148.5,129.7,146.7,118.1,150.0,135.75,31.38,A - Xuất sắc
202401,EMP_1156,DVKD_013,VUNG_2,1628.57,9166.04,11170.29,17,199.34,9,90.7,92.9,83.9,100.0,106.0,90.0,91.88,4.75,B - Đạt
202401,EMP_1157,DVKD_014,VUNG_2,925.99,4571.64,7589.6,11,152.69,5,112.5,111.7,110.4,122.2,136.2,125.0,116.17,13.06,B - Đạt
202401,EMP_1158,DVKD_014,VUNG_2,1289.5,6729.42,8942.19,14,258.96,10,148.4,135.8,134.4,155.6,127.5,166.7,139.19,25.93,A - Xuất sắc
202401,EMP_1159,DVKD_014,VUNG_2,916.0,3730.63,7007.87,8,92.59,6,92.7,90.8,87.5,88.9,86.7,100.0,89.31,4.47,C - Cần nỗ lực
202401,EMP_1160,DVKD_014,VUNG_2,1642.28,7419.01,14647.72,15,262.72,10,103.2,96.1,110.9,93.8,104.9,100.0,104.14,9.73,B - Đạt
202401,EMP_1161,DVKD_014,VUNG_2,836.3,5649.04,8419.33,7,216.36,5,58.5,58.0,63.2,53.8,76.3,71.4,62.27,0.0,D - Không đạt
202401,EMP_1162,DVKD_014,VUNG_2,1436.34,8350.24,11006.58,18,208.56,6,95.2,89.4,98.5,100.0,81.7,85.7,93.94,3.37,B - Đạt
202401,EMP_1163,DVKD_014,VUNG_2,1696.87,7661.62,15767.24,12,332.86,10,102.0,98.7,106.7,100.0,95.5,111.1,101.98,15.45,B - Đạt
202401,EMP_1164,DVKD_014,VUNG_2,1692.27,10068.83,14410.86,20,307.34,13,88.6,88.8,81.6,95.2,76.6,100.0,85.04,3.59,C - Cần nỗ lực
202401,EMP_1165,DVKD_014,VUNG_2,1297.24,9196.01,13102.93,12,278.75,10,155.9,161.2,157.2,150.0,134.3,166.7,153.32,34.26,A - Xuất sắc
202401,EMP_1166,DVKD_014,VUNG_2,1721.39,9109.45,12605.52,16,278.09,9,98.2,93.5,105.9,94.1,93.9,100.0,99.13,3.99,B - Đạt
202401,EMP_1167,DVKD_014,VUNG_2,1844.52,11529.94,19101.6,17,402.49,10,89.5,84.4,96.9,89.5,106.5,76.9,93.88,5.61,B - Đạt
202401,EMP_1168,DVKD_014,VUNG_2,1873.58,12414.61,12565.2,17,237.82,11,131.0,130.4,115.5,130.8,118.8,110.0,123.64,16.36,A - Xuất sắc
202401,EMP_1169,DVKD_014,VUNG_2,1578.56,8150.88,10423.26,15,257.89,8,91.8,83.4,85.2,100.0,94.1,80.0,89.39,4.68,C - Cần nỗ lực
202401,EMP_1170,DVKD_015,VUNG_2,976.06,4824.89,7680.02,11,212.08,4,98.3,94.3,101.2,110.0,112.8,80.0,102.06,15.93,B - Đạt
202401,EMP_1171,DVKD_015,VUNG_2,517.78,3524.3,4233.49,5,97.06,2,62.3,63.9,56.6,62.5,75.0,50.0,62.47,0.0,D - Không đạt
202401,EMP_1172,DVKD_015,VUNG_2,725.38,3900.84,6252.74,9,105.03,3,74.5,74.2,76.3,81.8,75.4,60.0,75.95,0.0,C - Cần nỗ lực
202401,EMP_1173,DVKD_015,VUNG_2,1904.7,9204.16,12361.98,18,274.09,7,111.9,111.7,103.9,120.0,113.9,100.0,110.18,15.26,B - Đạt
202401,EMP_1174,DVKD_015,VUNG_2,1012.28,4855.1,9225.44,9,118.55,5,62.7,60.6,63.6,64.3,54.3,71.4,61.6,0.0,D - Không đạt
202401,EMP_1175,DVKD_015,VUNG_2,1486.75,7931.69,13103.67,15,207.45,8,101.1,98.9,90.0,115.4,85.3,100.0,95.94,2.12,B - Đạt
202401,EMP_1176,DVKD_015,VUNG_2,1033.75,6870.06,10318.74,11,117.4,4,53.1,50.0,57.0,47.8,43.5,44.4,52.03,0.0,D - Không đạt
202401,EMP_1177,DVKD_015,VUNG_2,999.05,5590.9,9499.95,8,152.72,5,64.7,65.1,71.6,61.5,80.1,55.6,69.17,0.0,D - Không đạt
202401,EMP_1178,DVKD_015,VUNG_2,2120.45,11956.37,21670.94,16,338.2,12,93.6,91.7,103.6,94.1,97.6,92.3,97.46,2.4,B - Đạt
202401,EMP_1179,DVKD_015,VUNG_2,1462.24,7997.76,13681.47,11,278.47,7,87.2,93.1,87.9,84.6,104.6,77.8,90.68,3.63,B - Đạt
202401,EMP_1180,DVKD_015,VUNG_2,1907.43,10275.71,16674.58,15,252.17,11,95.5,95.8,98.5,83.3,88.2,100.0,94.28,4.36,B - Đạt
202401,EMP_1181,DVKD_015,VUNG_2,1514.12,9617.13,12560.62,17,361.65,8,102.0,103.4,100.2,94.4,120.1,100.0,103.53,8.45,B - Đạt
202401,EMP_1182,DVKD_015,VUNG_2,2582.13,12413.79,19577.21,18,484.52,14,113.3,107.3,122.1,105.9,141.7,100.0,119.0,13.31,B - Đạt
202401,EMP_1183,DVKD_015,VUNG_2,2316.86,14247.7,21751.21,25,589.32,15,152.3,149.0,168.4,166.7,184.7,166.7,163.74,27.58,A - Xuất sắc
202401,EMP_1184,DVKD_016,VUNG_2,966.82,4683.1,7729.59,11,160.52,4,99.6,100.6,94.1,110.0,103.4,100.0,99.44,4.93,B - Đạt
202401,EMP_1185,DVKD_016,VUNG_2,1135.84,5353.52,11378.91,10,226.94,7,123.8,114.1,132.4,111.1,109.8,116.7,121.98,10.88,A - Xuất sắc
202401,EMP_1186,DVKD_016,VUNG_2,1033.9,5317.26,10311.0,9,269.98,5,115.1,115.1,117.9,100.0,133.1,125.0,117.27,10.09,B - Đạt
202401,EMP_1187,DVKD_016,VUNG_2,2890.89,11367.73,21812.94,20,455.65,16,114.8,110.1,107.6,117.6,107.7,114.3,110.79,12.48,B - Đạt
202401,EMP_1188,DVKD_016,VUNG_2,772.39,4754.03,7816.67,7,186.04,5,89.1,84.7,88.1,100.0,95.9,83.3,90.2,5.17,B - Đạt
202401,EMP_1189,DVKD_016,VUNG_2,1382.96,6783.76,10853.16,10,200.63,8,139.5,156.0,147.6,125.0,165.5,160.0,147.26,32.62,A - Xuất sắc
202401,EMP_1190,DVKD_016,VUNG_2,2034.57,10475.11,19183.82,19,354.41,14,133.9,127.2,140.3,126.7,132.0,140.0,134.13,31.95,A - Xuất sắc
202401,EMP_1191,DVKD_016,VUNG_2,3685.21,15818.53,22902.06,39,679.15,25,151.2,138.8,149.0,156.0,162.9,178.6,150.8,24.62,A - Xuất sắc
202401,EMP_1192,DVKD_016,VUNG_2,1836.13,10570.5,13597.37,15,315.82,10,113.5,108.7,120.1,115.4,108.4,142.9,114.52,8.64,B - Đạt
202401,EMP_1193,DVKD_016,VUNG_2,1812.03,10005.09,15991.83,20,395.64,8,111.5,116.3,115.1,125.0,114.9,100.0,115.34,12.15,B - Đạt
202401,EMP_1194,DVKD_016,VUNG_2,1770.24,7665.32,12075.71,14,285.1,11,103.6,107.4,107.1,107.7,93.3,122.2,104.26,13.98,B - Đạt
202401,EMP_1195,DVKD_016,VUNG_2,1910.33,8650.72,13153.55,18,298.08,9,115.1,115.2,104.4,120.0,101.4,100.0,109.81,8.04,B - Đạt
202401,EMP_1196,DVKD_016,VUNG_2,2243.99,15850.17,19058.28,20,629.39,9,158.3,158.6,145.3,142.9,187.3,128.6,156.6,25.99,A - Xuất sắc
202401,EMP_1197,DVKD_016,VUNG_2,1731.17,8748.0,12008.43,12,261.49,8,100.4,95.7,96.3,85.7,83.7,100.0,94.28,5.5,B - Đạt
202401,EMP_1198,DVKD_017,VUNG_3,896.47,4064.22,8329.64,10,119.8,5,99.2,95.2,97.3,111.1,106.9,125.0,100.28,12.0,B - Đạt
202401,EMP_1199,DVKD_017,VUNG_3,941.07,4007.05,7696.81,7,211.83,5,93.9,97.2,103.1,87.5,112.1,83.3,99.7,2.05,B - Đạt
202401,EMP_1200,DVKD_017,VUNG_3,993.01,5496.36,7710.32,9,155.13,6,98.3,108.4,95.5,112.5,103.6,120.0,101.05,11.4,B - Đạt
202401,EMP_1201,DVKD_017,VUNG_3,1826.92,10520.48,12500.93,20,276.93,9,106.9,119.3,106.9,125.0,113.4,100.0,111.55,11.27,B - Đạt
202401,EMP_1202,DVKD_017,VUNG_3,2293.1,10857.51,16230.63,16,268.18,12,93.7,94.1,90.1,94.1,90.1,109.1,92.0,4.71,B - Đạt
202401,EMP_1203,DVKD_017,VUNG_3,998.41,6135.41,7820.22,10,197.03,5,59.9,65.6,57.6,58.8,73.3,62.5,61.85,0.0,D - Không đạt
202401,EMP_1204,DVKD_017,VUNG_3,608.56,2874.37,5293.29,7,164.83,3,70.5,66.9,62.9,77.8,79.9,60.0,69.44,0.0,D - Không đạt
202401,EMP_1205,DVKD_017,VUNG_3,1758.76,9094.94,12327.03,15,283.9,9,115.3,112.9,108.6,107.1,111.3,128.6,111.18,12.45,B - Đạt
202401,EMP_1206,DVKD_017,VUNG_3,1357.87,7871.89,13147.14,12,292.55,7,136.9,140.1,144.1,133.3,166.6,140.0,144.0,26.57,A - Xuất sắc
202401,EMP_1207,DVKD_017,VUNG_3,1319.97,6196.17,10912.02,10,249.2,8,90.6,86.4,86.7,76.9,102.6,88.9,89.03,5.81,C - Cần nỗ lực
202401,EMP_1208,DVKD_017,VUNG_3,1483.7,7975.93,11978.35,13,287.17,8,153.7,163.0,152.0,144.4,142.5,133.3,151.89,27.19,A - Xuất sắc
202401,EMP_1209,DVKD_018,VUNG_3,1184.5,5679.11,9226.65,10,210.44,5,138.3,129.1,126.2,125.0,108.8,100.0,126.93,15.77,A - Xuất sắc
202401,EMP_1210,DVKD_018,VUNG_3,743.87,4352.21,5571.33,5,104.13,3,71.3,73.7,70.7,62.5,71.7,60.0,70.63,0.0,C - Cần nỗ lực
202401,EMP_1211,DVKD_018,VUNG_3,1132.05,5761.1,9077.0,12,167.78,4,114.8,118.4,115.0,120.0,110.7,100.0,115.32,13.99,B - Đạt
202401,EMP_1212,DVKD_018,VUNG_3,1527.08,9841.69,11709.49,12,224.06,8,95.2,105.3,98.7,100.0,104.5,100.0,99.81,4.94,B - Đạt
202401,EMP_1213,DVKD_018,VUNG_3,1062.53,5903.71,8828.01,10,152.51,5,104.1,114.3,101.4,111.1,96.1,100.0,104.18,13.86,B - Đạt
202401,EMP_1214,DVKD_018,VUNG_3,1508.03,9326.56,15033.42,16,335.08,11,102.5,109.2,96.6,106.7,109.0,122.2,102.83,16.26,B - Đạt
202401,EMP_1215,DVKD_018,VUNG_3,1459.56,7412.62,10867.29,16,329.03,8,94.2,98.8,84.6,100.0,113.7,114.3,95.03,4.81,B - Đạt
202401,EMP_1216,DVKD_018,VUNG_3,2487.4,11092.93,19916.81,25,273.28,16,142.7,160.7,165.1,147.1,143.7,160.0,153.83,22.26,A - Xuất sắc
202401,EMP_1217,DVKD_018,VUNG_3,934.6,6189.02,7623.83,12,214.86,6,111.0,109.8,107.6,120.0,121.1,100.0,112.04,16.08,B - Đạt
202401,EMP_1218,DVKD_018,VUNG_3,1171.69,6408.58,9421.87,12,234.26,6,72.1,78.4,68.5,70.6,73.8,60.0,71.89,0.0,C - Cần nỗ lực
202401,EMP_1219,DVKD_018,VUNG_3,467.27,2552.46,3975.4,4,112.27,2,48.5,50.0,48.5,50.0,54.0,40.0,49.7,0.0,D - Không đạt
202401,EMP_1220,DVKD_018,VUNG_3,1065.67,6372.65,8654.72,11,242.46,5,110.5,107.9,108.7,110.0,127.2,125.0,111.94,11.93,B - Đạt
202401,EMP_1221,DVKD_018,VUNG_3,2216.74,10860.22,12917.35,17,437.96,11,131.4,133.8,116.5,121.4,151.1,122.2,128.5,12.83,A - Xuất sắc
202401,EMP_1222,DVKD_018,VUNG_3,1559.58,8198.69,12801.59,16,430.35,11,110.6,112.8,103.7,123.1,133.4,137.5,113.19,9.57,B - Đạt
202401,EMP_1223,DVKD_019,VUNG_3,1060.86,6647.92,10552.74,12,155.79,7,125.0,125.6,127.3,133.3,138.0,116.7,128.68,16.4,A - Xuất sắc
202401,EMP_1224,DVKD_019,VUNG_3,961.1,4558.04,7695.36,10,189.39,4,94.4,93.9,89.1,100.0,96.1,80.0,93.28,2.63,B - Đạt
202401,EMP_1225,DVKD_019,VUNG_3,1057.11,5372.89,10963.72,12,126.38,7,112.2,103.4,122.1,120.0,110.1,116.7,114.81,12.64,B - Đạt
202401,EMP_1226,DVKD_019,VUNG_3,1815.05,9511.68,14878.5,16,310.51,10,111.0,105.3,100.0,94.1,126.9,100.0,106.99,15.68,B - Đạt
202401,EMP_1227,DVKD_019,VUNG_3,1947.98,8915.65,12618.12,17,334.27,7,113.2,106.4,102.2,121.4,123.4,100.0,110.68,10.11,B - Đạt
202401,EMP_1228,DVKD_019,VUNG_3,1649.82,8160.84,13377.08,17,159.33,8,95.2,87.5,88.6,100.0,87.0,88.9,90.98,2.01,B - Đạt
202401,EMP_1229,DVKD_019,VUNG_3,2523.44,10160.94,20898.19,16,378.75,12,104.4,105.9,97.8,88.9,106.1,80.0,101.02,15.54,B - Đạt
202401,EMP_1230,DVKD_019,VUNG_3,1574.66,9483.34,15077.14,20,228.83,8,102.1,95.0,99.4,117.6,100.4,80.0,101.39,13.94,B - Đạt
202401,EMP_1231,DVKD_019,VUNG_3,2803.35,10620.29,19731.27,19,450.03,15,160.7,149.6,157.5,158.3,154.5,166.7,156.75,23.7,A - Xuất sắc
202401,EMP_1232,DVKD_019,VUNG_3,832.06,5838.5,8793.26,12,190.21,4,101.0,110.6,102.6,120.0,126.7,100.0,108.75,16.68,B - Đạt
202401,EMP_1233,DVKD_019,VUNG_3,1467.97,7584.31,12864.6,19,250.9,9,105.4,101.4,115.1,118.8,94.4,112.5,107.88,16.18,B - Đạt
202401,EMP_1234,DVKD_020,VUNG_3,703.56,4366.96,5686.95,8,164.97,4,86.6,92.1,83.3,80.0,92.7,80.0,86.52,3.06,C - Cần nỗ lực
202401,EMP_1235,DVKD_020,VUNG_3,960.09,4926.18,10007.14,8,160.15,5,110.1,115.9,113.7,100.0,111.5,100.0,111.43,12.64,B - Đạt
202401,EMP_1236,DVKD_020,VUNG_3,1203.91,7894.83,11999.98,14,269.23,5,131.8,139.9,133.4,140.0,152.9,125.0,137.56,19.6,A - Xuất sắc
202401,EMP_1237,DVKD_020,VUNG_3,1470.38,7858.31,10103.17,14,183.12,9,91.7,89.8,87.2,100.0,86.3,100.0,89.86,3.27,C - Cần nỗ lực
202401,EMP_1238,DVKD_020,VUNG_3,1874.41,10284.38,15240.81,15,339.79,8,106.3,117.2,117.9,115.4,102.4,114.3,112.32,9.6,B - Đạt
202401,EMP_1239,DVKD_020,VUNG_3,2979.64,19885.51,26712.85,29,726.5,12,151.4,155.5,152.8,145.0,165.6,120.0,154.0,27.97,A - Xuất sắc
202401,EMP_1240,DVKD_020,VUNG_3,1250.97,5969.68,10627.34,11,220.85,7,54.5,56.1,55.5,47.8,70.2,50.0,56.77,0.0,D - Không đạt
202401,EMP_1241,DVKD_020,VUNG_3,790.99,5574.17,8757.88,7,140.85,4,96.8,97.7,97.3,87.5,83.5,100.0,94.19,3.11,B - Đạt
202401,EMP_1242,DVKD_020,VUNG_3,1045.22,5654.81,8744.44,12,158.66,4,48.9,45.5,42.9,52.2,52.3,36.4,47.13,0.0,D - Không đạt
202401,EMP_1243,DVKD_020,VUNG_3,2188.05,13496.11,17787.88,28,241.55,11,150.0,152.6,159.7,164.7,136.4,137.5,153.22,34.32,A - Xuất sắc
202401,EMP_1244,DVKD_020,VUNG_3,1688.91,9379.64,16661.46,15,319.72,7,113.2,116.7,112.4,100.0,118.1,100.0,112.86,9.89,B - Đạt
202401,EMP_1245,DVKD_020,VUNG_3,1537.7,9574.02,10308.3,15,149.61,8,98.4,96.1,92.4,93.8,84.3,114.3,93.38,4.09,B - Đạt
202401,EMP_1246,DVKD_020,VUNG_3,1142.02,6409.58,7974.63,8,216.34,7,107.8,108.6,104.6,100.0,120.3,116.7,107.89,15.31,B - Đạt
202401,EMP_1247,DVKD_020,VUNG_3,1425.05,7748.53,12451.73,13,153.1,6,92.5,95.8,89.7,86.7,75.9,85.7,88.95,5.35,C - Cần nỗ lực
202401,EMP_1248,DVKD_021,VUNG_3,1009.27,7297.06,10690.88,10,177.2,6,121.4,124.8,115.1,125.0,127.2,120.0,120.93,12.23,A - Xuất sắc
202401,EMP_1249,DVKD_021,VUNG_3,1070.11,5480.46,8583.43,8,174.91,5,105.3,102.9,103.0,100.0,115.9,83.3,105.2,14.39,B - Đạt
202401,EMP_1250,DVKD_021,VUNG_3,928.97,4791.66,10125.51,8,164.15,5,106.2,105.3,110.7,100.0,97.0,125.0,105.64,14.79,B - Đạt
202401,EMP_1251,DVKD_021,VUNG_3,1817.33,9566.52,13832.19,13,195.07,6,110.2,107.4,118.8,108.3,98.0,100.0,110.77,8.52,B - Đạt
202401,EMP_1252,DVKD_021,VUNG_3,2455.36,11595.04,18739.55,24,276.2,12,111.5,104.7,100.8,100.0,89.5,109.1,102.28,13.35,B - Đạt
202401,EMP_1253,DVKD_021,VUNG_3,1607.91,8322.68,13283.03,14,331.31,6,95.3,86.7,92.8,107.7,99.6,75.0,95.02,2.86,B - Đạt
202401,EMP_1254,DVKD_021,VUNG_3,897.2,4687.47,7234.63,11,170.14,5,96.9,92.2,100.0,100.0,99.6,100.0,98.0,2.53,B - Đạt
202401,EMP_1255,DVKD_021,VUNG_3,909.7,4142.68,7990.83,8,100.59,5,57.6,59.4,53.5,61.5,49.7,55.6,55.64,0.0,D - Không đạt
202401,EMP_1256,DVKD_021,VUNG_3,1545.89,7743.36,10505.29,13,150.16,9,88.2,86.4,92.5,81.2,85.6,90.0,88.34,5.55,C - Cần nỗ lực
202401,EMP_1257,DVKD_021,VUNG_3,2169.44,10183.21,19657.44,24,388.89,17,160.0,146.6,156.7,133.3,188.5,170.0,158.44,24.08,A - Xuất sắc
202401,EMP_1258,DVKD_021,VUNG_3,1276.84,9068.71,11845.93,15,243.91,6,93.5,96.8,83.3,93.8,113.8,85.7,93.5,4.4,B - Đạt
202401,EMP_1259,DVKD_021,VUNG_3,1726.65,8131.55,13462.52,13,212.67,9,98.0,103.9,91.2,86.7,108.6,100.0,96.96,5.34,B - Đạt
202401,EMP_1260,DVKD_022,VUNG_3,921.55,5149.64,9426.96,8,199.49,6,111.8,114.2,118.3,114.3,135.6,100.0,118.25,14.85,B - Đạt
202401,EMP_1261,DVKD_022,VUNG_3,506.8,2560.53,3120.44,3,82.91,2,48.6,46.0,42.3,37.5,54.2,40.0,45.73,0.0,D - Không đạt
202401,EMP_1262,DVKD_022,VUNG_3,593.9,3421.08,5381.39,6,74.82,3,66.8,61.2,62.5,75.0,52.1,50.0,63.07,0.0,D - Không đạt
202401,EMP_1263,DVKD_022,VUNG_3,2224.16,12263.37,17402.18,21,439.69,7,88.3,94.4,86.8,100.0,99.9,70.0,91.6,2.2,B - Đạt
202401,EMP_1264,DVKD_022,VUNG_3,833.17,3243.6,6115.19,8,134.41,3,47.1,47.2,45.6,50.0,45.4,50.0,46.62,0.0,D - Không đạt
202401,EMP_1265,DVKD_022,VUNG_3,715.61,4529.44,6158.83,8,108.13,4,47.7,49.1,48.9,50.0,47.3,57.1,48.5,0.0,D - Không đạt
202401,EMP_1266,DVKD_022,VUNG_3,1719.42,8450.21,16852.84,18,169.44,7,95.9,103.8,109.3,100.0,84.8,87.5,100.52,12.16,B - Đạt
202401,EMP_1267,DVKD_022,VUNG_3,798.57,4022.21,8041.47,9,188.04,5,97.2,88.9,90.2,100.0,94.5,100.0,93.38,4.86,B - Đạt
202401,EMP_1268,DVKD_022,VUNG_3,1983.64,9574.23,15820.36,19,287.83,8,117.6,110.6,119.6,118.8,118.0,88.9,117.43,16.72,B - Đạt
202401,EMP_1269,DVKD_022,VUNG_3,1376.3,9780.74,12479.42,15,397.43,10,99.9,109.7,109.2,107.1,122.7,100.0,108.77,16.21,B - Đạt
202401,EMP_1270,DVKD_022,VUNG_3,1333.7,7557.28,11422.49,11,192.48,7,145.6,133.1,154.0,122.2,148.6,116.7,144.78,29.83,A - Xuất sắc
202401,EMP_1271,DVKD_022,VUNG_3,1431.33,9352.25,11595.87,12,292.41,8,101.4,100.9,102.4,92.3,115.3,100.0,102.85,12.1,B - Đạt
202401,EMP_1272,DVKD_022,VUNG_3,1259.84,7335.0,14490.56,12,273.63,9,89.7,92.3,100.0,80.0,106.8,90.0,95.29,4.49,B - Đạt
202401,EMP_1273,DVKD_022,VUNG_3,2085.55,12629.39,18522.77,20,333.73,11,107.1,96.1,107.9,87.0,85.0,110.0,100.4,8.33,B - Đạt
202401,EMP_1274,DVKD_023,VUNG_3,995.46,4514.28,9285.76,9,143.84,5,95.6,103.4,108.9,81.8,98.1,125.0,100.42,8.36,B - Đạt
202401,EMP_1275,DVKD_023,VUNG_3,898.13,5819.21,7638.29,10,214.03,6,100.8,102.9,109.4,90.9,109.9,120.0,104.5,10.97,B - Đạt
202401,EMP_1276,DVKD_023,VUNG_3,920.78,4079.98,5940.73,9,110.51,4,96.1,95.7,87.7,90.0,93.9,100.0,92.16,4.4,B - Đạt
202401,EMP_1277,DVKD_023,VUNG_3,1005.09,4407.17,6871.7,8,197.33,6,59.1,58.7,58.5,57.1,66.9,60.0,59.8,0.0,D - Không đạt
202401,EMP_1278,DVKD_023,VUNG_3,1311.75,8700.46,14306.51,13,340.5,7,94.5,100.3,94.1,108.3,97.4,100.0,97.04,5.91,B - Đạt
202401,EMP_1279,DVKD_023,VUNG_3,2584.65,14113.17,15471.77,22,532.03,9,112.5,107.4,98.3,91.7,120.0,90.0,105.81,13.28,B - Đạt
202401,EMP_1280,DVKD_023,VUNG_3,1768.03,6309.65,14658.63,16,296.47,8,99.7,90.6,96.2,106.7,98.2,100.0,97.59,2.78,B - Đạt
202401,EMP_1281,DVKD_023,VUNG_3,1590.07,8579.26,12841.23,16,200.77,10,104.5,105.1,102.7,94.1,90.0,125.0,100.74,11.15,B - Đạt
202401,EMP_1282,DVKD_023,VUNG_3,651.39,3917.74,5942.71,8,145.43,5,46.0,44.7,43.2,50.0,55.4,50.0,46.63,0.0,D - Không đạt
202401,EMP_1283,DVKD_023,VUNG_3,2246.78,10029.3,17776.79,22,541.39,17,143.5,141.6,140.7,146.7,188.3,170.0,149.27,25.97,A - Xuất sắc
202401,EMP_1284,DVKD_023,VUNG_3,2006.83,12071.68,18914.37,17,279.53,13,98.0,86.4,100.8,100.0,82.5,100.0,95.11,2.63,B - Đạt
202401,EMP_1285,DVKD_023,VUNG_3,2518.13,14001.7,19842.72,22,441.31,11,114.9,107.5,113.8,100.0,136.3,110.0,115.12,11.58,B - Đạt
202401,EMP_1286,DVKD_023,VUNG_3,714.67,4074.82,5793.15,8,139.11,5,52.5,46.8,53.0,47.1,62.1,50.0,52.72,0.0,D - Không đạt
202401,EMP_1287,DVKD_024,VUNG_3,472.23,2514.07,4724.12,4,65.22,2,50.4,52.7,57.9,50.0,53.6,50.0,53.81,0.0,D - Không đạt
202401,EMP_1288,DVKD_024,VUNG_3,1184.38,7227.23,11529.62,15,199.48,7,135.3,141.6,131.6,150.0,107.7,116.7,132.28,28.55,A - Xuất sắc
202401,EMP_1289,DVKD_024,VUNG_3,1066.76,7031.05,8294.89,13,207.79,5,110.5,117.8,109.2,118.2,99.4,125.0,110.25,10.14,B - Đạt
202401,EMP_1290,DVKD_024,VUNG_3,2214.77,10835.88,22308.79,18,463.02,11,152.1,138.6,155.5,128.6,166.2,122.2,151.03,31.84,A - Xuất sắc
202401,EMP_1291,DVKD_024,VUNG_3,1491.9,8360.23,11823.06,17,363.04,9,98.9,97.0,103.0,94.4,112.9,90.0,101.7,9.41,B - Đạt
202401,EMP_1292,DVKD_024,VUNG_3,541.64,2687.81,3254.59,3,60.32,3,50.5,52.5,46.6,42.9,54.4,60.0,49.26,0.0,D - Không đạt
202401,EMP_1293,DVKD_024,VUNG_3,1816.39,11722.88,15613.33,22,366.56,13,95.5,100.5,90.0,100.0,82.8,118.2,92.87,4.08,B - Đạt
202401,EMP_1294,DVKD_024,VUNG_3,830.38,5367.75,9468.15,7,126.56,6,58.1,57.3,63.3,58.3,63.0,66.7,60.55,0.0,D - Không đạt
202401,EMP_1295,DVKD_024,VUNG_3,1919.53,10379.53,17010.54,17,220.69,12,97.0,103.6,91.2,85.0,84.0,92.3,92.81,5.97,B - Đạt
202401,EMP_1296,DVKD_024,VUNG_3,1612.42,8305.58,13260.92,14,327.59,9,97.8,95.7,106.8,100.0,94.7,100.0,100.39,12.78,B - Đạt
202401,EMP_1297,DVKD_024,VUNG_3,798.3,4967.23,6848.68,8,170.75,6,51.6,56.2,52.1,57.1,57.2,66.7,53.85,0.0,D - Không đạt
202401,EMP_1298,DVKD_024,VUNG_3,1847.13,9737.28,12528.86,16,286.3,8,105.5,111.1,100.1,100.0,90.2,100.0,101.6,10.82,B - Đạt
202402,EMP_1001,DVKD_001,VUNG_1,1321.53,6452.48,8633.9,8,280.55,8,131.1,138.9,123.5,114.3,157.0,160.0,131.81,32.83,A - Xuất sắc
202402,EMP_1002,DVKD_001,VUNG_1,1132.04,6408.12,9179.78,9,167.55,6,108.9,115.3,113.1,112.5,121.1,100.0,113.52,15.52,B - Đạt
202402,EMP_1003,DVKD_001,VUNG_1,1448.59,8549.68,10946.12,13,231.91,6,148.6,161.1,161.5,144.4,165.9,150.0,157.16,28.62,A - Xuất sắc
202402,EMP_1004,DVKD_001,VUNG_1,1542.71,8920.36,14518.22,17,314.17,9,102.4,114.0,104.8,94.4,98.6,100.0,103.61,10.88,B - Đạt
202402,EMP_1005,DVKD_001,VUNG_1,1192.51,5485.71,7224.65,8,250.4,6,71.1,69.7,66.6,61.5,84.5,75.0,70.36,0.0,C - Cần nỗ lực
202402,EMP_1006,DVKD_001,VUNG_1,1605.27,9245.31,10010.25,16,208.1,7,67.3,72.5,64.8,80.0,59.8,70.0,67.35,0.0,D - Không đạt
202402,EMP_1007,DVKD_001,VUNG_1,2189.14,14043.89,18020.23,17,540.32,15,142.5,146.0,144.3,121.4,168.8,150.0,145.49,34.45,A - Xuất sắc
202402,EMP_1008,DVKD_001,VUNG_1,1658.3,8941.37,12287.29,17,343.96,8,103.0,96.9,103.4,113.3,109.2,114.3,104.18,15.94,B - Đạt
202402,EMP_1009,DVKD_001,VUNG_1,2136.99,11964.17,19257.22,21,584.86,11,112.3,111.9,121.7,105.0,126.4,110.0,116.91,8.16,B - Đạt
202402,EMP_1010,DVKD_001,VUNG_1,1535.4,9931.74,18209.01,17,392.26,11,111.0,101.2,117.5,121.4,112.9,110.0,113.13,10.41,B - Đạt
202402,EMP_1011,DVKD_001,VUNG_1,2263.17,10465.92,16592.48,23,280.3,10,135.8,127.9,119.0,143.8,111.7,142.9,125.92,8.43,A - Xuất sắc
202402,EMP_1012,DVKD_001,VUNG_1,1655.69,12093.2,14555.84,19,380.75,11,110.5,121.9,114.0,126.7,113.0,122.2,115.43,13.31,B - Đạt
202402,EMP_1013,DVKD_001,VUNG_1,1929.37,9539.91,11798.47,17,326.28,9,117.1,123.1,104.8,121.4,120.3,112.5,114.61,16.01,B - Đạt
202402,EMP_1014,DVKD_001,VUNG_1,951.33,4803.38,8063.42,13,221.78,6,49.4,50.4,51.3,54.2,55.7,50.0,51.64,0.0,D - Không đạt
202402,EMP_1015,DVKD_002,VUNG_1,1063.23,5778.34,10045.68,14,170.71,6,127.2,129.1,120.8,127.3,110.3,150.0,122.72,8.46,A - Xuất sắc
202402,EMP_1016,DVKD_002,VUNG_1,973.99,4791.62,9209.56,8,182.32,4,95.3,96.1,101.7,100.0,105.8,80.0,99.71,2.3,B - Đạt
202402,EMP_1017,DVKD_002,VUNG_1,1102.47,5321.28,7968.09,9,166.57,5,121.1,110.6,113.5,128.6,110.2,125.0,115.98,11.76,B - Đạt
202402,EMP_1018,DVKD_002,VUNG_1,1092.44,4916.17,6897.7,10,138.07,6,105.4,95.2,99.7,100.0,119.9,120.0,103.51,13.69,B - Đạt
202402,EMP_1019,DVKD_002,VUNG_1,1652.35,7583.5,12588.59,11,182.24,8,96.4,93.3,87.2,84.6,98.2,100.0,91.81,3.58,B - Đạt
202402,EMP_1020,DVKD_002,VUNG_1,925.23,5886.09,7758.12,12,198.85,5,97.3,99.2,91.7,109.1,120.4,125.0,100.27,9.71,B - Đạt
202402,EMP_1021,DVKD_002,VUNG_1,1080.92,5241.29,11525.19,10,232.58,7,72.8,65.0,77.4,83.3,84.6,87.5,76.06,0.0,C - Cần nỗ lực
202402,EMP_1022,DVKD_002,VUNG_1,1586.69,10736.29,11444.66,20,282.64,10,98.7,108.0,99.5,111.1,111.5,100.0,103.53,15.33,B - Đạt
202402,EMP_1023,DVKD_002,VUNG_1,791.9,4291.07,6171.32,7,119.3,6,55.6,57.4,52.6,58.3,63.2,66.7,56.23,0.0,D - Không đạt
202402,EMP_1024,DVKD_002,VUNG_1,849.51,4957.73,6167.82,8,153.02,5,98.3,87.6,89.3,88.9,110.4,83.3,94.42,2.56,B - Đạt
202402,EMP_1025,DVKD_002,VUNG_1,2408.33,10172.43,19256.05,22,373.99,13,100.4,102.6,102.1,104.8,82.2,108.3,99.03,3.49,B - Đạt
202402,EMP_1026,DVKD_003,VUNG_1,997.61,3867.93,8374.66,9,172.92,3,94.3,94.3,98.6,100.0,92.4,75.0,96.09,2.96,B - Đạt
202402,EMP_1027,DVKD_003,VUNG_1,742.37,4544.36,7959.2,9,93.05,4,87.3,87.9,97.6,81.8,80.5,100.0,89.43,4.81,C - Cần nỗ lực
202402,EMP_1028,DVKD_003,VUNG_1,794.84,4274.64,6984.36,8,186.08,3,77.9,76.5,77.8,80.0,94.4,75.0,80.34,5.85,C - Cần nỗ lực
202402,EMP_1029,DVKD_003,VUNG_1,1620.61,8846.84,12266.77,13,210.01,10,70.4,73.2,67.0,72.2,61.1,83.3,68.42,0.0,D - Không đạt
202402,EMP_1030,DVKD_003,VUNG_1,1686.4,8899.67,12148.96,17,348.54,7,101.8,110.1,95.7,100.0,117.8,100.0,103.13,12.09,B - Đạt
202402,EMP_1031,DVKD_003,VUNG_1,1620.93,8761.37,14248.49,14,303.14,7,103.6,114.4,113.2,100.0,96.6,87.5,107.17,14.69,B - Đạt
202402,EMP_1032,DVKD_003,VUNG_1,2284.84,13012.65,17996.59,24,276.16,10,132.1,136.3,127.8,133.3,128.5,125.0,130.81,27.74,A - Xuất sắc
202402,EMP_1033,DVKD_003,VUNG_1,1403.98,8185.42,9649.39,14,250.61,6,138.9,147.1,130.3,140.0,148.7,150.0,138.7,30.11,A - Xuất sắc
202402,EMP_1034,DVKD_003,VUNG_1,1301.45,7863.53,10604.93,12,264.43,8,140.1,134.8,138.6,133.3,166.1,160.0,142.0,20.95,A - Xuất sắc
202402,EMP_1035,DVKD_003,VUNG_1,1022.96,6875.31,8189.31,13,173.77,7,124.0,122.8,122.8,130.0,117.9,116.7,123.08,15.8,A - Xuất sắc
202402,EMP_1036,DVKD_004,VUNG_1,876.58,4717.61,6309.32,10,103.72,3,92.1,91.2,90.4,100.0,82.3,75.0,90.69,5.54,B - Đạt
202402,EMP_1037,DVKD_004,VUNG_1,794.25,4155.14,7323.52,8,118.25,6,97.0,99.5,97.4,100.0,82.3,120.0,95.61,4.63,B - Đạt
202402,EMP_1038,DVKD_004,VUNG_1,992.26,6117.69,10230.78,9,173.61,5,108.2,104.5,121.2,112.5,111.1,100.0,113.06,14.4,B - Đạt
202402,EMP_1039,DVKD_004,VUNG_1,2378.18,11112.43,17493.27,18,426.95,8,133.4,133.6,130.1,128.6,132.8,114.3,131.7,31.79,A - Xuất sắc
202402,EMP_1040,DVKD_004,VUNG_1,2627.71,10564.01,17701.09,19,582.68,17,152.4,149.0,161.9,158.3,179.6,170.0,159.89,22.19,A - Xuất sắc
202402,EMP_1041,DVKD_004,VUNG_1,931.28,5126.56,7104.1,8,211.62,6,107.3,113.8,99.7,100.0,122.0,120.0,107.09,10.2,B - Đạt
202402,EMP_1042,DVKD_004,VUNG_1,2424.11,14487.62,18345.32,25,345.97,9,99.6,104.6,93.1,119.0,124.7,90.0,103.78,8.73,B - Đạt
202402,EMP_1043,DVKD_004,VUNG_1,1838.67,8081.27,13926.56,20,317.69,9,107.5,107.5,101.5,111.1,106.0,100.0,105.54,13.98,B - Đạt
202402,EMP_1044,DVKD_004,VUNG_1,2370.9,16150.39,22428.03,23,413.37,15,160.9,167.1,150.6,153.3,193.9,187.5,162.42,32.79,A - Xuất sắc
202402,EMP_1045,DVKD_004,VUNG_1,1749.27,9186.79,15446.29,11,465.08,9,110.4,104.4,113.5,91.7,132.9,90.0,112.09,13.04,B - Đạt
202402,EMP_1046,DVKD_004,VUNG_1,1673.56,7752.52,12979.19,11,253.04,7,96.9,90.2,95.1,78.6,85.8,87.5,91.77,3.95,B - Đạt
202402,EMP_1047,DVKD_004,VUNG_1,1438.73,8099.28,12419.55,15,274.65,11,95.8,105.4,100.5,107.1,94.8,110.0,99.87,4.25,B - Đạt
202402,EMP_1048,DVKD_005,VUNG_1,995.43,4202.25,8040.88,8,97.72,7,101.0,94.6,100.9,100.0,88.1,116.7,97.97,2.54,B - Đạt
202402,EMP_1049,DVKD_005,VUNG_1,1472.31,7555.77,10120.0,11,164.47,7,143.1,155.6,136.7,137.5,152.8,140.0,143.63,25.08,A - Xuất sắc
202402,EMP_1050,DVKD_005,VUNG_1,1085.71,7396.09,9899.21,11,251.81,8,122.0,127.1,129.5,110.0,151.5,133.3,128.61,14.85,A - Xuất sắc
202402,EMP_1051,DVKD_005,VUNG_1,2278.26,11261.97,20332.85,25,435.43,10,94.8,101.9,102.1,108.7,108.5,83.3,101.86,14.42,B - Đạt
202402,EMP_1052,DVKD_005,VUNG_1,1763.2,8247.38,11396.57,13,287.93,9,99.4,103.8,93.1,100.0,99.3,100.0,97.9,4.56,B - Đạt
202402,EMP_1053,DVKD_005,VUNG_1,1028.59,5616.63,9577.68,12,202.41,8,69.4,67.6,66.7,75.0,74.2,80.0,69.47,0.0,D - Không đạt
202402,EMP_1054,DVKD_005,VUNG_1,2270.11,11061.94,15703.92,16,295.76,10,127.8,114.3,112.6,123.1,138.2,100.0,121.54,13.87,A - Xuất sắc
202402,EMP_1055,DVKD_005,VUNG_1,843.98,4932.92,6365.52,8,132.52,4,54.8,51.2,50.6,50.0,51.7,57.1,51.85,0.0,D - Không đạt
202402,EMP_1056,DVKD_005,VUNG_1,1875.77,12800.99,20239.02,21,423.73,9,97.5,103.6,106.4,95.5,117.5,90.0,104.33,15.69,B - Đạt
202402,EMP_1057,DVKD_005,VUNG_1,1257.3,8132.73,12854.39,13,257.82,5,89.6,90.6,96.3,92.9,78.7,71.4,90.79,5.65,B - Đạt
202402,EMP_1058,DVKD_005,VUNG_1,1701.06,7816.56,13161.05,17,272.51,7,157.8,165.0,141.2,170.0,130.6,175.0,150.21,27.8,A - Xuất sắc
202402,EMP_1059,DVKD_006,VUNG_1,1682.38,6686.53,10746.29,12,366.56,9,161.3,151.1,160.1,150.0,175.7,180.0,160.38,22.64,A - Xuất sắc
202402,EMP_1060,DVKD_006,VUNG_1,1322.66,7110.26,10064.3,17,236.82,5,160.2,143.7,142.1,170.0,143.1,125.0,149.8,24.63,A - Xuất sắc
202402,EMP_1061,DVKD_006,VUNG_1,1154.52,6357.8,7103.87,9,146.55,6,113.0,114.0,103.7,100.0,97.6,120.0,106.28,15.63,B - Đạt
202402,EMP_1062,DVKD_006,VUNG_1,2441.05,9953.06,19855.37,26,497.76,13,111.4,104.3,106.1,113.0,104.2,92.9,107.56,14.56,B - Đạt
202402,EMP_1063,DVKD_006,VUNG_1,1672.58,8141.5,11224.58,12,281.83,7,98.9,95.8,103.1,100.0,92.9,100.0,99.11,5.25,B - Đạt
202402,EMP_1064,DVKD_006,VUNG_1,1699.09,7723.33,11755.61,12,240.74,6,97.4,99.0,104.1,80.0,105.3,85.7,99.43,4.44,B - Đạt
202402,EMP_1065,DVKD_006,VUNG_1,1453.27,10547.64,12845.72,17,272.25,10,106.0,107.2,98.9,113.3,102.1,125.0,103.84,16.25,B - Đạt
202402,EMP_1066,DVKD_006,VUNG_1,1037.6,4693.21,10512.52,10,162.7,4,104.2,108.2,112.4,111.1,88.5,100.0,106.01,11.03,B - Đạt
202402,EMP_1067,DVKD_006,VUNG_1,1074.8,5088.85,6207.63,7,226.52,3,61.1,54.1,57.0,53.8,65.2,42.9,58.5,0.0,D - Không đạt
202402,EMP_1068,DVKD_006,VUNG_1,740.23,4598.31,6403.64,9,202.04,5,54.4,54.6,56.2,56.2,64.4,62.5,56.74,0.0,D - Không đạt
202402,EMP_1069,DVKD_006,VUNG_1,1792.29,10308.06,14553.07,15,219.28,7,109.4,111.2,105.5,93.8,119.6,100.0,108.28,15.77,B - Đạt
202402,EMP_1070,DVKD_006,VUNG_1,1962.48,7730.97,13005.75,18,199.86,8,113.7,111.2,114.5,120.0,101.6,114.3,112.42,16.38,B - Đạt
202402,EMP_1071,DVKD_006,VUNG_1,2365.69,11489.02,19950.78,19,356.89,10,101.4,110.0,101.1,111.8,102.5,100.0,103.79,14.27,B - Đạt
202402,EMP_1072,DVKD_006,VUNG_1,921.41,5241.14,7406.57,8,168.89,5,96.9,99.3,87.2,88.9,84.7,100.0,91.23,4.42,B - Đạt
202402,EMP_1073,DVKD_007,VUNG_1,977.03,4658.58,9199.76,11,215.44,5,100.0,100.8,105.3,122.2,127.5,83.3,108.32,13.91,B - Đạt
202402,EMP_1074,DVKD_007,VUNG_1,989.91,5229.97,7726.95,8,120.91,5,95.7,87.9,102.9,88.9,99.2,100.0,96.89,3.05,B - Đạt
202402,EMP_1075,DVKD_007,VUNG_1,1285.66,6668.32,9708.48,9,133.59,4,121.8,123.5,123.4,112.5,125.6,100.0,122.25,9.22,A - Xuất sắc
202402,EMP_1076,DVKD_007,VUNG_1,1718.88,11209.41,17047.24,20,417.32,9,87.7,92.7,92.4,80.0,95.7,100.0,90.53,5.01,B - Đạt
202402,EMP_1077,DVKD_007,VUNG_1,1848.36,10006.74,15020.13,14,407.75,7,110.3,103.2,108.1,93.3,117.8,100.0,107.89,9.17,B - Đạt
202402,EMP_1078,DVKD_007,VUNG_1,1437.8,10259.16,16679.57,16,282.69,8,104.8,109.1,111.2,94.1,118.8,88.9,108.72,9.33,B - Đạt
202402,EMP_1079,DVKD_007,VUNG_1,1002.97,4410.39,9073.69,12,118.77,4,108.4,102.5,101.6,120.0,112.0,100.0,106.83,13.51,B - Đạt
202402,EMP_1080,DVKD_007,VUNG_1,2371.35,12269.85,22940.66,26,336.76,12,144.5,156.3,152.0,144.4,151.7,133.3,149.96,26.95,A - Xuất sắc
202402,EMP_1081,DVKD_007,VUNG_1,959.68,4930.51,7140.75,8,182.87,8,105.4,104.1,104.9,88.9,119.6,133.3,105.51,10.21,B - Đạt
202402,EMP_1082,DVKD_007,VUNG_1,2526.2,13277.09,19681.02,29,334.72,9,108.7,113.8,109.6,120.8,117.1,90.0,112.25,12.86,B - Đạt
202402,EMP_1083,DVKD_008,VUNG_1,1121.07,6896.09,10104.44,9,206.36,5,111.4,115.6,113.4,112.5,102.8,100.0,111.55,8.11,B - Đạt
202402,EMP_1084,DVKD_008,VUNG_1,881.74,4576.88,8077.98,10,156.77,5,91.5,93.0,98.0,100.0,92.7,83.3,95.03,5.86,B - Đạt
202402,EMP_1085,DVKD_008,VUNG_1,1054.21,5416.03,9587.78,10,191.66,6,100.6,98.9,106.0,111.1,122.7,100.0,106.6,15.47,B - Đạt
202402,EMP_1086,DVKD_008,VUNG_1,1525.17,6444.2,12632.31,11,313.79,7,98.5,92.0,90.6,91.7,96.0,87.5,93.7,4.3,B - Đạt
202402,EMP_1087,DVKD_008,VUNG_1,866.73,4996.18,5691.08,10,206.03,4,51.4,54.8,47.9,55.6,62.9,50.0,52.83,0.0,D - Không đạt
202402,EMP_1088,DVKD_008,VUNG_1,1033.68,5036.34,7136.26,9,148.58,6,62.3,57.4,55.4,56.2,57.3,66.7,57.79,0.0,D - Không đạt
202402,EMP_1089,DVKD_008,VUNG_1,975.5,3833.0,9160.02,8,149.08,4,99.2,87.8,103.4,80.0,88.0,100.0,95.36,4.53,B - Đạt
202402,EMP_1090,DVKD_008,VUNG_1,1606.93,7857.67,12816.82,14,185.21,9,90.8,93.3,98.2,93.3,90.8,100.0,94.02,3.08,B - Đạt
202402,EMP_1091,DVKD_008,VUNG_1,888.42,5160.07,7228.97,9,188.56,6,59.5,65.7,59.6,60.0,69.5,75.0,62.02,0.0,D - Không đạt
202402,EMP_1092,DVKD_008,VUNG_1,1719.91,7656.88,13456.62,17,193.76,8,100.1,108.6,104.1,113.3,101.8,100.0,104.35,13.53,B - Đạt
202402,EMP_1093,DVKD_008,VUNG_1,2140.89,14921.06,20602.05,18,388.77,11,102.5,107.2,102.4,105.9,113.1,122.2,105.1,15.85,B - Đạt
202402,EMP_1094,DVKD_008,VUNG_1,933.77,5456.36,7878.83,10,200.27,6,97.4,96.3,89.9,90.9,116.5,100.0,96.82,5.73,B - Đạt
202402,EMP_1095,DVKD_008,VUNG_1,3189.91,16618.14,24183.32,25,623.41,18,142.1,133.5,133.0,125.0,139.4,128.6,135.51,25.46,A - Xuất sắc
202402,EMP_1096,DVKD_009,VUNG_2,1305.35,5942.5,10798.93,11,264.26,7,125.8,126.0,124.3,122.2,146.6,140.0,128.06,16.26,A - Xuất sắc
202402,EMP_1097,DVKD_009,VUNG_2,1331.36,6074.88,11491.27,10,240.67,7,142.8,142.4,137.2,142.9,169.1,140.0,144.73,34.55,A - Xuất sắc
202402,EMP_1098,DVKD_009,VUNG_2,1320.46,6688.31,8726.01,9,270.47,6,128.7,130.3,115.5,112.5,135.8,120.0,123.77,11.16,A - Xuất sắc
202402,EMP_1099,DVKD_009,VUNG_2,3055.59,16237.88,20929.55,26,314.3,11,126.9,126.4,117.1,136.8,107.3,110.0,121.44,10.73,A - Xuất sắc
202402,EMP_1100,DVKD_009,VUNG_2,2448.64,10603.62,19998.98,20,282.47,11,141.3,141.6,135.5,153.8,120.6,122.2,137.46,33.94,A - Xuất sắc
202402,EMP_1101,DVKD_009,VUNG_2,992.88,6065.36,9308.44,10,207.37,6,72.4,68.7,66.4,76.9,62.6,75.0,68.73,0.0,D - Không đạt
202402,EMP_1102,DVKD_009,VUNG_2,2376.86,12477.23,22501.76,15,419.22,14,105.1,105.9,104.2,88.2,98.6,116.7,102.24,12.53,B - Đạt
202402,EMP_1103,DVKD_009,VUNG_2,1395.83,7279.87,13874.81,15,330.36,9,90.4,83.9,91.1,88.2,98.8,100.0,90.71,4.02,B - Đạt
202402,EMP_1104,DVKD_009,VUNG_2,725.96,4670.26,5280.47,9,138.83,3,50.8,49.6,46.7,56.2,49.4,37.5,49.52,0.0,D - Không đạt
202402,EMP_1105,DVKD_009,VUNG_2,1057.12,5131.52,8609.25,11,154.81,5,60.5,63.0,62.7,68.8,70.9,62.5,64.03,0.0,D - Không đạt
202402,EMP_1106,DVKD_009,VUNG_2,1669.63,8190.61,14966.0,13,238.73,12,111.0,105.8,102.1,100.0,85.1,120.0,102.12,8.5,B - Đạt
202402,EMP_1107,DVKD_009,VUNG_2,1488.71,8411.3,13347.8,14,252.7,9,94.2,88.6,99.4,100.0,83.1,100.0,94.09,5.89,B - Đạt
202402,EMP_1108,DVKD_009,VUNG_2,1361.85,6882.56,15254.01,17,371.71,8,67.2,65.8,76.6,73.9,79.0,80.0,72.72,0.0,C - Cần nỗ lực
202402,EMP_1109,DVKD_009,VUNG_2,2229.66,12588.21,14984.15,19,365.14,11,133.5,126.9,128.6,126.7,127.5,122.2,129.21,8.71,A - Xuất sắc
202402,EMP_1110,DVKD_010,VUNG_2,986.05,5188.27,7789.21,11,209.0,6,97.1,100.6,95.5,100.0,116.4,120.0,100.25,15.1,B - Đạt
202402,EMP_1111,DVKD_010,VUNG_2,1569.23,7254.35,14735.34,15,191.03,6,149.3,142.1,163.6,166.7,179.6,150.0,159.51,18.58,A - Xuất sắc
202402,EMP_1112,DVKD_010,VUNG_2,881.05,4129.59,6495.16,7,199.43,5,96.5,98.7,97.8,87.5,106.4,83.3,97.87,2.78,B - Đạt
202402,EMP_1113,DVKD_010,VUNG_2,2424.11,10547.71,15346.4,25,298.64,14,104.5,103.7,98.8,108.7,101.2,116.7,102.31,14.67,B - Đạt
202402,EMP_1114,DVKD_010,VUNG_2,879.72,4924.86,7634.22,9,136.23,4,58.2,59.7,55.5,56.2,49.8,57.1,56.02,0.0,D - Không đạt
202402,EMP_1115,DVKD_010,VUNG_2,1592.51,7834.49,13518.73,18,252.95,10,97.0,97.4,102.0,105.9,85.2,111.1,97.93,4.08,B - Đạt
202402,EMP_1116,DVKD_010,VUNG_2,1994.93,11347.82,16709.13,22,509.45,14,103.9,101.1,93.2,95.7,123.4,100.0,101.84,10.79,B - Đạt
202402,EMP_1117,DVKD_010,VUNG_2,729.25,5297.39,6319.59,8,144.71,5,88.4,96.2,89.5,80.0,74.1,100.0,86.97,3.49,C - Cần nỗ lực
202402,EMP_1118,DVKD_010,VUNG_2,1402.84,9330.51,13233.85,15,316.59,10,96.6,105.7,93.2,107.1,113.9,111.1,100.42,16.36,B - Đạt
202402,EMP_1119,DVKD_010,VUNG_2,1333.42,8323.65,11195.21,12,314.08,6,92.7,91.3,95.5,80.0,90.5,85.7,91.87,5.98,B - Đạt
202402,EMP_1120,DVKD_011,VUNG_2,1073.97,5561.35,6997.83,6,110.8,3,100.4,101.3,102.6,85.7,82.5,75.0,97.15,5.77,B - Đạt
202402,EMP_1121,DVKD_011,VUNG_2,899.96,6437.76,6381.56,11,201.14,4,105.4,112.9,98.2,122.2,98.9,100.0,104.71,14.2,B - Đạt
202402,EMP_1122,DVKD_011,VUNG_2,1098.62,5353.11,8140.49,10,239.86,6,103.6,102.4,93.5,111.1,123.9,120.0,103.68,12.76,B - Đạt
202402,EMP_1123,DVKD_011,VUNG_2,2281.15,11914.74,15755.14,22,292.99,11,133.8,139.2,141.3,137.5,109.8,110.0,134.0,22.9,A - Xuất sắc
202402,EMP_1124,DVKD_011,VUNG_2,3225.66,18392.45,24402.21,36,596.39,17,145.4,141.0,150.7,171.4,173.4,154.5,153.39,19.99,A - Xuất sắc
202402,EMP_1125,DVKD_011,VUNG_2,1716.58,9500.48,13467.01,13,378.46,10,98.2,106.5,108.7,92.9,110.9,111.1,104.5,16.72,B - Đạt
202402,EMP_1126,DVKD_011,VUNG_2,3039.94,16929.89,30400.61,31,326.36,18,138.9,140.7,150.7,140.9,119.5,163.6,140.59,23.3,A - Xuất sắc
202402,EMP_1127,DVKD_011,VUNG_2,1314.78,7983.52,12523.08,11,159.02,10,90.2,90.2,82.3,84.6,87.4,100.0,86.45,4.49,C - Cần nỗ lực
202402,EMP_1128,DVKD_011,VUNG_2,2179.88,14283.53,16976.47,19,481.16,10,143.3,152.8,149.6,135.7,159.5,166.7,148.6,32.49,A - Xuất sắc
202402,EMP_1129,DVKD_011,VUNG_2,1535.08,9688.0,14268.35,15,278.57,8,97.0,104.6,107.5,100.0,107.1,100.0,103.63,12.39,B - Đạt
202402,EMP_1130,DVKD_011,VUNG_2,888.69,4314.17,6462.94,7,196.73,4,54.1,55.1,57.7,53.8,57.0,44.4,55.91,0.0,D - Không đạt
202402,EMP_1131,DVKD_011,VUNG_2,2495.26,14252.43,18651.03,22,353.9,16,112.1,115.6,112.8,100.0,119.1,123.1,112.71,13.51,B - Đạt
202402,EMP_1132,DVKD_011,VUNG_2,1045.9,4550.76,7961.2,9,147.63,5,101.0,101.7,89.8,90.0,80.7,100.0,93.04,4.37,B - Đạt
202402,EMP_1133,DVKD_011,VUNG_2,1483.09,6681.95,13453.25,11,303.22,6,61.7,67.9,68.2,64.7,72.1,66.7,66.77,0.0,D - Không đạt
202402,EMP_1134,DVKD_012,VUNG_2,901.62,4351.63,6828.8,8,170.66,6,108.7,98.4,94.8,114.3,89.2,100.0,99.93,4.26,B - Đạt
202402,EMP_1135,DVKD_012,VUNG_2,881.62,5207.81,8344.12,8,124.43,4,95.8,105.3,109.1,100.0,85.3,100.0,100.72,11.66,B - Đạt
202402,EMP_1136,DVKD_012,VUNG_2,813.92,5200.08,7363.61,10,109.94,5,100.3,95.2,110.5,100.0,100.1,83.3,103.05,9.63,B - Đạt
202402,EMP_1137,DVKD_012,VUNG_2,2553.91,13983.02,22637.3,27,417.96,13,120.7,118.8,132.6,117.4,106.2,118.2,122.08,9.01,A - Xuất sắc
202402,EMP_1138,DVKD_012,VUNG_2,1241.38,5809.55,10983.97,9,129.84,6,50.2,51.7,53.2,52.9,45.8,60.0,51.09,0.0,D - Không đạt
202402,EMP_1139,DVKD_012,VUNG_2,1157.74,6802.46,10721.89,9,238.3,6,114.4,121.3,120.1,112.5,138.9,120.0,120.91,11.27,A - Xuất sắc
202402,EMP_1140,DVKD_012,VUNG_2,1864.29,10581.21,15562.49,17,325.31,6,106.6,107.0,104.0,106.2,95.0,100.0,103.97,14.83,B - Đạt
202402,EMP_1141,DVKD_012,VUNG_2,2193.42,9772.0,13030.36,23,362.47,10,89.9,96.2,84.6,104.5,106.1,83.3,92.88,5.63,B - Đạt
202402,EMP_1142,DVKD_012,VUNG_2,1741.84,8752.59,17311.28,22,259.28,12,89.6,83.7,86.1,95.7,87.3,85.7,87.75,3.14,C - Cần nỗ lực
202402,EMP_1143,DVKD_012,VUNG_2,1877.83,7239.37,13358.05,16,247.79,8,108.3,99.8,114.3,100.0,113.0,114.3,109.0,11.32,B - Đạt
202402,EMP_1144,DVKD_013,VUNG_2,1466.96,8060.93,10404.75,17,358.6,8,148.0,155.9,156.8,170.0,171.6,160.0,158.0,22.32,A - Xuất sắc
202402,EMP_1145,DVKD_013,VUNG_2,1046.46,4734.79,9863.84,10,138.75,6,106.3,112.2,117.2,125.0,110.4,120.0,113.48,16.38,B - Đạt
202402,EMP_1146,DVKD_013,VUNG_2,995.32,4577.66,7978.66,8,132.56,4,93.3,96.1,94.8,100.0,98.2,100.0,95.65,2.48,B - Đạt
202402,EMP_1147,DVKD_013,VUNG_2,2317.15,11931.36,17933.88,26,407.18,10,115.2,102.0,103.5,118.2,98.1,100.0,106.86,9.39,B - Đạt
202402,EMP_1148,DVKD_013,VUNG_2,1588.5,8708.05,16503.82,14,265.5,9,99.0,92.8,107.2,107.7,115.5,90.0,104.28,10.3,B - Đạt
202402,EMP_1149,DVKD_013,VUNG_2,2425.99,13771.69,18161.63,20,528.29,14,145.2,155.6,149.7,142.9,179.7,175.0,153.28,28.68,A - Xuất sắc
202402,EMP_1150,DVKD_013,VUNG_2,1716.3,8968.13,17474.74,17,178.93,12,109.6,109.0,120.4,113.3,92.2,133.3,111.05,13.83,B - Đạt
202402,EMP_1151,DVKD_013,VUNG_2,1222.3,6739.43,12508.84,15,173.12,7,88.1,87.5,84.7,88.2,82.7,77.8,86.02,4.66,C - Cần nỗ lực
202402,EMP_1152,DVKD_013,VUNG_2,1534.02,8014.42,14935.2,14,270.66,9,94.0,87.8,99.0,82.4,94.8,90.0,93.78,2.98,B - Đạt
202402,EMP_1153,DVKD_013,VUNG_2,787.18,4711.74,5737.74,6,116.69,6,48.9,50.9,48.5,50.0,52.9,60.0,49.77,0.0,D - Không đạt
202402,EMP_1154,DVKD_013,VUNG_2,1785.82,10435.23,13476.79,16,368.45,11,112.1,117.3,117.1,114.3,111.3,122.2,114.73,14.77,B - Đạt
202402,EMP_1155,DVKD_013,VUNG_2,1610.24,6409.26,12428.2,13,195.72,6,92.8,88.7,94.1,100.0,82.0,100.0,91.74,4.55,B - Đạt
202402,EMP_1156,DVKD_013,VUNG_2,1726.51,11789.92,17446.25,18,394.69,8,118.5,119.3,112.5,112.5,128.4,114.3,117.41,15.89,B - Đạt
202402,EMP_1157,DVKD_014,VUNG_2,472.27,2852.9,4478.14,6,76.93,3,55.4,55.2,55.2,60.0,63.9,50.0,57.04,0.0,D - Không đạt
202402,EMP_1158,DVKD_014,VUNG_2,1357.14,5424.67,11647.06,10,177.24,5,127.6,130.5,134.3,125.0,133.5,125.0,131.0,23.14,A - Xuất sắc
202402,EMP_1159,DVKD_014,VUNG_2,629.14,3052.49,5103.22,5,157.78,4,63.5,60.2,58.3,55.6,78.3,66.7,62.62,0.0,D - Không đạt
202402,EMP_1160,DVKD_014,VUNG_2,1337.98,8896.85,11595.07,16,265.56,6,97.8,100.2,102.7,88.9,92.9,85.7,98.25,2.23,B - Đạt
202402,EMP_1161,DVKD_014,VUNG_2,2422.91,13118.22,20402.2,21,414.09,15,143.9,151.6,150.7,150.0,171.7,166.7,152.22,19.22,A - Xuất sắc
202402,EMP_1162,DVKD_014,VUNG_2,1942.84,7359.79,13037.15,22,224.19,8,110.8,104.4,108.6,122.2,104.8,100.0,109.31,15.28,B - Đạt
202402,EMP_1163,DVKD_014,VUNG_2,1055.88,5210.1,9881.51,9,111.74,6,61.5,65.9,67.7,52.9,63.4,60.0,63.75,0.0,D - Không đạt
202402,EMP_1164,DVKD_014,VUNG_2,2069.31,9529.61,16819.63,21,300.67,11,95.5,90.3,90.5,110.5,106.7,110.0,96.15,3.24,B - Đạt
202402,EMP_1165,DVKD_014,VUNG_2,621.33,3368.08,5749.67,5,96.01,3,63.9,59.6,68.6,55.6,68.7,75.0,64.79,0.0,D - Không đạt
202402,EMP_1166,DVKD_014,VUNG_2,1915.94,9973.72,13980.24,19,250.47,6,115.8,119.7,102.5,118.8,101.4,85.7,109.87,11.74,B - Đạt
202402,EMP_1167,DVKD_014,VUNG_2,2652.07,16699.71,22533.54,31,694.45,17,134.6,137.2,140.6,147.6,149.9,170.0,140.68,18.3,A - Xuất sắc
202402,EMP_1168,DVKD_014,VUNG_2,2065.24,13057.38,21119.24,20,478.02,15,144.9,133.9,159.0,142.9,138.7,166.7,147.06,25.19,A - Xuất sắc
202402,EMP_1169,DVKD_014,VUNG_2,1886.48,10388.47,16414.87,18,235.21,12,108.1,113.8,111.3,100.0,110.5,133.3,109.62,14.06,B - Đạt
202402,EMP_1170,DVKD_015,VUNG_2,1226.71,6299.35,10270.96,10,175.1,6,130.9,125.9,144.4,111.1,145.9,120.0,135.15,33.7,A - Xuất sắc
202402,EMP_1171,DVKD_015,VUNG_2,1021.91,5038.99,8887.73,7,222.1,6,100.5,95.5,111.8,87.5,125.5,100.0,106.16,15.11,B - Đạt
202402,EMP_1172,DVKD_015,VUNG_2,927.64,3897.09,7208.94,9,120.93,5,95.5,92.5,95.2,112.5,113.3,100.0,99.31,4.05,B - Đạt
202402,EMP_1173,DVKD_015,VUNG_2,1881.38,9825.5,16670.44,17,180.32,9,106.9,109.3,112.9,106.2,87.5,90.0,106.38,10.06,B - Đạt
202402,EMP_1174,DVKD_015,VUNG_2,2087.52,12996.32,18944.45,20,269.8,13,128.9,135.3,141.9,117.6,141.0,144.4,135.09,20.97,A - Xuất sắc
202402,EMP_1175,DVKD_015,VUNG_2,1601.87,8211.72,10980.8,16,308.84,9,91.2,96.3,101.6,88.9,105.1,112.5,97.46,3.18,B - Đạt
202402,EMP_1176,DVKD_015,VUNG_2,2054.47,12287.97,19541.97,21,447.62,11,95.3,91.4,98.7,105.0,94.3,91.7,96.73,4.18,B - Đạt
202402,EMP_1177,DVKD_015,VUNG_2,2672.94,12228.32,23426.36,24,486.98,13,157.6,154.4,159.8,141.2,151.5,144.4,155.34,34.78,A - Xuất sắc
202402,EMP_1178,DVKD_015,VUNG_2,2110.04,9851.48,19690.62,22,202.76,13,97.8,92.4,97.2,91.7,76.4,108.3,92.96,3.34,B - Đạt
202402,EMP_1179,DVKD_015,VUNG_2,1540.99,8187.47,10967.27,16,145.35,8,96.6,107.4,101.3,100.0,82.5,100.0,98.09,4.93,B - Đạt
202402,EMP_1180,DVKD_015,VUNG_2,3225.12,18006.36,26480.29,39,651.99,16,145.4,160.8,160.5,162.5,188.9,160.0,161.23,18.04,A - Xuất sắc
202402,EMP_1181,DVKD_015,VUNG_2,2057.02,11003.22,15357.56,19,286.52,10,133.4,126.9,127.4,126.7,104.6,111.1,125.33,10.81,A - Xuất sắc
202402,EMP_1182,DVKD_015,VUNG_2,3978.98,18943.12,27780.66,31,476.51,18,158.2,167.6,168.5,147.6,124.9,180.0,157.16,20.83,A - Xuất sắc
202402,EMP_1183,DVKD_015,VUNG_2,2431.11,13404.81,22608.12,23,455.94,14,151.8,160.6,145.4,153.3,146.9,175.0,150.3,24.78,A - Xuất sắc
202402,EMP_1184,DVKD_016,VUNG_2,440.5,2919.89,3880.91,5,87.26,3,52.0,50.9,56.9,62.5,46.6,50.0,53.79,0.0,D - Không đạt
202402,EMP_1185,DVKD_016,VUNG_2,859.0,5646.36,8944.04,11,204.67,4,102.6,111.7,102.3,110.0,120.8,80.0,107.33,14.86,B - Đạt
202402,EMP_1186,DVKD_016,VUNG_2,854.89,5121.77,8914.46,11,161.62,6,103.7,106.1,107.3,110.0,84.4,120.0,103.06,15.32,B - Đạt
202402,EMP_1187,DVKD_016,VUNG_2,2335.95,10123.81,15715.74,19,355.1,13,103.0,102.1,93.1,95.0,90.1,100.0,96.66,2.35,B - Đạt
202402,EMP_1188,DVKD_016,VUNG_2,970.44,4293.57,8145.23,6,217.5,4,91.4,88.5,97.3,75.0,105.5,100.0,93.51,5.89,B - Đạt
202402,EMP_1189,DVKD_016,VUNG_2,1049.58,4026.2,7625.4,7,154.45,5,103.0,91.2,96.5,100.0,79.5,83.3,95.13,2.67,B - Đạt
202402,EMP_1190,DVKD_016,VUNG_2,2444.69,11139.56,23366.24,24,445.68,12,154.4,150.1,160.4,160.0,149.9,133.3,155.74,23.73,A - Xuất sắc
202402,EMP_1191,DVKD_016,VUNG_2,3563.09,16862.45,29681.55,41,439.95,18,153.9,151.5,152.0,164.0,165.2,163.6,155.58,23.91,A - Xuất sắc
202402,EMP_1192,DVKD_016,VUNG_2,1400.34,8744.24,11689.24,13,191.39,8,91.5,97.8,91.7,100.0,107.7,88.9,95.8,5.23,B - Đạt
202402,EMP_1193,DVKD_016,VUNG_2,2706.27,12538.84,21704.7,20,502.95,10,153.4,146.5,151.9,133.3,181.6,125.0,154.06,19.13,A - Xuất sắc
202402,EMP_1194,DVKD_016,VUNG_2,2164.25,10137.77,20133.28,22,384.52,9,126.0,134.7,130.5,146.7,156.5,150.0,135.52,25.47,A - Xuất sắc
202402,EMP_1195,DVKD_016,VUNG_2,2036.88,11527.48,20760.74,25,412.76,9,142.6,136.9,154.0,166.7,176.0,128.6,153.15,27.75,A - Xuất sắc
202402,EMP_1196,DVKD_016,VUNG_2,1057.03,5000.77,9766.66,11,121.73,5,66.9,65.6,73.0,64.7,55.6,62.5,66.92,0.0,D - Không đạt
202402,EMP_1197,DVKD_016,VUNG_2,1306.42,7819.33,10862.9,13,334.08,8,86.0,93.7,90.8,92.9,107.5,88.9,92.75,5.63,B - Đạt
202402,EMP_1198,DVKD_017,VUNG_3,1005.31,5986.48,7146.95,8,143.41,6,95.6,104.4,90.8,100.0,98.8,100.0,96.16,5.43,B - Đạt
202402,EMP_1199,DVKD_017,VUNG_3,916.93,5175.04,8363.51,10,179.04,5,105.5,95.4,95.2,111.1,126.0,100.0,104.02,11.43,B - Đạt
202402,EMP_1200,DVKD_017,VUNG_3,560.05,2513.32,3930.08,6,118.2,3,56.0,54.8,53.8,66.7,64.4,60.0,57.38,0.0,D - Không đạt
202402,EMP_1201,DVKD_017,VUNG_3,1827.17,8481.76,14246.6,16,320.93,9,114.2,115.1,115.8,123.1,116.5,128.6,116.13,15.67,B - Đạt
202402,EMP_1202,DVKD_017,VUNG_3,3158.67,18045.23,23285.87,30,454.32,16,133.8,131.8,142.0,130.4,150.2,160.0,138.49,19.19,A - Xuất sắc
202402,EMP_1203,DVKD_017,VUNG_3,2273.54,12393.72,23702.86,30,318.46,18,154.7,164.5,160.1,176.5,134.2,180.0,157.16,26.98,A - Xuất sắc
202402,EMP_1204,DVKD_017,VUNG_3,1273.46,6608.65,16034.77,13,189.51,11,151.2,156.2,173.7,144.4,179.3,183.3,163.36,25.19,A - Xuất sắc
202402,EMP_1205,DVKD_017,VUNG_3,1711.37,9861.6,13529.39,15,277.02,11,96.1,103.7,107.5,107.1,83.4,110.0,100.43,13.52,B - Đạt
202402,EMP_1206,DVKD_017,VUNG_3,1080.44,5047.41,7216.77,12,166.3,5,111.9,109.5,103.0,120.0,104.8,100.0,108.17,9.69,B - Đạt
202402,EMP_1207,DVKD_017,VUNG_3,808.85,3683.02,6532.38,7,162.73,4,47.9,51.1,49.0,46.7,47.9,57.1,48.65,0.0,D - Không đạt
202402,EMP_1208,DVKD_017,VUNG_3,830.63,5825.07,8306.09,10,123.26,6,91.9,101.6,95.3,111.1,104.8,120.0,98.4,4.57,B - Đạt
202402,EMP_1209,DVKD_018,VUNG_3,924.87,3906.83,7716.33,9,140.96,5,103.3,95.4,91.6,100.0,122.0,100.0,100.49,15.63,B - Đạt
202402,EMP_1210,DVKD_018,VUNG_3,1442.48,6517.98,10587.15,11,277.7,6,138.3,146.8,146.3,137.5,135.0,120.0,141.8,31.61,A - Xuất sắc
202402,EMP_1211,DVKD_018,VUNG_3,962.65,5782.21,8494.41,13,151.93,5,112.0,118.1,110.5,130.0,106.0,100.0,113.29,10.76,B - Đạt
202402,EMP_1212,DVKD_018,VUNG_3,1495.96,7979.82,15088.97,16,321.95,8,96.3,92.5,97.3,100.0,101.4,88.9,97.22,5.04,B - Đạt
202402,EMP_1213,DVKD_018,VUNG_3,923.03,4861.59,7542.31,8,201.31,5,89.9,94.5,84.3,100.0,106.5,83.3,92.13,5.23,B - Đạt
202402,EMP_1214,DVKD_018,VUNG_3,1680.77,7187.14,12651.12,15,367.65,8,107.5,105.2,98.7,115.4,111.0,88.9,105.39,14.73,B - Đạt
202402,EMP_1215,DVKD_018,VUNG_3,1675.76,8440.78,13126.52,13,367.72,6,105.4,108.1,99.9,92.9,113.1,85.7,103.79,8.19,B - Đạt
202402,EMP_1216,DVKD_018,VUNG_3,1453.16,7865.95,12471.74,15,349.15,7,104.2,107.4,105.4,107.1,108.5,100.0,106.03,12.02,B - Đạt
202402,EMP_1217,DVKD_018,VUNG_3,1312.4,6668.31,10711.26,13,280.5,6,129.8,145.6,142.5,144.4,147.6,120.0,140.75,19.31,A - Xuất sắc
202402,EMP_1218,DVKD_018,VUNG_3,746.09,4034.36,6138.94,8,149.5,5,48.6,50.9,43.7,50.0,54.2,55.6,48.21,0.0,D - Không đạt
202402,EMP_1219,DVKD_018,VUNG_3,1010.64,6502.74,8212.36,10,140.71,8,105.8,109.1,112.5,125.0,88.7,133.3,108.0,16.97,B - Đạt
202402,EMP_1220,DVKD_018,VUNG_3,832.73,3603.65,7764.55,7,202.25,5,89.5,85.2,94.1,77.8,98.4,83.3,90.63,5.75,B - Đạt
202402,EMP_1221,DVKD_018,VUNG_3,1511.57,9366.58,12665.16,13,277.49,8,92.3,95.9,98.8,81.2,112.9,80.0,97.1,3.56,B - Đạt
202402,EMP_1222,DVKD_018,VUNG_3,1392.63,7946.56,11293.66,17,356.75,10,100.5,100.6,91.8,106.2,119.2,111.1,100.84,9.11,B - Đạt
202402,EMP_1223,DVKD_019,VUNG_3,1220.28,8602.31,11096.81,14,223.18,7,133.1,148.7,127.1,127.3,121.6,140.0,131.03,26.41,A - Xuất sắc
202402,EMP_1224,DVKD_019,VUNG_3,1234.48,6023.38,12717.17,10,198.23,6,132.5,136.9,142.2,125.0,152.9,150.0,138.87,23.26,A - Xuất sắc
202402,EMP_1225,DVKD_019,VUNG_3,1413.4,7890.99,9695.43,13,141.22,9,139.8,143.0,136.8,144.4,122.8,150.0,137.14,25.74,A - Xuất sắc
202402,EMP_1226,DVKD_019,VUNG_3,1577.2,6771.2,16264.67,15,385.61,8,100.9,97.1,112.2,100.0,110.4,114.3,105.62,15.62,B - Đạt
202402,EMP_1227,DVKD_019,VUNG_3,1926.18,8433.81,15636.8,17,235.8,11,118.3,119.3,102.4,121.4,109.6,122.2,111.89,14.65,B - Đạt
202402,EMP_1228,DVKD_019,VUNG_3,1617.53,7542.45,12761.67,12,211.62,8,104.4,104.7,95.7,92.3,116.8,100.0,102.05,12.14,B - Đạt
202402,EMP_1229,DVKD_019,VUNG_3,2274.5,12573.49,16541.59,23,526.53,9,92.2,93.9,90.6,95.8,111.1,75.0,95.09,2.59,B - Đạt
202402,EMP_1230,DVKD_019,VUNG_3,1301.45,9125.47,11523.05,13,196.29,8,92.2,92.8,86.1,81.2,77.0,88.9,86.77,2.75,C - Cần nỗ lực
202402,EMP_1231,DVKD_019,VUNG_3,1136.8,5303.24,10223.99,9,233.07,6,65.2,64.7,73.7,60.0,69.8,75.0,68.27,0.0,D - Không đạt
202402,EMP_1232,DVKD_019,VUNG_3,901.68,4369.95,8450.45,9,118.03,4,103.5,102.8,114.7,100.0,97.3,100.0,106.03,8.3,B - Đạt
202402,EMP_1233,DVKD_019,VUNG_3,1539.88,9280.81,11632.12,13,311.36,9,97.1,100.6,101.6,92.9,115.9,100.0,101.6,14.48,B - Đạt
202402,EMP_1234,DVKD_020,VUNG_3,1011.2,5509.11,6877.17,10,187.9,6,107.3,99.6,93.7,100.0,99.5,120.0,99.48,5.84,B - Đạt
202402,EMP_1235,DVKD_020,VUNG_3,1032.8,5759.78,6781.02,11,179.02,4,100.7,112.2,96.6,110.0,118.6,100.0,104.6,11.38,B - Đạt
202402,EMP_1236,DVKD_020,VUNG_3,1266.02,6496.58,10547.82,9,147.33,5,126.2,122.1,119.0,112.5,130.0,100.0,122.27,12.04,A - Xuất sắc
202402,EMP_1237,DVKD_020,VUNG_3,1522.78,9003.27,13809.98,14,169.97,8,96.2,96.2,100.5,87.5,76.4,88.9,93.87,3.11,B - Đạt
202402,EMP_1238,DVKD_020,VUNG_3,1833.76,8637.42,12044.05,15,222.82,8,115.4,112.8,102.9,125.0,112.0,114.3,111.09,13.17,B - Đạt
202402,EMP_1239,DVKD_020,VUNG_3,2067.59,10776.86,18856.61,20,387.07,8,95.0,93.3,95.1,95.2,119.6,80.0,98.49,5.66,B - Đạt
202402,EMP_1240,DVKD_020,VUNG_3,1452.76,5366.54,12897.55,12,160.72,5,58.1,55.8,59.6,63.2,58.3,45.5,58.82,0.0,D - Không đạt
202402,EMP_1241,DVKD_020,VUNG_3,1159.87,6270.82,9278.97,12,216.33,8,142.8,147.4,142.3,150.0,145.1,133.3,144.38,31.7,A - Xuất sắc
202402,EMP_1242,DVKD_020,VUNG_3,3371.92,17442.18,33922.73,29,510.32,20,153.0,156.0,171.3,170.6,192.8,153.8,167.58,30.52,A - Xuất sắc
202402,EMP_1243,DVKD_020,VUNG_3,1256.26,7176.77,10490.4,15,216.2,8,88.7,93.8,82.7,100.0,104.6,80.0,90.88,4.97,B - Đạt
202402,EMP_1244,DVKD_020,VUNG_3,1281.89,7298.97,9591.96,17,291.41,7,87.6,91.0,88.3,94.4,97.1,87.5,90.46,5.06,B - Đạt
202402,EMP_1245,DVKD_020,VUNG_3,1669.17,6410.02,13929.23,10,233.28,8,93.3,84.4,89.4,76.9,76.8,114.3,86.48,3.33,C - Cần nỗ lực
202402,EMP_1246,DVKD_020,VUNG_3,855.48,3786.32,6220.76,9,199.84,3,86.4,84.5,81.8,81.8,98.3,75.0,85.83,3.97,C - Cần nỗ lực
202402,EMP_1247,DVKD_020,VUNG_3,2390.05,12152.53,18902.37,19,291.99,9,142.5,132.3,140.7,146.2,112.6,112.5,136.22,27.15,A - Xuất sắc
202402,EMP_1248,DVKD_021,VUNG_3,1053.49,5496.84,9986.6,12,160.68,7,116.1,131.5,118.9,109.1,123.8,140.0,119.84,11.52,B - Đạt
202402,EMP_1249,DVKD_021,VUNG_3,830.73,5276.84,8061.64,8,132.66,5,102.0,94.1,98.7,88.9,101.6,83.3,98.29,5.52,B - Đạt
202402,EMP_1250,DVKD_021,VUNG_3,451.02,2471.22,3686.63,4,70.86,2,46.6,45.7,43.6,50.0,38.1,50.0,44.48,0.0,D - Không đạt
202402,EMP_1251,DVKD_021,VUNG_3,1805.25,10072.07,12603.22,17,338.96,7,114.6,112.0,101.4,94.4,110.1,100.0,106.89,16.08,B - Đạt
202402,EMP_1252,DVKD_021,VUNG_3,2209.82,11232.55,21461.87,16,345.79,12,104.5,110.0,114.6,88.9,94.9,109.1,105.86,14.32,B - Đạt
202402,EMP_1253,DVKD_021,VUNG_3,2445.99,14340.2,21039.48,31,476.17,11,152.8,161.8,168.8,182.4,157.0,183.3,163.34,33.94,A - Xuất sắc
202402,EMP_1254,DVKD_021,VUNG_3,865.31,5601.9,6804.41,8,190.58,5,94.9,102.4,94.5,114.3,106.4,100.0,99.55,2.32,B - Đạt
202402,EMP_1255,DVKD_021,VUNG_3,1591.58,7365.59,12382.93,12,271.22,7,99.8,88.0,91.6,80.0,117.1,87.5,95.77,2.34,B - Đạt
202402,EMP_1256,DVKD_021,VUNG_3,1014.62,4847.08,8514.63,9,123.29,5,58.3,55.6,57.0,69.2,46.0,62.5,56.68,0.0,D - Không đạt
202402,EMP_1257,DVKD_021,VUNG_3,2601.34,13337.96,19754.87,26,357.45,16,151.4,156.3,152.2,152.9,135.6,177.8,150.19,18.41,A - Xuất sắc
202402,EMP_1258,DVKD_021,VUNG_3,1680.3,8077.23,10802.06,16,228.78,6,96.2,92.0,86.1,100.0,99.0,85.7,92.83,3.92,B - Đạt
202402,EMP_1259,DVKD_021,VUNG_3,2033.32,10053.47,12798.53,17,313.43,9,113.9,106.7,109.3,106.2,101.4,128.6,108.56,8.12,B - Đạt
202402,EMP_1260,DVKD_022,VUNG_3,401.35,2218.59,3664.02,3,81.17,2,45.3,45.6,49.5,37.5,46.6,50.0,46.23,0.0,D - Không đạt
202402,EMP_1261,DVKD_022,VUNG_3,1149.77,4720.94,6613.1,8,124.97,5,108.1,106.7,100.7,100.0,99.9,125.0,103.26,13.23,B - Đạt
202402,EMP_1262,DVKD_022,VUNG_3,1281.16,6149.49,10197.8,10,194.35,4,130.3,127.4,129.2,111.1,116.4,100.0,125.47,12.23,A - Xuất sắc
202402,EMP_1263,DVKD_022,VUNG_3,1918.12,10767.24,14167.32,20,426.52,12,94.5,84.5,93.2,80.0,105.1,85.7,92.69,4.73,B - Đạt
202402,EMP_1264,DVKD_022,VUNG_3,1708.81,8640.16,14578.24,14,266.9,12,99.1,104.1,105.1,100.0,87.5,120.0,100.3,11.95,B - Đạt
202402,EMP_1265,DVKD_022,VUNG_3,1961.03,9961.83,12618.46,19,301.79,11,114.0,106.6,113.9,118.8,112.8,122.2,113.16,15.71,B - Đạt
202402,EMP_1266,DVKD_022,VUNG_3,1196.63,4950.71,8436.39,9,105.33,6,69.3,70.2,71.3,60.0,54.7,85.7,67.02,0.0,D - Không đạt
202402,EMP_1267,DVKD_022,VUNG_3,1027.67,4608.71,9150.99,10,196.76,5,112.4,103.5,109.3,111.1,96.2,100.0,107.42,11.38,B - Đạt
202402,EMP_1268,DVKD_022,VUNG_3,1487.31,8547.36,13512.28,14,341.0,9,92.9,93.0,93.3,93.3,116.4,100.0,96.62,5.61,B - Đạt
202402,EMP_1269,DVKD_022,VUNG_3,2177.54,10785.27,20344.68,22,445.24,15,141.2,151.2,139.3,146.7,169.1,166.7,146.77,32.55,A - Xuất sắc
202402,EMP_1270,DVKD_022,VUNG_3,1076.32,5611.82,10708.96,12,207.53,8,112.8,107.3,116.8,120.0,127.5,133.3,116.3,13.36,B - Đạt
202402,EMP_1271,DVKD_022,VUNG_3,1879.46,9165.22,16544.45,16,299.81,9,108.6,112.9,119.5,94.1,129.5,128.6,114.74,10.69,B - Đạt
202402,EMP_1272,DVKD_022,VUNG_3,1889.43,8335.79,13668.06,19,261.37,10,118.4,104.2,101.7,118.8,109.8,125.0,109.17,15.78,B - Đạt
202402,EMP_1273,DVKD_022,VUNG_3,2562.52,9865.4,14141.02,20,259.2,11,102.7,103.6,92.1,105.3,104.1,110.0,99.59,4.01,B - Đạt
202402,EMP_1274,DVKD_023,VUNG_3,1104.4,4136.41,9615.36,9,169.14,6,105.1,101.1,103.2,112.5,122.5,100.0,107.19,10.29,B - Đạt
202402,EMP_1275,DVKD_023,VUNG_3,1197.23,5928.33,9792.61,11,178.46,6,112.4,104.8,107.3,122.2,108.2,120.0,109.83,15.7,B - Đạt
202402,EMP_1276,DVKD_023,VUNG_3,859.52,4992.36,6623.82,8,198.47,4,102.9,100.6,95.6,100.0,100.0,100.0,99.27,5.8,B - Đạt
202402,EMP_1277,DVKD_023,VUNG_3,1497.87,7777.1,13547.22,15,220.76,7,102.2,100.2,100.1,100.0,103.6,100.0,101.16,11.08,B - Đạt
202402,EMP_1278,DVKD_023,VUNG_3,1503.0,8629.46,13953.6,20,367.81,11,100.5,103.4,106.2,117.6,123.4,110.0,108.08,11.2,B - Đạt
202402,EMP_1279,DVKD_023,VUNG_3,1966.36,11466.85,14998.51,25,382.85,12,100.8,92.5,97.6,104.2,113.1,92.3,100.62,16.02,B - Đạt
202402,EMP_1280,DVKD_023,VUNG_3,1962.7,8331.14,16456.73,18,413.39,7,111.2,105.9,109.5,120.0,122.4,100.0,112.37,12.33,B - Đạt
202402,EMP_1281,DVKD_023,VUNG_3,1471.98,8773.07,14474.49,16,316.48,7,86.8,95.4,97.3,88.9,110.7,77.8,95.56,3.46,B - Đạt
202402,EMP_1282,DVKD_023,VUNG_3,600.77,3784.9,5378.99,7,86.42,5,43.7,44.6,43.6,46.7,37.2,55.6,43.12,0.0,D - Không đạt
202402,EMP_1283,DVKD_023,VUNG_3,1493.03,9324.7,15762.89,18,400.96,8,105.2,104.1,101.1,100.0,130.7,88.9,106.91,10.33,B - Đạt
202402,EMP_1284,DVKD_023,VUNG_3,1483.25,8485.89,16189.15,15,271.65,9,76.2,74.1,79.3,83.3,83.0,75.0,78.7,0.0,C - Cần nỗ lực
202402,EMP_1285,DVKD_023,VUNG_3,2533.02,12437.42,17698.64,20,336.05,15,107.4,103.9,104.8,100.0,95.6,115.4,103.46,16.85,B - Đạt
202402,EMP_1286,DVKD_023,VUNG_3,2376.01,11351.58,15115.43,20,396.74,14,140.4,136.1,128.6,142.9,144.3,155.6,136.46,20.22,A - Xuất sắc
202402,EMP_1287,DVKD_024,VUNG_3,1111.22,5334.98,7399.25,9,168.41,4,103.0,104.9,103.1,112.5,112.2,80.0,105.65,14.46,B - Đạt
202402,EMP_1288,DVKD_024,VUNG_3,961.11,3872.4,7873.43,10,139.18,4,99.5,90.1,102.6,111.1,111.3,80.0,102.11,11.69,B - Đạt
202402,EMP_1289,DVKD_024,VUNG_3,982.76,5932.97,7683.67,8,238.56,6,99.6,106.8,110.3,100.0,124.7,100.0,108.23,9.55,B - Đạt
202402,EMP_1290,DVKD_024,VUNG_3,1090.77,5735.44,9274.18,8,157.77,5,66.9,69.9,60.9,61.5,53.5,71.4,62.7,0.0,D - Không đạt
202402,EMP_1291,DVKD_024,VUNG_3,1827.34,7414.88,15721.78,15,344.14,7,108.9,104.8,109.6,115.4,121.3,100.0,111.04,10.5,B - Đạt
202402,EMP_1292,DVKD_024,VUNG_3,1663.65,6884.7,11004.54,15,242.16,8,160.8,148.6,147.3,150.0,176.7,160.0,155.55,18.37,A - Xuất sắc
202402,EMP_1293,DVKD_024,VUNG_3,2044.98,13148.47,16142.3,19,463.37,11,97.4,102.4,97.6,90.5,108.1,91.7,99.14,4.45,B - Đạt
202402,EMP_1294,DVKD_024,VUNG_3,1647.76,9601.79,14211.32,14,251.94,9,101.1,96.3,100.5,87.5,104.6,90.0,99.33,5.02,B - Đạt
202402,EMP_1295,DVKD_024,VUNG_3,2469.56,11085.02,18648.48,20,414.46,12,111.1,103.9,120.1,111.1,99.7,120.0,111.46,11.89,B - Đạt
202402,EMP_1296,DVKD_024,VUNG_3,814.18,5088.96,5193.69,7,164.6,5,52.2,51.8,46.7,43.8,56.6,50.0,50.04,0.0,D - Không đạt
202402,EMP_1297,DVKD_024,VUNG_3,1720.45,7547.47,14263.66,20,255.31,13,113.8,105.6,116.9,117.6,105.2,130.0,112.75,8.35,B - Đạt
202402,EMP_1298,DVKD_024,VUNG_3,1894.61,11205.09,19188.71,16,345.82,8,120.0,123.5,126.8,106.7,123.7,114.3,122.13,11.14,A - Xuất sắc
202403,EMP_1001,DVKD_001,VUNG_1,547.77,3754.63,5097.95,7,82.64,3,63.4,63.2,63.0,70.0,75.7,50.0,65.73,0.0,D - Không đạt
202403,EMP_1002,DVKD_001,VUNG_1,1063.72,5873.16,10092.7,7,180.49,7,119.2,117.0,117.0,100.0,102.1,140.0,113.61,10.61,B - Đạt
202403,EMP_1003,DVKD_001,VUNG_1,1339.91,8609.06,14660.19,13,204.75,7,150.3,143.7,157.7,162.5,183.6,175.0,158.11,27.01,A - Xuất sắc
202403,EMP_1004,DVKD_001,VUNG_1,1472.69,9062.87,15080.87,18,305.08,7,96.6,90.6,97.0,100.0,89.4,100.0,95.1,2.04,B - Đạt
202403,EMP_1005,DVKD_001,VUNG_1,761.75,4293.04,6048.99,7,136.09,4,50.7,53.3,52.8,43.8,51.1,44.4,51.2,0.0,D - Không đạt
202403,EMP_1006,DVKD_001,VUNG_1,2942.57,16782.02,21976.93,25,441.33,14,120.6,133.2,122.6,113.6,126.3,127.3,123.34,10.5,A - Xuất sắc
202403,EMP_1007,DVKD_001,VUNG_1,1735.26,8939.39,11406.41,17,284.29,10,107.0,108.5,99.8,106.2,102.8,111.1,104.0,12.15,B - Đạt
202403,EMP_1008,DVKD_001,VUNG_1,1458.51,7537.24,15142.78,18,319.72,9,101.2,104.1,107.4,105.9,95.7,112.5,103.45,15.21,B - Đạt
202403,EMP_1009,DVKD_001,VUNG_1,1883.59,9987.71,14964.28,17,227.49,8,76.5,77.0,76.6,77.3,80.2,88.9,77.24,0.0,C - Cần nỗ lực
202403,EMP_1010,DVKD_001,VUNG_1,2083.2,12388.49,16496.43,20,256.18,10,131.0,136.1,141.2,117.6,127.8,142.9,133.51,31.5,A - Xuất sắc
202403,EMP_1011,DVKD_001,VUNG_1,1614.79,11385.43,16991.05,13,348.22,9,108.1,114.9,110.2,92.9,114.0,90.0,109.22,10.57,B - Đạt
202403,EMP_1012,DVKD_001,VUNG_1,1665.25,10285.29,12503.3,12,243.5,7,101.8,112.3,108.4,92.3,123.0,100.0,107.92,15.08,B - Đạt
202403,EMP_1013,DVKD_001,VUNG_1,1674.05,7756.93,12117.53,16,232.82,6,93.3,88.4,88.4,100.0,83.3,85.7,90.02,5.2,B - Đạt
202403,EMP_1014,DVKD_001,VUNG_1,1668.38,8487.03,16747.65,14,487.98,12,87.5,85.9,82.3,77.8,107.9,100.0,87.53,4.04,C - Cần nỗ lực
202403,EMP_1015,DVKD_002,VUNG_1,957.91,4697.49,8067.48,9,135.89,4,97.2,106.0,106.2,100.0,111.2,100.0,104.05,14.44,B - Đạt
202403,EMP_1016,DVKD_002,VUNG_1,610.59,3832.0,6709.95,7,85.97,3,66.3,64.5,73.4,63.6,67.0,60.0,68.35,0.0,D - Không đạt
202403,EMP_1017,DVKD_002,VUNG_1,789.75,3950.21,7162.47,12,168.51,5,91.3,88.3,102.5,109.1,111.5,100.0,99.58,3.81,B - Đạt
202403,EMP_1018,DVKD_002,VUNG_1,1068.61,6130.65,8621.38,10,155.78,6,107.3,106.7,95.4,111.1,83.5,120.0,99.86,5.78,B - Đạt
202403,EMP_1019,DVKD_002,VUNG_1,1634.44,9460.95,12716.58,20,331.11,8,95.0,103.9,100.2,111.1,120.4,88.9,103.58,14.53,B - Đạt
202403,EMP_1020,DVKD_002,VUNG_1,425.11,2305.05,3014.26,3,82.22,3,43.2,42.4,45.7,37.5,53.7,50.0,44.96,0.0,D - Không đạt
202403,EMP_1021,DVKD_002,VUNG_1,849.67,3440.47,5736.63,10,77.57,4,48.7,45.4,42.9,55.6,42.7,50.0,45.97,0.0,D - Không đạt
202403,EMP_1022,DVKD_002,VUNG_1,2214.29,12047.0,15525.3,22,539.1,10,130.7,121.9,132.6,146.7,163.5,111.1,136.56,23.15,A - Xuất sắc
202403,EMP_1023,DVKD_002,VUNG_1,2360.01,12194.59,19814.59,29,436.52,18,159.6,166.3,162.2,161.1,147.6,180.0,159.86,33.2,A - Xuất sắc
202403,EMP_1024,DVKD_002,VUNG_1,587.22,3754.9,4412.18,6,72.09,4,62.8,70.6,65.5,66.7,58.2,80.0,64.61,0.0,D - Không đạt
202403,EMP_1025,DVKD_002,VUNG_1,1833.23,8524.36,12623.59,14,147.21,8,74.7,71.2,71.1,70.0,58.6,66.7,70.03,0.0,C - Cần nỗ lực
202403,EMP_1026,DVKD_003,VUNG_1,753.16,3986.14,6532.06,5,93.43,3,71.6,68.7,72.4,62.5,67.2,60.0,69.88,0.0,D - Không đạt
202403,EMP_1027,DVKD_003,VUNG_1,910.25,4237.71,7779.77,8,174.55,5,90.8,96.4,90.5,100.0,97.4,100.0,93.45,5.12,B - Đạt
202403,EMP_1028,DVKD_003,VUNG_1,789.39,4947.97,8356.21,11,168.42,4,94.8,91.0,97.5,100.0,99.5,100.0,96.4,3.2,B - Đạt
202403,EMP_1029,DVKD_003,VUNG_1,2415.96,10397.52,17980.98,25,528.84,16,108.0,107.0,110.5,125.0,115.3,114.3,111.52,15.77,B - Đạt
202403,EMP_1030,DVKD_003,VUNG_1,1448.67,7236.41,15369.0,12,285.23,11,101.8,99.6,106.1,100.0,124.6,122.2,106.21,10.36,B - Đạt
202403,EMP_1031,DVKD_003,VUNG_1,1580.12,7528.47,11075.79,16,377.41,6,88.6,97.5,94.9,94.1,110.0,100.0,95.9,4.99,B - Đạt
202403,EMP_1032,DVKD_003,VUNG_1,1784.28,6675.33,13421.41,14,314.73,8,105.3,97.6,101.8,93.3,99.5,88.9,100.85,11.94,B - Đạt
202403,EMP_1033,DVKD_003,VUNG_1,961.1,4230.03,8329.15,10,184.19,5,101.9,94.1,99.4,111.1,121.7,100.0,103.74,10.64,B - Đạt
202403,EMP_1034,DVKD_003,VUNG_1,809.54,5726.09,6919.09,10,230.5,4,99.7,99.2,95.0,111.1,120.6,100.0,102.25,11.44,B - Đạt
202403,EMP_1035,DVKD_003,VUNG_1,816.66,4132.36,6843.33,7,107.35,5,95.0,98.7,91.4,87.5,99.0,100.0,94.14,2.62,B - Đạt
202403,EMP_1036,DVKD_004,VUNG_1,638.61,3033.68,4276.36,5,111.18,2,65.6,64.3,63.5,62.5,53.1,50.0,62.48,0.0,D - Không đạt
202403,EMP_1037,DVKD_004,VUNG_1,617.16,3504.49,6012.52,5,128.95,5,69.6,65.5,70.8,55.6,78.6,83.3,69.35,0.0,D - Không đạt
202403,EMP_1038,DVKD_004,VUNG_1,1177.92,5469.83,6761.06,13,191.64,7,116.4,114.6,102.7,130.0,138.0,116.7,115.94,9.61,B - Đạt
202403,EMP_1039,DVKD_004,VUNG_1,1676.19,8461.4,14904.21,13,256.34,6,97.5,91.7,100.4,108.3,99.6,85.7,99.04,3.71,B - Đạt
202403,EMP_1040,DVKD_004,VUNG_1,2196.8,10178.01,14793.44,17,244.63,10,126.5,129.6,115.7,130.8,115.6,142.9,121.98,10.33,A - Xuất sắc
202403,EMP_1041,DVKD_004,VUNG_1,1443.52,8126.8,10842.23,13,298.86,8,149.7,136.3,135.5,162.5,165.1,160.0,146.31,27.09,A - Xuất sắc
202403,EMP_1042,DVKD_004,VUNG_1,3760.69,21581.98,30073.29,33,505.53,20,157.6,170.1,167.2,137.5,163.8,166.7,161.75,20.9,A - Xuất sắc
202403,EMP_1043,DVKD_004,VUNG_1,1600.14,9151.84,12809.38,14,352.0,7,98.1,93.7,93.2,93.3,116.3,87.5,97.97,4.94,B - Đạt
202403,EMP_1044,DVKD_004,VUNG_1,1816.39,10154.87,13982.95,15,228.21,7,106.0,105.5,117.3,107.1,109.3,100.0,110.49,12.79,B - Đạt
202403,EMP_1045,DVKD_004,VUNG_1,1745.49,10167.38,14407.08,14,334.85,10,111.9,108.7,100.5,107.7,118.5,125.0,108.0,15.65,B - Đạt
202403,EMP_1046,DVKD_004,VUNG_1,661.5,4102.07,7740.0,6,130.92,4,48.3,51.8,52.8,46.2,45.6,44.4,49.78,0.0,D - Không đạt
202403,EMP_1047,DVKD_004,VUNG_1,1482.5,6409.73,11035.66,14,292.58,6,101.2,91.3,90.2,93.3,94.6,85.7,94.08,4.82,B - Đạt
202403,EMP_1048,DVKD_005,VUNG_1,1334.45,7435.27,11698.18,15,327.96,5,148.3,153.6,144.1,136.4,170.5,125.0,149.76,32.55,A - Xuất sắc
202403,EMP_1049,DVKD_005,VUNG_1,1525.19,9359.73,11917.72,12,142.22,5,147.3,160.0,151.6,133.3,130.8,125.0,146.84,20.52,A - Xuất sắc
202403,EMP_1050,DVKD_005,VUNG_1,776.26,4776.08,9326.15,8,157.79,5,91.1,96.2,103.9,80.0,102.8,83.3,96.99,3.76,B - Đạt
202403,EMP_1051,DVKD_005,VUNG_1,2413.43,10540.74,19274.72,23,500.05,14,97.5,107.9,103.5,104.5,121.6,116.7,105.47,12.82,B - Đạt
202403,EMP_1052,DVKD_005,VUNG_1,1581.03,10079.77,15217.55,20,350.79,7,116.4,116.6,122.8,117.6,111.6,100.0,118.07,10.64,B - Đạt
202403,EMP_1053,DVKD_005,VUNG_1,1689.16,11420.12,14881.16,17,276.57,6,119.2,120.3,119.7,121.4,103.0,85.7,117.33,8.05,B - Đạt
202403,EMP_1054,DVKD_005,VUNG_1,1574.1,7336.32,11146.83,14,224.04,10,97.0,99.1,98.1,82.4,97.9,100.0,96.37,5.81,B - Đạt
202403,EMP_1055,DVKD_005,VUNG_1,1452.99,7223.2,10352.15,15,230.95,7,87.0,94.2,92.3,88.2,96.2,70.0,91.44,3.13,B - Đạt
202403,EMP_1056,DVKD_005,VUNG_1,1629.26,9828.79,13213.5,17,162.19,8,78.3,82.8,81.1,85.0,63.8,80.0,78.45,0.0,C - Cần nỗ lực
202403,EMP_1057,DVKD_005,VUNG_1,2050.2,11638.39,21205.32,23,251.29,10,147.3,138.2,144.9,135.3,124.4,125.0,140.46,29.66,A - Xuất sắc
202403,EMP_1058,DVKD_005,VUNG_1,920.97,5164.62,7632.33,9,187.75,5,97.9,89.7,103.5,112.5,101.0,125.0,100.56,16.24,B - Đạt
202403,EMP_1059,DVKD_006,VUNG_1,1129.93,5129.2,8491.25,8,111.94,4,105.1,101.1,90.9,100.0,102.8,80.0,98.67,2.64,B - Đạt
202403,EMP_1060,DVKD_006,VUNG_1,1319.03,5415.21,9447.54,8,249.53,7,126.4,125.9,128.1,114.3,128.6,116.7,126.04,12.83,A - Xuất sắc
202403,EMP_1061,DVKD_006,VUNG_1,1438.28,8349.37,10060.16,14,235.56,7,159.8,144.3,148.4,140.0,128.5,175.0,146.81,27.4,A - Xuất sắc
202403,EMP_1062,DVKD_006,VUNG_1,2640.68,12393.35,17444.77,18,406.95,14,111.5,100.1,105.5,100.0,129.1,116.7,109.18,9.08,B - Đạt
202403,EMP_1063,DVKD_006,VUNG_1,1618.6,8327.09,10589.93,12,159.19,11,95.3,93.1,87.5,92.3,81.6,110.0,89.88,5.75,C - Cần nỗ lực
202403,EMP_1064,DVKD_006,VUNG_1,2176.42,9999.29,18290.84,19,275.13,13,135.9,140.3,136.5,126.7,123.7,130.0,134.02,33.54,A - Xuất sắc
202403,EMP_1065,DVKD_006,VUNG_1,1812.21,9330.72,13063.34,17,353.03,10,105.9,108.0,112.4,121.4,106.6,111.1,110.14,16.26,B - Đạt
202403,EMP_1066,DVKD_006,VUNG_1,772.47,3961.48,7763.41,7,150.86,3,93.8,95.8,85.5,100.0,103.8,75.0,93.31,2.81,B - Đạt
202403,EMP_1067,DVKD_006,VUNG_1,2396.89,13716.28,25490.45,25,408.08,14,157.0,151.5,169.1,156.2,138.0,175.0,157.48,32.41,A - Xuất sắc
202403,EMP_1068,DVKD_006,VUNG_1,1461.26,7491.58,10193.75,15,368.68,5,96.8,95.3,86.7,88.2,116.4,71.4,95.12,2.89,B - Đạt
202403,EMP_1069,DVKD_006,VUNG_1,1896.81,9474.82,13195.59,13,361.18,8,107.5,102.5,97.6,100.0,114.5,88.9,103.58,13.92,B - Đạt
202403,EMP_1070,DVKD_006,VUNG_1,1093.46,6090.62,11318.24,13,195.96,8,78.5,78.2,81.5,76.5,76.1,80.0,78.94,0.0,C - Cần nỗ lực
202403,EMP_1071,DVKD_006,VUNG_1,2164.11,15819.27,19783.5,21,284.23,16,109.3,116.9,117.4,105.0,98.0,114.3,111.15,16.81,B - Đạt
202403,EMP_1072,DVKD_006,VUNG_1,948.6,6362.71,8197.81,9,129.17,3,105.5,111.0,110.6,100.0,115.5,75.0,109.06,9.79,B - Đạt
202403,EMP_1073,DVKD_007,VUNG_1,1002.15,6581.35,8320.52,9,207.39,5,106.7,115.4,114.1,112.5,125.4,100.0,113.98,13.13,B - Đạt
202403,EMP_1074,DVKD_007,VUNG_1,1102.14,7106.55,8811.43,11,129.63,5,119.9,130.4,129.8,122.2,115.3,100.0,124.48,10.79,A - Xuất sắc
202403,EMP_1075,DVKD_007,VUNG_1,953.96,5253.92,7386.38,8,145.72,5,102.1,100.8,103.1,100.0,119.7,100.0,104.68,11.5,B - Đạt
202403,EMP_1076,DVKD_007,VUNG_1,1937.34,10518.9,19564.79,20,480.9,10,100.3,100.6,98.9,100.0,99.1,83.3,99.64,2.82,B - Đạt
202403,EMP_1077,DVKD_007,VUNG_1,738.68,4676.31,6007.59,9,139.3,5,49.1,51.8,51.7,56.2,45.8,55.6,50.63,0.0,D - Không đạt
202403,EMP_1078,DVKD_007,VUNG_1,2292.63,10390.2,19214.73,17,268.24,9,132.8,145.0,140.7,121.4,139.6,112.5,137.27,29.69,A - Xuất sắc
202403,EMP_1079,DVKD_007,VUNG_1,950.78,4676.04,7545.88,10,185.14,7,106.5,96.2,92.0,100.0,110.5,116.7,99.83,5.32,B - Đạt
202403,EMP_1080,DVKD_007,VUNG_1,1388.18,8824.1,10710.59,12,202.69,10,92.7,99.6,96.5,92.3,101.7,111.1,96.38,4.18,B - Đạt
202403,EMP_1081,DVKD_007,VUNG_1,884.39,5281.74,7492.94,10,149.05,4,87.2,93.7,86.5,100.0,97.7,80.0,90.78,5.5,B - Đạt
202403,EMP_1082,DVKD_007,VUNG_1,3207.51,17505.57,23065.48,35,420.38,17,140.8,151.9,139.8,145.8,132.0,130.8,141.29,33.79,A - Xuất sắc
202403,EMP_1083,DVKD_008,VUNG_1,1101.71,6465.61,9313.39,10,240.93,7,110.9,110.6,101.5,100.0,119.8,116.7,107.81,12.11,B - Đạt
202403,EMP_1084,DVKD_008,VUNG_1,821.3,4678.2,7057.75,8,193.27,4,84.9,89.0,88.8,80.0,99.4,100.0,88.56,5.66,C - Cần nỗ lực
202403,EMP_1085,DVKD_008,VUNG_1,1105.71,6420.28,6912.93,10,273.78,5,105.0,108.1,106.6,111.1,131.8,125.0,110.65,10.45,B - Đạt
202403,EMP_1086,DVKD_008,VUNG_1,765.65,3901.29,6591.82,8,167.98,6,51.8,56.5,51.2,50.0,59.1,66.7,53.21,0.0,D - Không đạt
202403,EMP_1087,DVKD_008,VUNG_1,1461.03,7699.52,12025.61,13,159.6,10,95.3,94.0,101.8,100.0,80.1,111.1,95.57,4.99,B - Đạt
202403,EMP_1088,DVKD_008,VUNG_1,1613.48,7239.62,11639.06,13,274.79,7,93.3,91.0,90.9,92.9,83.8,100.0,90.65,4.12,B - Đạt
202403,EMP_1089,DVKD_008,VUNG_1,731.99,4657.06,5685.5,10,176.51,6,90.0,87.5,82.5,100.0,101.4,100.0,89.71,5.36,C - Cần nỗ lực
202403,EMP_1090,DVKD_008,VUNG_1,1320.36,7014.64,13483.95,13,377.73,7,93.6,96.9,91.9,76.5,114.0,77.8,94.85,5.15,B - Đạt
202403,EMP_1091,DVKD_008,VUNG_1,1839.3,8639.86,13941.06,14,272.86,9,104.0,98.2,107.4,93.3,85.7,112.5,100.5,16.76,B - Đạt
202403,EMP_1092,DVKD_008,VUNG_1,1986.78,12226.99,14381.53,21,389.38,14,136.9,149.9,132.7,140.0,128.5,155.6,136.43,22.19,A - Xuất sắc
202403,EMP_1093,DVKD_008,VUNG_1,2098.05,13752.35,20118.27,15,281.64,13,101.9,100.6,105.9,88.2,110.8,108.3,103.07,11.68,B - Đạt
202403,EMP_1094,DVKD_008,VUNG_1,1325.17,7824.1,12897.61,9,310.71,6,145.7,150.6,139.4,128.6,171.0,120.0,146.31,18.23,A - Xuất sắc
202403,EMP_1095,DVKD_008,VUNG_1,3278.89,19073.28,21713.75,30,572.51,17,134.9,148.1,127.7,142.9,153.4,141.7,137.94,23.38,A - Xuất sắc
202403,EMP_1096,DVKD_009,VUNG_2,903.45,5418.48,9438.66,9,176.52,6,103.1,102.4,112.5,90.0,99.8,120.0,104.48,11.62,B - Đạt
202403,EMP_1097,DVKD_009,VUNG_2,1242.03,7212.42,10767.25,13,133.46,7,128.5,137.2,118.6,144.4,125.8,140.0,127.52,8.39,A - Xuất sắc
202403,EMP_1098,DVKD_009,VUNG_2,1003.0,4517.95,6373.94,7,211.4,5,95.1,87.2,85.7,87.5,101.8,100.0,90.87,4.23,B - Đạt
202403,EMP_1099,DVKD_009,VUNG_2,2138.99,13150.64,20742.46,21,491.55,11,107.2,104.1,108.4,110.5,112.4,110.0,108.26,11.51,B - Đạt
202403,EMP_1100,DVKD_009,VUNG_2,2323.56,12919.54,20713.14,21,324.99,13,142.3,149.4,152.9,131.2,143.8,144.4,146.19,19.48,A - Xuất sắc
202403,EMP_1101,DVKD_009,VUNG_2,1346.09,8441.05,10265.49,13,274.7,7,98.8,101.1,90.0,108.3,88.0,100.0,95.39,2.32,B - Đạt
202403,EMP_1102,DVKD_009,VUNG_2,2395.36,11040.48,17353.24,24,466.78,12,105.2,102.7,103.0,104.3,118.8,85.7,106.0,14.57,B - Đạt
202403,EMP_1103,DVKD_009,VUNG_2,2390.53,12910.85,17713.85,15,496.04,8,142.1,144.9,140.9,115.4,159.0,114.3,141.97,28.28,A - Xuất sắc
202403,EMP_1104,DVKD_009,VUNG_2,2143.82,12303.22,15778.5,27,632.52,15,149.8,145.0,144.0,150.0,183.7,166.7,152.16,23.49,A - Xuất sắc
202403,EMP_1105,DVKD_009,VUNG_2,1694.32,8464.3,12771.48,15,277.94,10,98.5,89.3,88.6,107.1,114.8,111.1,96.96,2.52,B - Đạt
202403,EMP_1106,DVKD_009,VUNG_2,1663.46,7735.75,14268.22,19,149.82,8,99.2,105.5,105.1,111.8,81.2,114.3,100.77,9.63,B - Đạt
202403,EMP_1107,DVKD_009,VUNG_2,1699.46,6847.84,13758.14,14,305.98,9,98.9,98.3,105.6,93.3,118.4,90.0,103.52,12.49,B - Đạt
202403,EMP_1108,DVKD_009,VUNG_2,1229.78,5217.9,10533.13,11,164.06,5,49.8,49.4,53.4,55.0,53.0,41.7,52.0,0.0,D - Không đạt
202403,EMP_1109,DVKD_009,VUNG_2,1389.29,7106.38,13763.21,11,175.99,8,89.9,92.0,94.1,78.6,76.4,88.9,88.53,2.85,C - Cần nỗ lực
202403,EMP_1110,DVKD_010,VUNG_2,463.98,1778.02,3262.5,3,75.56,2,43.4,41.7,40.7,37.5,39.0,40.0,40.95,0.0,D - Không đạt
202403,EMP_1111,DVKD_010,VUNG_2,1050.35,5299.02,8166.16,12,142.09,5,106.5,115.1,112.5,120.0,107.8,100.0,111.44,11.88,B - Đạt
202403,EMP_1112,DVKD_010,VUNG_2,943.9,5645.69,6703.26,11,200.04,4,101.0,105.0,93.4,110.0,107.6,80.0,100.83,8.74,B - Đạt
202403,EMP_1113,DVKD_010,VUNG_2,2110.19,13035.8,15418.99,17,283.06,10,91.1,93.3,89.5,100.0,114.6,111.1,95.28,4.15,B - Đạt
202403,EMP_1114,DVKD_010,VUNG_2,1520.6,8366.33,14930.61,14,334.04,6,99.1,98.6,106.0,100.0,110.6,85.7,103.25,14.51,B - Đạt
202403,EMP_1115,DVKD_010,VUNG_2,1475.13,10273.23,12452.85,19,449.35,9,108.0,117.0,112.5,118.8,135.6,128.6,116.14,8.45,B - Đạt
202403,EMP_1116,DVKD_010,VUNG_2,1377.51,6070.22,11338.52,11,247.54,8,60.7,60.3,52.6,61.1,63.0,72.7,58.19,0.0,D - Không đạt
202403,EMP_1117,DVKD_010,VUNG_2,1051.22,5219.58,9402.67,7,135.86,5,103.4,98.0,106.9,87.5,116.5,125.0,104.19,13.34,B - Đạt
202403,EMP_1118,DVKD_010,VUNG_2,1580.48,10158.74,12856.42,17,419.25,11,106.6,114.0,115.2,113.3,120.1,122.2,113.41,8.48,B - Đạt
202403,EMP_1119,DVKD_010,VUNG_2,1295.02,6274.22,11114.51,11,261.36,7,77.9,70.2,76.7,78.6,83.9,87.5,77.3,0.0,C - Cần nỗ lực
202403,EMP_1120,DVKD_011,VUNG_2,929.46,5530.28,9623.09,9,175.98,5,112.4,114.6,102.9,112.5,92.5,125.0,106.43,11.69,B - Đạt
202403,EMP_1121,DVKD_011,VUNG_2,940.13,6021.31,7869.61,10,176.0,5,113.4,101.0,111.5,111.1,101.9,125.0,108.92,13.52,B - Đạt
202403,EMP_1122,DVKD_011,VUNG_2,1305.85,7161.04,10909.28,10,185.24,5,136.6,145.9,132.3,125.0,122.4,125.0,133.2,23.93,A - Xuất sắc
202403,EMP_1123,DVKD_011,VUNG_2,1489.22,8560.24,17188.59,18,217.09,7,109.0,121.8,120.3,105.9,121.8,87.5,116.48,13.79,B - Đạt
202403,EMP_1124,DVKD_011,VUNG_2,2283.21,10275.41,16954.68,22,263.58,12,99.2,107.9,110.3,110.0,93.4,109.1,104.6,11.16,B - Đạt
202403,EMP_1125,DVKD_011,VUNG_2,1765.25,8375.79,15281.11,18,270.99,7,115.7,123.0,107.6,105.9,104.8,87.5,111.34,15.82,B - Đạt
202403,EMP_1126,DVKD_011,VUNG_2,2277.84,14164.4,14983.56,22,313.67,12,97.0,107.6,96.1,115.8,92.5,92.3,99.48,4.59,B - Đạt
202403,EMP_1127,DVKD_011,VUNG_2,1932.95,8504.85,16393.08,23,284.92,10,113.6,118.3,122.6,127.8,122.1,125.0,120.15,9.88,A - Xuất sắc
202403,EMP_1128,DVKD_011,VUNG_2,1466.73,10443.65,15785.39,17,316.09,8,106.7,104.5,113.5,121.4,97.5,100.0,108.84,9.37,B - Đạt
202403,EMP_1129,DVKD_011,VUNG_2,1049.93,5494.71,7535.32,8,178.81,7,60.7,59.5,61.8,61.5,65.7,70.0,61.73,0.0,D - Không đạt
202403,EMP_1130,DVKD_011,VUNG_2,1650.3,7618.1,11511.84,11,286.66,8,100.2,98.2,90.8,84.6,97.0,100.0,94.57,2.08,B - Đạt
202403,EMP_1131,DVKD_011,VUNG_2,2277.76,9979.04,14716.01,18,257.76,16,93.1,86.9,89.8,105.9,102.6,106.7,93.72,5.51,B - Đạt
202403,EMP_1132,DVKD_011,VUNG_2,866.28,4422.45,9192.07,10,129.11,7,99.1,91.6,104.9,100.0,82.0,116.7,97.53,2.16,B - Đạt
202403,EMP_1133,DVKD_011,VUNG_2,2827.77,16281.79,17302.86,26,386.0,16,117.8,117.6,113.6,130.0,117.8,123.1,117.52,9.47,B - Đạt
202403,EMP_1134,DVKD_012,VUNG_2,475.86,2277.33,4576.85,4,121.48,3,51.8,50.8,54.7,44.4,59.6,50.0,53.09,0.0,D - Không đạt
202403,EMP_1135,DVKD_012,VUNG_2,875.96,5404.57,6945.67,7,216.06,6,91.7,98.2,97.1,100.0,118.6,120.0,99.43,3.81,B - Đạt
202403,EMP_1136,DVKD_012,VUNG_2,844.8,5920.6,7934.94,9,151.24,5,103.6,101.7,96.1,112.5,87.4,125.0,99.15,3.41,B - Đạt
202403,EMP_1137,DVKD_012,VUNG_2,2415.15,14552.74,21231.79,21,443.39,17,105.5,107.2,102.9,116.7,112.3,121.4,106.98,12.45,B - Đạt
202403,EMP_1138,DVKD_012,VUNG_2,2878.63,18264.75,21782.72,37,577.16,15,149.1,138.6,137.1,168.2,145.8,166.7,144.74,21.87,A - Xuất sắc
202403,EMP_1139,DVKD_012,VUNG_2,794.4,4429.0,8993.57,10,148.69,4,91.9,93.7,101.2,100.0,101.0,100.0,97.6,2.38,B - Đạt
202403,EMP_1140,DVKD_012,VUNG_2,1547.57,7835.9,10907.51,15,170.07,7,93.3,91.7,88.4,83.3,80.1,100.0,88.36,3.7,C - Cần nỗ lực
202403,EMP_1141,DVKD_012,VUNG_2,2144.45,11207.94,18536.97,28,370.81,12,107.3,114.3,109.3,121.7,129.6,109.1,113.83,14.92,B - Đạt
202403,EMP_1142,DVKD_012,VUNG_2,2190.11,10674.79,21609.1,16,504.19,13,109.8,100.6,113.5,88.9,114.9,100.0,108.39,8.86,B - Đạt
202403,EMP_1143,DVKD_012,VUNG_2,1430.83,7076.28,15719.01,13,152.69,11,94.2,96.9,104.6,108.3,86.6,110.0,98.51,3.87,B - Đạt
202403,EMP_1144,DVKD_013,VUNG_2,1067.78,6102.56,8786.23,10,244.89,5,106.7,116.9,120.4,100.0,130.1,100.0,115.86,9.69,B - Đạt
202403,EMP_1145,DVKD_013,VUNG_2,870.04,4308.64,6791.36,10,126.86,4,103.1,98.9,93.5,111.1,97.5,100.0,99.07,5.04,B - Đạt
202403,EMP_1146,DVKD_013,VUNG_2,1045.82,4890.83,8352.62,9,130.73,6,104.9,93.6,97.7,100.0,114.4,100.0,101.62,13.86,B - Đạt
202403,EMP_1147,DVKD_013,VUNG_2,2239.16,12471.51,20073.94,19,557.56,14,107.7,109.4,106.4,105.6,114.6,100.0,108.33,14.11,B - Đạt
202403,EMP_1148,DVKD_013,VUNG_2,1158.43,6351.88,10370.06,10,166.1,7,71.1,66.4,66.7,66.7,64.8,77.8,67.47,0.0,D - Không đạt
202403,EMP_1149,DVKD_013,VUNG_2,955.46,4779.34,8472.2,8,212.56,8,66.2,68.6,74.7,61.5,65.9,80.0,69.02,0.0,D - Không đạt
202403,EMP_1150,DVKD_013,VUNG_2,1659.98,7081.33,15839.99,12,213.28,7,105.5,96.9,104.0,100.0,89.3,100.0,100.7,11.15,B - Đạt
202403,EMP_1151,DVKD_013,VUNG_2,1271.75,7606.9,14167.01,13,151.37,5,86.9,86.7,94.0,86.7,78.3,71.4,88.05,3.42,C - Cần nỗ lực
202403,EMP_1152,DVKD_013,VUNG_2,2137.54,9447.36,15637.62,17,241.7,9,134.3,129.3,142.9,113.3,129.0,128.6,133.66,25.81,A - Xuất sắc
202403,EMP_1153,DVKD_013,VUNG_2,1312.36,7434.69,11796.51,13,365.83,7,84.7,85.9,92.1,81.2,110.1,100.0,90.93,2.0,B - Đạt
202403,EMP_1154,DVKD_013,VUNG_2,2013.34,10790.44,16765.39,20,362.13,17,143.9,143.3,140.4,142.9,172.5,170.0,146.78,32.24,A - Xuất sắc
202403,EMP_1155,DVKD_013,VUNG_2,1552.92,9716.32,12171.95,16,285.02,8,112.3,112.0,110.0,106.7,133.9,88.9,114.13,8.53,B - Đạt
202403,EMP_1156,DVKD_013,VUNG_2,2036.44,11782.43,19402.52,16,304.48,10,142.4,147.4,149.3,123.1,128.1,142.9,141.49,23.05,A - Xuất sắc
202403,EMP_1157,DVKD_014,VUNG_2,611.59,2815.5,5674.14,5,80.82,3,67.9,68.0,69.9,62.5,69.3,60.0,68.28,0.0,D - Không đạt
202403,EMP_1158,DVKD_014,VUNG_2,991.24,6451.67,7801.22,10,155.11,6,107.4,116.5,109.7,125.0,127.7,100.0,114.38,14.98,B - Đạt
202403,EMP_1159,DVKD_014,VUNG_2,543.53,3146.85,4280.53,4,78.22,2,50.9,54.1,52.6,44.4,60.6,40.0,52.78,0.0,D - Không đạt
202403,EMP_1160,DVKD_014,VUNG_2,1432.06,8777.89,9792.6,15,233.15,6,90.4,91.8,82.7,100.0,91.1,100.0,88.98,2.2,C - Cần nỗ lực
202403,EMP_1161,DVKD_014,VUNG_2,1455.18,9369.42,12713.09,13,223.72,9,94.3,97.7,106.0,86.7,104.6,90.0,99.69,2.48,B - Đạt
202403,EMP_1162,DVKD_014,VUNG_2,1903.21,10015.01,15980.99,16,160.15,11,107.2,103.0,105.8,106.7,87.6,110.0,103.09,10.57,B - Đạt
202403,EMP_1163,DVKD_014,VUNG_2,1757.14,8934.29,13402.21,13,323.67,8,104.6,106.2,104.4,92.9,102.2,88.9,103.24,9.34,B - Đạt
202403,EMP_1164,DVKD_014,VUNG_2,2145.66,13306.21,18624.61,26,441.04,12,109.9,113.4,118.8,113.0,106.3,109.1,113.31,15.65,B - Đạt
202403,EMP_1165,DVKD_014,VUNG_2,943.32,5601.03,7990.34,13,149.22,6,108.6,117.5,111.5,118.2,139.9,120.0,116.6,12.84,B - Đạt
202403,EMP_1166,DVKD_014,VUNG_2,1384.28,8188.8,11774.87,16,258.48,8,97.3,99.0,87.0,100.0,74.7,100.0,90.83,2.14,B - Đạt
202403,EMP_1167,DVKD_014,VUNG_2,1743.49,11349.72,14194.95,25,288.74,13,88.2,89.6,86.8,104.2,72.4,100.0,87.15,2.78,C - Cần nỗ lực
202403,EMP_1168,DVKD_014,VUNG_2,1514.06,10560.42,14994.13,16,357.28,9,112.1,119.9,118.6,100.0,133.4,112.5,117.53,14.88,B - Đạt
202403,EMP_1169,DVKD_014,VUNG_2,1443.18,7668.99,12422.2,15,215.95,8,85.5,84.9,90.4,100.0,102.2,88.9,91.08,5.75,B - Đạt
202403,EMP_1170,DVKD_015,VUNG_2,1113.55,4901.4,9598.6,9,256.23,5,113.9,103.7,104.7,100.0,127.8,100.0,109.85,10.51,B - Đạt
202403,EMP_1171,DVKD_015,VUNG_2,897.41,5231.72,8074.37,8,165.27,5,108.9,108.6,103.2,114.3,115.2,100.0,108.34,12.85,B - Đạt
202403,EMP_1172,DVKD_015,VUNG_2,926.21,4786.08,7725.7,7,106.55,4,92.6,92.8,88.7,87.5,76.0,80.0,88.27,5.23,C - Cần nỗ lực
202403,EMP_1173,DVKD_015,VUNG_2,1515.36,8247.98,12282.6,16,244.97,7,92.3,90.0,85.2,94.1,82.2,77.8,88.13,5.08,C - Cần nỗ lực
202403,EMP_1174,DVKD_015,VUNG_2,1709.15,8175.64,14664.81,14,222.62,7,101.0,104.5,97.1,93.3,89.4,100.0,97.65,5.55,B - Đạt
202403,EMP_1175,DVKD_015,VUNG_2,1084.65,5735.77,9342.97,11,206.87,6,71.5,69.5,70.7,64.7,80.4,66.7,71.58,0.0,C - Cần nỗ lực
202403,EMP_1176,DVKD_015,VUNG_2,3541.02,20360.15,23135.81,27,697.44,15,146.9,150.3,127.4,135.0,170.1,115.4,142.88,34.34,A - Xuất sắc
202403,EMP_1177,DVKD_015,VUNG_2,1976.9,10943.98,13983.87,18,179.1,10,110.4,113.7,119.5,105.9,94.1,125.0,111.18,14.16,B - Đạt
202403,EMP_1178,DVKD_015,VUNG_2,2002.79,13001.76,16027.24,15,321.66,9,100.0,94.1,102.5,83.3,118.1,90.0,101.03,12.67,B - Đạt
202403,EMP_1179,DVKD_015,VUNG_2,877.61,4852.33,9251.59,8,159.73,6,61.9,65.1,60.2,66.7,64.4,66.7,62.64,0.0,D - Không đạt
202403,EMP_1180,DVKD_015,VUNG_2,1375.91,6254.76,8998.1,12,123.75,5,55.5,53.7,50.1,52.2,49.4,50.0,52.09,0.0,D - Không đạt
202403,EMP_1181,DVKD_015,VUNG_2,1375.65,9476.7,15379.93,16,209.95,8,101.2,101.2,103.9,106.7,89.8,88.9,100.98,10.79,B - Đạt
202403,EMP_1182,DVKD_015,VUNG_2,2584.0,15097.77,19135.46,23,523.41,13,112.2,115.7,104.1,104.5,139.6,108.3,113.23,12.55,B - Đạt
202403,EMP_1183,DVKD_015,VUNG_2,1711.66,10011.74,15911.09,14,427.16,8,110.0,116.2,105.3,100.0,136.4,114.3,112.25,9.91,B - Đạt
202403,EMP_1184,DVKD_016,VUNG_2,692.49,3331.12,6794.42,6,99.13,4,76.1,71.9,76.2,75.0,73.5,66.7,75.0,0.0,C - Cần nỗ lực
202403,EMP_1185,DVKD_016,VUNG_2,1047.83,4874.48,8428.69,9,131.76,6,107.2,111.1,105.1,112.5,106.8,100.0,107.52,9.79,B - Đạt
202403,EMP_1186,DVKD_016,VUNG_2,1046.57,5509.14,7310.45,7,201.99,6,99.3,98.3,105.3,87.5,96.5,120.0,99.65,3.91,B - Đạt
202403,EMP_1187,DVKD_016,VUNG_2,2404.08,11932.54,19692.98,23,465.15,18,110.9,106.8,119.4,100.0,114.0,128.6,112.63,16.84,B - Đạt
202403,EMP_1188,DVKD_016,VUNG_2,837.61,4458.43,8554.19,9,100.05,4,98.5,90.2,92.1,100.0,85.0,100.0,93.14,2.47,B - Đạt
202403,EMP_1189,DVKD_016,VUNG_2,964.14,5288.32,8889.69,9,101.69,6,90.8,95.2,96.5,81.8,83.8,100.0,91.5,2.38,B - Đạt
202403,EMP_1190,DVKD_016,VUNG_2,1592.49,8590.56,14595.68,13,322.23,10,99.8,102.0,105.0,92.9,97.1,100.0,100.86,12.42,B - Đạt
202403,EMP_1191,DVKD_016,VUNG_2,1289.91,8280.14,12040.22,13,229.87,8,54.5,59.3,61.4,54.2,54.3,57.1,57.57,0.0,D - Không đạt
202403,EMP_1192,DVKD_016,VUNG_2,828.75,4013.24,6913.09,7,178.73,3,55.2,56.1,52.8,58.3,60.9,42.9,55.66,0.0,D - Không đạt
202403,EMP_1193,DVKD_016,VUNG_2,1311.74,8507.06,10861.03,12,256.6,9,96.4,96.9,91.6,85.7,110.6,100.0,95.85,5.06,B - Đạt
202403,EMP_1194,DVKD_016,VUNG_2,731.71,4509.65,7962.28,9,102.0,4,50.9,53.2,54.7,52.9,48.7,57.1,52.44,0.0,D - Không đạt
202403,EMP_1195,DVKD_016,VUNG_2,1834.22,8658.64,14662.23,17,279.75,7,105.9,96.6,95.2,94.4,114.6,87.5,100.91,11.68,B - Đạt
202403,EMP_1196,DVKD_016,VUNG_2,1720.11,9164.45,13138.45,18,271.88,8,106.1,108.6,118.7,112.5,111.2,88.9,112.29,14.98,B - Đạt
202403,EMP_1197,DVKD_016,VUNG_2,1732.0,9258.63,12836.3,15,302.64,10,112.3,115.2,118.2,107.1,132.2,125.0,117.26,15.66,B - Đạt
202403,EMP_1198,DVKD_017,VUNG_3,1018.87,4981.43,8860.16,12,197.56,6,106.0,110.8,98.0,120.0,132.9,120.0,109.35,12.25,B - Đạt
202403,EMP_1199,DVKD_017,VUNG_3,968.55,6435.48,9578.78,10,201.69,7,113.4,117.5,105.7,100.0,135.8,116.7,113.34,16.97,B - Đạt
202403,EMP_1200,DVKD_017,VUNG_3,1055.72,4867.89,8632.01,13,167.23,6,108.7,111.8,117.4,118.2,104.4,120.0,112.51,12.08,B - Đạt
202403,EMP_1201,DVKD_017,VUNG_3,2012.25,9609.64,14692.28,12,295.46,7,113.7,110.6,116.6,100.0,103.0,100.0,111.28,13.64,B - Đạt
202403,EMP_1202,DVKD_017,VUNG_3,969.01,5353.87,10369.84,13,169.77,8,48.4,46.2,54.8,54.2,57.8,57.1,52.3,0.0,D - Không đạt
202403,EMP_1203,DVKD_017,VUNG_3,1620.24,8370.12,15880.19,16,252.03,9,109.5,100.0,107.7,114.3,90.9,112.5,105.13,12.03,B - Đạt
202403,EMP_1204,DVKD_017,VUNG_3,1115.17,5380.11,9662.2,9,166.93,6,110.4,119.3,110.3,112.5,122.3,120.0,113.69,10.37,B - Đạt
202403,EMP_1205,DVKD_017,VUNG_3,2627.23,11428.5,22203.55,20,281.63,15,160.5,158.8,158.6,142.9,136.5,150.0,154.22,34.56,A - Xuất sắc
202403,EMP_1206,DVKD_017,VUNG_3,1008.68,4592.36,9324.75,9,228.02,6,102.5,111.1,107.4,100.0,110.2,120.0,106.41,14.75,B - Đạt
202403,EMP_1207,DVKD_017,VUNG_3,1618.53,8605.62,13880.08,15,340.36,10,107.0,103.2,107.7,107.1,115.4,100.0,107.94,9.59,B - Đạt
202403,EMP_1208,DVKD_017,VUNG_3,1085.52,4946.68,8493.9,7,147.41,5,105.3,103.1,98.9,100.0,111.5,100.0,103.13,13.24,B - Đạt
202403,EMP_1209,DVKD_018,VUNG_3,782.78,4405.49,7484.81,8,118.86,5,92.2,88.7,88.3,100.0,107.5,100.0,93.38,4.1,B - Đạt
202403,EMP_1210,DVKD_018,VUNG_3,1523.91,8894.97,10821.33,14,239.2,6,155.2,150.4,163.5,175.0,139.0,150.0,156.94,22.16,A - Xuất sắc
202403,EMP_1211,DVKD_018,VUNG_3,533.96,3183.53,5434.8,6,69.57,3,61.9,60.2,62.6,66.7,56.8,60.0,61.61,0.0,D - Không đạt
202403,EMP_1212,DVKD_018,VUNG_3,1588.42,9849.87,15198.28,15,379.38,10,106.4,103.6,103.8,107.1,127.7,125.0,108.34,16.94,B - Đạt
202403,EMP_1213,DVKD_018,VUNG_3,499.25,2652.3,3783.26,4,74.48,3,52.3,55.8,54.9,50.0,55.4,50.0,53.97,0.0,D - Không đạt
202403,EMP_1214,DVKD_018,VUNG_3,1638.27,11355.34,13201.61,12,307.48,11,106.7,116.5,114.0,92.3,116.9,110.0,110.81,16.72,B - Đạt
202403,EMP_1215,DVKD_018,VUNG_3,1860.89,9775.02,14362.52,20,369.25,12,109.0,113.8,101.8,111.1,114.3,133.3,108.2,8.59,B - Đạt
202403,EMP_1216,DVKD_018,VUNG_3,1762.28,9591.93,12717.27,21,253.8,6,105.8,102.4,99.3,123.5,129.9,85.7,108.4,9.44,B - Đạt
202403,EMP_1217,DVKD_018,VUNG_3,848.06,4883.12,8368.04,7,141.99,5,104.1,102.8,98.8,87.5,93.8,83.3,98.84,3.96,B - Đạt
202403,EMP_1218,DVKD_018,VUNG_3,2285.29,14227.84,16710.0,19,548.02,11,144.1,143.7,143.7,135.7,179.5,157.1,148.37,27.37,A - Xuất sắc
202403,EMP_1219,DVKD_018,VUNG_3,534.61,3207.38,5205.63,4,72.97,4,63.3,59.3,61.5,50.0,57.4,66.7,59.85,0.0,D - Không đạt
202403,EMP_1220,DVKD_018,VUNG_3,1325.53,7156.75,10125.52,9,227.92,6,143.3,129.1,148.9,128.6,146.2,120.0,142.09,33.88,A - Xuất sắc
202403,EMP_1221,DVKD_018,VUNG_3,2146.61,10944.27,23258.64,27,332.38,15,149.2,158.5,166.5,168.8,129.3,150.0,155.62,28.83,A - Xuất sắc
202403,EMP_1222,DVKD_018,VUNG_3,1847.39,10504.34,15219.08,16,226.73,13,134.9,135.3,140.3,123.1,115.3,144.4,132.73,33.08,A - Xuất sắc
202403,EMP_1223,DVKD_019,VUNG_3,469.47,1973.09,4332.83,4,56.27,3,48.5,44.2,51.5,57.1,46.8,50.0,49.51,0.0,D - Không đạt
202403,EMP_1224,DVKD_019,VUNG_3,462.65,2932.84,3952.97,6,85.94,3,52.3,56.5,52.7,60.0,46.0,60.0,52.89,0.0,D - Không đạt
202403,EMP_1225,DVKD_019,VUNG_3,863.18,4035.45,7117.3,10,172.51,6,91.2,95.8,80.5,100.0,107.5,100.0,91.47,5.55,B - Đạt
202403,EMP_1226,DVKD_019,VUNG_3,1636.49,6420.5,14866.45,12,282.37,9,91.7,87.4,103.1,100.0,93.5,90.0,96.14,2.27,B - Đạt
202403,EMP_1227,DVKD_019,VUNG_3,1905.12,11262.89,14410.26,15,275.59,11,108.0,118.3,110.2,93.8,132.9,122.2,112.63,15.29,B - Đạt
202403,EMP_1228,DVKD_019,VUNG_3,656.78,4301.98,7631.4,7,105.6,4,47.0,45.4,49.2,46.7,39.9,50.0,46.44,0.0,D - Không đạt
202403,EMP_1229,DVKD_019,VUNG_3,2763.39,11971.69,18610.18,22,451.31,11,116.6,109.6,102.0,104.8,123.2,100.0,110.25,13.1,B - Đạt
202403,EMP_1230,DVKD_019,VUNG_3,1429.57,9129.87,10488.61,14,263.83,8,96.6,100.2,93.7,93.3,108.9,100.0,97.64,5.81,B - Đạt
202403,EMP_1231,DVKD_019,VUNG_3,1587.09,8524.55,14896.06,10,185.25,10,94.4,94.7,100.4,76.9,75.2,100.0,91.92,3.19,B - Đạt
202403,EMP_1232,DVKD_019,VUNG_3,983.66,5647.05,10048.22,10,196.82,5,106.3,98.6,110.9,100.0,96.7,100.0,104.69,11.52,B - Đạt
202403,EMP_1233,DVKD_019,VUNG_3,1977.04,13894.19,22644.15,24,394.62,16,145.8,155.1,161.4,171.4,148.1,177.8,155.56,26.68,A - Xuất sắc
202403,EMP_1234,DVKD_020,VUNG_3,885.57,5495.69,8722.44,11,165.74,5,105.2,113.6,102.8,100.0,90.6,83.3,102.91,13.81,B - Đạt
202403,EMP_1235,DVKD_020,VUNG_3,759.36,4101.84,7092.79,6,183.95,5,88.8,85.8,100.6,75.0,95.0,100.0,92.03,2.03,B - Đạt
202403,EMP_1236,DVKD_020,VUNG_3,929.31,5410.7,8504.86,11,196.06,6,106.5,110.5,107.4,110.0,105.7,120.0,107.65,14.69,B - Đạt
202403,EMP_1237,DVKD_020,VUNG_3,1017.61,5394.83,8611.0,7,165.5,7,60.2,57.6,56.2,50.0,56.7,70.0,56.87,0.0,D - Không đạt
202403,EMP_1238,DVKD_020,VUNG_3,1932.72,9514.13,12493.13,15,184.69,9,107.7,112.8,108.6,100.0,94.0,112.5,105.95,11.88,B - Đạt
202403,EMP_1239,DVKD_020,VUNG_3,2358.91,15499.89,18005.95,26,616.68,11,115.9,112.8,117.5,113.0,137.5,91.7,118.94,15.99,B - Đạt
202403,EMP_1240,DVKD_020,VUNG_3,2189.48,11760.55,23611.47,25,354.44,15,114.8,113.9,123.1,125.0,111.1,125.0,118.03,10.05,B - Đạt
202403,EMP_1241,DVKD_020,VUNG_3,1054.32,5600.29,8022.58,11,197.93,5,103.8,104.7,100.6,122.2,128.6,100.0,108.38,14.18,B - Đạt
202403,EMP_1242,DVKD_020,VUNG_3,2154.75,11229.62,20093.99,23,363.83,7,97.8,95.3,107.1,95.8,96.4,77.8,100.27,13.04,B - Đạt
202403,EMP_1243,DVKD_020,VUNG_3,2155.85,11576.8,18624.09,17,299.23,11,127.3,116.1,124.0,130.8,117.9,110.0,123.4,10.84,A - Xuất sắc
202403,EMP_1244,DVKD_020,VUNG_3,852.87,3803.09,6335.83,8,180.08,4,55.1,55.0,54.4,50.0,57.8,40.0,54.73,0.0,D - Không đạt
202403,EMP_1245,DVKD_020,VUNG_3,1265.15,6856.49,10521.0,13,233.32,9,88.9,83.8,85.5,92.9,75.6,100.0,85.35,4.66,C - Cần nỗ lực
202403,EMP_1246,DVKD_020,VUNG_3,841.55,4361.31,7094.3,8,174.14,3,89.3,84.8,88.3,88.9,106.2,75.0,90.77,2.69,B - Đạt
202403,EMP_1247,DVKD_020,VUNG_3,1903.75,10420.15,16604.66,17,328.35,12,138.4,136.3,121.8,121.4,111.9,133.3,126.6,16.95,A - Xuất sắc
202403,EMP_1248,DVKD_021,VUNG_3,982.35,5044.74,9188.14,8,131.42,6,110.8,120.2,112.3,100.0,91.6,100.0,108.77,16.8,B - Đạt
202403,EMP_1249,DVKD_021,VUNG_3,884.36,4754.31,6873.62,7,118.03,5,91.4,85.7,83.0,77.8,78.7,83.3,84.34,5.02,C - Cần nỗ lực
202403,EMP_1250,DVKD_021,VUNG_3,923.59,3881.94,7479.88,9,163.64,4,100.3,92.7,104.1,112.5,118.8,100.0,104.48,15.21,B - Đạt
202403,EMP_1251,DVKD_021,VUNG_3,1730.96,10874.42,11139.88,12,335.78,7,104.3,113.5,98.2,92.3,124.7,100.0,105.41,11.48,B - Đạt
202403,EMP_1252,DVKD_021,VUNG_3,2675.87,12371.08,20397.14,24,268.76,12,116.1,108.4,109.8,120.0,107.5,100.0,111.84,8.43,B - Đạt
202403,EMP_1253,DVKD_021,VUNG_3,1358.88,7105.14,14172.37,15,175.66,9,99.9,90.9,104.7,107.1,91.4,112.5,99.68,5.31,B - Đạt
202403,EMP_1254,DVKD_021,VUNG_3,1014.11,4903.76,8789.39,11,158.5,4,101.8,109.6,111.1,110.0,90.5,100.0,105.35,8.07,B - Đạt
202403,EMP_1255,DVKD_021,VUNG_3,1599.88,9741.14,11707.42,18,315.11,8,107.8,98.4,99.5,112.5,91.2,114.3,101.47,9.27,B - Đạt
202403,EMP_1256,DVKD_021,VUNG_3,1997.82,8789.63,14399.22,15,328.98,12,115.3,117.4,119.3,107.1,119.5,120.0,116.82,16.68,B - Đạt
202403,EMP_1257,DVKD_021,VUNG_3,1073.65,5805.38,8782.19,10,158.03,5,65.8,58.8,61.7,66.7,56.7,71.4,62.04,0.0,D - Không đạt
202403,EMP_1258,DVKD_021,VUNG_3,771.7,3751.87,6525.13,6,104.96,5,48.1,44.1,50.8,42.9,55.7,50.0,49.07,0.0,D - Không đạt
202403,EMP_1259,DVKD_021,VUNG_3,1686.21,9077.08,14724.75,14,270.38,8,106.9,117.0,105.3,100.0,109.2,114.3,107.51,15.13,B - Đạt
202403,EMP_1260,DVKD_022,VUNG_3,1051.23,5809.1,8856.76,11,173.0,6,110.8,108.2,109.9,110.0,101.2,120.0,108.57,15.93,B - Đạt
202403,EMP_1261,DVKD_022,VUNG_3,754.08,4470.74,8159.59,10,173.18,4,87.6,88.7,97.3,100.0,85.1,100.0,92.02,2.1,B - Đạt
202403,EMP_1262,DVKD_022,VUNG_3,1169.75,6791.0,9627.91,11,229.44,6,119.1,120.6,107.7,110.0,112.9,100.0,113.5,13.79,B - Đạt
202403,EMP_1263,DVKD_022,VUNG_3,2187.39,11008.28,21032.77,20,461.53,13,113.5,105.7,115.4,105.3,107.9,100.0,111.34,16.23,B - Đạt
202403,EMP_1264,DVKD_022,VUNG_3,1728.19,8250.96,14372.37,17,258.32,9,99.9,101.7,96.3,100.0,90.3,90.0,97.48,2.91,B - Đạt
202403,EMP_1265,DVKD_022,VUNG_3,1418.92,7322.85,10930.93,17,190.8,6,96.5,94.9,94.5,106.2,88.2,85.7,95.29,3.28,B - Đạt
202403,EMP_1266,DVKD_022,VUNG_3,1345.44,5826.97,12593.18,12,284.11,9,94.9,84.6,86.1,85.7,109.3,90.0,91.51,4.61,B - Đạt
202403,EMP_1267,DVKD_022,VUNG_3,1079.32,6552.78,8522.94,9,133.65,7,116.8,112.6,120.7,112.5,123.7,116.7,118.14,8.3,B - Đạt
202403,EMP_1268,DVKD_022,VUNG_3,1519.62,8617.47,15803.1,12,298.22,12,103.0,100.6,113.8,100.0,98.9,120.0,105.5,11.85,B - Đạt
202403,EMP_1269,DVKD_022,VUNG_3,1323.9,9107.15,11741.37,12,218.09,10,96.3,94.2,95.4,85.7,117.2,100.0,97.75,3.05,B - Đạt
202403,EMP_1270,DVKD_022,VUNG_3,1014.61,4983.7,7766.6,8,189.3,5,96.4,92.8,86.0,88.9,98.0,83.3,91.71,2.26,B - Đạt
202403,EMP_1271,DVKD_022,VUNG_3,1377.81,8784.7,11439.48,11,280.97,9,94.6,101.8,86.7,84.6,96.5,100.0,92.2,5.16,B - Đạt
202403,EMP_1272,DVKD_022,VUNG_3,1590.01,8679.17,12372.37,12,332.41,10,93.6,102.3,93.9,92.3,118.7,111.1,98.64,3.81,B - Đạt
202403,EMP_1273,DVKD_022,VUNG_3,1089.29,7113.55,10342.99,12,193.11,7,52.2,53.7,51.5,50.0,45.2,50.0,50.91,0.0,D - Không đạt
202403,EMP_1274,DVKD_023,VUNG_3,889.49,4882.64,7671.05,9,143.31,6,102.4,113.9,108.1,112.5,96.9,100.0,106.3,9.12,B - Đạt
202403,EMP_1275,DVKD_023,VUNG_3,808.18,5392.03,7656.32,8,158.08,5,97.9,105.6,90.1,100.0,97.4,100.0,96.46,5.87,B - Đạt
202403,EMP_1276,DVKD_023,VUNG_3,608.89,3055.42,6445.47,5,135.26,3,69.5,66.2,73.8,62.5,87.3,60.0,72.48,0.0,C - Cần nỗ lực
202403,EMP_1277,DVKD_023,VUNG_3,1503.41,8842.2,15815.81,12,304.02,9,101.0,99.7,104.4,100.0,99.9,90.0,101.73,11.4,B - Đạt
202403,EMP_1278,DVKD_023,VUNG_3,982.5,7283.74,9933.23,9,159.65,6,71.5,74.8,70.8,64.3,65.9,66.7,70.19,0.0,C - Cần nỗ lực
202403,EMP_1279,DVKD_023,VUNG_3,2863.32,15761.44,22647.77,28,386.56,16,122.8,116.2,114.8,133.3,127.6,145.5,120.78,10.75,A - Xuất sắc
202403,EMP_1280,DVKD_023,VUNG_3,1796.64,13044.76,20832.09,21,310.37,14,132.7,132.1,136.6,116.7,136.3,140.0,132.91,24.83,A - Xuất sắc
202403,EMP_1281,DVKD_023,VUNG_3,1553.52,7328.66,14334.46,14,250.81,6,91.9,94.5,96.0,107.7,99.6,75.0,96.46,5.51,B - Đạt
202403,EMP_1282,DVKD_023,VUNG_3,1002.56,5548.22,9092.17,9,132.06,5,58.4,62.6,62.3,64.3,69.9,50.0,62.71,0.0,D - Không đạt
202403,EMP_1283,DVKD_023,VUNG_3,2041.08,12411.14,19852.21,19,303.79,16,129.9,135.5,130.2,135.7,122.0,160.0,130.24,19.5,A - Xuất sắc
202403,EMP_1284,DVKD_023,VUNG_3,1673.71,8800.89,15149.06,13,351.87,13,85.7,86.0,89.8,76.5,101.1,100.0,88.57,3.82,C - Cần nỗ lực
202403,EMP_1285,DVKD_023,VUNG_3,3079.13,16644.84,27639.6,31,627.39,13,137.8,151.5,139.7,134.8,156.0,130.0,142.95,26.65,A - Xuất sắc
202403,EMP_1286,DVKD_023,VUNG_3,2232.43,12219.76,15922.03,17,350.83,14,144.1,138.1,147.2,130.8,153.6,155.6,144.38,25.55,A - Xuất sắc
202403,EMP_1287,DVKD_024,VUNG_3,879.1,5061.39,9017.34,12,225.28,5,104.7,111.0,105.7,120.0,130.1,125.0,111.33,16.03,B - Đạt
202403,EMP_1288,DVKD_024,VUNG_3,710.37,3545.08,6558.67,6,148.04,3,73.2,72.8,71.4,66.7,75.3,75.0,72.18,0.0,C - Cần nỗ lực
202403,EMP_1289,DVKD_024,VUNG_3,938.07,5773.66,7615.66,10,144.4,5,109.5,110.6,102.6,125.0,126.8,100.0,111.39,9.51,B - Đạt
202403,EMP_1290,DVKD_024,VUNG_3,1492.47,8386.43,14594.83,17,200.5,7,97.7,104.7,98.6,113.3,112.2,116.7,102.8,14.77,B - Đạt
202403,EMP_1291,DVKD_024,VUNG_3,1459.58,7828.2,9635.81,12,211.81,6,91.1,89.4,81.0,92.3,82.8,85.7,86.19,5.98,C - Cần nỗ lực
202403,EMP_1292,DVKD_024,VUNG_3,1232.94,4830.42,10399.7,10,137.81,8,118.6,115.7,125.9,111.1,114.2,133.3,119.31,15.98,B - Đạt
202403,EMP_1293,DVKD_024,VUNG_3,3090.21,18989.58,23222.37,33,711.44,21,154.7,157.4,152.6,157.1,163.7,150.0,155.96,21.64,A - Xuất sắc
202403,EMP_1294,DVKD_024,VUNG_3,1826.45,9125.17,12474.64,13,416.79,12,106.0,108.9,105.0,100.0,122.4,120.0,107.95,12.13,B - Đạt
202403,EMP_1295,DVKD_024,VUNG_3,2306.04,13077.25,20347.83,23,344.22,12,112.1,101.7,115.0,115.0,116.4,120.0,112.49,11.67,B - Đạt
202403,EMP_1296,DVKD_024,VUNG_3,1771.72,9877.53,11638.48,14,347.19,7,103.0,108.2,99.4,107.7,110.7,100.0,104.14,9.97,B - Đạt
202403,EMP_1297,DVKD_024,VUNG_3,1065.86,4531.54,7528.53,8,156.34,6,59.6,60.0,58.1,61.5,56.4,66.7,58.84,0.0,D - Không đạt
202403,EMP_1298,DVKD_024,VUNG_3,844.72,4995.47,9162.95,12,181.21,4,60.8,60.2,61.2,66.7,74.1,57.1,63.44,0.0,D - Không đạt
202404,EMP_1001,DVKD_001,VUNG_1,1380.2,7069.65,11635.04,10,261.16,6,151.1,144.5,141.9,142.9,159.8,150.0,147.38,33.5,A - Xuất sắc
202404,EMP_1002,DVKD_001,VUNG_1,1403.26,6631.31,9216.13,13,276.95,8,132.2,133.0,122.9,144.4,157.9,133.3,134.14,22.79,A - Xuất sắc
202404,EMP_1003,DVKD_001,VUNG_1,938.34,5742.42,6146.55,9,122.05,7,93.7,101.9,94.6,100.0,84.2,116.7,94.45,5.25,B - Đạt
202404,EMP_1004,DVKD_001,VUNG_1,2303.68,9714.87,21768.24,18,314.1,10,139.4,134.5,144.3,150.0,152.2,142.9,143.36,34.36,A - Xuất sắc
202404,EMP_1005,DVKD_001,VUNG_1,1598.73,7925.64,11642.81,14,305.06,9,101.7,100.5,89.2,107.7,101.9,112.5,97.77,5.83,B - Đạt
202404,EMP_1006,DVKD_001,VUNG_1,1994.53,10452.9,22454.89,23,598.22,11,97.1,95.7,103.5,109.5,123.7,100.0,104.36,11.38,B - Đạt
202404,EMP_1007,DVKD_001,VUNG_1,1383.16,7790.59,12708.18,14,294.52,11,91.5,95.3,84.0,100.0,92.0,110.0,90.37,5.47,B - Đạt
202404,EMP_1008,DVKD_001,VUNG_1,1661.47,9274.53,12984.0,16,304.85,9,105.0,113.2,112.0,100.0,116.8,90.0,109.95,14.09,B - Đạt
202404,EMP_1009,DVKD_001,VUNG_1,2252.85,15095.62,18401.23,24,292.92,9,100.6,110.6,94.9,120.0,100.6,100.0,102.05,10.87,B - Đạt
202404,EMP_1010,DVKD_001,VUNG_1,1425.66,8227.95,12452.56,16,210.95,10,99.5,99.1,107.5,106.7,108.0,100.0,104.23,14.79,B - Đạt
202404,EMP_1011,DVKD_001,VUNG_1,1609.04,7890.86,14767.01,14,282.53,8,102.3,96.1,95.0,93.3,110.7,114.3,99.18,5.35,B - Đạt
202404,EMP_1012,DVKD_001,VUNG_1,2273.81,9609.69,17585.98,18,273.71,16,135.8,132.1,140.9,138.5,121.8,160.0,135.2,31.67,A - Xuất sắc
202404,EMP_1013,DVKD_001,VUNG_1,1092.37,5874.82,8798.47,9,157.53,6,64.7,62.3,65.2,56.2,74.2,60.0,65.09,0.0,D - Không đạt
202404,EMP_1014,DVKD_001,VUNG_1,1851.06,12901.06,16067.16,23,270.81,13,97.8,99.6,98.4,92.0,88.7,108.3,96.33,5.52,B - Đạt
202404,EMP_1015,DVKD_002,VUNG_1,870.78,4901.05,8174.75,11,120.54,4,104.2,104.0,112.0,100.0,102.3,80.0,106.19,13.01,B - Đạt
202404,EMP_1016,DVKD_002,VUNG_1,1209.85,4825.33,8071.7,8,153.53,7,114.0,112.6,108.9,114.3,100.1,116.7,109.95,13.47,B - Đạt
202404,EMP_1017,DVKD_002,VUNG_1,927.88,5463.92,7305.25,11,170.13,4,98.8,103.4,100.7,110.0,121.9,100.0,104.74,9.04,B - Đạt
202404,EMP_1018,DVKD_002,VUNG_1,950.53,4622.01,8524.36,9,191.29,5,97.2,93.4,92.6,81.8,95.5,83.3,93.22,3.22,B - Đạt
202404,EMP_1019,DVKD_002,VUNG_1,1316.63,9637.28,13132.05,14,277.34,9,93.5,100.8,89.7,100.0,88.1,100.0,93.11,2.23,B - Đạt
202404,EMP_1020,DVKD_002,VUNG_1,1455.33,7298.21,8920.44,12,177.24,8,152.0,139.4,132.2,150.0,136.1,133.3,140.59,33.97,A - Xuất sắc
202404,EMP_1021,DVKD_002,VUNG_1,1339.17,6688.49,11107.39,12,221.1,8,87.6,97.4,94.1,85.7,90.1,88.9,91.53,2.12,B - Đạt
202404,EMP_1022,DVKD_002,VUNG_1,2245.02,9711.92,16686.73,22,332.5,11,126.2,133.2,136.4,129.4,109.5,110.0,128.64,11.43,A - Xuất sắc
202404,EMP_1023,DVKD_002,VUNG_1,1735.37,8708.78,11686.68,14,259.36,7,98.8,99.7,93.3,107.7,108.4,100.0,99.34,5.86,B - Đạt
202404,EMP_1024,DVKD_002,VUNG_1,1141.52,5938.66,9808.33,13,152.23,7,122.7,123.1,135.2,144.4,133.0,140.0,130.85,29.16,A - Xuất sắc
202404,EMP_1025,DVKD_002,VUNG_1,2343.6,10532.81,22469.96,19,359.89,13,110.4,101.7,116.1,105.6,97.1,92.9,108.61,11.8,B - Đạt
202404,EMP_1026,DVKD_003,VUNG_1,1091.37,5450.39,8622.65,13,163.95,5,109.9,102.4,101.0,118.2,102.2,100.0,105.34,8.22,B - Đạt
202404,EMP_1027,DVKD_003,VUNG_1,1281.28,7116.29,9539.62,15,228.96,8,153.9,142.9,142.2,150.0,167.7,133.3,149.84,32.29,A - Xuất sắc
202404,EMP_1028,DVKD_003,VUNG_1,1075.78,4612.64,7277.09,9,195.04,5,108.1,99.1,101.1,100.0,118.4,100.0,105.03,15.57,B - Đạt
202404,EMP_1029,DVKD_003,VUNG_1,2586.56,11297.67,20270.15,21,336.68,16,104.8,95.6,109.3,105.0,93.8,123.1,103.36,16.88,B - Đạt
202404,EMP_1030,DVKD_003,VUNG_1,1713.81,8250.12,14645.53,20,169.34,8,99.9,103.9,107.6,117.6,95.2,88.9,104.26,10.53,B - Đạt
202404,EMP_1031,DVKD_003,VUNG_1,1518.38,8701.38,13852.12,11,238.0,8,97.4,93.4,93.3,91.7,96.0,88.9,94.58,4.24,B - Đạt
202404,EMP_1032,DVKD_003,VUNG_1,2095.22,13821.99,19394.71,21,550.2,11,140.5,151.6,134.4,140.0,173.9,137.5,144.99,34.66,A - Xuất sắc
202404,EMP_1033,DVKD_003,VUNG_1,540.69,2874.24,3988.44,3,115.59,3,51.1,51.0,56.3,42.9,55.5,75.0,52.74,0.0,D - Không đạt
202404,EMP_1034,DVKD_003,VUNG_1,447.98,2269.44,3065.13,4,54.07,2,45.2,46.2,46.9,44.4,50.8,40.0,46.7,0.0,D - Không đạt
202404,EMP_1035,DVKD_003,VUNG_1,915.51,4731.66,8852.1,10,144.49,4,98.0,97.4,105.7,100.0,79.7,80.0,98.06,4.62,B - Đạt
202404,EMP_1036,DVKD_004,VUNG_1,1150.42,5519.2,9036.16,14,195.23,7,111.7,104.8,106.7,127.3,111.0,116.7,110.37,16.97,B - Đạt
202404,EMP_1037,DVKD_004,VUNG_1,554.36,3026.25,4666.96,6,138.1,3,66.5,69.7,66.4,60.0,77.5,75.0,67.94,0.0,D - Không đạt
202404,EMP_1038,DVKD_004,VUNG_1,807.07,5027.72,6951.53,9,204.68,5,98.8,100.5,100.8,112.5,105.8,83.3,102.17,16.12,B - Đạt
202404,EMP_1039,DVKD_004,VUNG_1,1711.81,8047.19,14552.47,12,240.4,8,107.5,113.7,100.4,92.3,96.6,114.3,102.79,11.69,B - Đạt
202404,EMP_1040,DVKD_004,VUNG_1,1936.85,9773.69,14560.09,16,189.57,10,110.3,106.7,112.5,106.7,106.2,125.0,109.55,13.1,B - Đạt
202404,EMP_1041,DVKD_004,VUNG_1,928.05,4899.64,10563.57,11,178.25,5,106.0,105.5,119.1,122.2,127.3,125.0,115.33,13.85,B - Đạt
202404,EMP_1042,DVKD_004,VUNG_1,2253.4,10287.1,14920.58,19,288.31,10,93.0,89.8,83.3,90.5,74.5,76.9,86.1,2.71,C - Cần nỗ lực
202404,EMP_1043,DVKD_004,VUNG_1,1663.03,6562.42,12127.79,16,330.37,10,92.4,94.9,95.4,106.7,109.5,100.0,97.82,5.29,B - Đạt
202404,EMP_1044,DVKD_004,VUNG_1,1918.83,10287.28,12860.57,13,213.84,10,109.2,107.4,108.0,108.3,119.9,111.1,110.02,8.35,B - Đạt
202404,EMP_1045,DVKD_004,VUNG_1,1970.05,9069.79,19069.5,19,231.74,13,123.2,118.4,137.1,111.8,118.6,144.4,125.52,16.03,A - Xuất sắc
202404,EMP_1046,DVKD_004,VUNG_1,2165.0,10937.9,16291.65,19,403.55,11,131.9,132.8,126.4,146.2,133.6,137.5,131.8,34.59,A - Xuất sắc
202404,EMP_1047,DVKD_004,VUNG_1,2353.72,13487.03,21710.08,27,581.44,13,152.1,160.1,159.4,168.8,172.9,130.0,160.64,22.11,A - Xuất sắc
202404,EMP_1048,DVKD_005,VUNG_1,1014.38,4913.07,9448.82,8,148.24,4,101.1,98.7,104.7,80.0,101.5,80.0,99.95,3.28,B - Đạt
202404,EMP_1049,DVKD_005,VUNG_1,1036.12,5510.85,7631.88,8,215.22,4,97.4,103.3,101.5,88.9,104.0,100.0,99.86,4.86,B - Đạt
202404,EMP_1050,DVKD_005,VUNG_1,912.63,5371.89,6637.32,9,144.21,5,105.4,99.4,98.6,100.0,117.1,125.0,103.33,16.92,B - Đạt
202404,EMP_1051,DVKD_005,VUNG_1,1495.71,8583.12,13354.07,13,253.49,8,68.0,65.6,62.2,61.9,83.8,66.7,67.37,0.0,D - Không đạt
202404,EMP_1052,DVKD_005,VUNG_1,1017.62,4210.08,7299.86,10,105.27,6,56.5,53.0,60.6,62.5,51.2,60.0,57.21,0.0,D - Không đạt
202404,EMP_1053,DVKD_005,VUNG_1,1795.92,10174.66,13531.92,16,204.93,11,113.9,108.5,108.9,123.1,95.5,122.2,109.5,15.4,B - Đạt
202404,EMP_1054,DVKD_005,VUNG_1,1524.44,9837.18,12458.61,15,256.79,8,97.2,98.6,85.5,88.2,82.9,88.9,90.27,2.85,B - Đạt
202404,EMP_1055,DVKD_005,VUNG_1,1197.42,6145.3,10343.53,12,109.45,6,68.3,64.5,69.0,75.0,56.6,85.7,66.89,0.0,D - Không đạt
202404,EMP_1056,DVKD_005,VUNG_1,2532.93,11986.05,22293.93,23,565.65,12,101.9,91.5,103.3,100.0,116.9,92.3,102.89,16.62,B - Đạt
202404,EMP_1057,DVKD_005,VUNG_1,1845.92,10607.48,11786.7,18,275.77,7,113.6,111.1,104.4,120.0,104.5,100.0,109.28,14.05,B - Đạt
202404,EMP_1058,DVKD_005,VUNG_1,875.31,4194.88,7944.2,10,225.18,7,104.0,93.8,105.6,100.0,125.5,116.7,105.85,8.47,B - Đạt
202404,EMP_1059,DVKD_006,VUNG_1,1098.11,6425.43,7606.1,9,212.07,4,116.3,111.7,109.8,100.0,111.0,100.0,110.91,13.65,B - Đạt
202404,EMP_1060,DVKD_006,VUNG_1,818.1,5573.44,8304.0,6,189.81,4,94.6,93.8,95.5,85.7,98.5,80.0,94.49,2.95,B - Đạt
202404,EMP_1061,DVKD_006,VUNG_1,1110.98,5393.3,8547.84,13,213.56,6,125.2,122.3,118.0,130.0,143.7,120.0,125.5,15.51,A - Xuất sắc
202404,EMP_1062,DVKD_006,VUNG_1,2422.68,15987.99,20559.81,32,387.14,15,118.5,124.0,110.1,139.1,138.9,136.4,121.5,9.9,A - Xuất sắc
202404,EMP_1063,DVKD_006,VUNG_1,1905.94,10903.96,17388.5,15,394.42,12,108.1,112.7,113.1,100.0,134.0,120.0,113.61,13.24,B - Đạt
202404,EMP_1064,DVKD_006,VUNG_1,1430.17,9076.52,13814.39,16,200.84,7,92.3,98.0,97.0,106.7,107.3,87.5,98.49,3.55,B - Đạt
202404,EMP_1065,DVKD_006,VUNG_1,2011.78,12765.89,17875.29,21,272.31,13,131.4,137.7,138.7,150.0,150.0,130.0,139.55,20.51,A - Xuất sắc
202404,EMP_1066,DVKD_006,VUNG_1,876.68,5667.46,10156.52,11,219.11,7,103.0,109.3,109.3,100.0,116.0,116.7,107.8,15.29,B - Đạt
202404,EMP_1067,DVKD_006,VUNG_1,1914.79,8091.67,14216.72,18,285.7,10,107.1,99.4,94.5,112.5,87.1,111.1,99.07,4.03,B - Đạt
202404,EMP_1068,DVKD_006,VUNG_1,1537.14,7713.07,16334.02,20,233.67,8,103.1,97.6,110.6,117.6,82.9,114.3,103.32,11.06,B - Đạt
202404,EMP_1069,DVKD_006,VUNG_1,2372.92,13940.78,23393.76,21,519.02,13,154.9,157.3,155.3,131.2,183.3,162.5,157.29,27.56,A - Xuất sắc
202404,EMP_1070,DVKD_006,VUNG_1,1595.25,10293.16,14681.64,17,400.07,8,106.0,109.5,105.5,100.0,121.5,114.3,108.07,8.16,B - Đạt
202404,EMP_1071,DVKD_006,VUNG_1,2215.93,10212.11,18440.4,25,388.71,9,99.4,90.6,92.4,104.2,104.3,75.0,96.84,2.84,B - Đạt
202404,EMP_1072,DVKD_006,VUNG_1,1079.44,6415.63,9052.05,10,249.16,4,124.4,126.7,122.7,125.0,145.1,100.0,127.31,13.22,A - Xuất sắc
202404,EMP_1073,DVKD_007,VUNG_1,670.3,3337.66,5301.36,8,75.19,3,63.8,65.2,73.4,80.0,54.9,60.0,67.66,0.0,D - Không đạt
202404,EMP_1074,DVKD_007,VUNG_1,737.95,4434.72,6293.91,5,116.39,3,78.0,80.8,70.7,62.5,73.5,75.0,73.64,0.0,C - Cần nỗ lực
202404,EMP_1075,DVKD_007,VUNG_1,1023.49,6052.22,7127.32,9,123.35,6,100.9,102.8,91.7,100.0,116.9,120.0,100.27,15.01,B - Đạt
202404,EMP_1076,DVKD_007,VUNG_1,2874.44,18102.77,24249.93,32,713.74,19,141.0,140.8,127.4,139.1,150.4,146.2,137.43,20.05,A - Xuất sắc
202404,EMP_1077,DVKD_007,VUNG_1,2666.98,11323.19,17212.26,25,521.32,15,154.2,150.0,140.7,156.2,164.1,166.7,150.53,28.51,A - Xuất sắc
202404,EMP_1078,DVKD_007,VUNG_1,1660.21,8449.01,16661.02,17,296.05,8,117.5,105.5,116.2,130.8,111.6,114.3,115.69,12.35,B - Đạt
202404,EMP_1079,DVKD_007,VUNG_1,628.19,2952.89,4170.94,5,78.02,3,61.6,59.6,60.4,55.6,52.6,75.0,58.93,0.0,D - Không đạt
202404,EMP_1080,DVKD_007,VUNG_1,2093.15,9976.83,16175.67,14,416.74,9,135.8,138.3,136.7,116.7,142.0,112.5,135.51,24.57,A - Xuất sắc
202404,EMP_1081,DVKD_007,VUNG_1,950.22,5541.98,10085.47,10,145.14,7,98.9,99.4,112.2,111.1,84.5,116.7,102.69,10.66,B - Đạt
202404,EMP_1082,DVKD_007,VUNG_1,2257.65,13962.53,18565.93,17,271.78,13,97.1,101.4,92.7,85.0,95.4,108.3,94.74,2.59,B - Đạt
202404,EMP_1083,DVKD_008,VUNG_1,491.34,2465.68,4528.58,5,82.33,3,52.2,49.7,48.9,55.6,51.3,50.0,50.88,0.0,D - Không đạt
202404,EMP_1084,DVKD_008,VUNG_1,539.7,2330.83,4114.39,5,150.73,2,57.8,56.3,59.4,55.6,74.7,50.0,60.45,0.0,D - Không đạt
202404,EMP_1085,DVKD_008,VUNG_1,674.45,2535.82,4480.22,5,81.63,2,64.8,59.1,59.4,62.5,51.1,50.0,59.77,0.0,D - Không đạt
202404,EMP_1086,DVKD_008,VUNG_1,1340.16,7060.38,11500.93,12,199.37,10,90.1,88.3,94.2,100.0,99.7,100.0,93.69,4.62,B - Đạt
202404,EMP_1087,DVKD_008,VUNG_1,1704.93,10179.65,13590.77,16,252.99,10,110.7,103.9,110.8,114.3,122.2,111.1,111.8,11.33,B - Đạt
202404,EMP_1088,DVKD_008,VUNG_1,1288.15,8188.16,11656.39,12,261.54,9,95.4,95.7,104.8,100.0,100.9,112.5,100.02,13.7,B - Đạt
202404,EMP_1089,DVKD_008,VUNG_1,1080.39,5706.14,9356.04,12,175.89,5,115.9,120.7,123.6,120.0,91.4,125.0,116.05,13.56,B - Đạt
202404,EMP_1090,DVKD_008,VUNG_1,1518.41,10284.34,15939.53,17,249.66,10,107.5,116.4,110.3,106.2,124.2,111.1,112.19,9.46,B - Đạt
202404,EMP_1091,DVKD_008,VUNG_1,1395.25,9511.58,13275.2,16,276.56,9,100.4,108.1,96.2,114.3,83.2,112.5,98.9,4.18,B - Đạt
202404,EMP_1092,DVKD_008,VUNG_1,1809.79,11446.43,17521.88,21,252.6,9,132.0,128.0,135.5,150.0,132.6,128.6,134.51,23.9,A - Xuất sắc
202404,EMP_1093,DVKD_008,VUNG_1,2062.46,12996.72,23057.24,23,392.96,12,108.2,105.3,113.6,121.1,97.5,92.3,109.34,8.73,B - Đạt
202404,EMP_1094,DVKD_008,VUNG_1,946.51,6651.64,8060.77,12,216.56,5,113.6,112.5,100.3,120.0,105.4,100.0,108.19,12.27,B - Đạt
202404,EMP_1095,DVKD_008,VUNG_1,1912.38,9381.43,12662.86,17,350.94,12,80.9,79.7,83.1,77.3,93.5,85.7,83.02,4.99,C - Cần nỗ lực
202404,EMP_1096,DVKD_009,VUNG_2,1035.26,5177.0,10316.62,11,208.6,5,117.1,115.7,116.3,110.0,125.8,125.0,117.2,15.92,B - Đạt
202404,EMP_1097,DVKD_009,VUNG_2,1192.29,5490.51,9950.19,13,212.68,8,125.0,116.9,121.7,144.4,104.7,160.0,121.52,14.13,A - Xuất sắc
202404,EMP_1098,DVKD_009,VUNG_2,933.42,4360.66,8934.24,11,133.55,5,108.7,105.7,111.7,122.2,116.6,83.3,111.83,12.78,B - Đạt
202404,EMP_1099,DVKD_009,VUNG_2,3612.65,17081.78,25612.24,36,407.78,21,161.9,158.2,156.7,156.5,144.2,150.0,156.33,19.45,A - Xuất sắc
202404,EMP_1100,DVKD_009,VUNG_2,2195.91,9789.93,19449.89,15,469.06,13,132.7,140.1,126.2,115.4,156.4,162.5,133.36,27.08,A - Xuất sắc
202404,EMP_1101,DVKD_009,VUNG_2,1378.94,7509.4,14460.27,13,406.11,9,98.9,103.5,95.8,92.9,119.5,90.0,101.0,13.46,B - Đạt
202404,EMP_1102,DVKD_009,VUNG_2,1944.6,11129.98,18854.17,18,333.54,12,101.1,105.1,98.5,94.7,90.2,100.0,98.51,5.7,B - Đạt
202404,EMP_1103,DVKD_009,VUNG_2,1991.94,8457.05,13578.66,18,228.0,8,112.1,110.4,110.1,120.0,122.3,114.3,113.47,8.8,B - Đạt
202404,EMP_1104,DVKD_009,VUNG_2,1564.85,9050.9,11077.05,14,277.6,8,95.7,93.1,101.7,93.3,100.0,114.3,97.81,2.4,B - Đạt
202404,EMP_1105,DVKD_009,VUNG_2,1515.13,8126.67,11027.23,14,259.26,10,89.5,91.5,96.7,93.3,102.5,100.0,94.65,3.4,B - Đạt
202404,EMP_1106,DVKD_009,VUNG_2,767.92,4400.87,5722.78,8,85.11,3,48.8,47.3,49.8,53.3,41.6,42.9,48.29,0.0,D - Không đạt
202404,EMP_1107,DVKD_009,VUNG_2,1932.78,11507.54,14913.55,14,343.81,13,108.7,116.5,110.8,116.7,108.4,130.0,111.36,13.48,B - Đạt
202404,EMP_1108,DVKD_009,VUNG_2,2461.6,12686.8,18360.85,18,467.05,10,107.9,101.9,113.0,105.9,99.2,100.0,107.28,16.32,B - Đạt
202404,EMP_1109,DVKD_009,VUNG_2,1071.7,6879.41,11835.35,12,159.76,8,73.3,76.6,75.9,70.6,75.3,80.0,74.73,0.0,C - Cần nỗ lực
202404,EMP_1110,DVKD_010,VUNG_2,1348.38,6424.56,12315.56,11,150.98,11,152.2,146.3,153.6,157.1,132.0,183.3,149.27,27.79,A - Xuất sắc
202404,EMP_1111,DVKD_010,VUNG_2,1653.28,8234.92,16023.99,15,211.55,8,159.9,150.5,171.3,150.0,166.4,160.0,162.47,23.47,A - Xuất sắc
202404,EMP_1112,DVKD_010,VUNG_2,1142.69,6162.68,10045.74,11,273.82,6,111.3,106.7,109.2,122.2,131.7,100.0,114.02,12.39,B - Đạt
202404,EMP_1113,DVKD_010,VUNG_2,2115.49,13191.42,18064.53,18,534.56,13,102.6,105.6,104.5,94.7,111.4,118.2,104.25,10.17,B - Đạt
202404,EMP_1114,DVKD_010,VUNG_2,1652.5,7032.5,13704.13,15,152.47,5,93.8,97.3,90.0,93.8,86.8,83.3,91.94,3.93,B - Đạt
202404,EMP_1115,DVKD_010,VUNG_2,1569.78,10292.87,14800.99,18,291.42,8,109.9,120.0,104.7,120.0,119.6,114.3,112.06,13.01,B - Đạt
202404,EMP_1116,DVKD_010,VUNG_2,2409.97,11979.74,19064.49,22,384.69,13,98.7,96.3,101.7,91.7,86.5,118.2,96.86,3.35,B - Đạt
202404,EMP_1117,DVKD_010,VUNG_2,1293.97,8814.51,11027.3,15,192.47,7,153.4,148.2,145.8,166.7,132.2,116.7,148.11,31.56,A - Xuất sắc
202404,EMP_1118,DVKD_010,VUNG_2,2008.45,10938.04,14300.95,16,267.72,8,117.1,110.0,125.5,114.3,128.2,133.3,120.36,9.16,A - Xuất sắc
202404,EMP_1119,DVKD_010,VUNG_2,1762.93,9380.93,15470.5,16,191.75,10,104.7,101.7,110.0,100.0,92.0,100.0,103.73,8.65,B - Đạt
202404,EMP_1120,DVKD_011,VUNG_2,1340.78,7752.44,9208.51,14,279.82,6,137.0,137.6,129.4,127.3,135.5,150.0,133.23,32.18,A - Xuất sắc
202404,EMP_1121,DVKD_011,VUNG_2,1175.21,6504.66,10310.06,9,309.82,6,124.6,119.8,125.3,128.6,148.7,120.0,128.14,11.78,A - Xuất sắc
202404,EMP_1122,DVKD_011,VUNG_2,823.59,4738.02,7673.2,7,127.33,6,98.1,102.7,96.9,87.5,101.6,100.0,97.83,5.09,B - Đạt
202404,EMP_1123,DVKD_011,VUNG_2,2393.66,12870.17,18051.53,21,403.45,9,144.9,147.4,155.0,131.2,132.0,128.6,145.5,32.04,A - Xuất sắc
202404,EMP_1124,DVKD_011,VUNG_2,2445.84,14517.86,22294.69,26,372.61,13,98.7,108.7,106.0,113.0,119.3,92.9,107.27,12.38,B - Đạt
202404,EMP_1125,DVKD_011,VUNG_2,1314.47,10133.52,12605.58,16,304.18,8,96.6,102.3,89.7,100.0,103.4,80.0,96.4,4.62,B - Đạt
202404,EMP_1126,DVKD_011,VUNG_2,2135.55,12592.48,22087.82,27,536.02,14,112.9,110.1,112.4,122.7,118.0,127.3,114.05,12.56,B - Đạt
202404,EMP_1127,DVKD_011,VUNG_2,1925.11,8820.57,13064.51,19,238.53,8,111.3,108.9,114.8,126.7,91.1,100.0,110.67,12.13,B - Đạt
202404,EMP_1128,DVKD_011,VUNG_2,2231.32,14606.67,18561.83,27,427.69,12,162.9,160.4,168.4,150.0,159.5,150.0,162.65,32.07,A - Xuất sắc
202404,EMP_1129,DVKD_011,VUNG_2,1618.38,8628.62,15841.99,19,471.33,6,106.0,109.6,105.4,111.8,135.3,85.7,111.31,12.74,B - Đạt
202404,EMP_1130,DVKD_011,VUNG_2,1518.5,9287.39,13597.77,12,180.68,7,91.5,94.1,89.4,92.3,77.7,100.0,89.17,5.45,C - Cần nỗ lực
202404,EMP_1131,DVKD_011,VUNG_2,2093.98,8584.67,16513.89,14,346.95,13,91.7,89.0,91.6,82.4,78.8,92.9,88.39,3.86,C - Cần nỗ lực
202404,EMP_1132,DVKD_011,VUNG_2,940.03,4043.26,7103.18,9,141.85,5,90.7,88.8,90.6,81.8,73.7,83.3,86.94,4.2,C - Cần nỗ lực
202404,EMP_1133,DVKD_011,VUNG_2,2310.72,9742.91,13996.9,19,371.39,7,104.2,92.1,89.7,86.4,105.4,77.8,95.71,5.48,B - Đạt
202404,EMP_1134,DVKD_012,VUNG_2,655.45,2799.44,6203.78,7,123.89,4,70.4,64.8,66.8,63.6,85.7,66.7,69.92,0.0,D - Không đạt
202404,EMP_1135,DVKD_012,VUNG_2,1642.27,9205.09,10853.62,17,192.69,8,164.7,164.9,163.0,170.0,174.0,160.0,166.06,18.87,A - Xuất sắc
202404,EMP_1136,DVKD_012,VUNG_2,859.16,3703.05,6629.36,6,206.91,5,92.7,86.6,99.8,85.7,106.5,100.0,95.64,2.68,B - Đạt
202404,EMP_1137,DVKD_012,VUNG_2,3562.45,17259.8,33382.39,32,594.73,14,156.3,151.9,159.5,139.1,149.5,127.3,154.02,32.47,A - Xuất sắc
202404,EMP_1138,DVKD_012,VUNG_2,2618.21,12156.33,19859.75,22,556.2,15,120.0,106.3,103.0,122.2,137.5,115.4,114.84,9.21,B - Đạt
202404,EMP_1139,DVKD_012,VUNG_2,920.02,5431.73,9608.21,8,123.44,6,112.6,107.1,117.6,100.0,116.1,100.0,112.79,12.84,B - Đạt
202404,EMP_1140,DVKD_012,VUNG_2,861.39,5549.86,7843.87,7,175.07,5,53.3,58.5,51.8,53.8,66.3,62.5,55.55,0.0,D - Không đạt
202404,EMP_1141,DVKD_012,VUNG_2,2344.81,12691.14,15876.07,20,310.1,12,106.9,103.2,97.0,111.1,121.2,120.0,105.45,16.46,B - Đạt
202404,EMP_1142,DVKD_012,VUNG_2,2506.07,13017.08,23647.85,25,470.11,12,111.0,110.1,121.3,125.0,121.2,100.0,117.4,13.89,B - Đạt
202404,EMP_1143,DVKD_012,VUNG_2,1494.85,9039.99,15560.23,13,358.35,10,105.6,108.9,113.6,92.9,103.9,125.0,107.37,12.39,B - Đạt
202404,EMP_1144,DVKD_013,VUNG_2,1018.26,4588.68,7305.26,11,192.66,4,103.1,105.3,102.0,110.0,117.7,100.0,105.92,15.11,B - Đạt
202404,EMP_1145,DVKD_013,VUNG_2,1006.23,6107.42,9118.83,8,135.59,5,111.5,102.6,109.5,100.0,120.9,125.0,109.72,9.68,B - Đạt
202404,EMP_1146,DVKD_013,VUNG_2,1070.23,6322.53,8110.32,11,201.37,6,114.0,116.9,103.6,110.0,103.6,120.0,108.83,15.29,B - Đạt
202404,EMP_1147,DVKD_013,VUNG_2,2115.46,11595.16,18179.17,18,496.44,15,100.7,106.7,104.9,100.0,108.0,107.1,104.09,12.35,B - Đạt
202404,EMP_1148,DVKD_013,VUNG_2,1338.68,9200.08,12167.25,14,263.35,7,85.1,94.4,87.7,87.5,102.6,100.0,90.27,3.39,B - Đạt
202404,EMP_1149,DVKD_013,VUNG_2,1441.2,8408.74,14303.11,17,224.17,8,92.0,90.8,97.2,100.0,93.1,100.0,94.61,3.42,B - Đạt
202404,EMP_1150,DVKD_013,VUNG_2,1615.11,5939.53,9214.39,14,269.6,6,93.8,87.1,84.9,100.0,99.1,85.7,91.09,3.29,B - Đạt
202404,EMP_1151,DVKD_013,VUNG_2,2330.07,13442.09,25243.94,23,523.09,12,150.5,152.4,166.3,164.3,151.3,171.4,157.81,26.5,A - Xuất sắc
202404,EMP_1152,DVKD_013,VUNG_2,1507.38,7831.88,11185.89,12,369.69,7,102.0,104.4,92.8,92.3,114.3,100.0,100.02,9.15,B - Đạt
202404,EMP_1153,DVKD_013,VUNG_2,1562.21,7774.49,13723.61,17,330.73,8,108.6,105.6,113.8,130.8,103.2,114.3,111.38,8.33,B - Đạt
202404,EMP_1154,DVKD_013,VUNG_2,2474.3,15533.56,19022.1,21,481.17,12,150.4,161.3,153.1,161.5,188.8,150.0,159.85,22.58,A - Xuất sắc
202404,EMP_1155,DVKD_013,VUNG_2,1567.77,8268.5,14494.63,20,350.3,8,103.3,112.5,108.7,117.6,123.3,100.0,111.0,12.36,B - Đạt
202404,EMP_1156,DVKD_013,VUNG_2,1641.84,6304.32,14747.94,11,196.42,9,98.3,87.8,98.1,84.6,94.3,100.0,94.68,4.41,B - Đạt
202404,EMP_1157,DVKD_014,VUNG_2,493.62,2096.92,3873.82,5,88.56,3,49.5,44.7,50.2,55.6,43.9,50.0,48.8,0.0,D - Không đạt
202404,EMP_1158,DVKD_014,VUNG_2,1009.6,5740.24,7595.92,9,116.9,5,104.2,100.3,103.7,112.5,89.3,100.0,102.03,9.75,B - Đạt
202404,EMP_1159,DVKD_014,VUNG_2,984.59,4697.04,8408.12,11,204.14,8,111.2,108.7,105.8,122.2,130.6,133.3,112.94,14.97,B - Đạt
202404,EMP_1160,DVKD_014,VUNG_2,1993.96,10350.61,16980.72,14,264.03,10,117.1,110.9,123.5,107.7,108.7,100.0,116.21,12.58,B - Đạt
202404,EMP_1161,DVKD_014,VUNG_2,1986.32,8866.29,15748.96,14,330.68,12,117.7,110.9,118.5,107.7,110.3,133.3,114.85,12.51,B - Đạt
202404,EMP_1162,DVKD_014,VUNG_2,1626.28,11215.85,13752.6,15,249.55,9,103.8,113.8,105.2,100.0,87.1,90.0,102.91,11.17,B - Đạt
202404,EMP_1163,DVKD_014,VUNG_2,1617.28,6804.56,14205.35,14,177.05,6,98.5,91.2,94.1,93.3,82.0,85.7,92.87,4.51,B - Đạt
202404,EMP_1164,DVKD_014,VUNG_2,1964.44,11281.99,16079.36,22,240.16,9,91.0,100.6,99.4,91.7,78.1,100.0,93.52,3.54,B - Đạt
202404,EMP_1165,DVKD_014,VUNG_2,1015.89,5001.65,8295.56,9,114.32,5,100.3,107.6,104.0,112.5,104.6,100.0,104.55,13.83,B - Đạt
202404,EMP_1166,DVKD_014,VUNG_2,2266.78,11757.49,19211.62,19,353.72,9,151.0,142.6,149.2,135.7,135.0,128.6,145.18,26.92,A - Xuất sắc
202404,EMP_1167,DVKD_014,VUNG_2,2525.75,15023.61,20665.85,22,640.13,16,132.5,130.7,122.2,129.4,137.4,145.5,129.05,16.01,A - Xuất sắc
202404,EMP_1168,DVKD_014,VUNG_2,1350.92,7226.64,10468.61,12,223.35,6,85.7,84.5,93.7,85.7,104.0,85.7,91.06,5.27,B - Đạt
202404,EMP_1169,DVKD_014,VUNG_2,1677.04,10149.43,14694.97,18,258.81,10,110.9,118.7,118.5,112.5,118.3,111.1,116.0,16.95,B - Đạt
202404,EMP_1170,DVKD_015,VUNG_2,1036.8,5632.02,7670.14,8,128.76,7,101.9,98.8,109.1,88.9,107.8,116.7,103.54,11.51,B - Đạt
202404,EMP_1171,DVKD_015,VUNG_2,610.0,3209.57,4148.08,7,70.84,4,60.8,62.7,57.4,70.0,52.6,80.0,59.59,0.0,D - Không đạt
202404,EMP_1172,DVKD_015,VUNG_2,1170.41,6954.26,9352.11,12,121.59,5,108.5,117.9,105.7,120.0,114.4,100.0,110.97,15.1,B - Đạt
202404,EMP_1173,DVKD_015,VUNG_2,1773.04,10125.3,14290.94,13,237.79,8,98.8,102.8,95.6,100.0,78.8,114.3,95.4,5.44,B - Đạt
202404,EMP_1174,DVKD_015,VUNG_2,1871.84,9821.64,15893.21,20,363.81,8,128.6,113.2,118.1,133.3,114.6,100.0,120.98,13.65,A - Xuất sắc
202404,EMP_1175,DVKD_015,VUNG_2,1474.36,10027.1,13558.2,21,328.96,8,106.2,105.5,105.4,116.7,132.6,100.0,110.83,10.89,B - Đạt
202404,EMP_1176,DVKD_015,VUNG_2,2724.29,10541.92,16312.85,23,365.82,14,112.2,109.2,101.6,95.8,114.4,107.7,106.73,9.89,B - Đạt
202404,EMP_1177,DVKD_015,VUNG_2,1638.0,9634.83,12832.81,13,241.38,11,104.0,108.2,102.6,100.0,96.7,122.2,102.64,10.35,B - Đạt
202404,EMP_1178,DVKD_015,VUNG_2,2125.41,11443.62,15927.05,23,313.69,8,89.7,90.7,93.0,104.5,81.7,88.9,91.28,5.35,B - Đạt
202404,EMP_1179,DVKD_015,VUNG_2,1732.09,11683.87,20090.63,17,349.0,10,122.6,117.7,129.0,113.3,110.8,100.0,121.4,15.05,A - Xuất sắc
202404,EMP_1180,DVKD_015,VUNG_2,2273.75,10810.96,18739.73,23,224.33,10,101.0,95.9,106.0,92.0,86.1,90.9,98.85,5.61,B - Đạt
202404,EMP_1181,DVKD_015,VUNG_2,2110.68,11889.53,19575.2,23,327.7,9,135.0,151.4,127.0,143.8,143.5,128.6,136.81,23.04,A - Xuất sắc
202404,EMP_1182,DVKD_015,VUNG_2,2193.5,9354.93,21729.63,23,232.93,11,94.7,90.7,105.1,104.5,92.6,110.0,98.41,2.98,B - Đạt
202404,EMP_1183,DVKD_015,VUNG_2,1716.24,7843.01,11465.74,14,311.87,6,97.5,97.6,97.3,100.0,116.9,75.0,100.6,9.54,B - Đạt
202404,EMP_1184,DVKD_016,VUNG_2,1249.56,5148.78,10329.01,15,177.18,8,137.4,125.5,139.2,150.0,121.3,133.3,135.09,32.83,A - Xuất sắc
202404,EMP_1185,DVKD_016,VUNG_2,906.7,5502.68,8853.71,9,239.43,4,107.3,112.7,102.7,100.0,119.8,100.0,107.64,12.82,B - Đạt
202404,EMP_1186,DVKD_016,VUNG_2,1324.39,5378.51,11263.64,11,138.0,6,126.7,115.1,127.5,110.0,113.4,120.0,121.58,15.9,A - Xuất sắc
202404,EMP_1187,DVKD_016,VUNG_2,2437.22,12497.83,23696.59,26,270.72,16,116.9,119.8,118.9,123.8,92.0,106.7,114.99,8.69,B - Đạt
202404,EMP_1188,DVKD_016,VUNG_2,1142.43,7033.91,10939.62,12,154.98,6,122.8,124.2,133.1,150.0,111.1,120.0,127.58,13.71,A - Xuất sắc
202404,EMP_1189,DVKD_016,VUNG_2,1149.55,6308.94,7916.26,11,261.86,8,122.0,127.0,120.1,137.5,151.5,133.3,128.06,9.97,A - Xuất sắc
202404,EMP_1190,DVKD_016,VUNG_2,1432.52,9082.1,14417.62,14,270.88,9,95.1,95.6,98.7,100.0,84.9,90.0,95.39,2.84,B - Đạt
202404,EMP_1191,DVKD_016,VUNG_2,2154.6,10126.49,19474.61,17,323.6,12,100.1,98.1,101.1,85.0,95.4,92.3,97.94,4.85,B - Đạt
202404,EMP_1192,DVKD_016,VUNG_2,1797.52,7940.88,15631.58,15,454.08,7,108.0,111.8,110.4,125.0,137.6,100.0,115.55,11.49,B - Đạt
202404,EMP_1193,DVKD_016,VUNG_2,1640.98,8105.48,14509.32,10,290.83,9,93.9,95.1,103.6,83.3,96.3,90.0,96.77,3.33,B - Đạt
202404,EMP_1194,DVKD_016,VUNG_2,1782.73,8020.72,15007.2,13,268.33,9,101.4,98.8,103.8,100.0,112.0,100.0,103.3,10.91,B - Đạt
202404,EMP_1195,DVKD_016,VUNG_2,1160.73,7159.88,9799.31,9,138.59,5,73.6,77.0,76.7,69.2,65.6,71.4,73.55,0.0,C - Cần nỗ lực
202404,EMP_1196,DVKD_016,VUNG_2,1687.85,10984.56,16614.15,17,248.91,10,123.9,124.2,118.3,113.3,105.9,125.0,118.22,13.07,B - Đạt
202404,EMP_1197,DVKD_016,VUNG_2,1349.43,6159.86,10327.52,15,206.19,9,93.9,89.0,86.0,93.8,103.7,100.0,91.86,2.36,B - Đạt
202404,EMP_1198,DVKD_017,VUNG_3,1038.11,5739.71,6715.94,10,166.22,5,111.0,115.6,100.0,100.0,92.4,100.0,103.95,9.42,B - Đạt
202404,EMP_1199,DVKD_017,VUNG_3,1090.44,4817.83,6948.27,12,203.65,5,116.4,104.4,100.1,120.0,120.7,125.0,109.9,10.68,B - Đạt
202404,EMP_1200,DVKD_017,VUNG_3,1217.95,7949.35,9420.05,14,136.41,6,144.4,144.4,135.2,140.0,128.5,150.0,138.35,18.26,A - Xuất sắc
202404,EMP_1201,DVKD_017,VUNG_3,1943.23,9377.68,17970.38,22,308.52,9,125.5,127.3,126.3,129.4,115.1,112.5,124.88,8.55,A - Xuất sắc
202404,EMP_1202,DVKD_017,VUNG_3,1864.32,13375.04,18234.66,24,441.11,12,97.1,108.2,97.9,109.1,108.5,120.0,101.95,9.05,B - Đạt
202404,EMP_1203,DVKD_017,VUNG_3,1252.99,6180.43,11155.92,9,184.72,5,75.5,75.2,81.6,75.0,76.6,71.4,77.7,0.0,C - Cần nỗ lực
202404,EMP_1204,DVKD_017,VUNG_3,806.42,5425.49,6819.0,6,97.04,4,91.9,93.1,96.6,85.7,89.9,100.0,92.81,3.45,B - Đạt
202404,EMP_1205,DVKD_017,VUNG_3,1837.09,9590.44,12838.62,17,177.84,10,106.9,106.8,115.6,94.4,92.7,100.0,106.55,16.37,B - Đạt
202404,EMP_1206,DVKD_017,VUNG_3,945.6,5332.19,6311.34,8,176.39,5,95.6,97.5,95.5,88.9,92.5,100.0,94.71,3.69,B - Đạt
202404,EMP_1207,DVKD_017,VUNG_3,1898.97,9845.86,17602.43,15,329.54,8,116.4,111.9,115.2,107.1,131.9,114.3,116.7,13.15,B - Đạt
202404,EMP_1208,DVKD_017,VUNG_3,905.37,5424.12,6802.28,10,145.05,4,108.0,115.4,104.3,100.0,136.5,100.0,111.29,10.51,B - Đạt
202404,EMP_1209,DVKD_018,VUNG_3,1064.45,6387.13,9259.71,10,143.38,8,122.4,119.5,127.2,111.1,130.8,133.3,123.78,9.77,A - Xuất sắc
202404,EMP_1210,DVKD_018,VUNG_3,524.75,2955.65,4503.37,5,86.7,4,57.0,53.2,56.9,45.5,48.2,66.7,53.92,0.0,D - Không đạt
202404,EMP_1211,DVKD_018,VUNG_3,1153.74,6204.06,8581.16,10,171.65,7,108.9,119.9,119.1,125.0,123.4,140.0,117.91,10.69,B - Đạt
202404,EMP_1212,DVKD_018,VUNG_3,1967.07,13219.38,18029.48,19,267.66,13,129.0,135.5,124.3,146.2,130.1,144.4,130.22,26.88,A - Xuất sắc
202404,EMP_1213,DVKD_018,VUNG_3,1036.43,5886.26,9327.69,8,90.03,6,104.1,98.8,111.1,114.3,84.3,100.0,103.8,9.41,B - Đạt
202404,EMP_1214,DVKD_018,VUNG_3,1020.67,6136.94,9307.89,10,179.77,4,65.8,72.8,64.8,66.7,60.3,66.7,65.77,0.0,D - Không đạt
202404,EMP_1215,DVKD_018,VUNG_3,1526.23,9511.36,12795.19,14,293.25,8,112.3,103.1,112.3,107.7,117.3,114.3,111.21,15.09,B - Đạt
202404,EMP_1216,DVKD_018,VUNG_3,2257.14,10445.3,19549.95,17,409.06,13,162.9,144.3,148.2,130.8,169.9,144.4,152.81,27.54,A - Xuất sắc
202404,EMP_1217,DVKD_018,VUNG_3,851.69,5745.19,8797.27,10,164.63,3,97.4,105.0,94.3,111.1,83.5,75.0,96.74,4.79,B - Đạt
202404,EMP_1218,DVKD_018,VUNG_3,1705.92,11062.19,14239.71,21,318.94,11,114.3,118.7,129.6,123.5,128.8,110.0,123.41,15.43,A - Xuất sắc
202404,EMP_1219,DVKD_018,VUNG_3,1012.5,4628.66,8359.95,9,107.21,4,100.0,102.4,97.3,112.5,84.7,100.0,98.37,4.96,B - Đạt
202404,EMP_1220,DVKD_018,VUNG_3,600.59,3472.01,5333.42,6,81.21,3,56.8,58.1,60.7,60.0,63.3,50.0,59.65,0.0,D - Không đạt
202404,EMP_1221,DVKD_018,VUNG_3,1792.73,8549.34,14876.53,12,321.87,12,113.1,115.7,107.6,100.0,123.3,120.0,111.78,13.72,B - Đạt
202404,EMP_1222,DVKD_018,VUNG_3,1478.46,10483.94,17730.5,16,274.75,10,107.6,105.1,115.9,123.1,133.8,111.1,115.61,11.69,B - Đạt
202404,EMP_1223,DVKD_019,VUNG_3,1130.58,5248.01,8987.71,12,181.24,5,110.3,117.3,113.2,133.3,117.7,125.0,115.77,16.4,B - Đạt
202404,EMP_1224,DVKD_019,VUNG_3,1004.54,5622.6,8977.07,8,167.44,8,116.4,114.9,109.1,100.0,101.2,133.3,109.7,9.53,B - Đạt
202404,EMP_1225,DVKD_019,VUNG_3,963.75,6710.48,7959.69,12,143.01,6,111.5,117.0,101.2,109.1,100.2,120.0,106.78,10.02,B - Đạt
202404,EMP_1226,DVKD_019,VUNG_3,1008.43,5133.97,9714.26,10,161.02,7,64.6,63.0,70.8,66.7,79.6,70.0,68.99,0.0,D - Không đạt
202404,EMP_1227,DVKD_019,VUNG_3,777.69,4521.77,7119.94,6,200.29,3,49.6,48.9,55.4,50.0,60.0,37.5,53.12,0.0,D - Không đạt
202404,EMP_1228,DVKD_019,VUNG_3,2442.39,12666.97,17635.02,18,406.95,13,153.4,147.8,151.5,128.6,178.1,162.5,153.12,22.09,A - Xuất sắc
202404,EMP_1229,DVKD_019,VUNG_3,1119.71,5254.99,8033.15,12,159.87,6,49.9,45.0,46.3,52.2,54.6,42.9,48.84,0.0,D - Không đạt
202404,EMP_1230,DVKD_019,VUNG_3,1344.62,9441.31,14710.91,15,228.37,7,99.5,98.8,102.8,107.1,92.9,87.5,100.32,11.72,B - Đạt
202404,EMP_1231,DVKD_019,VUNG_3,802.07,4956.49,6034.43,7,207.16,4,52.5,54.0,47.7,50.0,59.6,57.1,51.86,0.0,D - Không đạt
202404,EMP_1232,DVKD_019,VUNG_3,934.36,5739.19,5958.17,11,107.38,6,89.1,95.9,87.1,100.0,88.0,100.0,90.34,3.19,B - Đạt
202404,EMP_1233,DVKD_019,VUNG_3,2218.99,11183.05,18247.25,15,344.73,12,124.6,120.7,126.7,107.1,115.3,133.3,121.61,15.44,A - Xuất sắc
202404,EMP_1234,DVKD_020,VUNG_3,948.16,4328.04,7766.67,9,168.15,5,104.3,103.3,102.3,100.0,128.4,100.0,106.64,13.13,B - Đạt
202404,EMP_1235,DVKD_020,VUNG_3,581.23,2393.66,5051.08,4,114.03,2,54.9,50.1,59.3,57.1,65.2,50.0,57.48,0.0,D - Không đạt
202404,EMP_1236,DVKD_020,VUNG_3,1369.73,7858.04,10444.91,10,266.02,7,140.7,133.3,151.3,125.0,160.5,140.0,144.7,18.16,A - Xuất sắc
202404,EMP_1237,DVKD_020,VUNG_3,2124.28,10781.96,15219.28,23,414.3,13,149.3,150.3,135.4,143.8,171.0,144.4,147.29,31.77,A - Xuất sắc
202404,EMP_1238,DVKD_020,VUNG_3,1662.78,6427.03,15705.12,15,157.25,7,93.0,91.1,103.5,88.2,77.1,87.5,93.52,3.06,B - Đạt
202404,EMP_1239,DVKD_020,VUNG_3,3072.77,15374.36,25055.33,31,523.89,15,132.1,130.7,134.0,129.2,134.8,115.4,132.67,23.69,A - Xuất sắc
202404,EMP_1240,DVKD_020,VUNG_3,3670.51,22597.46,32571.19,25,538.04,19,155.3,165.4,155.4,138.9,139.6,146.2,152.86,21.28,A - Xuất sắc
202404,EMP_1241,DVKD_020,VUNG_3,1418.22,6160.2,9278.03,14,297.61,6,137.7,134.0,131.0,140.0,166.8,150.0,139.39,21.18,A - Xuất sắc
202404,EMP_1242,DVKD_020,VUNG_3,1938.1,10181.67,13908.33,24,288.12,8,97.1,86.9,88.2,104.3,82.9,72.7,91.04,2.58,B - Đạt
202404,EMP_1243,DVKD_020,VUNG_3,1594.48,8161.92,12502.77,12,248.17,8,107.8,99.8,107.4,92.3,125.0,100.0,107.49,11.93,B - Đạt
202404,EMP_1244,DVKD_020,VUNG_3,1689.66,7837.84,14067.36,16,264.5,9,107.2,109.6,104.0,123.1,125.9,100.0,110.84,8.89,B - Đạt
202404,EMP_1245,DVKD_020,VUNG_3,2758.51,11867.81,23118.06,23,472.59,19,160.9,160.1,149.0,135.3,187.4,190.0,158.03,34.05,A - Xuất sắc
202404,EMP_1246,DVKD_020,VUNG_3,764.42,5302.23,6533.9,8,98.33,4,91.1,100.0,97.4,100.0,83.3,100.0,94.36,4.5,B - Đạt
202404,EMP_1247,DVKD_020,VUNG_3,682.59,3459.56,6643.7,9,75.9,3,50.1,45.8,50.6,52.9,43.0,42.9,48.84,0.0,D - Không đạt
202404,EMP_1248,DVKD_021,VUNG_3,563.47,3050.83,5173.05,4,60.78,3,52.8,56.9,59.1,57.1,47.8,50.0,55.3,0.0,D - Không đạt
202404,EMP_1249,DVKD_021,VUNG_3,860.54,4521.63,8716.09,7,131.59,5,94.4,89.0,94.2,87.5,84.3,83.3,91.31,5.75,B - Đạt
202404,EMP_1250,DVKD_021,VUNG_3,1002.03,4869.27,8398.14,7,120.35,4,103.0,103.0,99.5,87.5,87.1,100.0,97.84,5.81,B - Đạt
202404,EMP_1251,DVKD_021,VUNG_3,2122.34,12470.24,18590.49,24,386.0,14,140.3,154.4,135.4,133.3,117.8,140.0,136.62,26.0,A - Xuất sắc
202404,EMP_1252,DVKD_021,VUNG_3,1763.78,12572.5,15349.04,23,458.04,10,93.2,93.7,86.1,95.8,97.1,111.1,91.63,3.01,B - Đạt
202404,EMP_1253,DVKD_021,VUNG_3,1972.89,11992.26,23143.01,27,283.46,13,140.4,141.1,150.6,158.8,129.7,162.5,144.31,19.65,A - Xuất sắc
202404,EMP_1254,DVKD_021,VUNG_3,984.82,5650.27,7832.45,10,91.38,6,99.0,98.3,98.4,100.0,86.8,120.0,96.95,4.57,B - Đạt
202404,EMP_1255,DVKD_021,VUNG_3,2561.31,10192.18,20270.12,22,405.15,11,144.4,130.2,146.4,129.4,117.5,122.2,137.44,28.95,A - Xuất sắc
202404,EMP_1256,DVKD_021,VUNG_3,790.56,3776.44,6057.19,8,169.24,4,47.8,50.0,46.1,50.0,53.9,50.0,48.67,0.0,D - Không đạt
202404,EMP_1257,DVKD_021,VUNG_3,790.76,4604.48,6123.46,8,119.66,3,44.6,46.9,46.8,50.0,40.2,42.9,45.59,0.0,D - Không đạt
202404,EMP_1258,DVKD_021,VUNG_3,962.32,5071.03,8486.21,11,197.07,7,63.2,58.0,59.7,64.7,60.0,70.0,60.86,0.0,D - Không đạt
202404,EMP_1259,DVKD_021,VUNG_3,1857.97,8165.69,13190.51,14,346.49,13,111.1,118.3,100.0,107.7,108.1,130.0,107.5,11.85,B - Đạt
202404,EMP_1260,DVKD_022,VUNG_3,996.06,4949.09,9068.78,10,183.72,5,92.5,99.5,100.1,90.9,118.0,100.0,99.88,2.21,B - Đạt
202404,EMP_1261,DVKD_022,VUNG_3,879.6,4276.02,9479.15,10,118.32,5,100.4,97.0,103.0,100.0,101.9,83.3,100.98,16.85,B - Đạt
202404,EMP_1262,DVKD_022,VUNG_3,634.63,4231.53,5055.1,7,92.99,4,77.6,72.2,68.1,77.8,69.2,66.7,72.22,0.0,C - Cần nỗ lực
202404,EMP_1263,DVKD_022,VUNG_3,2837.74,16423.72,22753.47,26,657.15,20,122.9,119.2,115.9,118.2,139.5,153.8,121.91,13.49,A - Xuất sắc
202404,EMP_1264,DVKD_022,VUNG_3,2153.76,13239.48,16871.24,19,451.86,14,137.1,141.7,136.1,146.2,163.8,140.0,142.35,27.12,A - Xuất sắc
202404,EMP_1265,DVKD_022,VUNG_3,1423.41,7724.15,16531.49,14,307.91,9,103.2,97.8,109.0,87.5,102.0,100.0,102.67,16.6,B - Đạt
202404,EMP_1266,DVKD_022,VUNG_3,2120.33,12220.18,15676.3,19,343.22,11,124.5,123.5,121.5,146.2,155.8,137.5,130.17,22.74,A - Xuất sắc
202404,EMP_1267,DVKD_022,VUNG_3,846.41,4773.46,7324.57,9,190.08,6,100.8,100.8,89.5,112.5,93.2,120.0,96.88,5.44,B - Đạt
202404,EMP_1268,DVKD_022,VUNG_3,880.37,5141.13,8802.08,10,181.5,7,62.6,65.9,69.7,62.5,79.1,77.8,68.05,0.0,D - Không đạt
202404,EMP_1269,DVKD_022,VUNG_3,1925.2,10891.5,18811.39,26,436.24,13,134.1,135.4,146.6,152.9,138.7,130.0,141.24,21.46,A - Xuất sắc
202404,EMP_1270,DVKD_022,VUNG_3,994.82,5829.82,9581.22,10,122.88,6,117.9,108.9,117.1,125.0,116.0,100.0,116.69,16.41,B - Đạt
202404,EMP_1271,DVKD_022,VUNG_3,1471.75,9534.68,11332.76,15,243.36,7,98.6,101.3,92.7,115.4,82.8,100.0,96.25,2.36,B - Đạt
202404,EMP_1272,DVKD_022,VUNG_3,1798.63,11573.76,16101.99,18,197.36,11,121.7,125.9,108.2,105.9,109.0,137.5,114.12,15.31,B - Đạt
202404,EMP_1273,DVKD_022,VUNG_3,2323.86,13286.36,17118.8,27,417.85,14,105.3,105.4,101.0,112.5,108.4,116.7,105.0,9.02,B - Đạt
202404,EMP_1274,DVKD_023,VUNG_3,746.09,4443.3,7962.71,6,183.54,3,85.9,95.8,86.0,85.7,96.6,75.0,89.0,5.14,C - Cần nỗ lực
202404,EMP_1275,DVKD_023,VUNG_3,1106.76,5959.86,8905.62,10,167.03,7,110.3,104.4,97.1,125.0,91.6,116.7,103.46,16.87,B - Đạt
202404,EMP_1276,DVKD_023,VUNG_3,1097.93,5995.8,9281.02,10,246.36,8,107.7,104.7,108.2,125.0,129.3,133.3,112.39,9.52,B - Đạt
202404,EMP_1277,DVKD_023,VUNG_3,1488.08,7605.56,14678.4,16,313.52,9,104.7,110.7,115.7,106.7,121.6,112.5,112.19,16.13,B - Đạt
202404,EMP_1278,DVKD_023,VUNG_3,1566.62,7310.18,14546.56,13,433.48,10,102.7,104.0,101.8,92.9,128.8,111.1,105.52,9.95,B - Đạt
202404,EMP_1279,DVKD_023,VUNG_3,3358.95,13939.41,26667.57,38,681.42,11,150.3,140.0,154.2,165.2,149.1,122.2,151.43,27.2,A - Xuất sắc
202404,EMP_1280,DVKD_023,VUNG_3,1804.37,7460.18,13138.03,16,295.34,8,101.9,96.0,94.2,106.7,117.0,100.0,101.06,14.91,B - Đạt
202404,EMP_1281,DVKD_023,VUNG_3,1022.32,3975.33,9215.5,6,157.45,4,58.3,53.2,62.9,46.2,54.5,50.0,57.36,0.0,D - Không đạt
202404,EMP_1282,DVKD_023,VUNG_3,1712.34,7047.73,13829.85,17,217.7,9,98.7,98.9,94.9,100.0,90.4,90.0,96.28,4.84,B - Đạt
202404,EMP_1283,DVKD_023,VUNG_3,2182.31,8775.53,13950.3,20,310.83,14,131.8,119.6,126.0,142.9,120.5,140.0,127.36,10.66,A - Xuất sắc
202404,EMP_1284,DVKD_023,VUNG_3,2039.48,13092.34,19862.62,19,339.33,13,103.8,110.7,114.2,95.0,120.6,100.0,110.12,11.63,B - Đạt
202404,EMP_1285,DVKD_023,VUNG_3,2912.2,13132.76,22656.1,30,546.81,13,142.5,130.6,127.4,157.9,139.8,130.0,136.56,33.06,A - Xuất sắc
202404,EMP_1286,DVKD_023,VUNG_3,1828.32,9282.24,16105.72,17,212.53,9,108.5,100.0,103.5,106.2,111.5,112.5,105.69,9.97,B - Đạt
202404,EMP_1287,DVKD_024,VUNG_3,990.48,4226.98,8116.73,9,108.88,3,96.1,87.8,97.8,100.0,102.5,75.0,96.8,2.93,B - Đạt
202404,EMP_1288,DVKD_024,VUNG_3,834.95,5587.05,9428.8,8,201.93,6,99.1,105.2,103.7,100.0,121.2,100.0,105.03,14.8,B - Đạt
202404,EMP_1289,DVKD_024,VUNG_3,1057.89,6253.13,8534.03,9,187.13,8,112.6,115.5,126.4,100.0,128.8,133.3,119.03,16.89,B - Đạt
202404,EMP_1290,DVKD_024,VUNG_3,2462.93,11675.58,15712.32,23,345.52,11,147.8,150.6,137.8,164.3,115.2,110.0,141.48,33.16,A - Xuất sắc
202404,EMP_1291,DVKD_024,VUNG_3,1379.58,7108.33,12932.29,13,286.31,7,86.7,87.8,91.3,92.9,90.0,70.0,89.59,3.44,C - Cần nỗ lực
202404,EMP_1292,DVKD_024,VUNG_3,1066.9,4867.72,9156.05,11,241.59,4,111.9,115.8,103.0,122.2,126.5,80.0,112.59,13.46,B - Đạt
202404,EMP_1293,DVKD_024,VUNG_3,3867.84,16276.49,32791.58,29,648.05,21,163.6,155.8,167.8,161.1,142.1,161.5,160.43,26.85,A - Xuất sắc
202404,EMP_1294,DVKD_024,VUNG_3,1425.19,8078.97,13421.02,10,324.15,8,105.4,98.2,109.0,83.3,117.6,88.9,105.2,12.74,B - Đạt
202404,EMP_1295,DVKD_024,VUNG_3,3001.27,17158.32,28125.51,29,347.43,17,154.3,160.8,139.4,161.1,126.1,154.5,146.51,25.6,A - Xuất sắc
202404,EMP_1296,DVKD_024,VUNG_3,953.38,3999.23,9496.97,8,141.72,4,53.4,54.4,61.3,50.0,64.9,57.1,57.7,0.0,D - Không đạt
202404,EMP_1297,DVKD_024,VUNG_3,1996.54,10933.81,13151.93,16,197.16,8,112.4,112.8,107.7,106.7,98.8,100.0,108.2,10.42,B - Đạt
202404,EMP_1298,DVKD_024,VUNG_3,865.45,5748.61,10058.98,11,181.02,5,58.1,59.2,64.5,68.8,68.5,55.6,63.14,0.0,D - Không đạt
202405,EMP_1001,DVKD_001,VUNG_1,938.5,3984.96,7032.66,9,214.79,5,94.9,95.7,106.8,112.5,110.2,125.0,103.24,10.38,B - Đạt
202405,EMP_1002,DVKD_001,VUNG_1,800.78,4897.34,7336.98,8,168.06,5,94.6,95.3,89.6,100.0,92.6,100.0,93.19,2.81,B - Đạt
202405,EMP_1003,DVKD_001,VUNG_1,893.02,4043.56,6872.98,8,157.23,6,93.2,88.3,82.3,100.0,102.8,100.0,90.77,3.23,B - Đạt
202405,EMP_1004,DVKD_001,VUNG_1,802.64,4673.75,5211.28,6,154.83,4,48.5,47.6,45.4,46.2,54.3,57.1,47.92,0.0,D - Không đạt
202405,EMP_1005,DVKD_001,VUNG_1,1876.61,9903.83,14882.32,17,352.56,11,114.8,111.7,104.6,113.3,122.3,137.5,111.74,12.26,B - Đạt
202405,EMP_1006,DVKD_001,VUNG_1,1834.42,12223.47,18172.43,22,279.69,13,92.0,92.6,105.4,95.7,82.8,92.9,95.77,5.54,B - Đạt
202405,EMP_1007,DVKD_001,VUNG_1,1469.62,7624.82,14539.99,15,304.26,9,100.6,99.5,108.9,93.8,123.6,112.5,106.11,13.8,B - Đạt
202405,EMP_1008,DVKD_001,VUNG_1,1361.0,10064.55,13782.79,12,269.37,6,97.9,103.7,94.8,92.3,85.6,85.7,95.28,3.01,B - Đạt
202405,EMP_1009,DVKD_001,VUNG_1,1804.46,12797.43,16201.65,24,516.17,10,92.5,92.0,97.5,96.0,118.2,100.0,98.38,4.42,B - Đạt
202405,EMP_1010,DVKD_001,VUNG_1,1509.1,9612.74,13650.15,15,207.59,9,95.1,100.1,100.2,88.2,108.3,112.5,98.92,3.05,B - Đạt
202405,EMP_1011,DVKD_001,VUNG_1,2043.97,10621.8,15317.87,19,266.22,11,127.2,137.9,126.6,146.2,145.2,137.5,133.19,34.63,A - Xuất sắc
202405,EMP_1012,DVKD_001,VUNG_1,1843.24,8502.5,17257.14,18,396.84,11,109.2,115.2,117.6,112.5,126.8,122.2,116.01,15.51,B - Đạt
202405,EMP_1013,DVKD_001,VUNG_1,2698.65,12143.77,21989.6,24,470.84,11,154.5,150.1,161.2,171.4,159.5,122.2,158.62,32.89,A - Xuất sắc
202405,EMP_1014,DVKD_001,VUNG_1,2296.13,11143.18,20383.02,18,411.81,14,99.6,109.7,107.7,94.7,87.6,107.7,101.66,14.2,B - Đạt
202405,EMP_1015,DVKD_002,VUNG_1,981.65,5801.49,9728.54,9,152.19,5,107.9,104.1,115.4,100.0,99.4,100.0,107.89,16.07,B - Đạt
202405,EMP_1016,DVKD_002,VUNG_1,1000.99,5052.68,8367.21,12,171.17,7,110.5,101.5,114.5,109.1,107.2,116.7,109.91,13.65,B - Đạt
202405,EMP_1017,DVKD_002,VUNG_1,1105.2,4687.01,8482.07,8,170.08,6,104.3,103.7,102.1,100.0,124.1,100.0,105.98,13.91,B - Đạt
202405,EMP_1018,DVKD_002,VUNG_1,1030.3,4778.82,6260.47,8,98.09,5,99.2,90.2,93.4,100.0,85.4,100.0,93.83,4.15,B - Đạt
202405,EMP_1019,DVKD_002,VUNG_1,1420.45,7518.26,13791.92,17,169.84,10,102.3,97.5,90.4,100.0,96.0,100.0,96.24,2.34,B - Đạt
202405,EMP_1020,DVKD_002,VUNG_1,1035.05,6100.73,7682.52,11,229.72,6,104.3,103.9,111.8,122.2,129.8,120.0,112.48,15.59,B - Đạt
202405,EMP_1021,DVKD_002,VUNG_1,1620.45,6708.6,10069.07,14,348.96,6,101.9,93.2,92.7,107.7,108.9,100.0,99.01,4.18,B - Đạt
202405,EMP_1022,DVKD_002,VUNG_1,1612.78,9511.15,12844.13,21,255.51,9,104.6,111.8,103.1,116.7,87.9,90.0,103.86,10.81,B - Đạt
202405,EMP_1023,DVKD_002,VUNG_1,1829.18,9913.83,14504.53,14,324.12,7,101.6,100.9,103.0,116.7,127.9,100.0,107.44,8.38,B - Đạt
202405,EMP_1024,DVKD_002,VUNG_1,996.13,4705.62,7861.28,8,125.3,4,93.9,84.8,86.5,100.0,87.3,100.0,89.56,3.34,C - Cần nỗ lực
202405,EMP_1025,DVKD_002,VUNG_1,2184.34,10092.17,18309.77,19,639.14,10,103.4,103.5,99.2,105.6,132.4,90.9,106.52,13.58,B - Đạt
202405,EMP_1026,DVKD_003,VUNG_1,917.73,4890.29,7772.74,8,113.09,5,92.4,86.1,87.0,80.0,83.5,100.0,86.99,5.27,C - Cần nỗ lực
202405,EMP_1027,DVKD_003,VUNG_1,1121.49,5022.47,9535.1,10,205.45,6,127.2,123.0,114.9,111.1,101.7,100.0,116.83,13.09,B - Đạt
202405,EMP_1028,DVKD_003,VUNG_1,1335.84,5770.8,11920.05,13,248.84,7,125.0,113.8,131.7,118.2,125.2,116.7,125.01,14.01,A - Xuất sắc
202405,EMP_1029,DVKD_003,VUNG_1,2895.55,15473.42,27584.64,33,395.07,17,150.3,162.1,151.5,173.7,145.6,154.5,154.12,21.28,A - Xuất sắc
202405,EMP_1030,DVKD_003,VUNG_1,828.02,3749.28,5154.08,7,95.91,5,49.4,46.4,47.5,46.7,45.8,55.6,47.48,0.0,D - Không đạt
202405,EMP_1031,DVKD_003,VUNG_1,2064.78,8648.76,15938.34,13,330.33,8,117.7,106.6,105.0,108.3,106.7,114.3,109.0,10.95,B - Đạt
202405,EMP_1032,DVKD_003,VUNG_1,744.24,3883.1,5764.8,8,150.45,3,47.7,48.6,45.9,47.1,56.0,42.9,48.39,0.0,D - Không đạt
202405,EMP_1033,DVKD_003,VUNG_1,1374.25,6084.66,9452.7,10,194.57,5,127.6,113.9,122.0,125.0,106.1,125.0,120.1,9.68,A - Xuất sắc
202405,EMP_1034,DVKD_003,VUNG_1,1427.66,6914.87,8651.86,11,184.88,7,136.2,127.1,127.3,137.5,155.3,140.0,134.71,32.87,A - Xuất sắc
202405,EMP_1035,DVKD_003,VUNG_1,944.54,4539.5,8452.12,11,207.36,7,105.0,109.6,100.6,100.0,100.8,116.7,103.02,10.7,B - Đạt
202405,EMP_1036,DVKD_004,VUNG_1,940.55,5398.25,7843.62,11,155.0,6,111.7,107.6,99.2,110.0,130.9,100.0,109.42,9.19,B - Đạt
202405,EMP_1037,DVKD_004,VUNG_1,990.42,4573.2,7768.7,11,221.25,4,97.0,94.3,90.6,110.0,115.4,100.0,98.41,5.47,B - Đạt
202405,EMP_1038,DVKD_004,VUNG_1,993.49,4855.21,5760.12,8,86.01,5,93.0,86.7,84.2,100.0,80.8,100.0,87.84,5.83,C - Cần nỗ lực
202405,EMP_1039,DVKD_004,VUNG_1,1478.31,10227.41,14528.68,18,169.07,9,107.6,108.2,113.0,112.5,95.8,112.5,108.3,14.64,B - Đạt
202405,EMP_1040,DVKD_004,VUNG_1,1301.75,6098.48,10647.88,15,312.08,7,88.1,86.3,82.8,93.8,103.1,100.0,88.79,2.77,C - Cần nỗ lực
202405,EMP_1041,DVKD_004,VUNG_1,1050.58,5241.01,7616.4,13,230.15,7,118.6,121.9,105.2,130.0,131.5,140.0,117.48,14.1,B - Đạt
202405,EMP_1042,DVKD_004,VUNG_1,2089.31,13675.61,14108.32,23,437.81,11,95.5,105.0,89.2,100.0,110.9,110.0,97.48,5.91,B - Đạt
202405,EMP_1043,DVKD_004,VUNG_1,1880.43,10379.86,14014.48,13,344.91,9,108.4,117.8,121.7,100.0,140.7,128.6,118.47,14.27,B - Đạt
202405,EMP_1044,DVKD_004,VUNG_1,855.71,4664.81,6363.52,9,244.73,4,59.6,64.2,58.5,69.2,75.0,50.0,63.18,0.0,D - Không đạt
202405,EMP_1045,DVKD_004,VUNG_1,1376.44,7654.97,12790.37,12,186.39,7,86.8,84.7,82.5,92.3,74.7,100.0,83.72,3.38,C - Cần nỗ lực
202405,EMP_1046,DVKD_004,VUNG_1,1653.67,7465.55,10985.76,13,394.38,10,107.2,107.2,97.0,92.9,116.0,111.1,103.52,16.72,B - Đạt
202405,EMP_1047,DVKD_004,VUNG_1,1697.91,10911.04,13335.1,14,267.07,8,116.2,112.9,114.2,116.7,91.9,100.0,111.41,8.59,B - Đạt
202405,EMP_1048,DVKD_005,VUNG_1,873.59,4194.19,8593.11,10,157.47,4,98.5,90.8,104.5,111.1,119.8,80.0,103.9,13.71,B - Đạt
202405,EMP_1049,DVKD_005,VUNG_1,803.91,3519.89,8018.42,8,193.04,3,89.3,82.0,95.4,80.0,103.8,75.0,91.58,5.03,B - Đạt
202405,EMP_1050,DVKD_005,VUNG_1,1055.87,6959.37,9705.9,11,179.71,5,116.4,123.5,112.6,122.2,106.7,125.0,115.26,11.28,B - Đạt
202405,EMP_1051,DVKD_005,VUNG_1,1880.29,11517.53,13794.1,15,440.43,11,91.1,94.9,87.8,83.3,110.3,91.7,92.61,5.78,B - Đạt
202405,EMP_1052,DVKD_005,VUNG_1,1368.33,10350.11,15447.6,16,178.39,9,100.0,104.6,102.7,94.1,85.5,112.5,98.87,5.86,B - Đạt
202405,EMP_1053,DVKD_005,VUNG_1,1604.01,11975.71,15711.42,18,318.16,11,115.0,122.0,114.1,128.6,123.3,122.2,118.34,16.72,B - Đạt
202405,EMP_1054,DVKD_005,VUNG_1,2536.07,11073.83,16529.98,21,545.16,14,159.5,151.9,144.8,140.0,182.0,140.0,154.64,24.06,A - Xuất sắc
202405,EMP_1055,DVKD_005,VUNG_1,1150.67,6124.1,9507.8,8,153.37,7,68.0,64.4,70.5,57.1,64.2,77.8,66.67,0.0,D - Không đạt
202405,EMP_1056,DVKD_005,VUNG_1,1397.9,8390.33,11821.33,17,352.98,9,71.2,73.1,64.4,81.0,73.8,69.2,70.47,0.0,C - Cần nỗ lực
202405,EMP_1057,DVKD_005,VUNG_1,1455.57,8240.73,16460.75,16,418.89,7,102.1,107.3,106.6,114.3,122.4,100.0,108.72,11.97,B - Đạt
202405,EMP_1058,DVKD_005,VUNG_1,1739.51,6497.07,14970.12,16,236.35,8,162.2,146.2,169.6,177.8,146.9,160.0,161.66,34.6,A - Xuất sắc
202405,EMP_1059,DVKD_006,VUNG_1,869.87,5700.16,8710.7,9,126.34,6,104.8,115.8,109.6,100.0,86.5,120.0,104.9,12.63,B - Đạt
202405,EMP_1060,DVKD_006,VUNG_1,867.08,4430.02,8925.49,10,104.07,6,100.1,108.4,109.8,111.1,98.2,100.0,105.56,9.8,B - Đạt
202405,EMP_1061,DVKD_006,VUNG_1,1031.46,5730.68,9190.59,9,252.24,5,108.8,113.5,107.4,112.5,129.7,100.0,112.52,11.31,B - Đạt
202405,EMP_1062,DVKD_006,VUNG_1,2134.79,10664.66,17187.22,20,269.78,12,103.7,106.1,103.4,95.2,85.2,92.3,100.33,12.13,B - Đạt
202405,EMP_1063,DVKD_006,VUNG_1,1898.61,7790.27,12780.22,20,172.18,10,107.0,101.3,111.7,117.6,93.6,100.0,106.84,10.87,B - Đạt
202405,EMP_1064,DVKD_006,VUNG_1,1800.63,8116.01,11426.37,16,239.74,8,100.3,108.6,100.6,100.0,83.9,80.0,99.16,3.1,B - Đạt
202405,EMP_1065,DVKD_006,VUNG_1,1462.11,9795.52,15258.8,14,211.29,10,97.7,99.7,101.4,100.0,106.5,100.0,100.84,12.56,B - Đạt
202405,EMP_1066,DVKD_006,VUNG_1,1390.2,9519.55,11978.19,10,201.19,10,156.3,159.4,144.6,142.9,141.4,166.7,149.09,20.48,A - Xuất sắc
202405,EMP_1067,DVKD_006,VUNG_1,1437.05,7107.72,10089.71,18,372.46,11,97.4,93.3,92.8,112.5,113.9,110.0,99.16,5.91,B - Đạt
202405,EMP_1068,DVKD_006,VUNG_1,1505.11,7592.51,11861.8,14,187.41,8,93.3,83.3,84.1,77.8,85.2,88.9,85.81,2.43,C - Cần nỗ lực
202405,EMP_1069,DVKD_006,VUNG_1,1415.74,7166.34,11789.67,12,174.92,9,87.3,96.1,91.2,85.7,83.0,100.0,89.18,4.4,C - Cần nỗ lực
202405,EMP_1070,DVKD_006,VUNG_1,1891.37,9376.58,15547.91,16,276.49,9,108.9,116.3,120.1,100.0,110.2,128.6,113.23,16.97,B - Đạt
202405,EMP_1071,DVKD_006,VUNG_1,2327.41,12630.93,16928.16,21,256.76,11,106.2,107.6,93.0,87.5,89.1,91.7,97.35,5.91,B - Đạt
202405,EMP_1072,DVKD_006,VUNG_1,1468.03,5940.12,10936.26,11,264.17,8,137.9,134.2,150.0,137.5,133.5,133.3,140.88,22.18,A - Xuất sắc
202405,EMP_1073,DVKD_007,VUNG_1,1103.56,5149.9,7253.35,9,153.26,5,110.8,116.0,105.2,100.0,100.3,100.0,106.96,11.54,B - Đạt
202405,EMP_1074,DVKD_007,VUNG_1,1330.42,8301.94,10795.72,16,152.07,5,144.8,151.8,157.0,160.0,143.1,125.0,151.38,29.46,A - Xuất sắc
202405,EMP_1075,DVKD_007,VUNG_1,591.65,2671.29,4257.5,5,148.33,3,64.8,62.2,65.3,50.0,73.0,75.0,64.33,0.0,D - Không đạt
202405,EMP_1076,DVKD_007,VUNG_1,1212.52,5340.71,10207.11,10,271.61,5,51.0,49.8,47.6,45.5,61.9,55.6,50.71,0.0,D - Không đạt
202405,EMP_1077,DVKD_007,VUNG_1,2522.94,12566.18,23774.79,22,231.19,12,147.9,147.2,161.4,129.4,121.8,171.4,146.75,27.91,A - Xuất sắc
202405,EMP_1078,DVKD_007,VUNG_1,1301.86,7725.29,11216.29,11,221.16,4,76.9,80.0,76.2,78.6,85.5,57.1,78.58,0.0,C - Cần nỗ lực
202405,EMP_1079,DVKD_007,VUNG_1,849.19,4060.37,7968.91,6,107.17,4,88.8,88.4,99.0,85.7,97.7,80.0,93.34,4.51,B - Đạt
202405,EMP_1080,DVKD_007,VUNG_1,1676.83,12032.85,14707.64,16,269.52,9,120.1,124.9,115.0,133.3,125.8,128.6,121.21,9.54,A - Xuất sắc
202405,EMP_1081,DVKD_007,VUNG_1,921.8,4761.11,7081.52,13,233.2,5,100.8,100.1,96.9,118.2,131.9,100.0,105.73,14.97,B - Đạt
202405,EMP_1082,DVKD_007,VUNG_1,2161.15,11866.48,17863.83,26,292.87,11,92.3,87.5,97.0,104.0,97.6,78.6,95.19,5.95,B - Đạt
202405,EMP_1083,DVKD_008,VUNG_1,1223.17,5575.9,10453.26,10,244.23,6,138.0,131.9,140.5,125.0,120.9,150.0,134.09,22.77,A - Xuất sắc
202405,EMP_1084,DVKD_008,VUNG_1,953.08,5027.71,8899.37,9,140.4,5,116.0,115.0,115.4,112.5,113.2,100.0,114.87,10.24,B - Đạt
202405,EMP_1085,DVKD_008,VUNG_1,1107.55,5069.21,8994.31,8,241.74,3,105.4,93.9,108.6,100.0,122.8,75.0,106.86,9.2,B - Đạt
202405,EMP_1086,DVKD_008,VUNG_1,1657.56,7565.11,11083.19,16,320.44,11,105.3,94.8,91.8,94.1,101.8,110.0,97.35,4.6,B - Đạt
202405,EMP_1087,DVKD_008,VUNG_1,1877.98,10625.61,14686.2,14,231.03,9,108.1,107.0,101.1,107.7,115.0,112.5,106.48,10.75,B - Đạt
202405,EMP_1088,DVKD_008,VUNG_1,2368.9,13695.37,20825.82,18,324.84,10,138.6,138.0,141.6,138.5,130.0,111.1,138.26,25.6,A - Xuất sắc
202405,EMP_1089,DVKD_008,VUNG_1,789.99,4078.14,5836.9,8,113.02,5,93.0,86.8,85.2,80.0,79.6,100.0,86.03,4.0,C - Cần nỗ lực
202405,EMP_1090,DVKD_008,VUNG_1,2438.86,14866.37,19655.66,22,376.91,18,155.7,150.0,143.6,137.5,189.2,180.0,153.81,26.22,A - Xuất sắc
202405,EMP_1091,DVKD_008,VUNG_1,1522.92,6660.06,12327.65,15,259.54,7,86.3,83.0,91.7,100.0,99.4,77.8,91.03,4.87,B - Đạt
202405,EMP_1092,DVKD_008,VUNG_1,2097.78,10308.04,20193.54,22,580.24,12,144.3,145.8,141.9,146.7,186.6,120.0,150.27,34.74,A - Xuất sắc
202405,EMP_1093,DVKD_008,VUNG_1,2160.06,10064.54,17681.11,22,504.52,9,106.5,101.6,100.7,115.8,111.3,81.8,105.39,9.03,B - Đạt
202405,EMP_1094,DVKD_008,VUNG_1,979.74,4312.99,6348.4,9,141.19,6,104.5,99.5,93.4,90.0,98.8,100.0,97.56,3.81,B - Đạt
202405,EMP_1095,DVKD_008,VUNG_1,2068.88,8534.89,16803.86,24,351.6,10,86.9,84.1,92.3,100.0,92.5,71.4,90.52,3.61,B - Đạt
202405,EMP_1096,DVKD_009,VUNG_2,1216.88,6437.45,9389.05,14,179.59,7,131.7,143.5,131.7,140.0,153.1,116.7,137.51,24.4,A - Xuất sắc
202405,EMP_1097,DVKD_009,VUNG_2,759.9,4955.17,8173.07,8,123.14,4,89.5,90.3,96.3,88.9,111.3,100.0,95.21,2.09,B - Đạt
202405,EMP_1098,DVKD_009,VUNG_2,928.78,5328.01,8748.77,8,110.78,4,96.0,106.7,106.8,100.0,92.0,100.0,101.18,8.44,B - Đạt
202405,EMP_1099,DVKD_009,VUNG_2,2783.47,13376.94,27469.52,26,737.14,16,136.2,139.7,132.7,130.0,170.4,133.3,140.01,32.04,A - Xuất sắc
202405,EMP_1100,DVKD_009,VUNG_2,1343.69,8192.15,16066.86,16,339.28,7,95.1,96.5,104.6,106.7,112.5,87.5,102.4,12.85,B - Đạt
202405,EMP_1101,DVKD_009,VUNG_2,1946.07,8382.7,13743.08,13,412.9,11,118.6,122.5,121.3,108.3,143.7,122.2,122.86,13.29,A - Xuất sắc
202405,EMP_1102,DVKD_009,VUNG_2,1996.53,10775.92,18001.47,19,605.78,13,99.9,105.3,101.2,95.0,126.9,108.3,104.72,13.76,B - Đạt
202405,EMP_1103,DVKD_009,VUNG_2,1918.2,7885.99,14701.28,15,220.09,12,114.9,103.4,108.5,107.1,102.5,120.0,108.29,15.12,B - Đạt
202405,EMP_1104,DVKD_009,VUNG_2,1622.01,7519.85,13542.81,19,385.79,9,110.2,106.0,107.4,105.6,126.5,112.5,110.57,13.41,B - Đạt
202405,EMP_1105,DVKD_009,VUNG_2,1378.94,7546.26,14305.45,19,269.65,6,100.3,93.7,97.0,105.6,96.0,85.7,98.04,5.96,B - Đạt
202405,EMP_1106,DVKD_009,VUNG_2,2182.74,10240.57,16569.05,16,295.9,8,131.4,123.0,118.9,114.3,122.5,114.3,122.72,13.74,A - Xuất sắc
202405,EMP_1107,DVKD_009,VUNG_2,1543.69,8655.51,11852.17,13,234.21,11,101.7,106.1,98.0,100.0,98.2,110.0,100.37,13.64,B - Đạt
202405,EMP_1108,DVKD_009,VUNG_2,2324.29,11323.04,18051.43,20,285.85,11,110.6,106.9,111.3,111.1,96.3,122.2,108.19,10.77,B - Đạt
202405,EMP_1109,DVKD_009,VUNG_2,2667.06,11369.2,16998.49,30,387.98,9,151.6,153.6,144.4,166.7,178.7,128.6,154.95,20.16,A - Xuất sắc
202405,EMP_1110,DVKD_010,VUNG_2,831.56,3711.79,7459.22,7,92.41,4,86.3,89.1,80.0,77.8,84.0,100.0,83.32,5.82,C - Cần nỗ lực
202405,EMP_1111,DVKD_010,VUNG_2,423.9,2875.54,3815.03,5,93.85,2,47.5,48.2,44.1,45.5,59.6,40.0,48.03,0.0,D - Không đạt
202405,EMP_1112,DVKD_010,VUNG_2,797.78,4030.96,5662.84,9,122.01,6,87.1,84.6,82.6,90.0,87.3,100.0,85.47,4.49,C - Cần nỗ lực
202405,EMP_1113,DVKD_010,VUNG_2,2023.64,10414.73,17657.99,15,416.25,13,91.7,88.5,86.9,88.2,94.6,108.3,89.62,2.45,C - Cần nỗ lực
202405,EMP_1114,DVKD_010,VUNG_2,2075.92,7947.19,12647.56,18,194.05,9,119.2,114.8,109.3,112.5,102.8,100.0,111.94,16.16,B - Đạt
202405,EMP_1115,DVKD_010,VUNG_2,2647.41,10900.73,19925.87,23,324.99,13,148.8,144.6,168.4,143.8,162.8,144.4,156.63,24.87,A - Xuất sắc
202405,EMP_1116,DVKD_010,VUNG_2,3166.96,13575.46,29030.8,24,439.76,17,125.9,115.4,133.2,109.1,117.8,130.8,123.98,15.47,A - Xuất sắc
202405,EMP_1117,DVKD_010,VUNG_2,967.85,4728.03,8225.47,9,202.15,4,104.0,109.1,112.4,100.0,99.2,100.0,106.58,10.11,B - Đạt
202405,EMP_1118,DVKD_010,VUNG_2,1093.6,6442.33,7536.42,12,155.6,6,65.5,71.7,63.1,66.7,55.3,60.0,64.18,0.0,D - Không đạt
202405,EMP_1119,DVKD_010,VUNG_2,2467.96,14612.61,15498.06,18,416.52,14,153.8,146.4,137.5,150.0,134.7,175.0,143.74,28.16,A - Xuất sắc
202405,EMP_1120,DVKD_011,VUNG_2,1029.12,5614.15,10006.64,8,175.11,3,98.6,100.1,110.5,88.9,114.6,75.0,104.42,12.38,B - Đạt
202405,EMP_1121,DVKD_011,VUNG_2,1010.12,4840.16,9166.7,10,152.02,7,113.5,114.9,112.6,125.0,135.2,116.7,117.8,12.64,B - Đạt
202405,EMP_1122,DVKD_011,VUNG_2,1111.51,7499.48,10647.49,14,161.0,6,119.0,125.5,114.5,140.0,106.3,100.0,118.59,10.0,B - Đạt
202405,EMP_1123,DVKD_011,VUNG_2,868.11,4991.86,6023.57,7,117.62,3,49.0,50.4,45.8,50.0,52.2,37.5,48.67,0.0,D - Không đạt
202405,EMP_1124,DVKD_011,VUNG_2,2337.63,13302.07,19399.9,22,411.36,11,102.5,105.8,107.3,104.8,103.3,100.0,105.03,8.99,B - Đạt
202405,EMP_1125,DVKD_011,VUNG_2,674.2,4256.06,6381.2,9,151.32,4,48.6,52.4,49.2,52.9,43.4,57.1,49.03,0.0,D - Không đạt
202405,EMP_1126,DVKD_011,VUNG_2,3585.06,13204.41,31600.18,31,533.12,16,143.1,135.1,154.7,134.8,139.4,160.0,144.57,28.42,A - Xuất sắc
202405,EMP_1127,DVKD_011,VUNG_2,1239.54,6980.9,10956.96,17,225.72,9,88.7,87.2,80.9,100.0,105.5,90.0,89.39,4.59,C - Cần nỗ lực
202405,EMP_1128,DVKD_011,VUNG_2,849.59,4419.79,7367.72,7,174.31,4,51.5,55.8,56.5,46.7,54.8,57.1,53.91,0.0,D - Không đạt
202405,EMP_1129,DVKD_011,VUNG_2,2086.58,11097.49,21789.37,19,362.09,13,145.8,155.3,141.4,135.7,144.4,162.5,144.47,20.86,A - Xuất sắc
202405,EMP_1130,DVKD_011,VUNG_2,1040.27,5477.93,10192.18,10,272.4,6,75.4,69.4,74.4,76.9,89.4,85.7,76.4,0.0,C - Cần nỗ lực
202405,EMP_1131,DVKD_011,VUNG_2,3201.71,16538.69,27896.85,26,342.46,16,147.1,138.3,129.8,144.4,115.2,133.3,134.67,30.8,A - Xuất sắc
202405,EMP_1132,DVKD_011,VUNG_2,967.31,5083.84,6306.87,10,145.46,6,89.8,91.3,94.7,100.0,77.4,100.0,90.9,3.35,B - Đạt
202405,EMP_1133,DVKD_011,VUNG_2,2821.6,14974.06,23317.18,34,493.58,13,139.4,143.1,152.7,147.8,141.6,130.0,145.78,20.37,A - Xuất sắc
202405,EMP_1134,DVKD_012,VUNG_2,1345.27,7213.43,10710.82,10,320.16,7,156.9,165.7,147.4,142.9,162.7,140.0,154.36,32.64,A - Xuất sắc
202405,EMP_1135,DVKD_012,VUNG_2,533.87,2547.13,5223.03,4,58.67,4,57.8,56.7,57.7,50.0,53.0,66.7,56.1,0.0,D - Không đạt
202405,EMP_1136,DVKD_012,VUNG_2,974.85,6513.66,8050.17,8,167.8,5,105.3,109.8,109.7,100.0,82.3,100.0,103.53,9.95,B - Đạt
202405,EMP_1137,DVKD_012,VUNG_2,1211.73,7343.73,12449.94,11,228.65,7,54.4,56.4,57.6,55.0,48.8,58.3,55.04,0.0,D - Không đạt
202405,EMP_1138,DVKD_012,VUNG_2,3721.09,19488.57,31839.46,27,705.4,15,154.5,162.0,150.7,150.0,167.1,125.0,155.73,34.06,A - Xuất sắc
202405,EMP_1139,DVKD_012,VUNG_2,818.16,4869.22,7890.5,11,191.15,6,96.4,90.9,89.1,110.0,99.7,100.0,94.88,4.46,B - Đạt
202405,EMP_1140,DVKD_012,VUNG_2,1365.47,10180.41,14569.44,14,198.88,12,100.7,105.3,95.3,93.3,86.3,120.0,96.6,3.81,B - Đạt
202405,EMP_1141,DVKD_012,VUNG_2,2795.96,14099.46,24042.18,34,613.02,18,120.8,131.8,120.4,136.0,128.8,128.6,125.03,13.21,A - Xuất sắc
202405,EMP_1142,DVKD_012,VUNG_2,2557.79,13616.52,20736.73,20,431.58,9,111.7,110.0,109.1,117.6,100.9,90.0,109.51,15.41,B - Đạt
202405,EMP_1143,DVKD_012,VUNG_2,1481.8,8790.79,11873.77,12,204.8,8,89.1,94.7,86.8,92.3,96.7,114.3,90.59,2.86,B - Đạt
202405,EMP_1144,DVKD_013,VUNG_2,879.74,5502.27,6721.64,9,130.82,4,88.5,93.0,89.1,100.0,95.7,80.0,91.61,4.01,B - Đạt
202405,EMP_1145,DVKD_013,VUNG_2,1139.05,4699.9,7596.81,13,183.93,4,110.5,108.8,95.9,118.2,123.9,80.0,107.91,12.81,B - Đạt
202405,EMP_1146,DVKD_013,VUNG_2,995.19,4457.03,9223.99,7,240.03,5,96.3,91.0,99.3,87.5,118.7,100.0,99.03,3.32,B - Đạt
202405,EMP_1147,DVKD_013,VUNG_2,2991.71,15744.23,22542.05,30,487.12,20,140.8,131.2,139.0,150.0,154.7,153.8,141.73,26.23,A - Xuất sắc
202405,EMP_1148,DVKD_013,VUNG_2,2147.86,12000.01,16906.76,21,482.81,8,129.7,135.9,119.3,116.7,144.8,114.3,127.95,15.79,A - Xuất sắc
202405,EMP_1149,DVKD_013,VUNG_2,2167.28,15645.85,16543.78,16,585.38,10,156.0,165.1,147.3,133.3,173.1,142.9,154.62,31.85,A - Xuất sắc
202405,EMP_1150,DVKD_013,VUNG_2,1185.17,6272.89,8875.52,13,218.81,8,70.2,71.3,66.2,81.2,83.2,80.0,72.02,0.0,C - Cần nỗ lực
202405,EMP_1151,DVKD_013,VUNG_2,872.13,4933.86,6468.49,10,174.73,4,52.8,51.8,54.7,58.8,64.4,57.1,55.65,0.0,D - Không đạt
202405,EMP_1152,DVKD_013,VUNG_2,1608.86,8904.54,11038.59,18,195.57,10,92.7,90.5,88.4,105.9,76.3,100.0,89.72,4.05,C - Cần nỗ lực
202405,EMP_1153,DVKD_013,VUNG_2,1869.53,10369.52,13375.93,21,371.76,7,114.0,111.4,105.3,116.7,119.2,87.5,111.61,10.37,B - Đạt
202405,EMP_1154,DVKD_013,VUNG_2,1721.66,10510.39,15086.2,19,420.2,12,117.1,118.0,122.9,111.8,125.8,133.3,120.04,11.06,A - Xuất sắc
202405,EMP_1155,DVKD_013,VUNG_2,628.85,4851.64,5541.57,6,141.99,5,46.5,50.0,50.6,50.0,45.3,50.0,48.63,0.0,D - Không đạt
202405,EMP_1156,DVKD_013,VUNG_2,1060.77,5975.58,8694.18,8,176.38,4,67.0,65.2,70.5,61.5,64.1,50.0,66.97,0.0,D - Không đạt
202405,EMP_1157,DVKD_014,VUNG_2,1200.17,5987.57,10999.14,13,135.06,6,125.0,123.9,133.2,144.4,122.3,100.0,129.24,10.6,A - Xuất sắc
202405,EMP_1158,DVKD_014,VUNG_2,797.04,5506.14,6368.71,8,139.33,5,86.1,93.6,83.8,80.0,94.6,100.0,87.08,2.62,C - Cần nỗ lực
202405,EMP_1159,DVKD_014,VUNG_2,1189.37,6096.95,12881.84,10,142.15,8,139.5,134.8,151.1,125.0,121.1,160.0,138.64,29.56,A - Xuất sắc
202405,EMP_1160,DVKD_014,VUNG_2,2294.96,14106.69,23679.39,22,304.94,12,150.4,152.7,155.8,129.4,150.3,150.0,150.52,32.86,A - Xuất sắc
202405,EMP_1161,DVKD_014,VUNG_2,1202.5,6053.74,8872.33,14,145.8,7,86.4,88.0,81.7,82.4,72.3,77.8,82.48,5.71,C - Cần nỗ lực
202405,EMP_1162,DVKD_014,VUNG_2,1687.34,10682.95,13726.13,12,276.29,10,105.8,107.8,101.3,100.0,91.0,100.0,101.73,9.87,B - Đạt
202405,EMP_1163,DVKD_014,VUNG_2,761.13,4555.06,5860.69,9,114.58,4,46.5,49.0,50.1,56.2,53.6,57.1,50.17,0.0,D - Không đạt
202405,EMP_1164,DVKD_014,VUNG_2,3188.21,18062.73,29014.59,24,531.09,11,131.8,141.4,141.2,120.0,172.0,122.2,141.38,31.71,A - Xuất sắc
202405,EMP_1165,DVKD_014,VUNG_2,801.36,4274.05,6685.25,12,166.77,4,96.3,98.1,102.1,109.1,85.1,100.0,98.2,4.54,B - Đạt
202405,EMP_1166,DVKD_014,VUNG_2,874.68,3622.71,5692.56,7,90.06,4,49.5,50.4,49.6,50.0,43.6,57.1,48.84,0.0,D - Không đạt
202405,EMP_1167,DVKD_014,VUNG_2,3661.31,22881.41,26395.91,30,658.13,18,151.2,168.1,159.8,166.7,149.6,163.6,158.05,18.71,A - Xuất sắc
202405,EMP_1168,DVKD_014,VUNG_2,1169.91,6258.94,9044.52,12,277.74,6,74.6,71.1,76.6,80.0,84.0,66.7,76.72,0.0,C - Cần nỗ lực
202405,EMP_1169,DVKD_014,VUNG_2,1713.97,7620.7,12058.95,20,327.13,8,110.4,104.2,98.6,117.6,112.6,88.9,106.39,16.28,B - Đạt
202405,EMP_1170,DVKD_015,VUNG_2,1102.87,4414.23,8718.91,10,191.75,5,106.0,102.5,116.8,125.0,91.5,100.0,108.98,12.19,B - Đạt
202405,EMP_1171,DVKD_015,VUNG_2,793.05,4945.07,6404.68,7,149.7,5,97.7,97.3,88.8,87.5,88.8,100.0,92.17,3.94,B - Đạt
202405,EMP_1172,DVKD_015,VUNG_2,987.27,5886.15,7016.65,10,216.58,4,103.9,106.2,98.8,111.1,108.6,100.0,103.89,14.78,B - Đạt
202405,EMP_1173,DVKD_015,VUNG_2,1117.54,5143.61,10741.19,10,195.91,5,79.1,72.8,76.1,76.9,87.9,71.4,78.2,0.0,C - Cần nỗ lực
202405,EMP_1174,DVKD_015,VUNG_2,2077.28,13267.32,22547.71,22,580.74,13,149.3,146.3,161.9,146.7,183.4,162.5,158.11,22.64,A - Xuất sắc
202405,EMP_1175,DVKD_015,VUNG_2,1594.04,9195.5,12171.81,13,358.91,9,89.8,94.3,101.4,100.0,111.1,100.0,98.75,5.54,B - Đạt
202405,EMP_1176,DVKD_015,VUNG_2,2815.05,10588.33,21030.26,27,248.9,12,112.8,106.1,102.8,122.7,87.2,120.0,105.44,9.05,B - Đạt
202405,EMP_1177,DVKD_015,VUNG_2,1735.14,9135.09,13490.66,16,271.57,8,103.6,111.6,104.2,100.0,122.0,100.0,107.41,15.54,B - Đạt
202405,EMP_1178,DVKD_015,VUNG_2,1828.76,11378.92,17069.65,18,402.49,15,93.4,101.3,103.7,90.0,86.6,107.1,96.83,2.5,B - Đạt
202405,EMP_1179,DVKD_015,VUNG_2,1483.65,9241.96,15215.2,12,223.33,8,95.6,95.8,98.8,85.7,90.5,88.9,95.0,3.42,B - Đạt
202405,EMP_1180,DVKD_015,VUNG_2,2158.04,11754.61,17348.44,16,252.04,12,88.3,85.3,92.8,80.0,92.3,92.3,89.19,2.64,C - Cần nỗ lực
202405,EMP_1181,DVKD_015,VUNG_2,1380.41,6559.95,11404.25,14,227.49,6,89.4,88.7,95.2,107.7,94.8,85.7,93.96,5.29,B - Đạt
202405,EMP_1182,DVKD_015,VUNG_2,2372.28,11143.07,21747.91,27,401.32,13,113.6,116.5,110.1,117.4,135.0,108.3,116.4,14.98,B - Đạt
202405,EMP_1183,DVKD_015,VUNG_2,1523.86,7549.6,12002.66,15,186.59,8,102.0,100.1,108.0,107.1,88.0,114.3,102.22,14.28,B - Đạt
202405,EMP_1184,DVKD_016,VUNG_2,963.65,5449.18,8710.57,10,148.17,6,100.2,99.9,94.6,100.0,84.4,120.0,95.8,5.86,B - Đạt
202405,EMP_1185,DVKD_016,VUNG_2,1146.23,5845.07,9046.5,11,124.27,4,116.4,108.4,117.0,110.0,98.8,100.0,112.13,11.32,B - Đạt
202405,EMP_1186,DVKD_016,VUNG_2,1386.1,5954.22,11253.3,10,205.46,7,146.9,142.8,154.8,125.0,134.7,140.0,145.03,31.29,A - Xuất sắc
202405,EMP_1187,DVKD_016,VUNG_2,3221.76,14277.12,21091.83,26,577.42,17,142.4,135.0,138.2,152.9,132.2,141.7,139.34,21.47,A - Xuất sắc
202405,EMP_1188,DVKD_016,VUNG_2,883.89,4852.03,7745.42,12,104.65,6,109.0,97.7,112.9,109.1,96.1,120.0,106.75,11.21,B - Đạt
202405,EMP_1189,DVKD_016,VUNG_2,1102.45,5342.43,7227.97,10,201.53,5,115.8,113.0,110.7,111.1,104.9,100.0,111.49,16.59,B - Đạt
202405,EMP_1190,DVKD_016,VUNG_2,1385.22,7962.52,11537.34,12,328.1,8,93.3,101.9,92.6,100.0,105.6,100.0,96.86,3.86,B - Đạt
202405,EMP_1191,DVKD_016,VUNG_2,864.8,5290.15,9784.14,11,212.91,6,45.0,48.7,45.0,52.4,53.0,42.9,47.49,0.0,D - Không đạt
202405,EMP_1192,DVKD_016,VUNG_2,1248.23,6898.13,8524.21,9,189.43,5,72.2,70.4,75.5,69.2,59.3,71.4,70.85,0.0,C - Cần nỗ lực
202405,EMP_1193,DVKD_016,VUNG_2,1800.8,9831.61,15400.19,11,222.23,7,100.2,102.9,107.9,84.6,116.7,77.8,104.21,9.53,B - Đạt
202405,EMP_1194,DVKD_016,VUNG_2,1688.29,8732.57,12253.65,10,237.39,7,98.4,92.8,91.6,83.3,80.4,100.0,90.97,4.0,B - Đạt
202405,EMP_1195,DVKD_016,VUNG_2,1738.62,7261.32,12120.58,13,254.51,10,99.5,104.7,109.9,92.9,115.1,111.1,105.6,8.04,B - Đạt
202405,EMP_1196,DVKD_016,VUNG_2,1592.83,8118.47,13273.24,16,298.47,8,93.4,101.3,93.8,88.9,107.7,114.3,96.42,2.71,B - Đạt
202405,EMP_1197,DVKD_016,VUNG_2,1679.99,7569.86,13817.02,18,395.28,8,112.5,104.1,101.6,105.9,119.2,88.9,107.77,13.52,B - Đạt
202405,EMP_1198,DVKD_017,VUNG_3,569.72,2770.34,3944.48,5,81.83,3,57.5,54.5,55.0,55.6,52.3,60.0,55.2,0.0,D - Không đạt
202405,EMP_1199,DVKD_017,VUNG_3,996.66,4898.65,6762.23,10,202.24,5,97.8,97.8,100.3,100.0,112.5,100.0,101.1,15.8,B - Đạt
202405,EMP_1200,DVKD_017,VUNG_3,1021.87,4860.49,8734.3,11,193.54,4,98.7,106.9,104.7,110.0,108.7,100.0,104.66,9.88,B - Đạt
202405,EMP_1201,DVKD_017,VUNG_3,2364.4,11845.68,20233.95,25,337.86,13,150.4,158.4,144.3,166.7,139.4,162.5,149.44,21.42,A - Xuất sắc
202405,EMP_1202,DVKD_017,VUNG_3,2254.91,13143.24,22710.68,25,367.98,16,107.1,99.8,112.2,119.0,114.4,114.3,110.07,13.63,B - Đạt
202405,EMP_1203,DVKD_017,VUNG_3,2233.71,11191.49,20517.25,18,319.78,14,133.8,125.8,138.0,138.5,161.7,140.0,138.72,33.58,A - Xuất sắc
202405,EMP_1204,DVKD_017,VUNG_3,969.29,5355.89,7816.1,9,131.73,5,106.0,108.2,94.5,112.5,89.6,125.0,100.49,14.03,B - Đạt
202405,EMP_1205,DVKD_017,VUNG_3,1038.4,6467.66,9397.41,11,130.1,6,67.4,71.9,61.2,73.3,67.5,75.0,66.51,0.0,D - Không đạt
202405,EMP_1206,DVKD_017,VUNG_3,905.59,4795.29,6995.47,11,116.9,6,107.9,111.7,107.2,122.2,87.9,120.0,106.66,10.12,B - Đạt
202405,EMP_1207,DVKD_017,VUNG_3,1486.47,7583.38,10699.81,12,247.32,7,93.6,95.7,94.1,80.0,104.3,100.0,94.33,4.68,B - Đạt
202405,EMP_1208,DVKD_017,VUNG_3,940.13,5355.61,7650.54,9,124.46,3,102.5,109.1,102.8,100.0,86.5,75.0,100.94,13.9,B - Đạt
202405,EMP_1209,DVKD_018,VUNG_3,1236.31,7958.32,9311.59,10,201.88,7,135.4,135.8,132.3,125.0,163.4,140.0,137.54,20.76,A - Xuất sắc
202405,EMP_1210,DVKD_018,VUNG_3,1003.94,5550.13,7869.78,7,125.21,4,103.1,109.3,115.8,100.0,95.5,100.0,107.02,11.11,B - Đạt
202405,EMP_1211,DVKD_018,VUNG_3,1129.22,7827.31,9778.16,10,235.84,7,134.3,135.0,120.2,125.0,146.6,140.0,130.38,20.35,A - Xuất sắc
202405,EMP_1212,DVKD_018,VUNG_3,1154.34,5653.98,9073.15,10,166.62,5,66.1,62.6,71.2,71.4,78.0,50.0,69.67,0.0,D - Không đạt
202405,EMP_1213,DVKD_018,VUNG_3,1041.07,5154.19,7516.91,8,228.23,6,104.4,102.5,107.8,100.0,132.8,100.0,109.12,9.95,B - Đạt
202405,EMP_1214,DVKD_018,VUNG_3,1449.93,6626.16,11510.95,17,301.26,10,98.0,97.3,98.5,100.0,106.1,111.1,99.48,2.69,B - Đạt
202405,EMP_1215,DVKD_018,VUNG_3,972.06,4988.05,6195.99,8,128.6,4,56.1,55.4,53.3,50.0,63.0,50.0,55.44,0.0,D - Không đạt
202405,EMP_1216,DVKD_018,VUNG_3,1801.46,11790.16,15478.22,16,233.16,12,115.9,119.3,110.6,106.7,130.5,120.0,115.83,10.79,B - Đạt
202405,EMP_1217,DVKD_018,VUNG_3,902.15,3800.52,8094.43,7,131.0,5,86.1,86.2,93.4,100.0,92.3,100.0,90.99,2.06,B - Đạt
202405,EMP_1218,DVKD_018,VUNG_3,1626.01,12322.0,16242.61,16,184.08,11,120.4,128.4,124.3,133.3,103.4,122.2,121.7,10.26,A - Xuất sắc
202405,EMP_1219,DVKD_018,VUNG_3,603.38,2802.29,4693.54,7,107.81,2,67.9,62.0,59.2,70.0,57.8,50.0,62.66,0.0,D - Không đạt
202405,EMP_1220,DVKD_018,VUNG_3,1074.46,5069.22,8500.89,7,217.14,6,104.6,107.3,107.7,87.5,133.8,120.0,108.76,15.93,B - Đạt
202405,EMP_1221,DVKD_018,VUNG_3,1572.17,8533.55,16893.21,16,206.84,8,107.4,103.2,114.4,114.3,88.6,100.0,107.09,12.17,B - Đạt
202405,EMP_1222,DVKD_018,VUNG_3,1688.69,10115.17,16347.73,16,201.23,7,102.4,105.7,110.1,106.7,90.5,87.5,104.23,9.63,B - Đạt
202405,EMP_1223,DVKD_019,VUNG_3,981.75,4626.31,7897.91,7,254.42,5,99.9,106.0,103.1,87.5,121.5,100.0,103.93,11.76,B - Đạt
202405,EMP_1224,DVKD_019,VUNG_3,1029.36,6740.41,11358.78,12,176.75,6,125.8,129.9,133.9,133.3,139.5,150.0,132.06,34.35,A - Xuất sắc
202405,EMP_1225,DVKD_019,VUNG_3,588.47,2996.22,4024.56,5,117.19,2,55.6,62.4,59.3,62.5,68.6,40.0,60.55,0.0,D - Không đạt
202405,EMP_1226,DVKD_019,VUNG_3,1163.62,5913.33,9173.97,8,190.32,5,66.1,59.4,61.1,61.5,56.9,62.5,61.5,0.0,D - Không đạt
202405,EMP_1227,DVKD_019,VUNG_3,1667.23,10027.42,18217.39,14,278.36,11,111.2,115.5,118.8,100.0,133.6,122.2,116.75,14.93,B - Đạt
202405,EMP_1228,DVKD_019,VUNG_3,1627.39,9424.9,11154.21,16,299.96,11,97.7,99.5,97.9,94.1,109.4,110.0,99.43,3.94,B - Đạt
202405,EMP_1229,DVKD_019,VUNG_3,2605.03,12218.45,20180.44,30,374.87,18,123.5,122.0,133.0,120.0,133.4,138.5,127.73,11.72,A - Xuất sắc
202405,EMP_1230,DVKD_019,VUNG_3,1477.82,7606.48,11793.34,13,301.43,8,93.2,98.4,87.5,100.0,115.8,114.3,96.06,3.65,B - Đạt
202405,EMP_1231,DVKD_019,VUNG_3,1381.2,7651.25,12458.82,16,182.04,9,93.2,92.7,105.2,94.1,92.6,112.5,97.33,4.18,B - Đạt
202405,EMP_1232,DVKD_019,VUNG_3,771.6,4818.14,8863.19,7,103.21,6,95.1,101.3,99.8,100.0,86.4,100.0,96.86,5.28,B - Đạt
202405,EMP_1233,DVKD_019,VUNG_3,2346.64,10614.61,19282.23,20,368.85,14,137.8,126.3,125.2,133.3,107.9,155.6,126.73,13.75,A - Xuất sắc
202405,EMP_1234,DVKD_020,VUNG_3,1187.6,7521.03,10463.12,17,176.53,5,140.0,137.1,135.5,154.5,130.3,125.0,137.98,27.87,A - Xuất sắc
202405,EMP_1235,DVKD_020,VUNG_3,1035.53,4275.22,8849.22,9,169.12,5,97.5,93.8,104.9,100.0,115.1,83.3,102.42,10.92,B - Đạt
202405,EMP_1236,DVKD_020,VUNG_3,1152.4,6507.52,9344.34,9,141.97,7,109.6,111.3,114.0,112.5,94.2,116.7,109.38,9.18,B - Đạt
202405,EMP_1237,DVKD_020,VUNG_3,1636.91,7362.21,14308.38,14,251.1,6,95.6,101.6,98.8,100.0,101.3,85.7,98.91,4.53,B - Đạt
202405,EMP_1238,DVKD_020,VUNG_3,862.22,4192.72,8717.0,9,128.26,6,58.0,54.1,57.2,60.0,61.9,60.0,57.92,0.0,D - Không đạt
202405,EMP_1239,DVKD_020,VUNG_3,3372.65,13943.01,28199.7,34,592.9,16,139.6,140.1,151.1,147.8,160.9,123.1,147.72,27.35,A - Xuất sắc
202405,EMP_1240,DVKD_020,VUNG_3,2154.87,12740.58,19691.05,23,398.51,15,101.9,114.7,107.9,92.0,111.3,107.1,106.34,10.72,B - Đạt
202405,EMP_1241,DVKD_020,VUNG_3,740.3,4906.02,6882.42,7,169.66,6,90.6,88.4,102.2,87.5,84.7,100.0,93.13,4.26,B - Đạt
202405,EMP_1242,DVKD_020,VUNG_3,2119.26,9838.62,15741.24,23,474.38,8,94.0,87.9,81.6,95.8,103.1,88.9,90.29,3.56,B - Đạt
202405,EMP_1243,DVKD_020,VUNG_3,1802.95,7720.99,13997.48,13,360.87,9,104.2,107.2,99.9,86.7,117.0,112.5,103.31,11.3,B - Đạt
202405,EMP_1244,DVKD_020,VUNG_3,1670.72,6497.13,11731.04,16,154.72,9,96.7,91.9,97.0,88.9,79.9,100.0,92.78,2.65,B - Đạt
202405,EMP_1245,DVKD_020,VUNG_3,1994.31,10262.6,14875.9,20,270.77,9,116.0,119.2,105.4,117.6,138.0,100.0,116.23,13.13,B - Đạt
202405,EMP_1246,DVKD_020,VUNG_3,942.46,5454.44,9096.44,9,160.24,7,99.4,100.0,107.0,100.0,97.7,116.7,101.95,13.46,B - Đạt
202405,EMP_1247,DVKD_020,VUNG_3,1463.99,10101.71,15261.49,15,338.8,10,103.7,104.5,110.0,115.4,118.9,111.1,109.48,13.21,B - Đạt
202405,EMP_1248,DVKD_021,VUNG_3,1252.52,6506.85,8542.5,9,133.99,4,117.8,115.6,103.2,112.5,119.6,100.0,112.1,14.84,B - Đạt
202405,EMP_1249,DVKD_021,VUNG_3,974.54,4921.2,6738.02,7,106.69,6,93.0,96.9,93.7,87.5,99.2,120.0,94.21,5.14,B - Đạt
202405,EMP_1250,DVKD_021,VUNG_3,937.77,5717.22,7525.91,9,129.22,4,102.4,97.6,102.5,100.0,103.9,100.0,101.7,15.98,B - Đạt
202405,EMP_1251,DVKD_021,VUNG_3,1841.21,8276.13,15397.03,17,293.25,6,106.3,108.4,112.0,113.3,101.1,85.7,108.53,15.98,B - Đạt
202405,EMP_1252,DVKD_021,VUNG_3,1313.51,5991.58,9611.03,16,193.3,7,66.3,62.3,59.8,69.6,63.6,58.3,63.35,0.0,D - Không đạt
202405,EMP_1253,DVKD_021,VUNG_3,2681.03,11225.72,22592.28,23,293.81,12,161.0,150.9,172.4,164.3,152.6,133.3,162.55,34.18,A - Xuất sắc
202405,EMP_1254,DVKD_021,VUNG_3,982.69,5231.63,8224.43,12,180.48,6,108.1,113.5,108.3,120.0,117.4,100.0,111.56,12.29,B - Đạt
202405,EMP_1255,DVKD_021,VUNG_3,1474.38,7963.18,10622.45,15,318.51,8,104.1,103.3,93.4,107.1,115.2,114.3,102.2,12.76,B - Đạt
202405,EMP_1256,DVKD_021,VUNG_3,801.74,4428.5,6506.95,9,127.81,3,48.8,49.7,50.3,52.9,53.9,42.9,50.63,0.0,D - Không đạt
202405,EMP_1257,DVKD_021,VUNG_3,1934.16,9598.86,12910.14,13,242.18,10,110.7,116.1,119.1,100.0,92.2,100.0,110.61,10.48,B - Đạt
202405,EMP_1258,DVKD_021,VUNG_3,1468.39,10268.25,14009.78,13,210.85,8,101.6,106.0,105.2,86.7,102.6,114.3,102.18,11.75,B - Đạt
202405,EMP_1259,DVKD_021,VUNG_3,1717.68,8916.95,12020.15,17,168.7,11,104.4,103.7,92.4,100.0,84.6,110.0,96.69,2.69,B - Đạt
202405,EMP_1260,DVKD_022,VUNG_3,1138.55,6133.4,6715.08,10,160.36,7,115.3,104.8,100.6,100.0,102.9,116.7,105.19,10.15,B - Đạt
202405,EMP_1261,DVKD_022,VUNG_3,1016.96,4894.98,8996.72,9,166.23,4,104.5,110.6,105.6,100.0,95.4,100.0,103.98,9.0,B - Đạt
202405,EMP_1262,DVKD_022,VUNG_3,1146.28,5866.64,8653.06,10,170.14,5,114.8,112.6,106.1,111.1,88.6,125.0,107.12,15.79,B - Đạt
202405,EMP_1263,DVKD_022,VUNG_3,2422.99,17588.02,21971.74,31,504.77,19,127.0,137.4,131.7,140.9,137.4,146.2,133.16,32.1,A - Xuất sắc
202405,EMP_1264,DVKD_022,VUNG_3,1124.68,5282.61,10587.74,12,210.4,5,75.2,70.1,73.0,66.7,67.0,71.4,71.58,0.0,C - Cần nỗ lực
202405,EMP_1265,DVKD_022,VUNG_3,807.01,4402.1,6024.79,8,183.73,3,46.2,48.2,47.7,44.4,54.6,42.9,48.1,0.0,D - Không đạt
202405,EMP_1266,DVKD_022,VUNG_3,1363.2,6145.67,13378.5,13,198.71,7,93.2,88.8,92.9,86.7,82.6,77.8,90.19,5.51,B - Đạt
202405,EMP_1267,DVKD_022,VUNG_3,556.4,2873.42,4357.29,6,72.15,3,68.0,65.1,64.2,66.7,60.6,60.0,65.0,0.0,D - Không đạt
202405,EMP_1268,DVKD_022,VUNG_3,2406.28,10903.85,19407.13,25,415.5,16,150.4,146.8,147.5,156.2,193.7,177.8,155.92,22.55,A - Xuất sắc
202405,EMP_1269,DVKD_022,VUNG_3,1662.65,8930.29,16329.13,13,227.99,10,107.6,105.2,111.9,100.0,127.2,100.0,110.92,15.45,B - Đạt
202405,EMP_1270,DVKD_022,VUNG_3,1224.09,6449.16,9400.94,12,237.16,7,146.4,155.6,136.5,171.4,127.3,140.0,143.95,33.71,A - Xuất sắc
202405,EMP_1271,DVKD_022,VUNG_3,2055.81,9445.33,16133.02,17,293.32,10,118.2,119.7,114.6,94.4,97.0,111.1,111.6,15.58,B - Đạt
202405,EMP_1272,DVKD_022,VUNG_3,1472.96,7707.05,14595.87,16,271.61,9,102.6,103.3,98.8,106.7,114.4,90.0,103.55,13.34,B - Đạt
202405,EMP_1273,DVKD_022,VUNG_3,3309.03,17717.94,25068.63,27,552.32,18,136.3,135.1,138.7,122.7,120.3,150.0,133.2,34.86,A - Xuất sắc
202405,EMP_1274,DVKD_023,VUNG_3,833.33,4859.07,6447.54,8,101.48,5,98.7,95.8,95.2,88.9,91.9,100.0,95.04,2.4,B - Đạt
202405,EMP_1275,DVKD_023,VUNG_3,768.99,5631.83,6926.99,10,160.74,5,94.2,99.6,94.7,100.0,110.1,100.0,98.15,2.64,B - Đạt
202405,EMP_1276,DVKD_023,VUNG_3,1667.45,6852.74,12041.78,13,191.16,6,159.5,156.3,164.7,144.4,146.7,120.0,157.41,27.52,A - Xuất sắc
202405,EMP_1277,DVKD_023,VUNG_3,1403.25,6453.39,13255.89,12,244.95,9,86.4,82.7,96.3,80.0,74.0,100.0,86.81,2.39,C - Cần nỗ lực
202405,EMP_1278,DVKD_023,VUNG_3,1917.51,10644.99,14194.29,12,238.59,7,108.2,107.0,101.9,100.0,95.9,100.0,103.15,16.06,B - Đạt
202405,EMP_1279,DVKD_023,VUNG_3,3679.11,13891.3,24230.6,40,429.89,17,150.2,141.9,146.9,166.7,132.0,130.8,146.72,34.92,A - Xuất sắc
202405,EMP_1280,DVKD_023,VUNG_3,1298.33,5174.96,10276.48,12,242.31,6,73.7,73.9,78.0,70.6,88.5,66.7,77.14,0.0,C - Cần nỗ lực
202405,EMP_1281,DVKD_023,VUNG_3,1678.81,9210.71,12529.43,10,214.95,7,97.3,98.2,100.6,83.3,86.7,77.8,95.6,3.93,B - Đạt
202405,EMP_1282,DVKD_023,VUNG_3,1863.02,9028.88,13028.95,12,324.99,8,105.4,93.7,99.5,92.3,107.8,114.3,100.63,13.01,B - Đạt
202405,EMP_1283,DVKD_023,VUNG_3,1845.58,8058.75,15304.64,15,436.7,11,117.3,107.2,122.6,100.0,140.1,110.0,119.33,16.24,B - Đạt
202405,EMP_1284,DVKD_023,VUNG_3,2921.13,20518.17,22478.79,36,375.79,17,143.7,149.9,146.9,156.5,128.2,141.7,144.71,21.85,A - Xuất sắc
202405,EMP_1285,DVKD_023,VUNG_3,1299.55,8465.07,10017.42,15,239.08,7,61.0,67.3,65.7,71.4,70.3,63.6,66.03,0.0,D - Không đạt
202405,EMP_1286,DVKD_023,VUNG_3,1459.7,9313.43,14959.71,14,206.44,11,103.8,103.0,111.3,107.7,105.5,122.2,106.95,15.19,B - Đạt
202405,EMP_1287,DVKD_024,VUNG_3,1010.56,4529.57,7670.42,11,115.02,4,95.9,95.3,102.7,100.0,88.5,100.0,97.49,2.01,B - Đạt
202405,EMP_1288,DVKD_024,VUNG_3,790.93,4730.68,8712.99,9,133.29,3,97.3,97.1,100.8,90.0,82.6,75.0,95.56,2.75,B - Đạt
202405,EMP_1289,DVKD_024,VUNG_3,987.77,5859.55,6680.3,6,91.51,6,96.2,101.8,92.8,85.7,82.5,120.0,92.75,4.26,B - Đạt
202405,EMP_1290,DVKD_024,VUNG_3,728.47,4165.12,7457.21,10,210.25,3,49.3,53.4,54.5,58.8,60.1,42.9,54.3,0.0,D - Không đạt
202405,EMP_1291,DVKD_024,VUNG_3,2269.72,13950.77,20178.08,15,438.57,9,148.4,156.7,144.6,125.0,129.3,128.6,143.11,29.02,A - Xuất sắc
202405,EMP_1292,DVKD_024,VUNG_3,1448.59,7931.48,13923.18,13,216.58,6,144.8,140.6,153.6,130.0,142.9,120.0,145.49,27.74,A - Xuất sắc
202405,EMP_1293,DVKD_024,VUNG_3,3074.71,15604.99,31592.13,25,697.6,16,145.0,130.1,150.7,131.6,150.4,145.5,144.23,28.0,A - Xuất sắc
202405,EMP_1294,DVKD_024,VUNG_3,1179.38,5354.43,8908.24,12,311.14,7,74.0,75.1,71.5,85.7,91.1,87.5,77.03,0.0,C - Cần nỗ lực
202405,EMP_1295,DVKD_024,VUNG_3,1752.71,12876.09,18657.17,22,294.9,11,90.4,94.6,89.8,104.8,92.2,91.7,92.53,4.51,B - Đạt
202405,EMP_1296,DVKD_024,VUNG_3,1838.6,10935.44,16831.29,16,274.09,10,130.8,119.9,115.4,133.3,126.8,125.0,123.42,11.21,A - Xuất sắc
202405,EMP_1297,DVKD_024,VUNG_3,1723.0,10284.36,11456.19,14,210.09,8,101.7,104.4,105.1,82.4,94.5,88.9,100.28,8.19,B - Đạt
202405,EMP_1298,DVKD_024,VUNG_3,1952.14,13956.49,14105.6,21,287.04,9,131.4,141.1,127.2,123.5,118.5,150.0,128.66,11.31,A - Xuất sắc
202406,EMP_1001,DVKD_001,VUNG_1,1076.73,6330.39,9080.63,10,251.13,5,117.9,128.3,127.4,111.1,144.1,100.0,126.03,15.01,A - Xuất sắc
202406,EMP_1002,DVKD_001,VUNG_1,748.6,3102.26,7152.71,10,182.18,4,75.7,74.9,82.4,90.9,90.8,66.7,81.71,4.77,C - Cần nỗ lực
202406,EMP_1003,DVKD_001,VUNG_1,1014.25,6755.98,7700.29,10,126.44,4,112.6,119.2,106.4,100.0,99.0,100.0,108.12,15.24,B - Đạt
202406,EMP_1004,DVKD_001,VUNG_1,1514.47,8652.77,15252.12,15,267.62,7,90.3,98.5,102.0,88.2,79.3,77.8,93.76,4.66,B - Đạt
202406,EMP_1005,DVKD_001,VUNG_1,1156.54,6203.64,9806.82,11,136.14,7,67.5,72.4,63.8,61.1,60.4,70.0,65.23,0.0,D - Không đạt
202406,EMP_1006,DVKD_001,VUNG_1,2180.32,10862.47,20499.45,20,290.8,16,97.9,95.1,102.7,87.0,94.2,114.3,97.52,2.61,B - Đạt
202406,EMP_1007,DVKD_001,VUNG_1,2127.81,12870.86,17098.85,24,324.34,12,136.4,129.0,143.2,141.2,144.7,133.3,139.39,21.78,A - Xuất sắc
202406,EMP_1008,DVKD_001,VUNG_1,2079.82,14065.47,21292.28,22,353.67,9,141.2,140.7,146.8,157.1,128.6,128.6,142.78,24.03,A - Xuất sắc
202406,EMP_1009,DVKD_001,VUNG_1,2240.56,12542.04,17553.56,22,597.54,10,108.6,117.0,104.5,100.0,137.7,111.1,111.93,12.07,B - Đạt
202406,EMP_1010,DVKD_001,VUNG_1,1594.19,10529.04,16355.23,16,262.32,6,107.1,118.1,110.4,94.1,103.8,100.0,108.11,8.11,B - Đạt
202406,EMP_1011,DVKD_001,VUNG_1,1529.66,7522.38,13355.88,20,274.36,8,113.0,108.7,106.7,125.0,100.7,100.0,109.51,13.38,B - Đạt
202406,EMP_1012,DVKD_001,VUNG_1,1774.55,7783.77,17076.83,15,360.02,9,110.2,110.3,113.0,100.0,105.3,112.5,109.44,13.56,B - Đạt
202406,EMP_1013,DVKD_001,VUNG_1,966.7,6400.14,7525.26,11,166.22,5,65.9,68.7,62.5,73.3,77.4,71.4,67.59,0.0,D - Không đạt
202406,EMP_1014,DVKD_001,VUNG_1,1226.3,6046.47,8465.02,13,137.49,7,50.3,48.5,50.7,59.1,47.4,58.3,50.61,0.0,D - Không đạt
202406,EMP_1015,DVKD_002,VUNG_1,828.59,4550.92,7717.53,8,179.73,6,89.2,97.0,95.6,100.0,87.7,100.0,93.46,3.02,B - Đạt
202406,EMP_1016,DVKD_002,VUNG_1,1329.15,4743.1,11078.1,12,225.9,5,123.8,115.4,124.3,120.0,139.7,125.0,124.72,11.74,A - Xuất sắc
202406,EMP_1017,DVKD_002,VUNG_1,894.88,4276.59,8480.76,8,110.98,4,102.5,99.7,106.8,100.0,98.1,100.0,102.67,16.53,B - Đạt
202406,EMP_1018,DVKD_002,VUNG_1,894.49,5444.13,7819.22,7,150.68,5,92.8,96.0,92.6,100.0,100.6,100.0,95.1,4.85,B - Đạt
202406,EMP_1019,DVKD_002,VUNG_1,1298.67,8057.42,12405.53,20,365.27,9,95.4,92.2,99.0,111.1,110.0,112.5,99.94,2.85,B - Đạt
202406,EMP_1020,DVKD_002,VUNG_1,1145.66,5099.36,7318.17,10,163.65,4,107.6,109.8,111.4,111.1,120.7,100.0,111.58,15.26,B - Đạt
202406,EMP_1021,DVKD_002,VUNG_1,1003.93,4536.77,7660.69,8,158.7,5,62.1,63.5,64.8,57.1,52.9,55.6,61.38,0.0,D - Không đạt
202406,EMP_1022,DVKD_002,VUNG_1,2351.67,11746.8,23049.55,22,402.7,14,138.1,129.4,150.5,157.1,145.4,155.6,144.13,33.07,A - Xuất sắc
202406,EMP_1023,DVKD_002,VUNG_1,1333.49,8933.03,13673.06,17,369.42,10,94.1,96.7,98.3,94.4,107.8,100.0,98.04,3.65,B - Đạt
202406,EMP_1024,DVKD_002,VUNG_1,1439.05,9040.22,12234.85,13,239.47,5,149.5,150.8,147.5,130.0,148.2,125.0,146.85,32.91,A - Xuất sắc
202406,EMP_1025,DVKD_002,VUNG_1,2662.91,14757.94,22193.9,25,355.2,10,109.0,112.7,115.6,113.6,95.4,90.9,110.28,14.9,B - Đạt
202406,EMP_1026,DVKD_003,VUNG_1,803.49,4814.07,8307.94,8,167.66,5,93.1,92.9,91.3,100.0,88.8,83.3,92.48,4.74,B - Đạt
202406,EMP_1027,DVKD_003,VUNG_1,1182.71,5938.73,13343.25,14,202.99,9,135.6,126.8,143.8,140.0,133.8,150.0,137.32,32.13,A - Xuất sắc
202406,EMP_1028,DVKD_003,VUNG_1,791.2,3761.93,7027.74,7,125.33,5,85.9,88.9,86.8,100.0,87.6,100.0,88.33,2.89,C - Cần nỗ lực
202406,EMP_1029,DVKD_003,VUNG_1,2264.54,15087.63,17289.62,23,445.63,13,111.3,115.7,103.8,95.8,91.6,92.9,104.83,9.71,B - Đạt
202406,EMP_1030,DVKD_003,VUNG_1,1936.62,11663.55,18091.32,21,359.77,13,132.6,120.1,128.9,131.2,128.0,130.0,128.6,8.51,A - Xuất sắc
202406,EMP_1031,DVKD_003,VUNG_1,1604.12,7508.67,14367.87,19,255.68,10,106.7,104.6,112.6,126.7,127.2,125.0,113.52,12.03,B - Đạt
202406,EMP_1032,DVKD_003,VUNG_1,1753.05,6980.93,10729.18,17,224.65,9,100.4,93.9,92.0,113.3,110.0,112.5,99.21,5.26,B - Đạt
202406,EMP_1033,DVKD_003,VUNG_1,917.41,4838.49,6390.21,7,169.62,6,90.2,88.8,81.6,87.5,86.4,100.0,86.14,5.13,C - Cần nỗ lực
202406,EMP_1034,DVKD_003,VUNG_1,913.53,4806.29,6712.3,11,206.41,6,111.9,109.2,100.3,122.2,128.5,120.0,110.95,8.37,B - Đạt
202406,EMP_1035,DVKD_003,VUNG_1,979.29,5094.37,9838.18,8,127.81,6,106.0,117.8,115.9,100.0,94.1,120.0,108.85,13.04,B - Đạt
202406,EMP_1036,DVKD_004,VUNG_1,1195.13,5251.29,10070.85,8,251.45,5,115.7,111.1,122.3,100.0,139.1,125.0,119.26,14.85,B - Đạt
202406,EMP_1037,DVKD_004,VUNG_1,812.37,4474.01,7221.27,7,116.54,4,76.7,75.8,79.3,77.8,63.8,80.0,75.65,0.0,C - Cần nỗ lực
202406,EMP_1038,DVKD_004,VUNG_1,603.75,3210.07,4659.59,7,84.21,4,59.5,59.2,54.2,70.0,50.5,66.7,57.3,0.0,D - Không đạt
202406,EMP_1039,DVKD_004,VUNG_1,2500.45,11922.35,15546.26,22,385.36,10,158.3,163.6,143.5,137.5,131.6,125.0,147.83,19.91,A - Xuất sắc
202406,EMP_1040,DVKD_004,VUNG_1,1693.79,8554.06,16891.26,15,328.94,7,113.4,116.1,118.4,107.1,106.0,100.0,113.81,9.31,B - Đạt
202406,EMP_1041,DVKD_004,VUNG_1,1391.5,6759.17,13125.46,13,229.62,10,147.5,162.0,164.7,144.4,145.0,166.7,155.01,24.64,A - Xuất sắc
202406,EMP_1042,DVKD_004,VUNG_1,2413.29,13712.19,21502.67,30,344.13,17,116.6,122.0,106.4,120.0,134.8,121.4,116.91,15.13,B - Đạt
202406,EMP_1043,DVKD_004,VUNG_1,1236.93,6653.76,9015.64,10,227.89,7,70.8,72.8,70.1,71.4,69.3,87.5,70.69,0.0,C - Cần nỗ lực
202406,EMP_1044,DVKD_004,VUNG_1,1668.47,7914.13,13260.06,19,242.45,7,110.8,108.0,108.9,126.7,113.2,100.0,111.67,11.37,B - Đạt
202406,EMP_1045,DVKD_004,VUNG_1,1899.81,7798.63,14339.11,16,269.04,10,107.2,102.2,104.6,123.1,124.8,125.0,109.77,9.38,B - Đạt
202406,EMP_1046,DVKD_004,VUNG_1,1931.13,11868.69,18507.67,15,322.52,10,138.6,138.5,139.8,115.4,115.3,142.9,133.19,25.64,A - Xuất sắc
202406,EMP_1047,DVKD_004,VUNG_1,1904.95,9019.75,13804.03,15,395.52,9,108.8,105.8,117.6,100.0,124.0,112.5,112.83,12.49,B - Đạt
202406,EMP_1048,DVKD_005,VUNG_1,1130.92,7686.41,9652.22,10,161.34,7,127.6,130.3,125.2,111.1,136.4,140.0,126.83,11.76,A - Xuất sắc
202406,EMP_1049,DVKD_005,VUNG_1,735.86,3860.1,5790.79,5,160.55,4,69.6,70.8,63.4,62.5,81.0,80.0,68.61,0.0,D - Không đạt
202406,EMP_1050,DVKD_005,VUNG_1,910.17,4656.63,8313.21,11,199.8,7,109.2,107.2,114.2,110.0,96.7,116.7,108.85,9.11,B - Đạt
202406,EMP_1051,DVKD_005,VUNG_1,2623.97,12264.43,18888.6,23,391.88,14,111.2,116.6,120.9,127.8,119.8,127.3,118.35,14.6,B - Đạt
202406,EMP_1052,DVKD_005,VUNG_1,943.74,5404.83,5966.56,10,202.49,3,56.1,60.4,53.5,62.5,61.1,42.9,57.23,0.0,D - Không đạt
202406,EMP_1053,DVKD_005,VUNG_1,1767.96,11624.25,17310.01,15,417.67,12,126.7,128.4,130.1,115.4,153.2,120.0,130.99,21.65,A - Xuất sắc
202406,EMP_1054,DVKD_005,VUNG_1,1187.85,7246.16,9611.63,9,223.6,7,72.8,73.7,69.6,69.2,80.5,70.0,72.61,0.0,C - Cần nỗ lực
202406,EMP_1055,DVKD_005,VUNG_1,1442.02,7650.2,14043.46,17,234.0,8,99.5,103.0,107.6,113.3,112.6,100.0,106.2,10.48,B - Đạt
202406,EMP_1056,DVKD_005,VUNG_1,2927.44,17795.12,25169.12,36,594.98,15,148.4,143.9,160.1,171.4,140.9,150.0,153.0,30.87,A - Xuất sắc
202406,EMP_1057,DVKD_005,VUNG_1,968.96,5676.75,8828.46,10,143.64,5,62.7,67.8,64.3,62.5,79.0,55.6,66.45,0.0,D - Không đạt
202406,EMP_1058,DVKD_005,VUNG_1,561.96,3019.07,3719.95,4,91.32,3,57.6,57.1,52.0,50.0,56.8,50.0,54.69,0.0,D - Không đạt
202406,EMP_1059,DVKD_006,VUNG_1,1590.85,8888.23,13311.97,14,239.64,7,151.9,156.1,147.9,140.0,153.2,140.0,150.13,28.28,A - Xuất sắc
202406,EMP_1060,DVKD_006,VUNG_1,1077.85,5842.73,8296.54,9,174.76,6,111.0,114.0,113.2,112.5,84.8,100.0,108.44,15.29,B - Đạt
202406,EMP_1061,DVKD_006,VUNG_1,1032.49,4497.03,7461.39,8,182.66,3,101.6,92.0,96.1,100.0,122.1,75.0,101.15,10.8,B - Đạt
202406,EMP_1062,DVKD_006,VUNG_1,3857.25,20447.56,25258.98,30,377.18,18,154.8,163.8,144.7,150.0,136.5,128.6,149.39,22.14,A - Xuất sắc
202406,EMP_1063,DVKD_006,VUNG_1,1708.01,9905.74,15126.88,19,176.27,7,98.8,103.6,110.5,118.8,97.9,100.0,105.48,8.58,B - Đạt
202406,EMP_1064,DVKD_006,VUNG_1,1564.98,9708.02,12951.65,15,273.64,10,108.2,101.9,101.5,100.0,118.2,111.1,105.59,14.84,B - Đạt
202406,EMP_1065,DVKD_006,VUNG_1,2233.08,14635.82,19935.67,23,232.42,13,145.5,155.9,155.3,164.3,125.9,162.5,149.43,32.53,A - Xuất sắc
202406,EMP_1066,DVKD_006,VUNG_1,740.65,4678.18,5422.25,7,109.84,5,85.2,88.2,82.0,77.8,85.7,83.3,83.87,3.16,C - Cần nỗ lực
202406,EMP_1067,DVKD_006,VUNG_1,1528.61,8491.12,11532.11,16,332.2,8,96.1,91.4,101.8,88.9,117.9,114.3,99.94,5.49,B - Đạt
202406,EMP_1068,DVKD_006,VUNG_1,1537.9,9989.36,9928.84,13,351.34,8,96.5,101.5,91.1,92.9,112.8,100.0,97.44,2.91,B - Đạt
202406,EMP_1069,DVKD_006,VUNG_1,1743.69,10260.71,11321.76,12,278.96,12,115.6,110.9,102.0,100.0,131.7,133.3,110.99,11.89,B - Đạt
202406,EMP_1070,DVKD_006,VUNG_1,861.57,4906.85,6489.7,9,125.95,4,48.0,51.7,51.1,56.2,55.8,57.1,51.63,0.0,D - Không đạt
202406,EMP_1071,DVKD_006,VUNG_1,2030.92,11184.57,18387.6,20,192.09,13,95.5,98.4,97.6,105.3,77.3,92.9,94.92,4.83,B - Đạt
202406,EMP_1072,DVKD_006,VUNG_1,1449.39,6993.55,10796.53,12,161.1,8,143.0,137.4,136.2,120.0,147.2,160.0,138.11,22.41,A - Xuất sắc
202406,EMP_1073,DVKD_007,VUNG_1,846.34,5347.89,9300.99,8,194.08,7,103.6,101.0,109.9,114.3,105.6,116.7,106.78,13.87,B - Đạt
202406,EMP_1074,DVKD_007,VUNG_1,991.35,5107.68,9390.13,9,248.3,4,108.7,105.3,106.3,90.0,127.0,100.0,108.22,11.1,B - Đạt
202406,EMP_1075,DVKD_007,VUNG_1,1063.28,5520.48,8362.51,7,213.99,6,112.4,101.7,97.4,100.0,116.9,120.0,104.98,9.07,B - Đạt
202406,EMP_1076,DVKD_007,VUNG_1,2715.64,10688.2,20164.21,20,562.01,16,110.0,107.4,105.7,100.0,125.3,114.3,109.4,14.49,B - Đạt
202406,EMP_1077,DVKD_007,VUNG_1,1762.5,9140.03,16483.72,14,235.19,8,103.5,112.0,114.7,100.0,92.1,114.3,106.63,10.13,B - Đạt
202406,EMP_1078,DVKD_007,VUNG_1,1760.67,8607.54,10801.81,15,243.12,8,98.6,99.6,85.7,100.0,113.7,100.0,96.64,4.95,B - Đạt
202406,EMP_1079,DVKD_007,VUNG_1,592.74,2838.34,5649.77,6,83.75,4,67.0,61.4,66.4,66.7,57.7,66.7,64.53,0.0,D - Không đạt
202406,EMP_1080,DVKD_007,VUNG_1,1742.56,11187.39,14570.33,17,308.87,10,103.9,113.6,100.8,106.2,121.5,111.1,107.14,8.29,B - Đạt
202406,EMP_1081,DVKD_007,VUNG_1,762.89,4683.51,6825.12,8,116.02,4,93.4,84.2,87.9,88.9,99.6,80.0,90.58,2.78,B - Đạt
202406,EMP_1082,DVKD_007,VUNG_1,2626.07,15419.68,19988.53,28,413.48,17,132.6,124.9,127.5,127.3,139.7,121.4,130.19,27.4,A - Xuất sắc
202406,EMP_1083,DVKD_008,VUNG_1,586.38,2396.36,4474.24,6,104.26,3,60.4,56.5,58.6,60.0,65.2,50.0,59.87,0.0,D - Không đạt
202406,EMP_1084,DVKD_008,VUNG_1,1043.03,4553.57,8714.73,10,172.26,7,102.7,108.6,110.3,111.1,94.3,116.7,105.82,14.99,B - Đạt
202406,EMP_1085,DVKD_008,VUNG_1,1150.85,7400.61,11516.85,15,162.68,6,140.4,137.0,140.4,150.0,122.2,150.0,138.12,32.55,A - Xuất sắc
202406,EMP_1086,DVKD_008,VUNG_1,1655.69,9237.61,13319.77,20,258.0,9,103.3,110.4,100.9,111.1,119.3,112.5,106.7,14.33,B - Đạt
202406,EMP_1087,DVKD_008,VUNG_1,1472.2,7877.48,12171.82,14,339.45,8,93.9,91.9,84.8,87.5,101.0,100.0,90.84,2.19,B - Đạt
202406,EMP_1088,DVKD_008,VUNG_1,1579.07,7830.85,12878.68,16,232.93,8,114.0,108.7,118.5,106.7,118.7,114.3,114.76,13.77,B - Đạt
202406,EMP_1089,DVKD_008,VUNG_1,689.29,2812.68,5712.72,6,99.44,3,66.0,65.4,63.3,66.7,58.2,60.0,63.87,0.0,D - Không đạt
202406,EMP_1090,DVKD_008,VUNG_1,1418.5,10349.95,12144.94,12,230.74,11,100.4,107.8,94.8,100.0,118.0,110.0,102.15,10.86,B - Đạt
202406,EMP_1091,DVKD_008,VUNG_1,868.33,4575.58,6146.99,7,186.1,5,51.9,47.6,50.8,50.0,56.3,55.6,51.34,0.0,D - Không đạt
202406,EMP_1092,DVKD_008,VUNG_1,1528.23,7924.6,15814.62,20,387.34,10,107.3,102.5,112.3,117.6,113.4,125.0,110.28,9.3,B - Đạt
202406,EMP_1093,DVKD_008,VUNG_1,2227.51,10828.24,17102.65,17,425.2,17,98.1,93.1,103.4,85.0,99.4,113.3,98.09,5.2,B - Đạt
202406,EMP_1094,DVKD_008,VUNG_1,1074.28,4240.7,8164.58,9,127.33,5,101.3,96.5,95.6,100.0,92.0,125.0,97.06,2.8,B - Đạt
202406,EMP_1095,DVKD_008,VUNG_1,3278.52,21398.75,23268.33,38,485.09,13,149.9,153.2,153.5,165.2,165.1,144.4,155.46,22.95,A - Xuất sắc
202406,EMP_1096,DVKD_009,VUNG_2,888.61,4311.1,8458.81,8,90.8,4,95.2,101.2,102.2,88.9,81.1,80.0,95.8,3.61,B - Đạt
202406,EMP_1097,DVKD_009,VUNG_2,959.29,4650.18,6592.45,7,124.42,5,91.5,98.1,101.1,87.5,92.3,83.3,95.57,3.83,B - Đạt
202406,EMP_1098,DVKD_009,VUNG_2,1016.68,5750.12,7318.78,12,191.34,6,109.9,104.9,97.1,120.0,94.2,120.0,103.32,11.03,B - Đạt
202406,EMP_1099,DVKD_009,VUNG_2,2612.19,11087.98,21411.54,22,328.38,12,113.9,106.3,112.1,122.2,110.2,120.0,112.4,11.25,B - Đạt
202406,EMP_1100,DVKD_009,VUNG_2,1887.4,8900.86,16108.3,19,352.45,10,117.7,123.5,121.1,118.8,145.6,111.1,124.06,11.47,A - Xuất sắc
202406,EMP_1101,DVKD_009,VUNG_2,1103.32,5489.38,9021.98,9,160.11,7,63.6,62.8,58.4,56.2,56.6,70.0,59.87,0.0,D - Không đạt
202406,EMP_1102,DVKD_009,VUNG_2,1873.88,8583.32,16626.52,17,509.05,11,92.7,90.0,99.7,89.5,107.7,91.7,96.67,2.03,B - Đạt
202406,EMP_1103,DVKD_009,VUNG_2,910.94,4846.61,6847.33,7,236.35,4,64.4,58.2,63.4,58.3,68.6,57.1,63.14,0.0,D - Không đạt
202406,EMP_1104,DVKD_009,VUNG_2,1819.29,8598.35,13969.0,14,337.88,7,106.2,105.4,106.9,100.0,109.7,100.0,106.23,13.18,B - Đạt
202406,EMP_1105,DVKD_009,VUNG_2,1623.81,10451.13,15639.81,16,300.41,8,106.3,112.7,110.2,114.3,93.4,100.0,107.49,8.88,B - Đạt
202406,EMP_1106,DVKD_009,VUNG_2,1276.19,7808.74,11164.25,10,209.55,7,92.1,89.4,94.4,76.9,73.3,87.5,88.16,4.85,C - Cần nỗ lực
202406,EMP_1107,DVKD_009,VUNG_2,1315.32,7810.19,11999.89,17,200.92,7,93.0,95.3,92.9,106.2,91.8,100.0,94.45,4.46,B - Đạt
202406,EMP_1108,DVKD_009,VUNG_2,3144.11,16289.83,21790.21,28,642.56,16,128.0,130.9,133.5,116.7,141.4,123.1,131.24,26.32,A - Xuất sắc
202406,EMP_1109,DVKD_009,VUNG_2,1878.32,10549.84,18333.92,21,353.23,8,124.7,129.3,133.2,123.5,105.1,114.3,125.3,14.42,A - Xuất sắc
202406,EMP_1110,DVKD_010,VUNG_2,963.48,6227.55,9995.25,8,155.84,5,105.8,106.1,106.9,100.0,109.1,125.0,106.14,11.81,B - Đạt
202406,EMP_1111,DVKD_010,VUNG_2,877.98,4009.35,8136.18,10,154.48,3,90.7,85.1,89.4,100.0,97.9,75.0,91.42,3.53,B - Đạt
202406,EMP_1112,DVKD_010,VUNG_2,883.65,5567.23,7938.86,10,207.25,6,100.0,104.6,95.3,111.1,98.9,100.0,99.99,5.47,B - Đạt
202406,EMP_1113,DVKD_010,VUNG_2,1020.95,5257.9,8826.3,8,212.42,7,49.5,53.8,46.5,47.1,50.5,58.3,49.01,0.0,D - Không đạt
202406,EMP_1114,DVKD_010,VUNG_2,1746.75,9218.38,11957.14,16,327.03,9,107.6,111.7,102.8,100.0,113.4,100.0,106.64,14.3,B - Đạt
202406,EMP_1115,DVKD_010,VUNG_2,1277.17,7588.29,14044.97,17,254.17,8,91.4,95.1,102.2,106.2,85.2,114.3,96.28,4.64,B - Đạt
202406,EMP_1116,DVKD_010,VUNG_2,2983.03,12027.63,26148.01,22,447.63,18,123.0,121.6,126.2,122.2,126.6,138.5,124.37,16.1,A - Xuất sắc
202406,EMP_1117,DVKD_010,VUNG_2,803.58,5003.77,6574.75,10,157.95,6,89.8,87.4,90.3,100.0,90.9,100.0,90.8,4.65,B - Đạt
202406,EMP_1118,DVKD_010,VUNG_2,1498.37,8785.57,15746.76,17,234.67,9,99.9,98.2,104.2,100.0,114.7,90.0,103.38,15.96,B - Đạt
202406,EMP_1119,DVKD_010,VUNG_2,2142.09,10960.59,14786.35,21,365.11,14,127.9,137.5,136.1,131.2,147.3,155.6,135.45,28.88,A - Xuất sắc
202406,EMP_1120,DVKD_011,VUNG_2,869.61,4811.9,9499.14,10,157.89,5,105.2,108.1,109.5,125.0,118.7,125.0,111.15,16.77,B - Đạt
202406,EMP_1121,DVKD_011,VUNG_2,478.58,3053.25,4643.99,6,82.87,3,58.2,58.2,54.9,66.7,48.3,50.0,56.41,0.0,D - Không đạt
202406,EMP_1122,DVKD_011,VUNG_2,925.49,4249.81,6817.14,7,162.94,5,87.0,90.9,84.2,87.5,105.8,83.3,89.48,3.02,C - Cần nỗ lực
202406,EMP_1123,DVKD_011,VUNG_2,1263.7,9375.99,10094.93,15,186.02,5,91.0,95.9,89.9,83.3,89.9,71.4,90.42,5.09,B - Đạt
202406,EMP_1124,DVKD_011,VUNG_2,2718.04,16720.67,18344.07,26,291.49,17,130.0,135.6,120.2,144.4,117.7,130.8,127.0,10.21,A - Xuất sắc
202406,EMP_1125,DVKD_011,VUNG_2,1581.61,10068.24,16912.73,14,332.21,12,101.6,104.8,110.3,100.0,112.9,120.0,106.66,15.34,B - Đạt
202406,EMP_1126,DVKD_011,VUNG_2,1286.06,6620.25,10215.27,11,196.0,5,52.8,51.4,50.9,57.9,58.0,45.5,53.21,0.0,D - Không đạt
202406,EMP_1127,DVKD_011,VUNG_2,1115.04,6824.75,9684.28,14,182.24,5,75.6,79.3,75.7,82.4,81.8,71.4,77.8,0.0,C - Cần nỗ lực
202406,EMP_1128,DVKD_011,VUNG_2,1783.97,7489.45,12982.29,13,272.86,8,99.6,98.2,100.6,100.0,115.1,100.0,102.1,13.23,B - Đạt
202406,EMP_1129,DVKD_011,VUNG_2,2257.63,11084.34,21264.43,23,266.38,14,133.0,130.8,143.9,143.8,130.0,140.0,137.12,28.41,A - Xuất sắc
202406,EMP_1130,DVKD_011,VUNG_2,1081.95,4459.46,8238.83,12,187.77,5,67.1,61.1,60.9,66.7,74.8,55.6,65.14,0.0,D - Không đạt
202406,EMP_1131,DVKD_011,VUNG_2,2535.05,11924.87,19897.06,30,458.48,15,109.3,110.3,114.2,120.0,120.6,115.4,113.93,16.66,B - Đạt
202406,EMP_1132,DVKD_011,VUNG_2,984.97,5773.6,8043.26,9,127.37,5,111.6,114.0,113.5,112.5,96.2,83.3,110.41,9.69,B - Đạt
202406,EMP_1133,DVKD_011,VUNG_2,2327.57,12977.16,18309.98,22,307.32,11,105.0,105.1,100.0,104.8,94.8,91.7,101.72,10.45,B - Đạt
202406,EMP_1134,DVKD_012,VUNG_2,1548.85,8504.18,10170.27,13,191.22,8,156.8,146.4,137.3,162.5,134.0,133.3,145.56,27.57,A - Xuất sắc
202406,EMP_1135,DVKD_012,VUNG_2,821.77,5206.83,7709.88,10,149.4,4,96.4,104.3,103.5,100.0,119.9,80.0,103.95,8.27,B - Đạt
202406,EMP_1136,DVKD_012,VUNG_2,989.12,5927.18,10387.87,11,159.92,6,115.8,115.5,120.1,122.2,94.2,120.0,114.66,9.85,B - Đạt
202406,EMP_1137,DVKD_012,VUNG_2,1449.39,7590.06,12092.28,12,271.18,6,62.3,59.3,66.1,63.2,64.2,50.0,63.55,0.0,D - Không đạt
202406,EMP_1138,DVKD_012,VUNG_2,1617.23,8328.16,11280.25,20,286.64,12,73.7,73.6,73.3,80.0,94.8,85.7,77.34,0.0,C - Cần nỗ lực
202406,EMP_1139,DVKD_012,VUNG_2,531.79,2245.62,4088.52,4,89.87,2,50.2,52.4,53.1,50.0,54.3,40.0,52.14,0.0,D - Không đạt
202406,EMP_1140,DVKD_012,VUNG_2,1554.42,7984.5,12537.66,19,259.62,10,109.2,108.9,102.4,118.8,87.4,125.0,104.46,16.21,B - Đạt
202406,EMP_1141,DVKD_012,VUNG_2,3778.92,16843.72,22001.19,36,785.81,12,151.8,139.6,137.0,163.6,179.3,133.3,150.1,34.61,A - Xuất sắc
202406,EMP_1142,DVKD_012,VUNG_2,1865.82,11640.66,14301.84,19,292.5,9,95.8,89.1,89.0,95.0,85.5,75.0,90.79,3.2,B - Đạt
202406,EMP_1143,DVKD_012,VUNG_2,1554.24,7318.78,10365.02,14,240.69,11,94.4,98.4,89.2,100.0,116.1,110.0,97.0,3.57,B - Đạt
202406,EMP_1144,DVKD_013,VUNG_2,1035.4,5906.49,8044.44,10,228.64,5,111.6,108.0,116.2,111.1,122.6,125.0,114.27,14.55,B - Đạt
202406,EMP_1145,DVKD_013,VUNG_2,546.32,2616.75,4913.31,5,101.23,3,64.0,61.3,60.9,55.6,79.5,60.0,63.99,0.0,D - Không đạt
202406,EMP_1146,DVKD_013,VUNG_2,1405.48,7847.68,11217.48,19,244.11,7,154.2,157.9,156.3,172.7,167.5,140.0,159.34,27.65,A - Xuất sắc
202406,EMP_1147,DVKD_013,VUNG_2,2279.53,9892.51,17485.37,20,410.71,15,91.9,87.5,101.0,105.3,100.1,107.1,96.99,4.49,B - Đạt
202406,EMP_1148,DVKD_013,VUNG_2,1728.49,8382.06,12863.95,15,305.71,7,106.8,98.5,103.2,93.8,88.7,100.0,100.28,8.46,B - Đạt
202406,EMP_1149,DVKD_013,VUNG_2,1982.04,8580.56,14231.61,16,349.22,8,113.4,116.4,119.3,114.3,132.9,133.3,118.93,9.93,B - Đạt
202406,EMP_1150,DVKD_013,VUNG_2,1720.87,8066.55,12847.39,14,246.72,8,106.3,99.9,115.0,107.7,94.0,114.3,106.68,13.14,B - Đạt
202406,EMP_1151,DVKD_013,VUNG_2,2277.21,10969.81,18655.17,20,302.1,13,153.3,154.6,147.5,153.8,150.0,162.5,151.02,30.79,A - Xuất sắc
202406,EMP_1152,DVKD_013,VUNG_2,1405.97,7535.78,10808.15,16,159.02,6,85.0,90.4,89.7,88.9,77.0,75.0,86.64,3.35,C - Cần nỗ lực
202406,EMP_1153,DVKD_013,VUNG_2,1778.04,7794.62,17503.7,14,373.28,10,112.3,109.2,119.3,100.0,123.1,111.1,114.67,13.73,B - Đạt
202406,EMP_1154,DVKD_013,VUNG_2,2557.75,14782.05,20124.89,23,394.73,15,167.0,157.6,173.9,176.9,149.7,166.7,166.4,29.2,A - Xuất sắc
202406,EMP_1155,DVKD_013,VUNG_2,806.84,5488.41,7903.05,9,110.34,4,59.5,61.7,56.4,60.0,59.8,50.0,58.84,0.0,D - Không đạt
202406,EMP_1156,DVKD_013,VUNG_2,1710.97,7935.34,14556.61,18,333.31,10,101.6,110.7,99.2,105.9,126.8,100.0,106.33,12.24,B - Đạt
202406,EMP_1157,DVKD_014,VUNG_2,925.53,5736.66,9097.04,7,111.86,5,92.3,100.6,98.0,87.5,90.4,100.0,94.78,3.31,B - Đạt
202406,EMP_1158,DVKD_014,VUNG_2,1183.19,6158.79,7650.88,7,282.12,6,116.6,107.1,114.0,100.0,137.9,100.0,115.8,8.16,B - Đạt
202406,EMP_1159,DVKD_014,VUNG_2,797.97,4647.47,7694.17,8,118.15,4,90.7,91.7,93.3,80.0,78.4,80.0,88.84,3.57,C - Cần nỗ lực
202406,EMP_1160,DVKD_014,VUNG_2,1440.97,10643.65,14079.34,14,281.24,10,105.3,111.1,108.2,116.7,100.5,125.0,107.6,13.82,B - Đạt
202406,EMP_1161,DVKD_014,VUNG_2,1435.13,7668.05,14326.77,11,173.98,8,93.1,85.6,98.9,91.7,78.5,100.0,91.68,3.97,B - Đạt
202406,EMP_1162,DVKD_014,VUNG_2,1444.75,8065.52,12493.25,10,224.09,7,94.0,98.0,102.2,83.3,115.2,77.8,99.58,2.58,B - Đạt
202406,EMP_1163,DVKD_014,VUNG_2,1767.21,9031.26,12491.3,14,216.0,8,111.2,111.9,107.3,93.3,109.6,114.3,107.91,13.38,B - Đạt
202406,EMP_1164,DVKD_014,VUNG_2,2324.51,14490.58,19169.46,24,373.09,16,105.6,107.2,109.9,114.3,94.2,114.3,106.5,14.89,B - Đạt
202406,EMP_1165,DVKD_014,VUNG_2,953.29,5428.49,8132.88,8,106.85,5,90.4,92.5,92.0,88.9,97.8,100.0,92.23,4.09,B - Đạt
202406,EMP_1166,DVKD_014,VUNG_2,1260.01,8645.7,12377.16,17,176.5,7,92.2,98.8,86.7,100.0,91.6,87.5,91.95,5.64,B - Đạt
202406,EMP_1167,DVKD_014,VUNG_2,2101.74,9972.63,17984.76,19,341.5,10,89.6,90.4,92.7,100.0,99.5,100.0,93.33,4.46,B - Đạt
202406,EMP_1168,DVKD_014,VUNG_2,1876.04,10633.39,15217.17,14,396.08,11,111.3,116.7,105.9,116.7,118.4,110.0,111.83,12.65,B - Đạt
202406,EMP_1169,DVKD_014,VUNG_2,1052.58,5310.57,9489.45,10,186.0,7,61.7,61.6,60.9,62.5,69.1,70.0,62.59,0.0,D - Không đạt
202406,EMP_1170,DVKD_015,VUNG_2,976.25,4044.68,8714.54,7,217.55,4,97.9,96.9,107.2,87.5,107.0,100.0,101.33,12.81,B - Đạt
202406,EMP_1171,DVKD_015,VUNG_2,592.39,2756.95,4688.72,5,104.04,3,59.5,62.1,59.2,71.4,70.8,75.0,62.67,0.0,D - Không đạt
202406,EMP_1172,DVKD_015,VUNG_2,843.82,3589.94,7325.73,11,134.46,4,95.1,87.8,103.5,110.0,77.3,100.0,95.76,3.75,B - Đạt
202406,EMP_1173,DVKD_015,VUNG_2,986.49,6104.06,8058.22,7,118.33,6,63.3,65.4,58.2,53.8,55.2,66.7,59.67,0.0,D - Không đạt
202406,EMP_1174,DVKD_015,VUNG_2,2079.7,11304.12,18082.79,23,318.17,10,143.5,129.1,126.5,143.8,124.5,125.0,132.57,27.45,A - Xuất sắc
202406,EMP_1175,DVKD_015,VUNG_2,1483.19,7977.19,11625.35,14,235.44,8,91.7,93.5,88.9,93.3,100.2,100.0,92.42,5.02,B - Đạt
202406,EMP_1176,DVKD_015,VUNG_2,2965.79,12611.57,28541.83,30,416.08,12,123.2,123.6,136.8,142.9,110.8,120.0,128.13,15.64,A - Xuất sắc
202406,EMP_1177,DVKD_015,VUNG_2,1525.35,8267.57,14045.33,15,149.94,8,100.0,102.2,100.5,100.0,79.4,100.0,97.41,4.21,B - Đạt
202406,EMP_1178,DVKD_015,VUNG_2,2346.04,9729.51,20108.98,20,366.15,10,93.4,98.4,99.8,95.2,114.6,76.9,99.75,4.32,B - Đạt
202406,EMP_1179,DVKD_015,VUNG_2,1737.18,9942.18,14135.39,18,369.15,12,111.8,119.8,122.4,112.5,129.9,133.3,119.49,13.8,B - Đạt
202406,EMP_1180,DVKD_015,VUNG_2,1132.95,6964.88,11988.15,11,222.16,9,52.7,53.8,59.4,57.9,52.0,60.0,55.62,0.0,D - Không đạt
202406,EMP_1181,DVKD_015,VUNG_2,1493.86,8124.73,11603.27,16,221.48,7,98.4,95.4,92.0,88.9,112.6,87.5,96.89,3.53,B - Đạt
202406,EMP_1182,DVKD_015,VUNG_2,2005.66,9616.91,17619.55,28,479.35,14,99.1,96.0,103.3,116.7,110.7,100.0,103.6,9.28,B - Đạt
202406,EMP_1183,DVKD_015,VUNG_2,2597.26,13486.44,19324.43,17,612.67,14,145.1,157.5,154.7,130.8,184.2,175.0,154.75,22.03,A - Xuất sắc
202406,EMP_1184,DVKD_016,VUNG_2,1219.14,6618.42,10278.78,11,255.01,7,119.8,125.1,122.5,110.0,148.7,140.0,124.89,15.24,A - Xuất sắc
202406,EMP_1185,DVKD_016,VUNG_2,632.62,3428.36,4826.26,5,125.27,3,66.9,67.2,67.7,55.6,67.9,60.0,66.25,0.0,D - Không đạt
202406,EMP_1186,DVKD_016,VUNG_2,978.53,4189.84,8782.46,9,85.16,6,92.3,95.6,97.6,100.0,80.8,100.0,93.7,5.56,B - Đạt
202406,EMP_1187,DVKD_016,VUNG_2,3704.66,18741.65,31869.05,23,571.53,19,156.3,150.4,161.7,127.8,147.6,172.7,153.15,33.38,A - Xuất sắc
202406,EMP_1188,DVKD_016,VUNG_2,1035.08,5360.96,7232.0,9,228.64,7,112.2,120.7,110.2,112.5,135.3,140.0,116.27,9.41,B - Đạt
202406,EMP_1189,DVKD_016,VUNG_2,1064.4,7224.53,9658.14,8,188.85,5,128.0,139.6,126.1,114.3,111.7,125.0,125.26,16.75,A - Xuất sắc
202406,EMP_1190,DVKD_016,VUNG_2,924.63,4716.09,8995.77,7,149.76,5,56.7,52.5,58.5,58.3,53.4,50.0,56.36,0.0,D - Không đạt
202406,EMP_1191,DVKD_016,VUNG_2,2137.88,13046.02,16060.71,22,366.94,12,100.1,110.5,97.8,91.7,102.7,92.3,100.41,16.21,B - Đạt
202406,EMP_1192,DVKD_016,VUNG_2,1442.84,8439.14,14126.63,13,155.62,7,99.0,101.5,99.3,100.0,78.5,100.0,96.5,5.27,B - Đạt
202406,EMP_1193,DVKD_016,VUNG_2,1276.88,8259.71,11881.52,14,188.22,7,93.6,95.5,91.4,87.5,74.5,100.0,89.64,4.59,C - Cần nỗ lực
202406,EMP_1194,DVKD_016,VUNG_2,2294.07,13049.92,21578.92,27,578.47,13,160.5,157.7,155.5,158.8,179.9,130.0,161.07,22.68,A - Xuất sắc
202406,EMP_1195,DVKD_016,VUNG_2,2541.8,10469.89,20036.86,17,444.04,11,144.5,138.1,140.5,141.7,145.1,122.2,141.95,27.8,A - Xuất sắc
202406,EMP_1196,DVKD_016,VUNG_2,703.38,3861.42,5383.61,6,144.87,4,45.9,45.6,41.2,42.9,46.4,40.0,43.98,0.0,D - Không đạt
202406,EMP_1197,DVKD_016,VUNG_2,1630.5,7914.63,12908.74,13,306.19,7,93.3,92.9,90.7,81.2,88.0,77.8,90.33,4.92,B - Đạt
202406,EMP_1198,DVKD_017,VUNG_3,1074.54,6336.36,7821.13,12,230.98,6,115.7,111.8,117.6,120.0,120.3,100.0,116.9,16.65,B - Đạt
202406,EMP_1199,DVKD_017,VUNG_3,810.3,4823.62,8396.27,8,118.8,6,98.7,99.5,91.8,88.9,78.6,100.0,92.41,5.62,B - Đạt
202406,EMP_1200,DVKD_017,VUNG_3,968.39,6341.36,9847.24,10,216.04,6,115.6,111.1,113.7,111.1,114.8,100.0,113.69,11.43,B - Đạt
202406,EMP_1201,DVKD_017,VUNG_3,1755.86,9177.87,12435.11,17,306.58,9,115.9,103.1,108.3,130.8,118.2,128.6,113.16,10.45,B - Đạt
202406,EMP_1202,DVKD_017,VUNG_3,1814.02,10741.38,17671.82,23,430.48,13,86.5,85.1,97.1,100.0,100.3,100.0,93.42,5.67,B - Đạt
202406,EMP_1203,DVKD_017,VUNG_3,2016.87,11986.08,17951.91,22,350.79,9,134.1,133.1,144.9,146.7,159.3,112.5,142.77,23.93,A - Xuất sắc
202406,EMP_1204,DVKD_017,VUNG_3,1135.2,5983.58,11117.27,9,288.93,7,138.5,137.6,139.3,128.6,146.4,140.0,138.84,32.04,A - Xuất sắc
202406,EMP_1205,DVKD_017,VUNG_3,1741.42,7779.94,15526.49,16,220.04,8,104.2,100.0,109.1,106.7,96.4,88.9,104.36,13.1,B - Đạt
202406,EMP_1206,DVKD_017,VUNG_3,1043.03,4423.83,9783.07,9,190.58,8,105.2,101.1,111.2,112.5,112.9,133.3,108.57,11.49,B - Đạt
202406,EMP_1207,DVKD_017,VUNG_3,1452.26,7774.64,16737.9,15,173.89,7,99.1,103.3,112.5,100.0,86.5,116.7,102.62,15.83,B - Đạt
202406,EMP_1208,DVKD_017,VUNG_3,1299.1,6935.43,12086.95,14,187.45,9,143.0,137.2,134.5,155.6,120.9,150.0,137.1,25.08,A - Xuất sắc
202406,EMP_1209,DVKD_018,VUNG_3,1006.71,5409.72,8373.56,7,135.59,5,93.9,101.8,102.5,77.8,84.8,100.0,95.12,3.0,B - Đạt
202406,EMP_1210,DVKD_018,VUNG_3,1182.97,6583.62,10026.69,9,182.19,7,111.6,123.6,111.6,100.0,116.9,140.0,113.03,15.16,B - Đạt
202406,EMP_1211,DVKD_018,VUNG_3,1004.16,4295.28,6566.79,8,128.94,6,101.4,102.2,92.1,100.0,106.8,120.0,98.94,3.67,B - Đạt
202406,EMP_1212,DVKD_018,VUNG_3,1893.7,7952.94,13269.46,18,379.67,12,112.9,110.7,113.0,120.0,138.2,133.3,117.11,8.37,B - Đạt
202406,EMP_1213,DVKD_018,VUNG_3,1099.3,7596.73,12879.61,14,240.25,7,135.2,137.8,145.7,140.0,120.5,116.7,137.54,25.98,A - Xuất sắc
202406,EMP_1214,DVKD_018,VUNG_3,1766.76,8177.91,14763.69,21,367.97,9,116.7,118.4,106.9,116.7,139.5,128.6,116.95,16.75,B - Đạt
202406,EMP_1215,DVKD_018,VUNG_3,1642.09,9279.49,12048.62,12,320.41,7,92.1,97.6,90.0,100.0,101.8,87.5,94.43,5.71,B - Đạt
202406,EMP_1216,DVKD_018,VUNG_3,1174.44,5827.57,11214.56,8,266.36,8,74.1,76.9,76.7,61.5,78.6,80.0,74.84,0.0,C - Cần nỗ lực
202406,EMP_1217,DVKD_018,VUNG_3,662.73,3823.34,4988.74,9,105.93,3,76.0,70.1,71.4,81.8,79.7,60.0,74.64,0.0,C - Cần nỗ lực
202406,EMP_1218,DVKD_018,VUNG_3,1980.65,11924.63,20386.74,20,211.8,9,117.6,130.4,134.1,117.6,106.9,112.5,123.69,11.85,A - Xuất sắc
202406,EMP_1219,DVKD_018,VUNG_3,853.65,4475.82,7872.42,10,122.49,5,98.6,98.4,90.8,111.1,106.2,83.3,98.23,5.72,B - Đạt
202406,EMP_1220,DVKD_018,VUNG_3,829.95,5928.11,6828.55,8,165.78,5,100.7,105.9,102.1,88.9,109.5,100.0,102.11,16.3,B - Đạt
202406,EMP_1221,DVKD_018,VUNG_3,1355.04,7668.92,12705.31,12,165.44,7,97.1,88.3,92.9,85.7,93.6,87.5,92.64,5.39,B - Đạt
202406,EMP_1222,DVKD_018,VUNG_3,1621.14,7742.19,11479.2,13,261.0,8,92.3,85.0,88.8,81.2,93.9,88.9,89.11,4.85,C - Cần nỗ lực
202406,EMP_1223,DVKD_019,VUNG_3,897.25,5111.78,5923.05,8,129.55,4,88.5,85.4,82.2,88.9,97.1,80.0,87.16,5.91,C - Cần nỗ lực
202406,EMP_1224,DVKD_019,VUNG_3,786.49,4520.0,5987.39,9,112.46,4,87.5,90.3,82.1,90.0,84.7,80.0,85.86,3.23,C - Cần nỗ lực
202406,EMP_1225,DVKD_019,VUNG_3,560.08,3265.89,4749.93,6,89.71,4,62.1,60.7,59.9,66.7,76.9,66.7,63.8,0.0,D - Không đạt
202406,EMP_1226,DVKD_019,VUNG_3,1422.67,7208.89,14551.86,13,225.48,7,99.3,105.7,96.4,86.7,86.1,100.0,96.01,3.36,B - Đạt
202406,EMP_1227,DVKD_019,VUNG_3,1370.75,6699.63,8208.34,12,203.81,6,81.0,74.8,72.9,70.6,86.8,66.7,77.06,0.0,C - Cần nỗ lực
202406,EMP_1228,DVKD_019,VUNG_3,1659.34,7458.67,11356.43,11,232.67,8,96.5,100.5,100.3,84.6,101.7,100.0,98.02,2.61,B - Đạt
202406,EMP_1229,DVKD_019,VUNG_3,2152.18,10409.05,17693.11,23,313.59,10,90.7,89.5,89.7,92.0,105.8,76.9,92.57,2.5,B - Đạt
202406,EMP_1230,DVKD_019,VUNG_3,1014.03,5007.72,8091.15,8,132.61,6,67.8,67.5,63.7,61.5,65.4,66.7,65.33,0.0,D - Không đạt
202406,EMP_1231,DVKD_019,VUNG_3,2371.3,12735.0,19851.1,22,475.99,13,158.5,150.7,151.8,137.5,192.0,144.4,157.91,27.3,A - Xuất sắc
202406,EMP_1232,DVKD_019,VUNG_3,1429.5,6787.2,14395.68,18,249.26,8,164.0,148.0,157.0,180.0,173.2,160.0,162.13,28.32,A - Xuất sắc
202406,EMP_1233,DVKD_019,VUNG_3,2153.86,11991.97,16899.09,18,318.6,10,128.4,126.9,137.2,128.6,116.5,111.1,129.49,11.23,A - Xuất sắc
202406,EMP_1234,DVKD_020,VUNG_3,808.79,5266.02,6571.83,8,137.65,4,99.7,89.5,99.0,88.9,79.7,100.0,93.84,2.91,B - Đạt
202406,EMP_1235,DVKD_020,VUNG_3,1048.9,4760.12,10149.94,8,162.94,4,112.4,103.3,114.9,100.0,93.4,100.0,107.82,8.62,B - Đạt
202406,EMP_1236,DVKD_020,VUNG_3,1054.4,4160.75,7179.07,10,199.67,5,101.9,100.9,93.1,111.1,122.0,83.3,102.6,13.25,B - Đạt
202406,EMP_1237,DVKD_020,VUNG_3,2495.41,12292.56,18622.42,18,274.51,9,146.0,140.1,144.2,128.6,146.0,128.6,142.75,27.33,A - Xuất sắc
202406,EMP_1238,DVKD_020,VUNG_3,1021.64,5858.13,7547.79,12,169.24,5,61.0,59.7,55.3,66.7,49.7,50.0,57.68,0.0,D - Không đạt
202406,EMP_1239,DVKD_020,VUNG_3,1269.34,9033.96,11873.76,11,305.63,6,59.4,65.4,59.8,57.9,62.8,50.0,60.8,0.0,D - Không đạt
202406,EMP_1240,DVKD_020,VUNG_3,3092.23,15439.25,26837.74,28,514.89,20,160.4,158.0,154.0,133.3,146.1,181.8,152.95,22.68,A - Xuất sắc
202406,EMP_1241,DVKD_020,VUNG_3,899.09,5339.97,5688.19,10,193.25,6,95.9,92.5,85.0,90.9,106.2,100.0,92.62,4.46,B - Đạt
202406,EMP_1242,DVKD_020,VUNG_3,2694.79,12834.57,19017.75,24,456.49,11,110.4,105.5,100.2,109.1,129.5,100.0,108.83,16.95,B - Đạt
202406,EMP_1243,DVKD_020,VUNG_3,1547.93,9348.19,12766.0,17,351.76,6,97.0,104.9,94.8,100.0,119.0,85.7,101.01,15.48,B - Đạt
202406,EMP_1244,DVKD_020,VUNG_3,2572.86,13615.93,18795.03,23,480.17,11,151.7,142.0,132.8,143.8,140.2,137.5,141.12,20.39,A - Xuất sắc
202406,EMP_1245,DVKD_020,VUNG_3,1948.8,9745.31,12277.87,18,276.51,8,114.8,106.0,103.8,128.6,128.7,100.0,113.09,9.88,B - Đạt
202406,EMP_1246,DVKD_020,VUNG_3,505.95,3481.96,4253.93,5,134.5,3,58.6,58.6,58.9,55.6,66.3,75.0,59.56,0.0,D - Không đạt
202406,EMP_1247,DVKD_020,VUNG_3,1560.85,8007.47,14993.45,17,330.62,7,95.2,98.0,102.2,100.0,103.1,100.0,99.73,3.83,B - Đạt
202406,EMP_1248,DVKD_021,VUNG_3,1228.77,5012.27,9348.97,11,279.04,6,114.1,104.5,115.3,100.0,135.6,100.0,114.89,8.82,B - Đạt
202406,EMP_1249,DVKD_021,VUNG_3,1245.55,7040.59,10266.79,11,133.22,6,138.7,137.7,140.8,137.5,118.9,150.0,136.19,30.94,A - Xuất sắc
202406,EMP_1250,DVKD_021,VUNG_3,979.35,5515.13,6978.93,9,187.23,7,117.3,107.0,102.6,112.5,117.8,116.7,110.2,13.93,B - Đạt
202406,EMP_1251,DVKD_021,VUNG_3,2197.74,12343.42,20032.37,19,275.56,13,136.7,148.7,143.9,146.2,146.7,144.4,143.47,33.7,A - Xuất sắc
202406,EMP_1252,DVKD_021,VUNG_3,2702.18,12268.82,22735.15,29,291.68,12,112.3,105.7,107.8,116.0,103.3,109.1,108.75,9.58,B - Đạt
202406,EMP_1253,DVKD_021,VUNG_3,1411.33,8457.49,11949.05,17,350.03,10,98.6,97.9,92.1,100.0,115.0,100.0,98.82,5.55,B - Đạt
202406,EMP_1254,DVKD_021,VUNG_3,1170.35,5294.16,8399.62,10,192.39,4,111.4,109.1,114.7,111.1,131.8,100.0,115.24,8.72,B - Đạt
202406,EMP_1255,DVKD_021,VUNG_3,1918.48,8850.35,19431.77,23,483.91,11,128.3,121.5,130.4,143.8,156.4,122.2,133.78,31.36,A - Xuất sắc
202406,EMP_1256,DVKD_021,VUNG_3,1707.15,7375.02,15014.83,19,412.69,9,103.8,99.1,101.8,105.6,124.6,100.0,105.69,14.08,B - Đạt
202406,EMP_1257,DVKD_021,VUNG_3,1736.33,8106.24,12541.35,16,225.14,11,107.9,109.5,108.9,114.3,116.9,122.2,110.48,16.74,B - Đạt
202406,EMP_1258,DVKD_021,VUNG_3,1566.28,6705.44,9839.25,13,151.68,9,88.2,96.8,86.2,92.9,81.1,90.0,88.2,3.0,C - Cần nỗ lực
202406,EMP_1259,DVKD_021,VUNG_3,1566.78,7676.28,10241.59,14,373.05,6,88.6,86.2,87.0,107.7,107.1,85.7,92.36,5.4,B - Đạt
202406,EMP_1260,DVKD_022,VUNG_3,629.38,3336.41,3938.16,6,150.31,3,59.5,60.0,60.0,60.0,73.6,75.0,61.91,0.0,D - Không đạt
202406,EMP_1261,DVKD_022,VUNG_3,953.66,3914.65,8010.19,8,120.41,4,89.5,94.8,89.2,80.0,94.9,100.0,90.05,2.31,B - Đạt
202406,EMP_1262,DVKD_022,VUNG_3,987.84,5219.55,9994.3,9,123.83,6,106.4,117.0,114.9,100.0,104.9,100.0,110.1,9.61,B - Đạt
202406,EMP_1263,DVKD_022,VUNG_3,1300.1,6704.38,10169.65,10,159.69,7,58.8,55.4,54.7,55.6,53.9,50.0,55.8,0.0,D - Không đạt
202406,EMP_1264,DVKD_022,VUNG_3,2198.49,10264.25,19371.67,20,229.87,8,130.6,129.2,124.4,142.9,108.5,114.3,126.14,10.87,A - Xuất sắc
202406,EMP_1265,DVKD_022,VUNG_3,776.74,3889.91,5941.58,9,87.98,4,49.2,46.7,44.9,50.0,49.5,50.0,47.45,0.0,D - Không đạt
202406,EMP_1266,DVKD_022,VUNG_3,1489.04,10553.99,10484.33,13,223.11,7,96.8,106.9,92.9,92.9,97.3,100.0,96.64,2.83,B - Đạt
202406,EMP_1267,DVKD_022,VUNG_3,992.28,4855.34,7114.55,9,159.8,5,93.1,91.1,99.6,90.0,92.2,83.3,94.63,4.44,B - Đạt
202406,EMP_1268,DVKD_022,VUNG_3,2201.94,9078.15,20510.94,18,506.38,10,126.2,132.5,132.9,112.5,152.5,142.9,132.06,25.56,A - Xuất sắc
202406,EMP_1269,DVKD_022,VUNG_3,1590.07,7029.25,9967.6,14,162.84,9,91.8,95.4,91.9,93.3,81.6,112.5,90.99,5.76,B - Đạt
202406,EMP_1270,DVKD_022,VUNG_3,841.67,5322.72,6372.45,9,121.52,5,102.6,101.9,90.0,90.0,89.5,100.0,94.86,2.09,B - Đạt
202406,EMP_1271,DVKD_022,VUNG_3,1641.99,7995.3,11047.74,14,235.6,10,95.4,98.2,94.9,93.3,116.9,100.0,98.66,3.49,B - Đạt
202406,EMP_1272,DVKD_022,VUNG_3,1701.94,8309.0,15378.5,18,196.09,8,103.1,104.3,100.9,105.9,108.8,114.3,103.65,16.56,B - Đạt
202406,EMP_1273,DVKD_022,VUNG_3,1608.32,9273.76,16412.31,17,229.41,8,75.0,82.9,79.0,77.3,91.0,88.9,80.22,3.09,C - Cần nỗ lực
202406,EMP_1274,DVKD_023,VUNG_3,1074.79,6549.18,11482.97,9,177.85,6,131.4,131.4,133.6,112.5,120.3,120.0,128.62,9.02,A - Xuất sắc
202406,EMP_1275,DVKD_023,VUNG_3,1009.26,5637.59,7285.61,9,122.69,3,99.3,103.1,104.5,112.5,86.6,75.0,101.1,9.49,B - Đạt
202406,EMP_1276,DVKD_023,VUNG_3,868.37,3908.17,8317.76,9,139.49,6,94.0,92.9,89.7,100.0,93.9,100.0,92.91,5.74,B - Đạt
202406,EMP_1277,DVKD_023,VUNG_3,1626.93,9336.47,13823.12,11,219.96,11,105.1,97.8,94.1,91.7,85.1,110.0,95.81,4.78,B - Đạt
202406,EMP_1278,DVKD_023,VUNG_3,1557.82,8966.43,14118.7,20,373.74,9,106.3,114.5,105.4,111.1,128.0,128.6,110.95,14.61,B - Đạt
202406,EMP_1279,DVKD_023,VUNG_3,2045.75,11713.31,17637.32,17,390.63,15,93.0,88.4,93.0,94.4,105.3,115.4,94.3,4.72,B - Đạt
202406,EMP_1280,DVKD_023,VUNG_3,993.01,6354.25,9199.29,13,165.4,7,70.2,71.3,64.0,81.2,73.7,77.8,69.82,0.0,D - Không đạt
202406,EMP_1281,DVKD_023,VUNG_3,1431.16,7104.17,13593.63,14,262.49,9,97.9,93.4,95.0,100.0,87.7,112.5,94.89,2.75,B - Đạt
202406,EMP_1282,DVKD_023,VUNG_3,1516.9,8383.05,13853.48,14,391.73,8,93.9,99.2,89.1,100.0,117.8,100.0,97.21,2.18,B - Đạt
202406,EMP_1283,DVKD_023,VUNG_3,2291.6,11763.14,22812.93,27,537.56,13,150.9,161.9,159.1,158.8,175.7,130.0,159.93,27.76,A - Xuất sắc
202406,EMP_1284,DVKD_023,VUNG_3,1631.84,9153.12,14437.47,13,258.81,8,71.3,70.0,66.5,76.5,64.6,57.1,68.94,0.0,D - Không đạt
202406,EMP_1285,DVKD_023,VUNG_3,3108.42,15785.76,21088.47,29,634.24,16,152.4,139.7,138.8,138.1,139.4,160.0,142.36,30.16,A - Xuất sắc
202406,EMP_1286,DVKD_023,VUNG_3,1227.16,7011.6,8207.05,14,151.05,5,70.5,70.8,64.4,77.8,59.4,71.4,67.47,0.0,D - Không đạt
202406,EMP_1287,DVKD_024,VUNG_3,876.7,5086.31,8208.31,10,126.0,5,94.4,92.3,98.1,111.1,89.7,83.3,96.34,5.71,B - Đạt
202406,EMP_1288,DVKD_024,VUNG_3,918.25,4851.63,10875.06,11,189.64,4,106.7,102.5,121.0,110.0,124.0,100.0,114.0,11.31,B - Đạt
202406,EMP_1289,DVKD_024,VUNG_3,1098.54,5948.4,8009.62,10,147.45,4,105.5,107.3,110.7,100.0,98.4,100.0,105.98,12.07,B - Đạt
202406,EMP_1290,DVKD_024,VUNG_3,1832.31,7737.72,18027.04,20,235.81,9,114.9,108.9,116.5,117.6,120.3,100.0,115.64,10.76,B - Đạt
202406,EMP_1291,DVKD_024,VUNG_3,780.83,4388.2,6972.69,9,160.06,6,55.5,55.5,53.8,60.0,47.2,60.0,54.11,0.0,D - Không đạt
202406,EMP_1292,DVKD_024,VUNG_3,1324.04,5303.69,11076.5,12,210.6,5,123.5,119.7,125.3,120.0,132.8,125.0,124.6,16.22,A - Xuất sắc
202406,EMP_1293,DVKD_024,VUNG_3,2500.49,12902.82,16974.18,22,339.56,11,107.8,99.3,103.2,95.7,90.8,84.6,101.16,14.04,B - Đạt
202406,EMP_1294,DVKD_024,VUNG_3,1498.96,7912.56,10373.92,12,303.33,8,93.5,93.1,94.1,80.0,112.6,88.9,95.16,5.05,B - Đạt
202406,EMP_1295,DVKD_024,VUNG_3,1539.65,6347.63,10156.69,14,206.43,7,61.1,61.8,62.7,60.9,51.5,50.0,60.3,0.0,D - Không đạt
202406,EMP_1296,DVKD_024,VUNG_3,1299.33,9830.28,12561.3,16,341.06,8,89.5,100.5,88.2,106.7,99.7,100.0,93.94,3.09,B - Đạt
202406,EMP_1297,DVKD_024,VUNG_3,1554.22,8374.59,16499.92,18,263.37,9,107.9,120.4,106.8,128.6,108.3,112.5,111.52,12.53,B - Đạt
202406,EMP_1298,DVKD_024,VUNG_3,1809.3,9838.04,13184.99,18,259.4,7,117.5,118.2,106.8,112.5,114.0,100.0,112.83,10.72,B - Đạt
202407,EMP_1001,DVKD_001,VUNG_1,1076.16,5157.87,6932.68,12,213.2,4,107.5,96.2,97.9,120.0,127.4,100.0,106.68,9.06,B - Đạt
202407,EMP_1002,DVKD_001,VUNG_1,1571.42,6324.17,12789.77,12,323.84,8,155.0,145.4,162.6,150.0,156.4,133.3,155.93,23.2,A - Xuất sắc
202407,EMP_1003,DVKD_001,VUNG_1,721.0,3429.69,4550.83,6,117.74,3,67.1,71.0,65.6,66.7,70.5,75.0,67.63,0.0,D - Không đạt
202407,EMP_1004,DVKD_001,VUNG_1,1717.04,8856.88,17206.38,14,242.41,11,113.9,117.7,112.1,107.7,98.8,122.2,110.95,12.02,B - Đạt
202407,EMP_1005,DVKD_001,VUNG_1,1475.33,8857.21,10727.56,12,197.03,7,91.4,98.9,91.0,92.3,88.3,87.5,92.01,4.57,B - Đạt
202407,EMP_1006,DVKD_001,VUNG_1,2112.46,9947.09,17629.85,20,439.25,8,92.2,83.9,94.6,87.0,112.2,80.0,94.28,2.57,B - Đạt
202407,EMP_1007,DVKD_001,VUNG_1,1206.95,6698.79,9761.09,11,141.15,7,78.0,71.0,72.9,68.8,69.9,70.0,73.03,0.0,C - Cần nỗ lực
202407,EMP_1008,DVKD_001,VUNG_1,1880.72,9912.86,15460.81,18,208.63,9,111.3,108.9,103.1,100.0,114.5,90.0,107.42,9.71,B - Đạt
202407,EMP_1009,DVKD_001,VUNG_1,1794.19,10363.09,15878.98,16,409.24,12,87.5,84.1,88.3,88.9,97.7,85.7,88.94,5.28,C - Cần nỗ lực
202407,EMP_1010,DVKD_001,VUNG_1,1501.71,7012.49,11693.24,14,286.04,11,95.7,90.7,87.9,107.7,94.4,110.0,93.22,4.74,B - Đạt
202407,EMP_1011,DVKD_001,VUNG_1,897.8,3920.02,8374.82,8,189.37,4,51.6,51.8,56.3,53.3,63.6,50.0,55.24,0.0,D - Không đạt
202407,EMP_1012,DVKD_001,VUNG_1,1437.81,6841.84,14912.85,17,271.61,12,104.5,95.9,102.9,100.0,89.6,120.0,99.97,2.36,B - Đạt
202407,EMP_1013,DVKD_001,VUNG_1,1537.3,7702.15,13777.91,15,233.68,5,93.8,98.1,98.4,107.1,98.4,83.3,98.08,2.38,B - Đạt
202407,EMP_1014,DVKD_001,VUNG_1,2264.05,11120.04,17592.96,18,316.61,9,96.8,95.1,92.3,94.7,90.1,90.0,93.75,4.41,B - Đạt
202407,EMP_1015,DVKD_002,VUNG_1,1181.75,6104.5,8692.88,10,156.29,5,109.5,107.7,110.2,111.1,95.1,100.0,107.47,8.37,B - Đạt
202407,EMP_1016,DVKD_002,VUNG_1,1044.34,5517.71,5872.12,7,182.47,6,99.9,102.9,89.0,87.5,94.5,120.0,94.48,5.36,B - Đạt
202407,EMP_1017,DVKD_002,VUNG_1,493.65,2523.41,5355.17,4,80.29,4,59.0,59.2,57.8,50.0,48.4,66.7,56.12,0.0,D - Không đạt
202407,EMP_1018,DVKD_002,VUNG_1,1019.35,5676.13,9765.15,7,174.74,6,104.8,100.5,114.2,100.0,101.0,120.0,106.4,12.75,B - Đạt
202407,EMP_1019,DVKD_002,VUNG_1,2173.18,14404.34,15339.46,17,369.65,14,139.5,150.6,139.7,121.4,117.0,155.6,136.05,31.09,A - Xuất sắc
202407,EMP_1020,DVKD_002,VUNG_1,1000.9,6641.23,8037.34,9,154.14,5,108.0,114.0,113.2,112.5,90.0,100.0,108.47,9.24,B - Đạt
202407,EMP_1021,DVKD_002,VUNG_1,1660.85,9546.71,12980.58,17,450.23,9,112.1,117.6,118.7,113.3,136.1,112.5,118.95,15.49,B - Đạt
202407,EMP_1022,DVKD_002,VUNG_1,1861.24,8229.2,17432.24,18,280.54,8,112.3,103.8,112.9,128.6,89.9,100.0,109.5,9.77,B - Đạt
202407,EMP_1023,DVKD_002,VUNG_1,1610.99,7882.44,12944.03,12,284.7,8,96.8,89.3,89.3,92.3,104.4,80.0,93.74,4.79,B - Đạt
202407,EMP_1024,DVKD_002,VUNG_1,678.73,3661.2,5979.39,7,93.59,3,68.9,66.5,69.1,70.0,76.0,60.0,69.78,0.0,D - Không đạt
202407,EMP_1025,DVKD_002,VUNG_1,2016.2,12476.15,19102.43,25,522.2,10,103.6,112.4,102.0,104.2,108.4,90.9,105.14,11.52,B - Đạt
202407,EMP_1026,DVKD_003,VUNG_1,927.19,6353.64,7062.58,11,215.86,5,103.9,108.9,104.8,122.2,126.8,100.0,110.23,8.94,B - Đạt
202407,EMP_1027,DVKD_003,VUNG_1,964.68,4136.38,8110.53,7,130.91,5,95.1,92.6,90.7,77.8,93.2,100.0,91.17,3.53,B - Đạt
202407,EMP_1028,DVKD_003,VUNG_1,1397.72,6507.53,9829.54,10,198.72,8,154.0,148.4,141.1,142.9,159.1,160.0,148.3,29.95,A - Xuất sắc
202407,EMP_1029,DVKD_003,VUNG_1,2828.92,14676.21,20451.63,30,378.38,14,128.1,118.4,119.5,136.4,131.1,116.7,124.92,13.82,A - Xuất sắc
202407,EMP_1030,DVKD_003,VUNG_1,1655.09,8266.4,16509.68,21,279.12,14,119.6,116.4,116.1,123.5,95.9,140.0,114.73,11.94,B - Đạt
202407,EMP_1031,DVKD_003,VUNG_1,1510.97,8613.74,12613.82,14,333.83,12,106.7,109.2,100.9,107.7,137.7,120.0,109.79,11.06,B - Đạt
202407,EMP_1032,DVKD_003,VUNG_1,945.24,4943.82,7309.55,10,163.92,4,56.2,51.5,50.0,62.5,47.5,50.0,52.65,0.0,D - Không đạt
202407,EMP_1033,DVKD_003,VUNG_1,783.45,4820.31,6909.57,7,224.43,4,90.0,85.1,96.1,87.5,107.3,100.0,93.74,3.64,B - Đạt
202407,EMP_1034,DVKD_003,VUNG_1,948.63,6045.91,7850.55,10,129.93,7,109.0,111.7,110.4,100.0,85.9,116.7,105.53,14.9,B - Đạt
202407,EMP_1035,DVKD_003,VUNG_1,430.5,2323.42,4274.91,4,64.33,2,50.7,50.0,46.2,40.0,41.3,40.0,46.54,0.0,D - Không đạt
202407,EMP_1036,DVKD_004,VUNG_1,664.21,4264.93,4460.96,5,108.82,3,69.2,71.1,63.4,62.5,68.2,60.0,66.63,0.0,D - Không đạt
202407,EMP_1037,DVKD_004,VUNG_1,1050.13,5881.24,7894.99,8,242.72,5,108.8,101.2,104.0,100.0,128.7,100.0,108.08,12.74,B - Đạt
202407,EMP_1038,DVKD_004,VUNG_1,1382.9,6755.51,11355.57,13,165.01,8,134.7,137.6,150.8,118.2,127.3,160.0,138.01,30.15,A - Xuất sắc
202407,EMP_1039,DVKD_004,VUNG_1,1448.6,8578.03,11753.85,18,326.29,11,104.6,95.1,95.2,105.9,109.5,110.0,100.75,8.9,B - Đạt
202407,EMP_1040,DVKD_004,VUNG_1,2068.43,8459.62,18701.24,25,461.97,12,128.4,119.0,123.0,138.9,154.5,133.3,130.06,23.8,A - Xuất sắc
202407,EMP_1041,DVKD_004,VUNG_1,1025.22,6552.34,8173.5,11,186.56,7,122.3,115.6,114.5,137.5,104.4,116.7,117.4,9.18,B - Đạt
202407,EMP_1042,DVKD_004,VUNG_1,2451.36,10534.7,16896.94,23,306.23,11,101.8,100.1,99.8,95.8,85.6,100.0,97.81,2.39,B - Đạt
202407,EMP_1043,DVKD_004,VUNG_1,1387.3,5897.24,13195.58,10,263.81,8,85.8,84.2,84.7,83.3,104.1,88.9,87.67,5.27,C - Cần nỗ lực
202407,EMP_1044,DVKD_004,VUNG_1,1545.17,7721.91,12200.76,11,236.18,9,88.1,92.8,86.0,91.7,99.6,90.0,90.16,5.48,B - Đạt
202407,EMP_1045,DVKD_004,VUNG_1,1564.25,7571.33,14727.91,13,351.39,9,106.1,99.5,97.5,108.3,125.7,112.5,105.26,10.76,B - Đạt
202407,EMP_1046,DVKD_004,VUNG_1,1616.65,7774.07,11461.32,18,259.86,8,95.4,107.6,90.2,112.5,113.4,88.9,99.82,2.93,B - Đạt
202407,EMP_1047,DVKD_004,VUNG_1,2056.27,11817.29,19805.18,19,304.1,11,138.3,156.6,135.4,126.7,123.5,122.2,136.65,23.07,A - Xuất sắc
202407,EMP_1048,DVKD_005,VUNG_1,1075.93,4691.89,9055.62,11,86.27,6,100.1,90.1,101.0,100.0,78.0,100.0,95.59,3.24,B - Đạt
202407,EMP_1049,DVKD_005,VUNG_1,1000.44,5377.46,6607.59,7,142.11,5,103.3,96.6,98.8,100.0,95.7,125.0,99.25,5.0,B - Đạt
202407,EMP_1050,DVKD_005,VUNG_1,984.43,6655.82,10283.09,13,198.61,4,114.1,111.7,118.1,118.2,103.0,100.0,113.88,8.55,B - Đạt
202407,EMP_1051,DVKD_005,VUNG_1,3386.1,16371.94,21215.72,21,531.76,20,136.8,128.1,122.3,116.7,154.6,153.8,131.08,19.2,A - Xuất sắc
202407,EMP_1052,DVKD_005,VUNG_1,2359.62,14298.39,18340.16,24,567.22,10,142.3,152.5,145.2,160.0,175.5,142.9,151.59,29.73,A - Xuất sắc
202407,EMP_1053,DVKD_005,VUNG_1,1385.0,6246.31,12026.72,13,181.77,7,93.0,84.8,93.5,92.9,95.2,100.0,92.27,5.67,B - Đạt
202407,EMP_1054,DVKD_005,VUNG_1,894.5,4962.39,8786.83,7,145.66,5,62.1,62.6,63.2,58.3,57.3,71.4,61.46,0.0,D - Không đạt
202407,EMP_1055,DVKD_005,VUNG_1,1905.39,13837.84,14947.34,20,332.36,8,130.0,143.9,134.8,133.3,112.9,114.3,131.53,27.7,A - Xuất sắc
202407,EMP_1056,DVKD_005,VUNG_1,1244.61,8556.49,11057.83,12,170.87,9,65.8,61.4,72.7,60.0,53.4,69.2,65.11,0.0,D - Không đạt
202407,EMP_1057,DVKD_005,VUNG_1,1671.41,7970.65,12389.75,12,270.02,10,104.1,99.6,111.3,92.3,94.3,125.0,103.29,8.26,B - Đạt
202407,EMP_1058,DVKD_005,VUNG_1,1008.87,6859.72,7262.43,10,151.33,5,105.7,115.2,107.4,100.0,124.8,100.0,110.02,14.28,B - Đạt
202407,EMP_1059,DVKD_006,VUNG_1,944.15,5676.07,9766.8,10,194.3,7,110.1,115.2,109.5,100.0,122.8,116.7,111.55,8.46,B - Đạt
202407,EMP_1060,DVKD_006,VUNG_1,965.68,5692.03,9624.42,9,228.88,3,103.8,107.9,104.9,90.0,121.5,75.0,106.07,11.75,B - Đạt
202407,EMP_1061,DVKD_006,VUNG_1,1071.06,5896.41,6082.99,10,158.93,4,100.8,100.4,89.6,100.0,95.2,100.0,95.9,2.38,B - Đạt
202407,EMP_1062,DVKD_006,VUNG_1,2053.58,10604.09,16335.25,21,366.49,11,105.2,102.1,101.1,95.5,111.9,91.7,103.33,14.2,B - Đạt
202407,EMP_1063,DVKD_006,VUNG_1,2203.72,12766.53,20474.1,25,397.94,10,133.9,134.9,140.6,138.9,136.3,142.9,137.25,21.16,A - Xuất sắc
202407,EMP_1064,DVKD_006,VUNG_1,842.83,4495.26,8361.64,9,153.41,3,57.7,62.0,54.3,60.0,48.9,42.9,56.06,0.0,D - Không đạt
202407,EMP_1065,DVKD_006,VUNG_1,1583.41,10472.36,15609.75,19,348.59,11,115.0,105.3,119.1,111.8,120.0,122.2,115.41,12.82,B - Đạt
202407,EMP_1066,DVKD_006,VUNG_1,963.02,5822.87,6919.91,10,225.85,4,99.3,102.0,102.6,100.0,112.5,80.0,102.91,8.09,B - Đạt
202407,EMP_1067,DVKD_006,VUNG_1,1535.63,8213.91,14825.76,17,223.74,6,92.2,97.0,102.7,106.2,99.7,85.7,99.12,5.3,B - Đạt
202407,EMP_1068,DVKD_006,VUNG_1,2390.84,10946.02,22012.33,21,416.83,9,141.2,141.5,159.4,150.0,173.0,112.5,153.26,18.23,A - Xuất sắc
202407,EMP_1069,DVKD_006,VUNG_1,2128.89,10779.1,16517.04,17,384.98,15,135.5,137.7,125.9,121.4,146.9,150.0,132.77,27.64,A - Xuất sắc
202407,EMP_1070,DVKD_006,VUNG_1,1317.74,8658.54,9918.16,17,163.72,6,89.1,96.3,89.6,100.0,78.7,85.7,89.88,4.19,C - Cần nỗ lực
202407,EMP_1071,DVKD_006,VUNG_1,3777.91,17853.64,27364.52,23,532.91,13,154.1,138.7,144.3,127.8,165.6,144.4,147.45,28.23,A - Xuất sắc
202407,EMP_1072,DVKD_006,VUNG_1,1097.24,8513.79,10864.54,12,264.93,8,134.2,143.4,143.2,150.0,164.1,133.3,144.79,21.28,A - Xuất sắc
202407,EMP_1073,DVKD_007,VUNG_1,1115.34,5527.68,8667.83,11,214.14,5,112.1,112.5,109.1,110.0,135.2,100.0,114.36,11.72,B - Đạt
202407,EMP_1074,DVKD_007,VUNG_1,1322.38,7075.13,11261.06,14,204.04,7,160.9,157.5,144.4,175.0,159.1,140.0,155.75,24.99,A - Xuất sắc
202407,EMP_1075,DVKD_007,VUNG_1,627.2,3300.18,4853.97,6,59.17,4,62.5,65.6,59.7,66.7,53.9,80.0,61.11,0.0,D - Không đạt
202407,EMP_1076,DVKD_007,VUNG_1,2572.2,10618.35,18759.89,27,392.7,16,104.7,105.7,109.9,112.5,96.6,114.3,106.23,10.32,B - Đạt
202407,EMP_1077,DVKD_007,VUNG_1,1682.06,8027.96,13486.81,15,426.88,9,112.2,109.0,106.4,115.4,127.2,112.5,112.26,16.39,B - Đạt
202407,EMP_1078,DVKD_007,VUNG_1,1902.76,12613.71,19041.69,19,567.01,14,134.0,144.7,138.1,135.7,168.6,155.6,142.4,32.87,A - Xuất sắc
202407,EMP_1079,DVKD_007,VUNG_1,647.07,3570.75,4629.06,7,104.91,3,64.6,61.4,62.8,63.6,60.4,50.0,62.76,0.0,D - Không đạt
202407,EMP_1080,DVKD_007,VUNG_1,1654.51,6733.28,15150.87,14,308.8,8,107.8,98.5,102.7,100.0,95.8,114.3,102.04,10.69,B - Đạt
202407,EMP_1081,DVKD_007,VUNG_1,1237.49,5776.67,8328.1,13,127.47,8,121.3,126.5,127.9,130.0,116.5,133.3,124.54,15.99,A - Xuất sắc
202407,EMP_1082,DVKD_007,VUNG_1,3012.67,19766.33,21987.51,25,366.02,19,152.8,156.8,141.0,138.9,128.9,146.2,144.3,25.44,A - Xuất sắc
202407,EMP_1083,DVKD_008,VUNG_1,937.3,5977.5,7141.54,11,196.25,8,113.2,117.0,102.6,110.0,95.6,133.3,107.1,10.09,B - Đạt
202407,EMP_1084,DVKD_008,VUNG_1,1004.98,4645.33,7246.4,10,140.39,7,100.7,100.4,99.2,100.0,106.0,116.7,100.85,10.24,B - Đạt
202407,EMP_1085,DVKD_008,VUNG_1,1061.59,6841.59,7091.88,10,202.51,5,115.8,118.4,100.4,125.0,104.5,125.0,110.03,11.48,B - Đạt
202407,EMP_1086,DVKD_008,VUNG_1,1649.86,7178.97,12076.18,15,193.83,6,104.2,103.8,92.2,115.4,106.7,75.0,101.43,13.58,B - Đạt
202407,EMP_1087,DVKD_008,VUNG_1,1507.82,10356.65,12272.96,18,301.34,11,108.7,114.8,110.3,120.0,125.6,122.2,113.84,15.41,B - Đạt
202407,EMP_1088,DVKD_008,VUNG_1,892.57,5350.42,8279.71,8,168.96,4,57.6,57.8,59.2,53.3,48.9,44.4,56.45,0.0,D - Không đạt
202407,EMP_1089,DVKD_008,VUNG_1,1002.84,3840.2,6334.25,8,158.17,5,99.7,92.2,97.1,100.0,81.0,125.0,94.89,4.9,B - Đạt
202407,EMP_1090,DVKD_008,VUNG_1,1250.26,7547.17,15048.34,11,247.63,9,87.5,91.2,99.5,91.7,102.5,90.0,94.92,2.1,B - Đạt
202407,EMP_1091,DVKD_008,VUNG_1,2008.67,9553.52,19256.06,20,381.41,8,127.3,127.0,139.4,142.9,126.6,114.3,132.94,34.07,A - Xuất sắc
202407,EMP_1092,DVKD_008,VUNG_1,1496.81,9316.88,12757.91,16,242.42,7,96.7,98.1,93.2,114.3,119.3,77.8,100.84,9.02,B - Đạt
202407,EMP_1093,DVKD_008,VUNG_1,2229.55,10455.46,16284.95,19,228.57,11,106.7,104.4,104.7,90.5,91.7,84.6,101.78,14.7,B - Đạt
202407,EMP_1094,DVKD_008,VUNG_1,1099.09,4653.57,7686.35,11,151.99,5,109.3,99.1,116.6,110.0,85.9,125.0,106.88,9.37,B - Đạt
202407,EMP_1095,DVKD_008,VUNG_1,1951.28,10508.05,16783.8,23,557.49,13,103.1,107.4,94.7,104.5,122.5,100.0,103.86,11.29,B - Đạt
202407,EMP_1096,DVKD_009,VUNG_2,836.81,5252.16,7330.75,10,190.17,5,102.1,102.4,112.1,100.0,122.7,100.0,108.52,16.71,B - Đạt
202407,EMP_1097,DVKD_009,VUNG_2,867.24,5554.92,7414.24,11,140.16,6,94.9,102.9,97.6,110.0,107.8,120.0,100.49,11.97,B - Đạt
202407,EMP_1098,DVKD_009,VUNG_2,902.56,6560.22,8790.05,10,209.02,5,102.9,110.0,105.7,111.1,104.9,100.0,106.06,15.39,B - Đạt
202407,EMP_1099,DVKD_009,VUNG_2,2684.44,11055.06,18381.07,23,510.16,13,109.8,105.1,107.8,100.0,106.1,118.2,106.86,15.63,B - Đạt
202407,EMP_1100,DVKD_009,VUNG_2,1490.6,7417.74,13745.4,16,239.41,8,101.7,101.4,95.8,106.7,105.2,114.3,100.61,10.94,B - Đạt
202407,EMP_1101,DVKD_009,VUNG_2,2134.68,12780.73,22685.62,22,253.39,14,139.1,132.9,152.4,122.2,128.7,155.6,139.57,29.31,A - Xuất sắc
202407,EMP_1102,DVKD_009,VUNG_2,2002.69,10789.45,20832.38,22,437.47,17,99.1,95.2,98.9,104.8,122.9,121.4,102.59,9.74,B - Đạt
202407,EMP_1103,DVKD_009,VUNG_2,1599.18,8497.98,14868.13,13,318.97,8,102.6,107.8,106.2,100.0,119.1,114.3,106.85,16.72,B - Đạt
202407,EMP_1104,DVKD_009,VUNG_2,1120.35,5796.89,10045.56,11,241.12,6,67.1,67.3,65.4,68.8,77.2,75.0,68.22,0.0,D - Không đạt
202407,EMP_1105,DVKD_009,VUNG_2,1910.84,10642.24,18702.57,16,286.51,9,122.6,111.3,128.1,114.3,125.3,112.5,122.4,9.58,A - Xuất sắc
202407,EMP_1106,DVKD_009,VUNG_2,1508.28,8320.97,11788.28,18,401.58,11,96.6,97.5,90.9,105.9,117.3,110.0,98.78,3.38,B - Đạt
202407,EMP_1107,DVKD_009,VUNG_2,1955.44,9372.84,14409.96,21,385.43,12,127.4,126.0,116.0,123.5,132.7,120.0,123.6,15.58,A - Xuất sắc
202407,EMP_1108,DVKD_009,VUNG_2,2286.14,13911.97,15668.1,18,333.55,11,105.7,101.2,102.5,94.7,86.9,110.0,99.98,3.75,B - Đạt
202407,EMP_1109,DVKD_009,VUNG_2,1649.48,8021.77,13738.21,15,260.07,9,92.0,89.3,94.8,93.8,94.4,90.0,93.11,3.85,B - Đạt
202407,EMP_1110,DVKD_010,VUNG_2,1351.07,7155.39,12027.8,14,270.85,9,158.8,152.6,167.3,140.0,146.3,180.0,157.09,22.47,A - Xuất sắc
202407,EMP_1111,DVKD_010,VUNG_2,1076.76,6416.3,9777.1,10,137.14,5,110.5,115.7,122.1,111.1,126.2,125.0,117.75,16.69,B - Đạt
202407,EMP_1112,DVKD_010,VUNG_2,418.09,2079.71,4452.32,4,83.98,2,50.5,50.5,48.8,40.0,60.1,50.0,50.3,0.0,D - Không đạt
202407,EMP_1113,DVKD_010,VUNG_2,1629.34,7818.51,13811.15,15,184.07,6,65.8,70.3,68.7,60.0,57.5,66.7,65.66,0.0,D - Không đạt
202407,EMP_1114,DVKD_010,VUNG_2,1487.19,6976.94,13301.17,14,242.93,6,91.2,89.3,87.8,93.3,103.7,85.7,91.81,3.79,B - Đạt
202407,EMP_1115,DVKD_010,VUNG_2,1445.2,8473.95,10376.7,18,162.07,6,97.2,90.5,89.7,105.9,79.6,85.7,91.8,4.65,B - Đạt
202407,EMP_1116,DVKD_010,VUNG_2,1605.79,6873.07,11668.6,15,327.82,7,65.2,60.5,61.8,68.2,78.7,63.6,65.63,0.0,D - Không đạt
202407,EMP_1117,DVKD_010,VUNG_2,1094.35,4753.53,6914.13,11,237.2,4,105.3,104.3,101.6,100.0,118.3,100.0,105.27,13.2,B - Đạt
202407,EMP_1118,DVKD_010,VUNG_2,1534.81,11223.46,14436.85,17,417.84,9,112.2,116.7,110.5,113.3,135.1,100.0,115.82,8.48,B - Đạt
202407,EMP_1119,DVKD_010,VUNG_2,2779.78,12683.71,19322.37,24,491.74,10,154.9,159.4,149.6,160.0,194.1,166.7,160.11,28.23,A - Xuất sắc
202407,EMP_1120,DVKD_011,VUNG_2,1016.05,5876.39,8490.9,10,150.43,5,107.8,109.4,113.7,125.0,132.0,100.0,115.45,15.6,B - Đạt
202407,EMP_1121,DVKD_011,VUNG_2,906.27,6030.63,9823.82,12,128.46,8,105.6,114.3,116.5,109.1,110.1,133.3,111.74,10.41,B - Đạt
202407,EMP_1122,DVKD_011,VUNG_2,1259.65,4681.01,9771.97,9,245.37,7,117.8,105.0,117.6,112.5,130.3,116.7,117.16,8.39,B - Đạt
202407,EMP_1123,DVKD_011,VUNG_2,915.56,6159.05,8440.66,10,140.81,5,60.6,61.9,64.1,62.5,50.6,50.0,60.71,0.0,D - Không đạt
202407,EMP_1124,DVKD_011,VUNG_2,2766.14,13212.3,21725.73,28,657.97,11,130.5,124.0,117.0,112.0,141.0,122.2,124.52,9.89,A - Xuất sắc
202407,EMP_1125,DVKD_011,VUNG_2,1299.3,6108.81,12089.75,14,245.2,9,87.0,83.3,86.9,87.5,110.9,90.0,90.05,2.0,B - Đạt
202407,EMP_1126,DVKD_011,VUNG_2,2364.26,11833.31,25086.46,27,408.1,11,112.4,110.2,115.0,122.7,100.4,100.0,112.21,14.53,B - Đạt
202407,EMP_1127,DVKD_011,VUNG_2,1814.96,12365.64,20748.97,14,354.18,12,133.0,128.9,136.1,116.7,128.6,150.0,131.18,32.97,A - Xuất sắc
202407,EMP_1128,DVKD_011,VUNG_2,1391.51,7383.0,11017.11,17,189.49,7,96.6,88.9,87.0,106.2,85.2,87.5,91.34,2.93,B - Đạt
202407,EMP_1129,DVKD_011,VUNG_2,1119.54,5799.74,11638.3,12,217.65,4,73.9,68.7,74.8,80.0,72.8,57.1,73.88,0.0,C - Cần nỗ lực
202407,EMP_1130,DVKD_011,VUNG_2,1416.77,7571.36,12283.46,13,175.82,9,94.1,99.1,104.8,92.9,92.7,112.5,98.27,3.68,B - Đạt
202407,EMP_1131,DVKD_011,VUNG_2,2903.9,16179.64,28736.88,27,583.54,14,125.5,123.2,135.2,112.5,125.6,155.6,127.27,16.48,A - Xuất sắc
202407,EMP_1132,DVKD_011,VUNG_2,882.16,5355.72,6894.87,8,97.41,4,104.4,96.6,96.0,100.0,87.1,80.0,97.25,5.69,B - Đạt
202407,EMP_1133,DVKD_011,VUNG_2,2085.34,9893.9,14335.09,23,461.85,12,102.3,99.8,91.7,100.0,108.6,109.1,98.93,5.89,B - Đạt
202407,EMP_1134,DVKD_012,VUNG_2,1151.32,4304.07,9290.07,13,203.96,6,109.1,102.1,113.9,118.2,98.6,120.0,109.06,12.22,B - Đạt
202407,EMP_1135,DVKD_012,VUNG_2,981.29,5844.47,8667.28,9,151.61,7,109.1,109.1,105.1,128.6,126.8,116.7,112.3,12.74,B - Đạt
202407,EMP_1136,DVKD_012,VUNG_2,922.16,3913.83,7617.25,7,146.85,5,87.0,88.2,89.1,87.5,97.6,100.0,89.55,5.54,C - Cần nỗ lực
202407,EMP_1137,DVKD_012,VUNG_2,1918.49,11750.76,16977.93,22,324.82,15,94.9,92.3,95.8,100.0,111.2,107.1,97.78,2.06,B - Đạt
202407,EMP_1138,DVKD_012,VUNG_2,1456.07,7683.8,11659.37,12,237.51,9,62.3,65.5,58.7,57.1,56.0,75.0,60.05,0.0,D - Không đạt
202407,EMP_1139,DVKD_012,VUNG_2,1152.28,5079.63,8179.73,7,194.87,4,110.5,103.0,103.0,100.0,94.0,100.0,103.22,10.12,B - Đạt
202407,EMP_1140,DVKD_012,VUNG_2,2001.77,9528.63,13757.53,12,309.3,9,114.7,110.3,117.5,92.3,100.3,128.6,110.62,16.4,B - Đạt
202407,EMP_1141,DVKD_012,VUNG_2,1630.43,9507.85,10370.04,14,361.15,8,67.2,73.7,62.3,70.0,80.3,72.7,68.7,0.0,D - Không đạt
202407,EMP_1142,DVKD_012,VUNG_2,2356.83,12521.52,19006.07,21,414.23,10,109.6,101.1,114.6,110.5,125.7,100.0,112.58,13.96,B - Đạt
202407,EMP_1143,DVKD_012,VUNG_2,1270.04,9513.91,14494.71,12,237.42,8,93.9,98.6,102.9,85.7,116.8,114.3,100.37,15.94,B - Đạt
202407,EMP_1144,DVKD_013,VUNG_2,581.98,3780.02,3659.13,7,80.07,4,61.7,65.0,55.0,70.0,53.3,80.0,59.42,0.0,D - Không đạt
202407,EMP_1145,DVKD_013,VUNG_2,931.51,4549.0,8057.44,10,123.25,6,88.5,92.2,86.7,100.0,89.0,100.0,89.65,4.12,C - Cần nỗ lực
202407,EMP_1146,DVKD_013,VUNG_2,1001.4,5486.84,7279.52,12,187.82,5,94.7,101.2,88.5,109.1,114.0,83.3,97.84,5.45,B - Đạt
202407,EMP_1147,DVKD_013,VUNG_2,3289.09,18024.73,32052.31,27,414.87,18,157.3,162.0,155.8,135.0,130.2,150.0,151.19,27.65,A - Xuất sắc
202407,EMP_1148,DVKD_013,VUNG_2,1514.58,8978.4,11885.19,14,283.35,9,94.9,97.8,99.9,107.7,95.8,112.5,98.5,5.12,B - Đạt
202407,EMP_1149,DVKD_013,VUNG_2,2673.78,12229.11,21884.82,33,319.54,17,153.1,156.0,149.7,183.3,130.1,170.0,151.91,33.3,A - Xuất sắc
202407,EMP_1150,DVKD_013,VUNG_2,1609.56,6843.21,14830.72,15,413.28,12,103.2,93.9,103.4,107.1,121.1,120.0,104.95,14.25,B - Đạt
202407,EMP_1151,DVKD_013,VUNG_2,1846.34,8300.82,18155.91,14,308.8,10,108.3,103.5,121.2,107.7,129.2,125.0,115.17,13.72,B - Đạt
202407,EMP_1152,DVKD_013,VUNG_2,1905.06,10736.1,12848.39,22,291.49,7,110.9,110.7,111.5,122.2,136.9,116.7,116.11,10.29,B - Đạt
202407,EMP_1153,DVKD_013,VUNG_2,1731.42,8986.25,12795.43,15,280.38,13,110.8,117.2,108.9,100.0,138.3,130.0,114.14,15.53,B - Đạt
202407,EMP_1154,DVKD_013,VUNG_2,2729.12,11125.37,17429.16,22,445.58,10,157.4,144.7,148.8,137.5,169.8,125.0,152.36,26.07,A - Xuất sắc
202407,EMP_1155,DVKD_013,VUNG_2,1682.48,7320.89,13891.75,15,199.1,10,97.1,87.6,99.3,107.1,102.9,100.0,98.31,2.89,B - Đạt
202407,EMP_1156,DVKD_013,VUNG_2,1753.68,9865.78,13416.55,15,257.74,7,105.2,112.8,116.9,100.0,98.6,100.0,108.93,9.04,B - Đạt
202407,EMP_1157,DVKD_014,VUNG_2,940.1,5922.73,9192.05,9,138.13,4,99.8,100.1,110.8,112.5,100.4,80.0,105.05,13.86,B - Đạt
202407,EMP_1158,DVKD_014,VUNG_2,1531.15,8591.07,11507.75,14,195.78,8,157.0,164.3,143.8,175.0,135.8,160.0,152.09,26.49,A - Xuất sắc
202407,EMP_1159,DVKD_014,VUNG_2,896.46,5160.06,7895.59,8,126.42,3,106.1,99.9,100.7,114.3,87.9,75.0,101.37,11.55,B - Đạt
202407,EMP_1160,DVKD_014,VUNG_2,1973.06,10168.1,14779.8,17,338.57,11,111.2,112.9,97.4,100.0,118.4,110.0,106.59,14.08,B - Đạt
202407,EMP_1161,DVKD_014,VUNG_2,1885.34,9292.76,14531.47,19,440.05,11,120.5,120.7,116.9,111.8,148.1,110.0,122.54,12.58,A - Xuất sắc
202407,EMP_1162,DVKD_014,VUNG_2,1934.57,10734.35,14585.43,19,335.9,9,108.4,115.4,107.7,111.8,112.4,100.0,110.15,11.49,B - Đạt
202407,EMP_1163,DVKD_014,VUNG_2,915.61,4016.28,7563.84,9,123.23,7,53.4,52.9,56.0,52.9,53.6,70.0,54.21,0.0,D - Không đạt
202407,EMP_1164,DVKD_014,VUNG_2,2378.6,10960.95,19631.68,21,390.42,14,111.6,107.6,113.6,100.0,108.9,100.0,110.13,10.91,B - Đạt
202407,EMP_1165,DVKD_014,VUNG_2,1525.05,8164.07,9166.77,11,207.22,9,143.1,149.0,137.4,122.2,165.4,150.0,143.24,19.14,A - Xuất sắc
202407,EMP_1166,DVKD_014,VUNG_2,1485.82,7178.51,14152.55,14,167.06,6,89.0,90.1,97.4,93.3,78.0,100.0,90.88,2.93,B - Đạt
202407,EMP_1167,DVKD_014,VUNG_2,2247.46,11922.76,19925.67,23,485.22,14,106.3,96.9,105.5,100.0,101.2,116.7,103.22,14.55,B - Đạt
202407,EMP_1168,DVKD_014,VUNG_2,1481.77,10381.76,11808.84,18,234.27,10,99.4,107.8,100.4,105.9,112.7,100.0,103.66,13.5,B - Đạt
202407,EMP_1169,DVKD_014,VUNG_2,1658.77,7150.52,11486.23,17,276.22,7,102.2,92.3,103.6,100.0,103.6,87.5,101.19,8.78,B - Đạt
202407,EMP_1170,DVKD_015,VUNG_2,1221.42,6476.43,11502.97,15,153.74,6,139.3,134.9,135.4,150.0,112.8,150.0,134.37,21.79,A - Xuất sắc
202407,EMP_1171,DVKD_015,VUNG_2,1155.75,5373.84,12081.55,14,199.14,8,129.9,129.9,145.0,155.6,138.6,133.3,139.06,34.8,A - Xuất sắc
202407,EMP_1172,DVKD_015,VUNG_2,1529.18,7250.87,11504.52,12,200.78,9,141.8,146.8,151.8,150.0,132.4,180.0,145.46,29.21,A - Xuất sắc
202407,EMP_1173,DVKD_015,VUNG_2,2105.97,9659.44,12498.53,16,298.13,11,118.9,117.0,106.4,100.0,132.6,122.2,114.41,16.02,B - Đạt
202407,EMP_1174,DVKD_015,VUNG_2,1415.38,6344.22,9654.23,11,276.24,6,94.7,92.6,87.4,78.6,106.9,85.7,92.05,2.24,B - Đạt
202407,EMP_1175,DVKD_015,VUNG_2,1767.19,8107.76,12330.82,14,270.58,8,102.5,101.3,112.9,93.3,116.8,114.3,107.18,14.47,B - Đạt
202407,EMP_1176,DVKD_015,VUNG_2,1383.75,7638.37,13158.15,14,241.21,5,60.8,59.1,67.7,70.0,56.1,55.6,63.17,0.0,D - Không đạt
202407,EMP_1177,DVKD_015,VUNG_2,1658.66,10229.69,14377.5,16,447.01,9,105.0,112.3,101.1,106.7,132.6,128.6,109.04,12.55,B - Đạt
202407,EMP_1178,DVKD_015,VUNG_2,1759.21,9423.81,18882.59,14,366.19,8,90.0,91.9,94.8,77.8,109.9,72.7,93.73,4.23,B - Đạt
202407,EMP_1179,DVKD_015,VUNG_2,1453.23,7950.74,11593.7,12,168.93,7,104.8,100.6,104.1,85.7,90.9,87.5,99.93,2.21,B - Đạt
202407,EMP_1180,DVKD_015,VUNG_2,1750.07,9315.22,13369.39,14,200.25,7,73.3,73.7,71.1,77.8,67.7,70.0,72.2,0.0,C - Cần nỗ lực
202407,EMP_1181,DVKD_015,VUNG_2,1743.41,8959.21,12782.42,10,241.43,7,103.0,93.5,107.5,83.3,81.9,116.7,98.02,2.91,B - Đạt
202407,EMP_1182,DVKD_015,VUNG_2,3572.19,20099.52,26892.43,26,534.65,25,155.6,159.0,146.7,152.9,124.1,178.6,148.0,19.35,A - Xuất sắc
202407,EMP_1183,DVKD_015,VUNG_2,2063.87,8477.81,14036.98,14,352.18,9,116.0,117.1,113.8,100.0,123.1,112.5,114.86,14.54,B - Đạt
202407,EMP_1184,DVKD_016,VUNG_2,1226.18,6251.83,7864.95,12,187.52,5,129.4,134.9,120.1,120.0,126.2,125.0,125.55,10.6,A - Xuất sắc
202407,EMP_1185,DVKD_016,VUNG_2,918.1,4489.73,7005.88,9,173.43,4,106.3,108.2,98.1,100.0,122.4,100.0,105.5,14.19,B - Đạt
202407,EMP_1186,DVKD_016,VUNG_2,1122.77,5490.26,9451.2,11,125.43,5,107.1,108.6,106.6,122.2,103.7,125.0,108.15,16.37,B - Đạt
202407,EMP_1187,DVKD_016,VUNG_2,2326.07,12716.67,19313.33,18,312.32,16,101.8,103.3,114.2,90.0,91.8,114.3,103.69,14.78,B - Đạt
202407,EMP_1188,DVKD_016,VUNG_2,699.88,3258.38,4633.35,8,99.32,3,69.0,71.3,65.8,80.0,67.9,60.0,69.16,0.0,D - Không đạt
202407,EMP_1189,DVKD_016,VUNG_2,1007.23,5088.64,10498.03,9,191.79,5,108.1,103.1,113.3,90.0,103.2,125.0,106.62,13.22,B - Đạt
202407,EMP_1190,DVKD_016,VUNG_2,1605.9,9441.96,13111.74,23,278.55,11,114.6,117.4,115.9,127.8,132.0,122.2,119.41,14.08,B - Đạt
202407,EMP_1191,DVKD_016,VUNG_2,2522.48,11188.73,20583.58,22,383.01,12,107.2,103.0,104.2,115.8,98.1,109.1,105.02,11.82,B - Đạt
202407,EMP_1192,DVKD_016,VUNG_2,1586.54,8629.9,12894.86,17,321.53,6,101.8,97.3,108.3,100.0,99.7,85.7,102.9,13.99,B - Đạt
202407,EMP_1193,DVKD_016,VUNG_2,1319.93,6913.12,13630.58,19,222.4,9,97.0,101.1,92.2,111.8,105.3,90.0,98.66,4.92,B - Đạt
202407,EMP_1194,DVKD_016,VUNG_2,1496.3,7481.88,13999.17,16,213.75,9,98.1,95.3,90.2,100.0,104.8,112.5,96.11,4.88,B - Đạt
202407,EMP_1195,DVKD_016,VUNG_2,1637.58,7752.22,14595.54,16,263.45,11,102.2,100.5,93.9,94.1,120.6,122.2,100.99,11.31,B - Đạt
202407,EMP_1196,DVKD_016,VUNG_2,1577.14,8204.12,11115.34,15,358.61,8,90.2,86.1,80.7,88.2,105.3,80.0,88.32,2.27,C - Cần nỗ lực
202407,EMP_1197,DVKD_016,VUNG_2,1566.5,8357.49,14406.66,12,210.09,7,105.4,104.2,106.5,92.3,114.0,100.0,105.58,8.14,B - Đạt
202407,EMP_1198,DVKD_017,VUNG_3,1302.5,6869.18,13796.35,10,254.25,7,151.2,140.4,153.2,142.9,170.8,175.0,152.39,26.5,A - Xuất sắc
202407,EMP_1199,DVKD_017,VUNG_3,956.93,5482.9,6897.98,8,189.77,6,94.0,94.4,93.9,100.0,93.6,100.0,94.56,4.9,B - Đạt
202407,EMP_1200,DVKD_017,VUNG_3,1120.18,4376.01,8967.4,11,204.73,4,109.2,97.8,98.2,110.0,115.9,100.0,104.73,10.54,B - Đạt
202407,EMP_1201,DVKD_017,VUNG_3,1625.44,8403.12,10030.58,14,166.12,10,91.9,100.9,92.3,107.7,76.9,100.0,92.72,5.56,B - Đạt
202407,EMP_1202,DVKD_017,VUNG_3,2142.67,12249.23,17568.78,20,384.49,14,95.0,101.9,103.7,87.0,106.1,107.7,99.95,5.31,B - Đạt
202407,EMP_1203,DVKD_017,VUNG_3,1336.38,7003.72,14604.28,13,307.54,9,94.2,99.9,103.9,108.3,117.4,90.0,103.34,11.76,B - Đạt
202407,EMP_1204,DVKD_017,VUNG_3,1388.54,8641.1,11927.59,10,169.55,8,150.7,145.3,146.5,142.9,151.9,133.3,147.82,27.51,A - Xuất sắc
202407,EMP_1205,DVKD_017,VUNG_3,1360.87,6552.89,10879.53,17,158.42,6,92.2,85.1,83.0,100.0,88.4,85.7,88.12,2.25,C - Cần nỗ lực
202407,EMP_1206,DVKD_017,VUNG_3,495.15,2141.31,3329.12,4,92.41,3,47.4,47.3,42.8,57.1,53.3,50.0,47.63,0.0,D - Không đạt
202407,EMP_1207,DVKD_017,VUNG_3,1768.39,9230.94,17852.11,18,242.37,11,102.5,112.7,116.1,120.0,112.5,110.0,112.04,8.2,B - Đạt
202407,EMP_1208,DVKD_017,VUNG_3,1119.61,6279.84,10419.93,11,177.63,5,136.1,131.4,127.0,122.2,114.9,125.0,127.64,8.98,A - Xuất sắc
202407,EMP_1209,DVKD_018,VUNG_3,461.4,2148.09,4238.18,4,80.01,2,46.7,44.8,52.5,50.0,43.9,40.0,48.36,0.0,D - Không đạt
202407,EMP_1210,DVKD_018,VUNG_3,959.34,5353.87,9426.39,8,140.35,6,111.9,110.4,120.4,100.0,103.4,100.0,112.19,16.86,B - Đạt
202407,EMP_1211,DVKD_018,VUNG_3,938.7,4712.53,7595.74,6,148.21,4,92.7,93.7,94.5,75.0,98.6,80.0,92.59,2.09,B - Đạt
202407,EMP_1212,DVKD_018,VUNG_3,2240.3,10412.82,16055.46,18,323.88,15,128.2,132.4,128.2,120.0,105.5,150.0,124.6,10.36,A - Xuất sắc
202407,EMP_1213,DVKD_018,VUNG_3,941.73,4786.5,8136.52,11,188.89,5,110.2,115.0,102.5,110.0,110.7,100.0,108.28,10.34,B - Đạt
202407,EMP_1214,DVKD_018,VUNG_3,2148.02,12691.81,16662.75,25,274.96,14,134.8,134.1,144.1,147.1,137.9,140.0,139.64,19.68,A - Xuất sắc
202407,EMP_1215,DVKD_018,VUNG_3,1346.4,8364.05,10168.05,16,193.73,7,93.3,92.7,90.8,106.7,99.6,87.5,94.62,5.08,B - Đạt
202407,EMP_1216,DVKD_018,VUNG_3,2032.56,11627.39,16768.23,29,395.48,10,148.5,163.0,155.0,161.1,135.8,142.9,152.31,30.87,A - Xuất sắc
202407,EMP_1217,DVKD_018,VUNG_3,869.14,5096.15,6694.33,7,194.47,6,99.8,93.6,89.9,87.5,106.9,100.0,95.24,3.62,B - Đạt
202407,EMP_1218,DVKD_018,VUNG_3,2405.13,12504.16,19825.67,21,471.93,12,150.6,155.1,142.1,150.0,171.0,133.3,151.3,20.94,A - Xuất sắc
202407,EMP_1219,DVKD_018,VUNG_3,1174.96,7388.61,7753.74,12,158.88,7,118.0,123.6,108.7,120.0,130.9,116.7,117.72,14.6,B - Đạt
202407,EMP_1220,DVKD_018,VUNG_3,1013.49,5212.31,8527.51,12,244.08,6,100.0,95.5,94.2,109.1,129.1,120.0,102.57,10.15,B - Đạt
202407,EMP_1221,DVKD_018,VUNG_3,2030.66,10757.55,14757.62,17,274.71,7,115.2,119.2,120.3,100.0,120.5,100.0,116.86,15.84,B - Đạt
202407,EMP_1222,DVKD_018,VUNG_3,1704.46,9344.96,12320.72,14,201.06,6,104.1,94.9,105.2,116.7,88.7,85.7,102.05,13.17,B - Đạt
202407,EMP_1223,DVKD_019,VUNG_3,1486.76,7894.86,8438.97,11,144.86,8,143.9,146.6,126.5,122.2,123.3,133.3,132.95,27.04,A - Xuất sắc
202407,EMP_1224,DVKD_019,VUNG_3,1168.14,4707.84,8806.96,8,166.19,5,118.2,114.8,107.4,100.0,115.1,100.0,111.62,12.05,B - Đạt
202407,EMP_1225,DVKD_019,VUNG_3,1443.05,8675.31,13113.78,12,226.2,11,147.7,148.4,157.8,133.3,128.3,183.3,146.99,32.74,A - Xuất sắc
202407,EMP_1226,DVKD_019,VUNG_3,1824.59,9091.4,12970.52,16,318.93,12,115.8,114.7,107.8,106.7,101.4,133.3,109.77,10.23,B - Đạt
202407,EMP_1227,DVKD_019,VUNG_3,1826.77,8685.89,13542.19,17,350.85,11,107.7,106.5,99.4,100.0,102.9,122.2,103.12,8.2,B - Đạt
202407,EMP_1228,DVKD_019,VUNG_3,2116.56,8381.24,16581.99,18,215.29,8,117.7,104.6,107.5,105.9,113.2,114.3,110.31,14.8,B - Đạt
202407,EMP_1229,DVKD_019,VUNG_3,1831.37,9880.51,17526.69,21,230.66,10,94.0,93.0,84.7,95.5,86.1,90.9,89.56,2.64,C - Cần nỗ lực
202407,EMP_1230,DVKD_019,VUNG_3,863.25,5161.88,6843.55,8,187.25,5,57.5,59.1,52.4,57.1,68.9,55.6,57.63,0.0,D - Không đạt
202407,EMP_1231,DVKD_019,VUNG_3,1237.87,6871.68,8528.54,11,264.56,6,79.7,78.4,75.8,68.8,94.9,66.7,79.33,0.0,C - Cần nỗ lực
202407,EMP_1232,DVKD_019,VUNG_3,610.89,4091.13,4809.99,7,107.71,3,74.7,81.0,72.0,87.5,80.5,60.0,76.85,0.0,C - Cần nỗ lực
202407,EMP_1233,DVKD_019,VUNG_3,1517.02,7186.97,12460.88,11,182.38,7,88.7,84.4,87.3,78.6,93.2,87.5,87.23,5.25,C - Cần nỗ lực
202407,EMP_1234,DVKD_020,VUNG_3,793.35,4630.97,8325.81,6,162.22,4,92.6,93.6,93.1,85.7,96.5,80.0,92.82,3.08,B - Đạt
202407,EMP_1235,DVKD_020,VUNG_3,1349.39,8521.44,9059.77,12,206.83,6,135.6,143.5,135.2,133.3,157.7,120.0,139.73,27.84,A - Xuất sắc
202407,EMP_1236,DVKD_020,VUNG_3,995.21,5213.7,6995.09,8,126.11,4,98.4,97.7,100.1,88.9,92.2,100.0,97.01,4.35,B - Đạt
202407,EMP_1237,DVKD_020,VUNG_3,1540.87,7880.65,11489.2,13,324.71,9,88.6,90.9,87.3,81.2,102.6,90.0,89.85,4.87,C - Cần nỗ lực
202407,EMP_1238,DVKD_020,VUNG_3,1541.2,7319.99,12179.89,18,351.07,5,109.9,99.9,106.5,100.0,125.0,83.3,108.48,14.35,B - Đạt
202407,EMP_1239,DVKD_020,VUNG_3,1104.76,6864.01,9122.03,13,218.09,6,50.2,52.5,50.7,56.5,46.9,54.5,50.85,0.0,D - Không đạt
202407,EMP_1240,DVKD_020,VUNG_3,2202.24,11033.2,16920.01,20,402.39,11,98.6,96.8,110.3,100.0,96.5,122.2,102.25,15.84,B - Đạt
202407,EMP_1241,DVKD_020,VUNG_3,842.41,6376.13,9012.99,10,199.71,4,101.1,110.6,107.4,111.1,126.2,100.0,109.49,8.42,B - Đạt
202407,EMP_1242,DVKD_020,VUNG_3,3738.78,15955.65,23195.44,27,382.11,18,151.1,157.4,151.8,150.0,131.4,180.0,149.22,27.86,A - Xuất sắc
202407,EMP_1243,DVKD_020,VUNG_3,2012.32,11116.24,18156.86,18,379.07,12,122.2,130.1,134.7,120.0,109.9,133.3,125.69,14.11,A - Xuất sắc
202407,EMP_1244,DVKD_020,VUNG_3,1388.71,6113.78,10639.72,12,218.5,10,86.2,85.3,96.8,92.3,96.0,111.1,91.86,2.04,B - Đạt
202407,EMP_1245,DVKD_020,VUNG_3,1392.02,7548.84,10964.11,11,287.5,5,91.2,94.5,82.8,91.7,107.8,71.4,91.3,3.44,B - Đạt
202407,EMP_1246,DVKD_020,VUNG_3,1097.69,5341.98,10133.21,9,160.61,6,115.2,114.6,114.9,112.5,123.0,120.0,115.91,14.01,B - Đạt
202407,EMP_1247,DVKD_020,VUNG_3,752.52,4319.96,7074.05,6,108.73,5,52.0,48.4,54.0,46.2,53.0,55.6,51.73,0.0,D - Không đạt
202407,EMP_1248,DVKD_021,VUNG_3,981.21,6015.83,7088.59,11,237.14,3,100.2,105.0,106.0,110.0,121.6,75.0,107.14,11.42,B - Đạt
202407,EMP_1249,DVKD_021,VUNG_3,926.63,4801.49,9843.85,7,113.35,5,91.3,96.1,105.5,100.0,92.7,100.0,98.07,5.82,B - Đạt
202407,EMP_1250,DVKD_021,VUNG_3,1281.08,6559.86,11450.34,14,202.31,9,139.0,124.2,124.7,140.0,137.0,150.0,131.57,34.36,A - Xuất sắc
202407,EMP_1251,DVKD_021,VUNG_3,1980.87,11105.4,18828.19,19,523.83,10,144.7,141.9,148.3,146.2,173.4,125.0,150.0,25.51,A - Xuất sắc
202407,EMP_1252,DVKD_021,VUNG_3,2155.88,13554.7,18399.26,25,383.4,14,99.2,102.2,110.6,104.2,105.8,100.0,105.13,14.27,B - Đạt
202407,EMP_1253,DVKD_021,VUNG_3,1779.66,9244.58,15267.29,18,236.22,8,112.7,114.1,101.9,112.5,108.7,100.0,108.51,14.21,B - Đạt
202407,EMP_1254,DVKD_021,VUNG_3,856.94,4019.67,8016.84,8,187.58,5,90.8,95.2,97.7,88.9,114.4,83.3,97.22,3.96,B - Đạt
202407,EMP_1255,DVKD_021,VUNG_3,2040.66,11220.6,13353.02,17,270.57,11,120.1,121.0,121.5,121.4,120.7,122.2,120.94,11.06,A - Xuất sắc
202407,EMP_1256,DVKD_021,VUNG_3,2060.63,8588.19,16536.63,19,351.96,12,114.9,108.8,111.6,118.8,104.8,120.0,111.7,13.9,B - Đạt
202407,EMP_1257,DVKD_021,VUNG_3,2076.72,12176.79,20991.49,25,468.61,11,133.0,145.6,145.4,147.1,168.5,122.2,145.97,21.21,A - Xuất sắc
202407,EMP_1258,DVKD_021,VUNG_3,1534.34,7735.22,14043.68,12,195.98,7,92.6,88.7,96.4,92.3,83.8,77.8,91.99,3.35,B - Đạt
202407,EMP_1259,DVKD_021,VUNG_3,1760.08,8636.1,13609.44,13,276.57,11,98.4,101.5,98.9,108.3,97.0,110.0,99.82,2.44,B - Đạt
202407,EMP_1260,DVKD_022,VUNG_3,969.69,4951.47,6634.52,9,124.19,4,92.7,94.8,93.0,81.8,89.3,100.0,91.52,5.99,B - Đạt
202407,EMP_1261,DVKD_022,VUNG_3,1347.08,9277.33,11641.7,13,293.44,9,156.3,156.0,165.5,162.5,166.7,180.0,161.66,28.61,A - Xuất sắc
202407,EMP_1262,DVKD_022,VUNG_3,972.57,5142.95,6879.05,8,202.11,6,100.1,95.8,98.0,88.9,107.7,100.0,98.74,4.19,B - Đạt
202407,EMP_1263,DVKD_022,VUNG_3,2160.84,9975.29,16131.54,22,275.19,8,93.0,96.2,81.8,95.7,72.3,80.0,86.72,4.19,C - Cần nỗ lực
202407,EMP_1264,DVKD_022,VUNG_3,1070.07,6027.35,8300.24,10,192.19,5,68.7,71.2,73.0,62.5,85.0,71.4,72.41,0.0,C - Cần nỗ lực
202407,EMP_1265,DVKD_022,VUNG_3,1844.85,9715.63,14154.23,16,355.54,9,113.9,110.1,114.0,94.1,112.3,112.5,111.14,12.51,B - Đạt
202407,EMP_1266,DVKD_022,VUNG_3,1567.58,8949.59,14913.4,17,253.86,7,102.7,98.4,97.6,113.3,108.1,100.0,102.14,15.85,B - Đạt
202407,EMP_1267,DVKD_022,VUNG_3,879.72,4730.93,8417.49,9,161.48,4,106.1,109.5,111.3,100.0,110.4,100.0,108.46,16.6,B - Đạt
202407,EMP_1268,DVKD_022,VUNG_3,1918.55,8389.14,15136.44,21,257.86,14,111.8,110.2,114.9,116.7,95.0,140.0,110.61,11.75,B - Đạt
202407,EMP_1269,DVKD_022,VUNG_3,1584.83,8565.54,11908.38,21,371.28,7,100.3,105.2,98.6,116.7,130.3,87.5,106.58,11.58,B - Đạt
202407,EMP_1270,DVKD_022,VUNG_3,900.23,5237.91,7234.25,10,142.61,7,107.3,106.5,98.0,125.0,120.9,116.7,107.73,12.02,B - Đạt
202407,EMP_1271,DVKD_022,VUNG_3,2581.43,9133.4,17294.49,17,395.31,8,143.6,131.8,155.3,130.8,147.1,114.3,145.17,25.61,A - Xuất sắc
202407,EMP_1272,DVKD_022,VUNG_3,1751.47,11159.12,14397.47,16,341.59,8,125.7,121.6,112.2,133.3,117.6,114.3,119.9,15.55,B - Đạt
202407,EMP_1273,DVKD_022,VUNG_3,1941.25,13006.18,18445.78,19,329.98,9,99.0,93.6,92.4,100.0,108.6,90.0,97.42,2.75,B - Đạt
202407,EMP_1274,DVKD_023,VUNG_3,1109.21,6041.5,10640.36,8,152.48,4,114.0,109.4,116.3,100.0,117.5,100.0,113.24,16.27,B - Đạt
202407,EMP_1275,DVKD_023,VUNG_3,452.79,2899.61,3394.32,5,60.29,2,46.8,52.3,48.7,45.5,41.5,40.0,47.36,0.0,D - Không đạt
202407,EMP_1276,DVKD_023,VUNG_3,539.16,2829.81,5879.91,6,123.73,3,66.2,64.5,72.4,66.7,59.7,50.0,67.19,0.0,D - Không đạt
202407,EMP_1277,DVKD_023,VUNG_3,1291.95,6242.89,11647.32,12,253.14,9,91.9,82.3,91.3,92.3,89.9,90.0,89.99,3.0,C - Cần nỗ lực
202407,EMP_1278,DVKD_023,VUNG_3,1778.37,7503.22,9602.93,17,285.91,10,100.9,97.5,88.8,106.2,113.8,100.0,98.62,2.66,B - Đạt
202407,EMP_1279,DVKD_023,VUNG_3,2500.5,12081.43,16714.76,23,351.69,10,103.1,104.9,100.2,95.8,101.9,90.9,101.44,9.14,B - Đạt
202407,EMP_1280,DVKD_023,VUNG_3,1442.22,10341.8,13540.8,19,218.6,10,101.7,107.3,91.0,111.8,122.1,111.1,102.87,11.11,B - Đạt
202407,EMP_1281,DVKD_023,VUNG_3,1428.97,8425.23,12158.4,19,243.34,7,99.1,94.1,94.3,111.8,103.6,116.7,98.62,3.76,B - Đạt
202407,EMP_1282,DVKD_023,VUNG_3,1658.11,8656.9,13463.02,16,236.32,9,105.1,107.7,104.2,123.1,118.0,128.6,108.91,8.6,B - Đạt
202407,EMP_1283,DVKD_023,VUNG_3,1760.28,10197.67,13555.55,14,277.98,8,101.9,113.5,116.8,100.0,130.4,100.0,112.94,15.7,B - Đạt
202407,EMP_1284,DVKD_023,VUNG_3,2268.94,12662.85,20583.45,20,508.89,17,110.0,99.5,97.3,100.0,110.6,121.4,103.07,12.11,B - Đạt
202407,EMP_1285,DVKD_023,VUNG_3,2481.01,13414.07,23037.24,21,379.12,11,106.8,111.4,118.4,123.5,90.3,122.2,110.75,11.51,B - Đạt
202407,EMP_1286,DVKD_023,VUNG_3,1514.49,7459.87,10209.05,13,291.24,7,94.2,93.8,93.7,86.7,115.1,87.5,96.35,5.91,B - Đạt
202407,EMP_1287,DVKD_024,VUNG_3,963.77,4858.74,8145.1,11,114.03,5,103.8,102.3,112.3,110.0,86.2,125.0,104.53,10.5,B - Đạt
202407,EMP_1288,DVKD_024,VUNG_3,945.67,5455.02,8243.18,9,159.29,4,108.8,104.8,103.4,100.0,126.9,100.0,108.14,12.6,B - Đạt
202407,EMP_1289,DVKD_024,VUNG_3,610.86,2643.37,4792.55,6,68.05,4,66.9,63.4,67.1,60.0,55.9,80.0,64.1,0.0,D - Không đạt
202407,EMP_1290,DVKD_024,VUNG_3,1457.59,7066.76,11504.42,15,233.16,6,91.2,93.0,86.4,107.1,116.0,85.7,95.1,3.67,B - Đạt
202407,EMP_1291,DVKD_024,VUNG_3,1443.9,8097.4,11489.27,11,174.38,7,93.4,84.5,98.3,78.6,85.4,100.0,91.1,5.75,B - Đạt
202407,EMP_1292,DVKD_024,VUNG_3,1224.83,5552.07,10067.88,13,232.42,6,117.2,105.3,123.8,130.0,118.3,100.0,119.17,13.82,B - Đạt
202407,EMP_1293,DVKD_024,VUNG_3,2584.76,10575.31,18586.31,24,271.45,9,109.7,97.8,101.7,120.0,94.9,100.0,103.92,16.98,B - Đạt
202407,EMP_1294,DVKD_024,VUNG_3,1761.09,9186.16,10336.31,19,278.5,11,98.8,105.2,92.5,111.8,125.4,110.0,102.84,9.98,B - Đạt
202407,EMP_1295,DVKD_024,VUNG_3,2714.28,16520.63,21892.01,27,312.88,17,121.9,127.0,116.2,135.0,108.3,141.7,119.94,14.65,B - Đạt
202407,EMP_1296,DVKD_024,VUNG_3,821.01,5468.87,6612.58,8,147.9,5,57.3,58.7,53.5,61.5,66.4,50.0,57.96,0.0,D - Không đạt
202407,EMP_1297,DVKD_024,VUNG_3,1427.91,9353.21,12549.41,12,216.35,11,90.6,96.8,98.9,92.3,84.2,110.0,93.64,3.87,B - Đạt
202407,EMP_1298,DVKD_024,VUNG_3,2004.24,11291.31,15464.49,26,302.23,11,137.4,129.1,123.1,152.9,118.1,137.5,129.81,16.84,A - Xuất sắc
202408,EMP_1001,DVKD_001,VUNG_1,1017.0,5192.25,6589.39,11,130.91,7,101.5,95.3,94.9,122.2,119.6,116.7,103.05,15.91,B - Đạt
202408,EMP_1002,DVKD_001,VUNG_1,897.14,4930.13,7432.17,8,216.7,5,106.0,106.4,92.9,88.9,117.6,100.0,101.5,9.61,B - Đạt
202408,EMP_1003,DVKD_001,VUNG_1,973.4,5126.64,6580.74,10,150.27,6,96.8,88.6,84.1,100.0,94.2,100.0,91.05,4.37,B - Đạt
202408,EMP_1004,DVKD_001,VUNG_1,1887.3,11112.13,15755.72,18,440.44,9,117.2,117.2,123.6,128.6,129.9,128.6,122.48,14.8,A - Xuất sắc
202408,EMP_1005,DVKD_001,VUNG_1,1673.87,7381.97,9827.67,10,292.51,9,96.4,102.5,89.5,83.3,83.8,90.0,91.7,5.9,B - Đạt
202408,EMP_1006,DVKD_001,VUNG_1,1935.51,13988.79,19530.67,18,241.84,14,98.6,103.1,110.4,94.7,96.4,116.7,102.69,13.57,B - Đạt
202408,EMP_1007,DVKD_001,VUNG_1,832.12,4155.38,7057.12,10,112.94,6,49.3,55.5,48.6,58.8,44.5,66.7,50.21,0.0,D - Không đạt
202408,EMP_1008,DVKD_001,VUNG_1,1653.03,6853.42,13627.32,15,223.57,11,97.7,94.6,93.3,107.1,111.8,110.0,98.75,4.78,B - Đạt
202408,EMP_1009,DVKD_001,VUNG_1,1786.58,7586.16,13399.15,19,200.09,7,72.6,71.2,75.3,82.6,59.5,70.0,72.37,0.0,C - Cần nỗ lực
202408,EMP_1010,DVKD_001,VUNG_1,913.82,6795.7,8344.38,10,228.28,5,64.9,68.8,69.7,76.9,79.5,71.4,70.56,0.0,C - Cần nỗ lực
202408,EMP_1011,DVKD_001,VUNG_1,1504.63,8037.53,13943.51,18,365.11,8,99.1,101.5,91.9,105.9,111.4,114.3,99.47,4.91,B - Đạt
202408,EMP_1012,DVKD_001,VUNG_1,2402.17,15641.78,20013.99,16,444.79,18,162.1,165.9,148.8,133.3,128.3,180.0,150.06,18.53,A - Xuất sắc
202408,EMP_1013,DVKD_001,VUNG_1,1251.72,7857.85,10951.62,16,158.16,6,90.7,100.0,89.1,106.7,89.4,85.7,92.94,3.55,B - Đạt
202408,EMP_1014,DVKD_001,VUNG_1,2646.7,12356.47,16035.05,25,422.02,12,112.2,102.7,103.3,119.0,105.6,109.1,107.35,13.7,B - Đạt
202408,EMP_1015,DVKD_002,VUNG_1,1444.16,6816.9,12625.51,11,224.94,7,155.1,144.4,153.1,137.5,161.5,140.0,151.99,31.42,A - Xuất sắc
202408,EMP_1016,DVKD_002,VUNG_1,1347.44,7202.21,10669.2,14,193.62,7,131.3,138.4,118.2,140.0,128.6,140.0,128.25,14.4,A - Xuất sắc
202408,EMP_1017,DVKD_002,VUNG_1,987.49,5016.19,8828.75,10,260.07,4,99.8,97.7,102.2,111.1,123.9,100.0,105.07,8.9,B - Đạt
202408,EMP_1018,DVKD_002,VUNG_1,1083.94,5246.69,8891.12,11,170.9,4,105.0,111.3,104.1,110.0,99.5,100.0,105.3,14.33,B - Đạt
202408,EMP_1019,DVKD_002,VUNG_1,1302.22,5386.18,10590.05,10,182.8,5,76.9,72.5,77.0,71.4,85.6,71.4,77.03,0.0,C - Cần nỗ lực
202408,EMP_1020,DVKD_002,VUNG_1,497.42,2623.15,5081.61,5,130.05,4,61.2,60.5,66.1,62.5,68.8,66.7,64.08,0.0,D - Không đạt
202408,EMP_1021,DVKD_002,VUNG_1,1713.85,9121.71,16333.94,14,418.62,9,111.1,105.8,105.0,107.7,120.1,128.6,109.18,15.12,B - Đạt
202408,EMP_1022,DVKD_002,VUNG_1,1291.47,9054.47,13108.96,13,324.95,7,94.5,99.2,89.9,100.0,97.0,100.0,94.52,4.35,B - Đạt
202408,EMP_1023,DVKD_002,VUNG_1,1551.49,6548.93,12949.4,17,212.71,10,93.9,91.4,92.4,100.0,90.5,111.1,93.1,2.52,B - Đạt
202408,EMP_1024,DVKD_002,VUNG_1,861.44,5097.99,8179.55,9,148.89,5,94.6,102.4,88.6,100.0,91.6,83.3,93.76,4.96,B - Đạt
202408,EMP_1025,DVKD_002,VUNG_1,1847.48,9642.75,13777.47,15,310.2,11,78.4,78.1,79.6,83.3,75.3,84.6,78.8,0.0,C - Cần nỗ lực
202408,EMP_1026,DVKD_003,VUNG_1,1293.52,6441.4,11556.18,12,189.69,6,136.1,139.6,141.1,120.0,147.3,150.0,138.44,27.55,A - Xuất sắc
202408,EMP_1027,DVKD_003,VUNG_1,1005.05,4729.84,8402.39,8,212.21,5,106.9,100.4,105.8,88.9,117.2,100.0,105.28,16.52,B - Đạt
202408,EMP_1028,DVKD_003,VUNG_1,982.03,4420.44,8632.81,7,97.28,4,92.0,94.9,96.3,87.5,80.7,100.0,91.8,4.07,B - Đạt
202408,EMP_1029,DVKD_003,VUNG_1,2629.96,15367.96,19927.47,28,419.18,13,110.3,114.1,118.7,116.7,88.8,100.0,111.22,12.5,B - Đạt
202408,EMP_1030,DVKD_003,VUNG_1,1759.77,9004.1,14105.11,15,217.07,7,111.5,110.9,110.9,100.0,95.5,100.0,107.65,11.73,B - Đạt
202408,EMP_1031,DVKD_003,VUNG_1,1638.48,10756.19,13935.8,15,417.86,8,100.5,109.4,99.7,88.2,124.0,114.3,103.85,11.53,B - Đạt
202408,EMP_1032,DVKD_003,VUNG_1,2168.2,10986.95,18835.8,27,397.98,10,141.5,134.3,147.3,150.0,170.5,125.0,147.65,32.82,A - Xuất sắc
202408,EMP_1033,DVKD_003,VUNG_1,970.39,5715.46,11057.14,12,162.29,4,108.6,114.0,118.2,109.1,110.7,100.0,113.13,8.31,B - Đạt
202408,EMP_1034,DVKD_003,VUNG_1,885.04,4490.05,6812.83,9,160.1,4,95.6,99.1,94.9,90.0,114.1,80.0,98.09,4.62,B - Đạt
202408,EMP_1035,DVKD_003,VUNG_1,1588.38,9366.18,10892.62,11,299.95,6,163.7,163.8,160.9,157.1,164.4,150.0,162.18,20.18,A - Xuất sắc
202408,EMP_1036,DVKD_004,VUNG_1,1256.63,7238.57,12500.22,14,216.74,6,135.7,124.8,136.3,140.0,121.6,150.0,132.59,29.92,A - Xuất sắc
202408,EMP_1037,DVKD_004,VUNG_1,782.5,4387.44,6669.99,7,149.63,5,95.0,88.0,101.5,87.5,77.3,100.0,92.82,3.63,B - Đạt
202408,EMP_1038,DVKD_004,VUNG_1,1090.04,5775.98,8686.5,9,108.79,5,103.0,106.5,103.4,112.5,88.9,100.0,102.5,12.97,B - Đạt
202408,EMP_1039,DVKD_004,VUNG_1,1352.47,10182.69,10019.44,10,212.41,11,97.0,101.9,89.5,83.3,121.3,110.0,97.39,3.95,B - Đạt
202408,EMP_1040,DVKD_004,VUNG_1,1908.3,10580.17,15940.07,18,235.75,7,111.9,109.4,108.0,120.0,106.3,87.5,110.13,9.04,B - Đạt
202408,EMP_1041,DVKD_004,VUNG_1,1452.16,5268.64,10344.38,10,228.96,7,140.2,124.9,125.5,125.0,149.1,116.7,132.57,30.39,A - Xuất sắc
202408,EMP_1042,DVKD_004,VUNG_1,2055.54,13318.55,19786.55,24,290.5,9,103.3,102.5,106.5,114.3,96.9,81.8,104.44,13.67,B - Đạt
202408,EMP_1043,DVKD_004,VUNG_1,1362.26,7451.06,10225.68,15,289.62,10,89.2,94.5,88.3,100.0,113.9,100.0,94.47,3.98,B - Đạt
202408,EMP_1044,DVKD_004,VUNG_1,2269.14,14787.54,21185.95,22,644.94,17,152.5,166.3,144.0,146.7,190.9,170.0,156.77,29.03,A - Xuất sắc
202408,EMP_1045,DVKD_004,VUNG_1,2003.96,10606.18,12830.15,14,325.14,9,115.8,118.7,108.6,93.3,109.1,128.6,110.46,10.57,B - Đạt
202408,EMP_1046,DVKD_004,VUNG_1,1345.39,8925.9,10980.75,17,166.62,9,97.7,93.0,95.4,94.4,84.5,100.0,93.88,3.13,B - Đạt
202408,EMP_1047,DVKD_004,VUNG_1,1441.67,6932.65,12046.47,12,299.14,8,97.6,88.1,97.7,92.3,115.4,100.0,98.35,4.85,B - Đạt
202408,EMP_1048,DVKD_005,VUNG_1,656.32,3095.13,5086.03,6,103.19,4,61.9,57.7,60.4,60.0,75.4,66.7,62.58,0.0,D - Không đạt
202408,EMP_1049,DVKD_005,VUNG_1,1053.05,5298.9,7234.44,9,158.53,4,100.1,99.2,96.1,100.0,112.2,100.0,100.37,11.83,B - Đạt
202408,EMP_1050,DVKD_005,VUNG_1,784.08,4096.28,5920.49,8,123.78,4,75.6,72.8,77.9,80.0,80.5,66.7,77.16,0.0,C - Cần nỗ lực
202408,EMP_1051,DVKD_005,VUNG_1,2359.47,12789.5,16664.87,27,475.44,15,99.0,95.6,91.9,112.5,111.2,115.4,99.19,5.42,B - Đạt
202408,EMP_1052,DVKD_005,VUNG_1,2353.9,15063.59,22659.7,24,325.53,13,143.0,152.7,157.3,141.2,157.1,130.0,151.4,33.47,A - Xuất sắc
202408,EMP_1053,DVKD_005,VUNG_1,1519.31,7272.91,11050.38,17,203.59,7,106.7,95.7,98.2,100.0,87.2,100.0,98.48,4.39,B - Đạt
202408,EMP_1054,DVKD_005,VUNG_1,1521.52,9885.28,14836.19,15,217.18,6,107.7,117.1,112.6,107.1,103.2,85.7,110.09,8.94,B - Đạt
202408,EMP_1055,DVKD_005,VUNG_1,1523.11,8018.97,15330.82,18,333.24,9,111.4,117.4,122.3,128.6,117.9,112.5,118.81,13.19,B - Đạt
202408,EMP_1056,DVKD_005,VUNG_1,2098.46,15173.39,24147.07,22,264.2,12,107.3,116.9,111.6,122.2,94.0,92.3,109.74,13.81,B - Đạt
202408,EMP_1057,DVKD_005,VUNG_1,1799.62,9284.89,13314.39,14,234.52,11,103.7,101.1,109.9,100.0,87.7,122.2,102.71,15.62,B - Đạt
202408,EMP_1058,DVKD_005,VUNG_1,1026.76,4327.92,8897.94,9,118.08,6,96.8,97.1,102.3,90.0,108.2,100.0,99.8,3.22,B - Đạt
202408,EMP_1059,DVKD_006,VUNG_1,665.74,2933.07,6793.5,6,77.46,3,68.7,63.3,72.7,66.7,57.4,75.0,67.39,0.0,D - Không đạt
202408,EMP_1060,DVKD_006,VUNG_1,613.18,3501.01,4020.92,6,91.05,4,63.3,59.0,60.4,60.0,61.2,80.0,60.99,0.0,D - Không đạt
202408,EMP_1061,DVKD_006,VUNG_1,1132.33,5483.06,9764.82,11,117.92,4,108.0,105.9,106.9,110.0,91.8,100.0,105.07,11.57,B - Đạt
202408,EMP_1062,DVKD_006,VUNG_1,2518.26,14061.81,22142.4,24,400.71,14,102.7,105.4,107.4,109.1,103.5,127.3,105.51,10.8,B - Đạt
202408,EMP_1063,DVKD_006,VUNG_1,662.33,3565.24,5855.06,8,115.22,3,49.0,47.3,49.3,47.1,53.1,50.0,49.27,0.0,D - Không đạt
202408,EMP_1064,DVKD_006,VUNG_1,1218.69,6133.65,12446.95,13,374.54,11,88.9,87.1,84.9,86.7,112.7,110.0,90.58,4.09,B - Đạt
202408,EMP_1065,DVKD_006,VUNG_1,1492.75,10917.16,14913.88,16,287.13,8,110.0,114.0,104.2,94.1,91.8,88.9,104.25,15.26,B - Đạt
202408,EMP_1066,DVKD_006,VUNG_1,1083.77,5710.71,8231.41,9,181.66,6,109.6,113.5,101.0,100.0,111.4,100.0,106.48,16.95,B - Đạt
202408,EMP_1067,DVKD_006,VUNG_1,902.86,5511.15,6238.81,9,97.73,5,52.0,56.5,49.3,56.2,47.4,55.6,51.46,0.0,D - Không đạt
202408,EMP_1068,DVKD_006,VUNG_1,1294.56,7506.9,10286.99,14,271.44,5,95.4,91.8,83.1,107.7,104.8,71.4,93.19,2.72,B - Đạt
202408,EMP_1069,DVKD_006,VUNG_1,1922.42,10354.21,12454.57,14,227.94,7,108.7,113.3,107.3,100.0,103.6,100.0,107.26,10.79,B - Đạt
202408,EMP_1070,DVKD_006,VUNG_1,1731.32,11000.71,14604.96,21,281.2,11,112.3,120.4,116.5,123.5,124.7,110.0,117.97,11.93,B - Đạt
202408,EMP_1071,DVKD_006,VUNG_1,2494.58,14594.25,16497.52,20,266.49,17,107.3,117.9,105.5,111.1,97.0,121.4,107.09,10.12,B - Đạt
202408,EMP_1072,DVKD_006,VUNG_1,1703.77,7120.62,13705.28,15,233.14,6,159.6,169.3,157.6,150.0,174.8,150.0,161.68,34.56,A - Xuất sắc
202408,EMP_1073,DVKD_007,VUNG_1,944.32,4470.13,7350.54,11,161.06,5,92.9,94.5,92.8,110.0,100.0,100.0,95.88,4.62,B - Đạt
202408,EMP_1074,DVKD_007,VUNG_1,1092.81,5813.53,10344.69,9,107.05,4,116.3,110.5,118.3,112.5,93.4,100.0,112.31,10.73,B - Đạt
202408,EMP_1075,DVKD_007,VUNG_1,1604.9,7659.55,11734.28,12,330.65,11,156.2,149.4,163.0,171.4,164.5,183.3,160.32,33.44,A - Xuất sắc
202408,EMP_1076,DVKD_007,VUNG_1,2336.42,9781.95,14306.63,20,291.93,12,97.8,98.7,92.0,111.1,102.7,85.7,97.97,3.82,B - Đạt
202408,EMP_1077,DVKD_007,VUNG_1,2056.01,10961.6,19324.19,22,274.29,13,129.3,131.6,126.8,137.5,152.2,130.0,133.02,33.23,A - Xuất sắc
202408,EMP_1078,DVKD_007,VUNG_1,1852.42,9136.6,14741.15,20,220.29,8,108.5,111.6,100.5,117.6,89.8,114.3,104.27,13.35,B - Đạt
202408,EMP_1079,DVKD_007,VUNG_1,969.79,5209.53,7531.32,9,194.09,6,99.2,104.0,92.2,90.0,93.5,100.0,95.69,2.02,B - Đạt
202408,EMP_1080,DVKD_007,VUNG_1,2123.11,11712.66,18686.57,19,262.74,11,123.0,119.7,128.5,126.7,103.0,137.5,121.8,10.88,A - Xuất sắc
202408,EMP_1081,DVKD_007,VUNG_1,893.97,5167.47,6670.27,7,158.34,3,98.3,89.0,101.3,87.5,96.0,75.0,96.53,3.04,B - Đạt
202408,EMP_1082,DVKD_007,VUNG_1,2690.52,13263.76,19590.99,26,338.14,13,116.5,118.5,112.6,113.0,137.0,118.2,118.16,10.29,B - Đạt
202408,EMP_1083,DVKD_008,VUNG_1,963.99,4896.45,6653.01,10,175.41,6,103.1,112.9,98.5,111.1,94.6,120.0,102.48,9.14,B - Đạt
202408,EMP_1084,DVKD_008,VUNG_1,1001.88,5852.52,8502.75,11,133.53,5,106.8,113.8,105.4,110.0,113.6,83.3,108.7,12.57,B - Đạt
202408,EMP_1085,DVKD_008,VUNG_1,1391.35,7966.58,10911.32,12,189.53,7,136.1,150.2,151.8,133.3,126.6,175.0,142.01,29.78,A - Xuất sắc
202408,EMP_1086,DVKD_008,VUNG_1,1439.42,10896.89,14422.3,18,295.48,10,103.0,111.1,103.1,100.0,99.6,100.0,103.44,9.39,B - Đạt
202408,EMP_1087,DVKD_008,VUNG_1,2144.72,9419.59,18560.7,23,454.85,10,119.2,122.4,124.7,127.8,131.6,125.0,124.32,10.37,A - Xuất sắc
202408,EMP_1088,DVKD_008,VUNG_1,1799.43,10498.91,15385.26,12,227.34,7,114.3,114.6,120.6,100.0,101.1,100.0,113.14,15.74,B - Đạt
202408,EMP_1089,DVKD_008,VUNG_1,725.18,4181.05,7631.17,9,89.36,3,86.8,96.3,95.5,100.0,77.4,75.0,91.18,5.62,B - Đạt
202408,EMP_1090,DVKD_008,VUNG_1,848.95,4554.32,6084.63,6,140.18,4,47.5,49.2,49.4,46.2,50.8,44.4,48.78,0.0,D - Không đạt
202408,EMP_1091,DVKD_008,VUNG_1,1404.53,6919.87,11927.87,17,325.19,10,101.4,99.5,97.0,100.0,105.9,100.0,100.11,12.38,B - Đạt
202408,EMP_1092,DVKD_008,VUNG_1,2118.31,13492.07,21620.17,23,504.32,15,152.9,148.6,141.4,135.3,186.4,150.0,151.5,26.48,A - Xuất sắc
202408,EMP_1093,DVKD_008,VUNG_1,1716.08,7708.24,14892.14,21,299.43,10,74.5,77.3,83.5,84.0,93.2,71.4,81.83,4.7,C - Cần nỗ lực
202408,EMP_1094,DVKD_008,VUNG_1,850.56,5171.15,8747.1,7,128.55,6,101.9,109.6,101.5,87.5,111.9,100.0,102.97,14.65,B - Đạt
202408,EMP_1095,DVKD_008,VUNG_1,1774.59,11542.89,14494.91,21,293.89,8,93.8,85.4,94.1,87.5,85.3,80.0,90.74,4.3,B - Đạt
202408,EMP_1096,DVKD_009,VUNG_2,768.27,5110.53,8281.84,7,154.01,4,90.1,86.9,91.4,87.5,109.9,100.0,92.78,5.59,B - Đạt
202408,EMP_1097,DVKD_009,VUNG_2,944.2,5030.16,6465.86,8,117.48,5,89.3,92.7,95.4,80.0,76.1,83.3,89.03,3.32,C - Cần nỗ lực
202408,EMP_1098,DVKD_009,VUNG_2,878.06,5494.16,8638.74,9,128.89,5,104.0,100.0,97.6,90.0,99.1,100.0,99.02,5.47,B - Đạt
202408,EMP_1099,DVKD_009,VUNG_2,2445.27,14040.59,21751.32,26,480.65,11,105.4,104.5,114.5,113.0,106.5,91.7,109.37,11.59,B - Đạt
202408,EMP_1100,DVKD_009,VUNG_2,1537.59,8622.96,12766.2,12,284.97,7,105.5,105.5,92.9,85.7,89.2,87.5,96.66,5.01,B - Đạt
202408,EMP_1101,DVKD_009,VUNG_2,1348.81,8570.5,13005.63,14,187.96,7,95.6,86.4,101.8,93.3,84.6,77.8,94.51,4.13,B - Đạt
202408,EMP_1102,DVKD_009,VUNG_2,2195.83,11230.53,15928.04,23,198.86,10,89.6,88.5,94.6,104.5,81.0,100.0,91.39,2.22,B - Đạt
202408,EMP_1103,DVKD_009,VUNG_2,1702.78,8617.77,15089.06,14,273.82,11,105.4,93.8,106.9,93.3,86.2,122.2,100.09,11.97,B - Đạt
202408,EMP_1104,DVKD_009,VUNG_2,1678.51,6847.84,13595.75,13,185.66,7,94.0,90.1,95.7,100.0,84.9,100.0,93.24,4.51,B - Đạt
202408,EMP_1105,DVKD_009,VUNG_2,918.91,5681.75,10673.26,9,159.14,4,66.5,70.5,69.2,64.3,81.7,66.7,70.11,0.0,C - Cần nỗ lực
202408,EMP_1106,DVKD_009,VUNG_2,1563.92,7188.71,16102.56,15,270.58,7,108.3,100.5,113.9,107.1,115.3,87.5,110.02,12.7,B - Đạt
202408,EMP_1107,DVKD_009,VUNG_2,971.89,6082.66,7310.71,10,255.29,5,68.6,68.5,64.2,71.4,73.8,62.5,68.1,0.0,D - Không đạt
202408,EMP_1108,DVKD_009,VUNG_2,3619.59,17162.03,33481.24,43,508.41,18,163.3,159.6,171.0,179.2,181.1,163.6,169.7,32.48,A - Xuất sắc
202408,EMP_1109,DVKD_009,VUNG_2,1657.35,10134.28,17216.72,15,285.01,8,115.5,113.5,112.2,115.4,109.4,114.3,113.12,12.84,B - Đạt
202408,EMP_1110,DVKD_010,VUNG_2,896.16,4796.32,8871.1,7,212.01,4,108.9,117.4,113.5,100.0,106.9,100.0,110.59,11.09,B - Đạt
202408,EMP_1111,DVKD_010,VUNG_2,976.85,4498.73,8256.5,9,135.36,6,104.6,97.1,107.6,90.0,113.0,120.0,104.33,14.72,B - Đạt
202408,EMP_1112,DVKD_010,VUNG_2,848.18,3568.5,7571.74,7,166.17,5,91.7,86.9,86.6,77.8,99.8,100.0,89.02,5.9,C - Cần nỗ lực
202408,EMP_1113,DVKD_010,VUNG_2,2415.2,11420.56,18422.92,18,449.42,11,105.2,99.0,93.3,94.7,124.2,100.0,101.9,16.64,B - Đạt
202408,EMP_1114,DVKD_010,VUNG_2,1020.69,5198.75,10410.43,8,149.33,6,71.8,69.3,68.7,66.7,69.1,75.0,69.42,0.0,D - Không đạt
202408,EMP_1115,DVKD_010,VUNG_2,1619.23,10804.72,14566.34,19,229.66,9,111.8,109.9,110.0,105.6,118.2,100.0,111.23,11.97,B - Đạt
202408,EMP_1116,DVKD_010,VUNG_2,3233.72,17750.48,23498.06,33,589.28,18,145.7,140.8,138.7,150.0,133.7,138.5,141.14,30.42,A - Xuất sắc
202408,EMP_1117,DVKD_010,VUNG_2,846.89,5371.29,9223.49,9,121.7,6,103.9,103.9,102.2,112.5,90.3,100.0,102.12,12.81,B - Đạt
202408,EMP_1118,DVKD_010,VUNG_2,1774.44,8767.19,14678.86,18,323.7,8,104.9,98.1,109.0,112.5,102.8,88.9,105.76,9.13,B - Đạt
202408,EMP_1119,DVKD_010,VUNG_2,2054.3,11530.98,16863.89,17,292.58,10,143.4,137.4,126.5,130.8,164.0,111.1,138.41,33.63,A - Xuất sắc
202408,EMP_1120,DVKD_011,VUNG_2,939.14,4050.09,6673.15,9,116.71,6,92.3,82.9,89.4,100.0,93.6,100.0,90.84,2.47,B - Đạt
202408,EMP_1121,DVKD_011,VUNG_2,1071.58,5328.63,9327.99,8,148.02,5,106.7,108.8,109.9,100.0,117.5,100.0,109.09,14.71,B - Đạt
202408,EMP_1122,DVKD_011,VUNG_2,946.64,5047.59,6913.17,7,155.32,3,91.3,96.4,85.3,87.5,100.5,75.0,90.96,3.9,B - Đạt
202408,EMP_1123,DVKD_011,VUNG_2,1005.79,4439.11,8561.59,11,133.78,5,68.9,63.9,69.0,73.3,61.6,62.5,67.53,0.0,D - Không đạt
202408,EMP_1124,DVKD_011,VUNG_2,1880.88,12738.51,14342.38,14,328.27,9,92.5,92.2,94.2,82.4,85.6,90.0,91.0,4.71,B - Đạt
202408,EMP_1125,DVKD_011,VUNG_2,1659.31,7599.73,14453.48,16,334.7,8,108.1,109.5,110.8,106.7,110.0,114.3,109.4,13.2,B - Đạt
202408,EMP_1126,DVKD_011,VUNG_2,2851.24,13080.15,20974.95,21,410.49,14,113.4,109.2,105.1,110.5,138.0,127.3,113.26,9.72,B - Đạt
202408,EMP_1127,DVKD_011,VUNG_2,1450.27,8109.5,15324.53,16,303.33,12,106.1,118.6,112.5,123.1,135.4,133.3,116.31,12.9,B - Đạt
202408,EMP_1128,DVKD_011,VUNG_2,1700.26,8258.7,12658.99,16,187.35,9,109.5,110.6,101.8,123.1,95.7,90.0,106.26,9.45,B - Đạt
202408,EMP_1129,DVKD_011,VUNG_2,1715.11,8505.23,13488.45,16,179.08,7,100.5,99.8,97.6,94.1,98.0,77.8,98.36,5.84,B - Đạt
202408,EMP_1130,DVKD_011,VUNG_2,1449.73,8689.86,12052.32,10,281.38,8,91.0,97.6,85.2,83.3,87.3,80.0,88.63,5.87,C - Cần nỗ lực
202408,EMP_1131,DVKD_011,VUNG_2,1888.35,11185.6,17599.15,16,449.73,12,93.2,98.4,101.5,88.9,116.0,85.7,99.88,4.9,B - Đạt
202408,EMP_1132,DVKD_011,VUNG_2,1164.61,5843.96,8617.71,9,158.64,9,131.6,119.3,115.1,112.5,104.0,150.0,117.93,12.87,B - Đạt
202408,EMP_1133,DVKD_011,VUNG_2,1942.91,10477.59,20887.31,19,327.77,12,101.9,105.2,108.0,111.8,104.9,120.0,105.97,12.2,B - Đạt
202408,EMP_1134,DVKD_012,VUNG_2,762.48,4851.57,8399.17,6,127.11,4,89.5,88.3,97.8,75.0,100.1,100.0,92.36,3.9,B - Đạt
202408,EMP_1135,DVKD_012,VUNG_2,1353.67,7679.99,10830.69,10,139.25,9,144.9,143.5,151.9,125.0,118.6,150.0,141.2,19.73,A - Xuất sắc
202408,EMP_1136,DVKD_012,VUNG_2,855.64,5490.87,9693.77,8,202.95,3,98.9,103.9,107.5,100.0,114.6,75.0,105.12,9.38,B - Đạt
202408,EMP_1137,DVKD_012,VUNG_2,2318.06,16139.91,20327.04,21,366.72,16,120.1,119.1,111.1,123.5,108.9,133.3,115.46,10.36,B - Đạt
202408,EMP_1138,DVKD_012,VUNG_2,2247.12,13761.72,16092.02,26,346.82,11,96.8,101.8,101.5,113.0,116.8,110.0,103.81,8.49,B - Đạt
202408,EMP_1139,DVKD_012,VUNG_2,389.2,2226.93,4146.03,4,92.04,2,46.4,49.3,47.0,50.0,57.7,40.0,49.1,0.0,D - Không đạt
202408,EMP_1140,DVKD_012,VUNG_2,2656.77,15140.81,24685.11,28,425.85,18,160.6,153.9,161.6,164.7,126.9,180.0,155.3,23.72,A - Xuất sắc
202408,EMP_1141,DVKD_012,VUNG_2,2528.65,10376.56,24675.53,26,361.18,14,103.3,101.5,113.1,123.8,94.1,100.0,107.13,10.57,B - Đạt
202408,EMP_1142,DVKD_012,VUNG_2,2471.89,13733.68,21339.19,18,359.33,11,114.6,112.0,104.3,94.7,116.4,110.0,108.88,10.97,B - Đạt
202408,EMP_1143,DVKD_012,VUNG_2,1681.27,8940.66,10695.71,15,250.6,9,100.1,96.4,98.2,107.1,104.1,100.0,100.18,16.64,B - Đạt
202408,EMP_1144,DVKD_013,VUNG_2,927.63,4781.74,6052.13,9,183.09,4,87.5,83.0,88.8,90.0,91.7,100.0,88.16,2.05,C - Cần nỗ lực
202408,EMP_1145,DVKD_013,VUNG_2,1155.45,6484.48,7475.47,9,238.92,6,115.7,109.8,109.8,100.0,119.2,120.0,111.7,12.5,B - Đạt
202408,EMP_1146,DVKD_013,VUNG_2,883.23,3704.92,7283.99,8,104.38,4,87.5,85.4,91.4,88.9,80.7,100.0,87.67,2.73,C - Cần nỗ lực
202408,EMP_1147,DVKD_013,VUNG_2,3830.49,18114.13,31288.24,36,496.73,19,155.6,153.5,163.0,150.0,163.3,158.3,158.47,19.21,A - Xuất sắc
202408,EMP_1148,DVKD_013,VUNG_2,1601.63,8863.71,13296.56,15,167.62,6,106.6,104.0,110.4,107.1,84.3,85.7,104.24,15.54,B - Đạt
202408,EMP_1149,DVKD_013,VUNG_2,1440.2,9537.4,12134.46,18,259.89,9,93.4,100.2,103.0,105.9,121.7,100.0,103.27,9.7,B - Đạt
202408,EMP_1150,DVKD_013,VUNG_2,1830.83,9704.24,11969.02,21,309.99,11,115.6,110.3,107.4,131.2,114.5,122.2,113.33,15.15,B - Đạt
202408,EMP_1151,DVKD_013,VUNG_2,1480.32,7099.96,12025.61,14,152.66,10,99.0,96.9,99.2,82.4,84.7,111.1,94.95,2.26,B - Đạt
202408,EMP_1152,DVKD_013,VUNG_2,1103.84,5671.88,8342.39,11,216.07,4,64.9,61.1,59.1,64.7,71.7,57.1,63.3,0.0,D - Không đạt
202408,EMP_1153,DVKD_013,VUNG_2,1563.19,9947.93,15316.91,14,378.15,10,109.8,108.4,110.5,116.7,128.0,125.0,113.26,11.24,B - Đạt
202408,EMP_1154,DVKD_013,VUNG_2,1825.91,8984.79,16935.49,17,212.15,10,106.6,109.5,112.2,106.2,114.7,111.1,110.17,8.73,B - Đạt
202408,EMP_1155,DVKD_013,VUNG_2,1736.75,6906.76,10747.66,15,302.72,8,97.2,100.3,93.3,107.1,125.4,114.3,101.52,12.98,B - Đạt
202408,EMP_1156,DVKD_013,VUNG_2,1689.76,8924.05,12706.14,14,227.79,11,95.9,100.7,88.2,100.0,120.0,110.0,97.95,3.17,B - Đạt
202408,EMP_1157,DVKD_014,VUNG_2,1136.64,5782.91,8627.48,10,244.57,4,116.9,111.5,109.9,111.1,121.9,100.0,113.81,11.05,B - Đạt
202408,EMP_1158,DVKD_014,VUNG_2,892.54,6157.11,9014.64,10,179.29,5,104.1,111.0,113.8,100.0,129.9,100.0,111.99,9.5,B - Đạt
202408,EMP_1159,DVKD_014,VUNG_2,887.96,5229.07,6758.01,6,164.58,6,93.8,105.1,102.3,85.7,94.3,100.0,97.73,2.21,B - Đạt
202408,EMP_1160,DVKD_014,VUNG_2,2284.81,13875.34,15249.47,23,370.75,10,150.3,157.0,135.8,143.8,166.2,142.9,147.97,19.38,A - Xuất sắc
202408,EMP_1161,DVKD_014,VUNG_2,2037.26,10166.54,16010.45,20,337.3,13,134.0,141.3,125.3,117.6,127.5,130.0,129.43,15.35,A - Xuất sắc
202408,EMP_1162,DVKD_014,VUNG_2,1609.57,7810.41,13098.57,14,332.17,10,106.2,112.3,106.6,107.7,120.4,111.1,109.53,13.08,B - Đạt
202408,EMP_1163,DVKD_014,VUNG_2,1473.91,6220.28,12827.15,12,207.32,9,92.2,89.8,98.3,85.7,95.5,100.0,93.82,2.9,B - Đạt
202408,EMP_1164,DVKD_014,VUNG_2,2111.3,10406.27,17819.15,24,503.44,13,92.7,89.9,101.8,96.0,115.9,100.0,99.28,4.01,B - Đạt
202408,EMP_1165,DVKD_014,VUNG_2,719.5,4031.67,5582.75,5,69.24,4,67.4,70.4,69.8,62.5,62.2,66.7,67.42,0.0,D - Không đạt
202408,EMP_1166,DVKD_014,VUNG_2,2046.35,9984.75,12246.71,15,388.44,9,115.8,104.3,101.9,100.0,117.4,90.0,107.87,8.35,B - Đạt
202408,EMP_1167,DVKD_014,VUNG_2,2161.5,9749.89,17029.27,24,383.33,11,91.8,91.2,84.9,96.0,95.2,91.7,90.22,3.62,B - Đạt
202408,EMP_1168,DVKD_014,VUNG_2,1738.39,10397.64,11701.35,16,277.5,7,111.2,108.1,97.5,123.1,92.3,100.0,104.3,12.38,B - Đạt
202408,EMP_1169,DVKD_014,VUNG_2,1498.64,7241.28,10106.45,15,168.85,8,91.3,89.6,84.5,93.8,84.5,100.0,87.89,2.62,C - Cần nỗ lực
202408,EMP_1170,DVKD_015,VUNG_2,1013.51,5394.5,7770.44,10,192.65,6,102.1,98.5,97.3,100.0,110.1,120.0,100.87,16.79,B - Đạt
202408,EMP_1171,DVKD_015,VUNG_2,1325.99,6152.19,14007.74,14,158.6,9,148.9,149.3,155.4,140.0,133.6,150.0,148.05,31.37,A - Xuất sắc
202408,EMP_1172,DVKD_015,VUNG_2,950.03,4037.02,6313.73,11,95.57,4,91.5,82.3,93.1,100.0,72.7,80.0,88.71,5.02,C - Cần nỗ lực
202408,EMP_1173,DVKD_015,VUNG_2,718.8,4243.05,9294.18,10,102.69,5,52.5,52.7,60.6,62.5,50.7,50.0,56.09,0.0,D - Không đạt
202408,EMP_1174,DVKD_015,VUNG_2,1346.26,7211.25,12444.02,13,340.41,7,88.7,93.3,83.0,100.0,108.8,77.8,91.54,5.43,B - Đạt
202408,EMP_1175,DVKD_015,VUNG_2,803.27,4392.23,5650.0,7,142.54,4,53.0,51.4,48.3,53.8,43.7,44.4,49.8,0.0,D - Không đạt
202408,EMP_1176,DVKD_015,VUNG_2,2420.08,11456.5,16659.73,23,542.55,12,104.7,98.6,96.9,100.0,118.9,100.0,102.72,11.46,B - Đạt
202408,EMP_1177,DVKD_015,VUNG_2,1914.4,8326.45,16354.78,13,264.37,9,107.4,98.0,107.6,108.3,123.2,128.6,108.52,9.18,B - Đạt
202408,EMP_1178,DVKD_015,VUNG_2,1871.44,10858.98,16946.05,24,345.27,10,91.6,85.9,91.1,100.0,110.5,76.9,94.25,3.44,B - Đạt
202408,EMP_1179,DVKD_015,VUNG_2,985.21,5428.78,8608.67,11,181.43,6,69.9,62.0,60.9,68.8,77.4,75.0,66.58,0.0,D - Không đạt
202408,EMP_1180,DVKD_015,VUNG_2,2488.77,14484.37,17501.57,23,301.31,14,108.6,103.7,102.5,121.1,101.1,100.0,105.86,16.49,B - Đạt
202408,EMP_1181,DVKD_015,VUNG_2,2425.64,10722.96,18996.19,22,580.92,11,141.0,144.5,142.6,137.5,176.2,157.1,147.01,34.5,A - Xuất sắc
202408,EMP_1182,DVKD_015,VUNG_2,2504.05,13372.92,20213.56,22,356.07,10,106.6,101.8,98.4,122.2,84.9,83.3,101.31,14.85,B - Đạt
202408,EMP_1183,DVKD_015,VUNG_2,1570.91,10108.88,11465.1,14,363.97,8,100.7,105.2,100.6,116.7,105.3,114.3,103.63,16.48,B - Đạt
202408,EMP_1184,DVKD_016,VUNG_2,1267.94,9034.32,11334.23,12,278.17,9,151.9,167.8,143.5,150.0,161.1,150.0,152.53,20.45,A - Xuất sắc
202408,EMP_1185,DVKD_016,VUNG_2,982.9,5885.37,7732.39,8,170.5,8,119.8,121.1,117.5,114.3,149.8,133.3,123.14,16.47,A - Xuất sắc
202408,EMP_1186,DVKD_016,VUNG_2,1081.15,5638.05,11090.34,13,147.07,6,106.5,112.0,119.9,118.2,127.9,100.0,116.4,8.85,B - Đạt
202408,EMP_1187,DVKD_016,VUNG_2,3372.37,17412.24,27261.87,25,296.84,21,138.7,133.8,136.6,119.0,120.2,150.0,132.48,28.96,A - Xuất sắc
202408,EMP_1188,DVKD_016,VUNG_2,954.52,4208.48,9511.25,10,168.98,5,110.2,101.9,107.9,111.1,120.6,100.0,109.8,10.16,B - Đạt
202408,EMP_1189,DVKD_016,VUNG_2,1146.34,6752.81,8539.16,8,244.03,6,119.6,118.7,106.9,114.3,137.7,120.0,117.21,13.94,B - Đạt
202408,EMP_1190,DVKD_016,VUNG_2,1622.08,7944.22,13805.91,17,229.54,10,99.1,94.7,96.5,100.0,82.2,100.0,95.08,4.79,B - Đạt
202408,EMP_1191,DVKD_016,VUNG_2,2372.27,14453.58,22652.35,22,305.69,10,96.4,106.1,107.6,95.7,89.7,83.3,100.7,15.58,B - Đạt
202408,EMP_1192,DVKD_016,VUNG_2,1498.59,10438.46,12114.36,15,279.71,8,99.5,108.3,108.5,93.8,88.4,80.0,101.73,15.85,B - Đạt
202408,EMP_1193,DVKD_016,VUNG_2,1667.83,9406.16,11999.83,13,270.67,11,101.8,108.9,106.0,92.9,125.6,122.2,107.02,8.64,B - Đạt
202408,EMP_1194,DVKD_016,VUNG_2,874.21,3943.29,7090.16,9,127.15,7,58.1,57.3,61.8,50.0,60.8,70.0,58.87,0.0,D - Không đạt
202408,EMP_1195,DVKD_016,VUNG_2,1025.63,4853.48,9150.74,8,134.88,6,72.2,64.8,66.8,61.5,62.2,75.0,66.63,0.0,D - Không đạt
202408,EMP_1196,DVKD_016,VUNG_2,1589.24,8283.32,12632.96,12,301.77,9,105.8,117.6,105.1,100.0,98.8,100.0,105.69,8.39,B - Đạt
202408,EMP_1197,DVKD_016,VUNG_2,1564.0,9827.56,17937.08,11,279.35,6,111.0,115.4,117.1,91.7,116.8,100.0,112.73,8.18,B - Đạt
202408,EMP_1198,DVKD_017,VUNG_3,1199.77,5043.99,9928.61,10,225.7,7,117.2,111.2,108.2,111.1,109.3,116.7,111.35,10.73,B - Đạt
202408,EMP_1199,DVKD_017,VUNG_3,1206.29,5337.32,10668.0,11,274.66,9,126.9,125.2,123.6,122.2,141.7,150.0,127.24,15.97,A - Xuất sắc
202408,EMP_1200,DVKD_017,VUNG_3,946.02,5283.29,5514.98,9,113.65,4,88.8,91.7,83.1,90.0,79.5,80.0,85.96,4.83,C - Cần nỗ lực
202408,EMP_1201,DVKD_017,VUNG_3,1530.8,9602.06,14678.1,12,281.76,6,94.3,102.0,101.5,85.7,95.6,85.7,97.31,5.84,B - Đạt
202408,EMP_1202,DVKD_017,VUNG_3,2379.98,10498.9,20486.74,21,317.71,9,95.9,100.2,95.2,91.3,103.4,81.8,96.97,2.09,B - Đạt
202408,EMP_1203,DVKD_017,VUNG_3,705.76,4539.89,6963.95,7,89.33,4,51.4,55.5,51.8,46.7,46.0,44.4,50.87,0.0,D - Không đạt
202408,EMP_1204,DVKD_017,VUNG_3,979.81,5394.68,7898.39,7,107.68,5,104.1,97.3,94.8,87.5,84.7,100.0,95.25,4.56,B - Đạt
202408,EMP_1205,DVKD_017,VUNG_3,1535.0,9590.4,11805.2,14,355.52,5,104.5,104.3,107.4,107.7,107.1,83.3,106.19,14.97,B - Đạt
202408,EMP_1206,DVKD_017,VUNG_3,531.22,2748.68,3875.52,5,107.38,3,55.8,55.7,55.1,62.5,69.2,60.0,58.22,0.0,D - Không đạt
202408,EMP_1207,DVKD_017,VUNG_3,1811.16,11265.28,12756.92,11,260.96,10,113.4,116.6,111.4,91.7,120.9,125.0,112.14,13.13,B - Đạt
202408,EMP_1208,DVKD_017,VUNG_3,869.76,3707.87,7472.91,8,163.8,4,86.5,88.7,89.0,88.9,92.1,80.0,88.78,3.07,C - Cần nỗ lực
202408,EMP_1209,DVKD_018,VUNG_3,890.73,5221.81,8005.85,11,239.37,5,108.3,109.1,98.8,110.0,126.4,100.0,107.98,12.79,B - Đạt
202408,EMP_1210,DVKD_018,VUNG_3,897.14,3981.11,9595.76,10,195.6,5,104.4,96.9,102.7,90.9,117.7,125.0,103.33,11.18,B - Đạt
202408,EMP_1211,DVKD_018,VUNG_3,943.32,5084.96,7565.58,7,171.12,5,93.0,93.5,91.4,77.8,92.2,100.0,90.88,4.42,B - Đạt
202408,EMP_1212,DVKD_018,VUNG_3,1362.04,8481.52,10051.61,14,288.27,8,89.7,91.2,82.2,93.3,102.7,88.9,89.61,2.5,C - Cần nỗ lực
202408,EMP_1213,DVKD_018,VUNG_3,850.94,4509.37,8068.81,7,149.18,5,84.5,83.8,86.7,77.8,75.2,100.0,83.1,2.67,C - Cần nỗ lực
202408,EMP_1214,DVKD_018,VUNG_3,804.68,3994.91,6952.95,8,94.22,4,50.6,50.1,55.0,44.4,43.1,50.0,50.32,0.0,D - Không đạt
202408,EMP_1215,DVKD_018,VUNG_3,780.53,3885.44,7501.61,7,163.59,6,55.9,56.6,56.8,50.0,57.7,60.0,56.0,0.0,D - Không đạt
202408,EMP_1216,DVKD_018,VUNG_3,2166.5,12187.98,17705.03,20,521.18,13,150.7,165.6,151.1,153.8,167.3,130.0,155.88,20.23,A - Xuất sắc
202408,EMP_1217,DVKD_018,VUNG_3,866.43,4723.69,9772.21,10,142.29,7,97.4,108.6,105.4,111.1,86.9,116.7,101.67,11.29,B - Đạt
202408,EMP_1218,DVKD_018,VUNG_3,1354.71,8659.6,15062.65,12,208.67,7,88.3,95.8,96.9,80.0,85.3,100.0,91.16,5.05,B - Đạt
202408,EMP_1219,DVKD_018,VUNG_3,1004.27,6173.58,5979.63,10,148.71,4,98.8,103.8,91.0,111.1,81.0,80.0,95.38,5.78,B - Đạt
202408,EMP_1220,DVKD_018,VUNG_3,1097.85,6216.92,7923.12,9,213.71,5,103.1,113.6,99.3,112.5,121.9,100.0,107.1,11.48,B - Đạt
202408,EMP_1221,DVKD_018,VUNG_3,863.93,4233.83,9286.82,8,235.67,5,57.1,55.9,60.5,61.5,71.0,55.6,60.63,0.0,D - Không đạt
202408,EMP_1222,DVKD_018,VUNG_3,1625.31,9736.33,13092.01,14,408.05,8,94.2,98.0,88.6,82.4,119.0,80.0,95.35,3.17,B - Đạt
202408,EMP_1223,DVKD_019,VUNG_3,966.17,4958.01,9188.73,9,154.16,6,114.8,113.9,108.3,100.0,109.5,120.0,110.11,8.19,B - Đạt
202408,EMP_1224,DVKD_019,VUNG_3,1103.23,4918.7,8299.36,10,159.52,5,106.2,112.7,101.5,125.0,90.6,100.0,105.07,14.14,B - Đạt
202408,EMP_1225,DVKD_019,VUNG_3,904.7,5778.85,8263.56,9,144.74,4,102.6,103.5,109.0,100.0,98.0,100.0,104.02,16.42,B - Đạt
202408,EMP_1226,DVKD_019,VUNG_3,1812.32,6600.73,13633.03,14,248.01,11,105.2,96.4,104.0,93.3,84.8,122.2,99.21,5.06,B - Đạt
202408,EMP_1227,DVKD_019,VUNG_3,962.76,5520.17,8801.0,10,197.34,5,68.0,74.5,66.0,66.7,56.9,55.6,66.48,0.0,D - Không đạt
202408,EMP_1228,DVKD_019,VUNG_3,1460.87,6900.18,11222.14,17,217.34,10,99.8,93.1,92.9,113.3,100.1,100.0,97.78,3.94,B - Đạt
202408,EMP_1229,DVKD_019,VUNG_3,2023.85,12242.57,20577.64,16,232.8,16,97.0,103.7,106.5,94.1,92.3,114.3,100.33,9.11,B - Đạt
202408,EMP_1230,DVKD_019,VUNG_3,1385.26,6474.43,8956.23,16,179.55,8,88.5,86.1,82.7,94.1,71.5,100.0,84.12,4.23,C - Cần nỗ lực
202408,EMP_1231,DVKD_019,VUNG_3,2193.8,8553.11,14843.42,19,438.53,10,125.5,122.2,134.2,111.8,142.1,125.0,129.17,9.5,A - Xuất sắc
202408,EMP_1232,DVKD_019,VUNG_3,879.82,5559.42,10089.64,9,201.93,6,106.0,103.7,114.3,112.5,97.6,100.0,107.95,10.32,B - Đạt
202408,EMP_1233,DVKD_019,VUNG_3,661.32,3457.78,6579.0,9,129.56,4,48.2,49.3,49.3,56.2,57.9,50.0,51.01,0.0,D - Không đạt
202408,EMP_1234,DVKD_020,VUNG_3,1057.35,6843.19,8899.53,11,188.19,5,108.6,119.5,120.2,122.2,101.1,83.3,114.53,16.61,B - Đạt
202408,EMP_1235,DVKD_020,VUNG_3,1460.68,8903.3,14729.52,14,277.7,6,153.6,154.7,159.9,140.0,162.6,150.0,155.96,19.88,A - Xuất sắc
202408,EMP_1236,DVKD_020,VUNG_3,664.58,4179.69,5799.64,8,126.69,3,73.1,78.8,79.9,80.0,83.8,60.0,78.63,0.0,C - Cần nỗ lực
202408,EMP_1237,DVKD_020,VUNG_3,1915.74,8788.46,17612.68,22,305.51,12,125.6,125.8,114.9,129.4,101.1,133.3,118.59,8.11,B - Đạt
202408,EMP_1238,DVKD_020,VUNG_3,2199.46,11356.67,18460.65,16,509.47,13,143.3,157.4,161.1,133.3,161.9,144.4,153.44,28.89,A - Xuất sắc
202408,EMP_1239,DVKD_020,VUNG_3,2215.4,11523.54,19157.9,21,215.58,9,100.7,93.5,104.7,105.0,84.0,90.0,98.94,4.91,B - Đạt
202408,EMP_1240,DVKD_020,VUNG_3,2149.01,11524.21,19469.94,16,380.98,11,92.2,94.3,96.0,84.2,111.3,91.7,95.91,4.92,B - Đạt
202408,EMP_1241,DVKD_020,VUNG_3,629.96,2741.12,4780.62,5,94.01,4,66.0,65.1,67.9,62.5,72.7,66.7,67.19,0.0,D - Không đạt
202408,EMP_1242,DVKD_020,VUNG_3,2737.33,11897.88,21552.87,21,394.93,16,109.9,108.9,108.2,116.7,119.9,114.3,111.34,9.71,B - Đạt
202408,EMP_1243,DVKD_020,VUNG_3,931.36,5182.13,6758.8,8,217.04,7,66.6,60.7,60.5,66.7,67.1,70.0,63.66,0.0,D - Không đạt
202408,EMP_1244,DVKD_020,VUNG_3,2227.47,10797.38,20770.1,21,358.34,15,156.4,151.5,151.7,175.0,184.0,166.7,160.02,19.66,A - Xuất sắc
202408,EMP_1245,DVKD_020,VUNG_3,1327.87,7433.98,13507.13,12,271.72,9,91.1,88.1,96.4,92.3,103.8,100.0,94.53,3.04,B - Đạt
202408,EMP_1246,DVKD_020,VUNG_3,826.17,3986.42,6881.79,7,156.33,5,91.5,92.4,96.8,100.0,89.3,100.0,94.01,5.95,B - Đạt
202408,EMP_1247,DVKD_020,VUNG_3,1288.33,6803.49,13913.35,16,228.99,6,87.7,97.8,90.3,94.1,98.9,85.7,92.44,4.39,B - Đạt
202408,EMP_1248,DVKD_021,VUNG_3,1197.13,6359.83,12496.17,10,173.43,7,130.6,125.7,134.6,125.0,129.5,116.7,130.54,27.61,A - Xuất sắc
202408,EMP_1249,DVKD_021,VUNG_3,910.11,5004.21,7034.99,9,142.23,5,104.1,111.9,97.7,112.5,92.1,125.0,102.07,15.97,B - Đạt
202408,EMP_1250,DVKD_021,VUNG_3,925.57,5159.11,8266.46,11,128.01,5,109.1,103.8,94.4,110.0,104.2,125.0,102.51,15.37,B - Đạt
202408,EMP_1251,DVKD_021,VUNG_3,1307.11,7368.96,11315.37,14,364.66,8,96.4,100.7,100.6,93.3,114.5,88.9,100.92,8.88,B - Đạt
202408,EMP_1252,DVKD_021,VUNG_3,2272.15,13690.87,19370.33,25,405.62,12,113.3,111.0,114.8,100.0,116.6,100.0,112.64,9.49,B - Đạt
202408,EMP_1253,DVKD_021,VUNG_3,1673.91,9922.96,15907.64,16,263.17,10,111.4,104.9,109.2,100.0,104.6,111.1,107.49,9.44,B - Đạt
202408,EMP_1254,DVKD_021,VUNG_3,1574.62,7386.89,14488.05,13,190.06,8,150.8,163.3,163.7,162.5,162.3,160.0,160.09,22.49,A - Xuất sắc
202408,EMP_1255,DVKD_021,VUNG_3,1729.43,11736.31,14840.49,17,266.92,7,108.5,117.5,116.3,121.4,97.0,87.5,112.14,8.57,B - Đạt
202408,EMP_1256,DVKD_021,VUNG_3,2108.72,9964.48,16205.61,19,306.7,11,125.3,118.9,114.3,126.7,107.1,137.5,117.9,12.48,B - Đạt
202408,EMP_1257,DVKD_021,VUNG_3,861.25,3407.81,5694.31,5,140.26,4,48.7,47.5,43.5,41.7,43.1,50.0,45.16,0.0,D - Không đạt
202408,EMP_1258,DVKD_021,VUNG_3,1724.81,7863.45,13340.08,17,179.8,10,98.3,93.0,90.9,100.0,101.2,111.1,95.52,4.34,B - Đạt
202408,EMP_1259,DVKD_021,VUNG_3,1718.33,8301.15,16123.38,13,205.03,9,113.1,114.3,115.5,100.0,95.7,112.5,110.2,9.52,B - Đạt
202408,EMP_1260,DVKD_022,VUNG_3,1291.28,5155.71,9146.68,11,157.27,7,130.2,121.4,120.1,110.0,109.6,116.7,120.23,14.12,A - Xuất sắc
202408,EMP_1261,DVKD_022,VUNG_3,697.07,3685.04,5351.45,6,97.78,4,72.9,74.6,78.9,75.0,59.3,66.7,73.42,0.0,C - Cần nỗ lực
202408,EMP_1262,DVKD_022,VUNG_3,942.79,5171.21,6234.66,11,99.21,4,99.1,93.0,89.3,100.0,83.0,80.0,92.43,4.58,B - Đạt
202408,EMP_1263,DVKD_022,VUNG_3,2298.76,12619.46,18478.24,22,302.86,13,91.9,97.8,85.8,104.8,80.6,100.0,90.25,3.04,B - Đạt
202408,EMP_1264,DVKD_022,VUNG_3,1551.88,9308.37,14985.89,17,403.52,9,106.6,105.8,111.8,100.0,123.4,90.0,110.16,11.01,B - Đạt
202408,EMP_1265,DVKD_022,VUNG_3,1233.14,8512.23,11955.39,17,345.92,9,87.6,87.4,80.3,100.0,101.3,100.0,88.31,3.44,C - Cần nỗ lực
202408,EMP_1266,DVKD_022,VUNG_3,1585.52,9607.89,13873.93,18,304.91,6,109.1,101.2,107.7,112.5,101.5,85.7,106.62,13.88,B - Đạt
202408,EMP_1267,DVKD_022,VUNG_3,1662.62,8206.23,12005.51,14,304.17,9,155.1,154.1,163.6,155.6,156.9,180.0,158.25,29.27,A - Xuất sắc
202408,EMP_1268,DVKD_022,VUNG_3,1714.51,8010.24,12324.05,17,260.15,8,107.2,114.2,110.0,121.4,91.4,100.0,108.28,9.34,B - Đạt
202408,EMP_1269,DVKD_022,VUNG_3,1725.61,9614.05,10142.04,16,209.79,8,96.8,104.5,92.4,100.0,109.8,80.0,98.69,2.57,B - Đạt
202408,EMP_1270,DVKD_022,VUNG_3,879.27,5285.94,7476.27,8,188.1,7,100.7,103.2,96.2,88.9,116.4,116.7,100.67,15.16,B - Đạt
202408,EMP_1271,DVKD_022,VUNG_3,1261.25,8209.21,12415.74,11,182.35,7,88.0,83.9,95.7,78.6,96.7,77.8,90.44,4.93,B - Đạt
202408,EMP_1272,DVKD_022,VUNG_3,1079.28,5709.07,7302.81,10,158.59,5,64.5,64.0,56.1,62.5,60.7,55.6,60.72,0.0,D - Không đạt
202408,EMP_1273,DVKD_022,VUNG_3,2262.48,12119.44,17292.5,22,414.14,15,93.1,100.2,95.8,104.8,91.6,107.1,96.05,2.49,B - Đạt
202408,EMP_1274,DVKD_023,VUNG_3,862.96,5366.25,7091.32,12,114.83,5,102.1,105.8,100.7,109.1,105.3,100.0,103.34,14.6,B - Đạt
202408,EMP_1275,DVKD_023,VUNG_3,882.69,4863.13,7196.11,7,166.8,3,98.5,95.6,94.3,87.5,97.7,75.0,95.38,4.45,B - Đạt
202408,EMP_1276,DVKD_023,VUNG_3,770.57,4032.23,6051.47,10,147.9,7,93.5,87.7,92.2,100.0,103.5,116.7,94.32,4.53,B - Đạt
202408,EMP_1277,DVKD_023,VUNG_3,1749.86,9475.96,14586.82,19,247.03,7,115.0,107.9,103.5,126.7,137.0,100.0,114.38,11.54,B - Đạt
202408,EMP_1278,DVKD_023,VUNG_3,2097.36,12180.14,19898.96,18,357.71,11,142.1,142.7,136.9,128.6,148.7,157.1,140.01,27.26,A - Xuất sắc
202408,EMP_1279,DVKD_023,VUNG_3,2900.74,13230.59,19744.59,23,359.18,15,117.0,117.3,103.3,127.8,108.4,107.1,112.04,10.86,B - Đạt
202408,EMP_1280,DVKD_023,VUNG_3,1620.19,8991.79,13861.7,15,314.72,8,109.3,101.7,100.1,115.4,117.3,88.9,106.75,16.25,B - Đạt
202408,EMP_1281,DVKD_023,VUNG_3,2076.17,11176.6,23478.55,28,378.13,13,141.1,138.8,157.0,164.7,180.9,130.0,154.65,18.96,A - Xuất sắc
202408,EMP_1282,DVKD_023,VUNG_3,2000.5,10680.14,12611.98,12,222.74,10,113.3,109.1,101.4,92.3,117.9,111.1,107.09,16.44,B - Đạt
202408,EMP_1283,DVKD_023,VUNG_3,1450.37,8983.91,11782.17,17,302.19,11,96.8,105.6,94.9,94.4,116.4,110.0,100.16,13.12,B - Đạt
202408,EMP_1284,DVKD_023,VUNG_3,1098.55,5335.29,10377.32,11,169.93,8,52.2,51.9,54.7,55.0,43.6,57.1,52.02,0.0,D - Không đạt
202408,EMP_1285,DVKD_023,VUNG_3,2079.26,11951.24,19606.55,20,318.77,18,102.4,100.5,96.2,100.0,106.3,120.0,100.29,10.89,B - Đạt
202408,EMP_1286,DVKD_023,VUNG_3,1427.5,8248.95,11640.81,15,397.24,8,90.5,96.0,91.8,107.1,116.3,100.0,97.31,4.41,B - Đạt
202408,EMP_1287,DVKD_024,VUNG_3,1465.9,7781.47,14282.57,12,333.37,10,166.4,161.4,160.0,150.0,197.2,166.7,166.39,30.73,A - Xuất sắc
202408,EMP_1288,DVKD_024,VUNG_3,1009.79,4707.39,7022.27,7,113.65,4,99.1,101.6,97.1,100.0,82.8,80.0,96.42,4.74,B - Đạt
202408,EMP_1289,DVKD_024,VUNG_3,687.35,3929.67,5907.48,5,143.68,3,65.7,67.8,66.7,71.4,74.7,50.0,68.28,0.0,D - Không đạt
202408,EMP_1290,DVKD_024,VUNG_3,1487.83,6125.8,10565.66,15,225.03,7,91.9,83.6,89.9,88.2,96.4,100.0,90.26,5.56,B - Đạt
202408,EMP_1291,DVKD_024,VUNG_3,1962.12,8003.09,14127.2,16,172.47,10,114.9,113.1,112.6,114.3,90.6,125.0,110.12,13.49,B - Đạt
202408,EMP_1292,DVKD_024,VUNG_3,969.94,6764.3,8052.2,8,125.34,6,115.6,119.3,114.0,100.0,101.7,120.0,111.95,12.41,B - Đạt
202408,EMP_1293,DVKD_024,VUNG_3,2251.88,12641.01,21553.89,27,314.2,12,111.2,110.9,107.7,108.0,116.9,92.3,110.47,8.58,B - Đạt
202408,EMP_1294,DVKD_024,VUNG_3,1792.8,9400.17,12966.9,21,399.01,7,115.6,120.3,119.2,131.2,116.8,100.0,119.31,14.55,B - Đạt
202408,EMP_1295,DVKD_024,VUNG_3,3925.34,21793.93,26512.11,41,414.1,18,161.2,166.2,155.7,178.3,155.5,138.5,160.88,18.59,A - Xuất sắc
202408,EMP_1296,DVKD_024,VUNG_3,1515.97,8022.87,15774.08,18,368.18,8,106.0,100.0,118.2,100.0,124.0,100.0,111.47,9.36,B - Đạt
202408,EMP_1297,DVKD_024,VUNG_3,1500.68,8721.53,13038.35,16,160.33,7,93.6,99.8,88.1,94.1,91.0,87.5,92.27,4.99,B - Đạt
202408,EMP_1298,DVKD_024,VUNG_3,1803.02,11157.59,16257.5,19,261.8,13,123.9,132.1,120.6,111.8,106.7,130.0,120.19,8.62,A - Xuất sắc
202409,EMP_1001,DVKD_001,VUNG_1,488.65,2424.91,4085.23,5,78.53,3,46.0,47.1,44.8,50.0,52.8,50.0,47.16,0.0,D - Không đạt
202409,EMP_1002,DVKD_001,VUNG_1,964.34,5147.98,7938.78,11,145.67,5,92.4,99.0,103.4,110.0,90.1,100.0,98.66,3.29,B - Đạt
202409,EMP_1003,DVKD_001,VUNG_1,931.72,3982.27,7414.42,9,181.45,6,89.3,91.6,87.1,100.0,87.1,100.0,89.61,5.78,C - Cần nỗ lực
202409,EMP_1004,DVKD_001,VUNG_1,1657.5,10146.67,16946.99,17,218.68,11,112.3,115.0,118.4,113.3,91.6,110.0,111.83,11.85,B - Đạt
202409,EMP_1005,DVKD_001,VUNG_1,1834.39,10018.21,13612.87,14,214.02,10,107.6,105.5,111.7,93.3,93.7,111.1,105.2,11.3,B - Đạt
202409,EMP_1006,DVKD_001,VUNG_1,1971.19,9707.7,22694.96,25,216.53,12,100.3,98.1,114.7,100.0,86.2,85.7,102.87,14.55,B - Đạt
202409,EMP_1007,DVKD_001,VUNG_1,2150.44,10361.3,17702.48,19,456.83,14,159.0,149.6,153.3,135.7,159.3,155.6,153.31,32.36,A - Xuất sắc
202409,EMP_1008,DVKD_001,VUNG_1,1653.54,6817.15,11606.56,15,362.35,8,94.7,96.9,97.2,93.8,113.4,80.0,98.62,5.64,B - Đạt
202409,EMP_1009,DVKD_001,VUNG_1,1385.21,8008.76,12140.88,12,219.03,9,70.6,72.9,70.4,63.2,67.5,75.0,69.67,0.0,D - Không đạt
202409,EMP_1010,DVKD_001,VUNG_1,1607.05,9707.01,12265.04,16,362.17,9,101.4,110.0,95.5,100.0,123.0,112.5,103.73,12.31,B - Đạt
202409,EMP_1011,DVKD_001,VUNG_1,1710.08,9570.22,16407.99,15,272.19,9,115.7,113.1,119.2,107.1,96.0,100.0,112.72,9.49,B - Đạt
202409,EMP_1012,DVKD_001,VUNG_1,1546.14,10553.34,16308.36,19,303.8,13,109.3,106.8,115.5,105.6,122.0,130.0,112.63,14.15,B - Đạt
202409,EMP_1013,DVKD_001,VUNG_1,2247.57,10799.63,14575.1,20,370.81,8,131.8,118.7,119.4,142.9,121.3,114.3,125.03,10.98,A - Xuất sắc
202409,EMP_1014,DVKD_001,VUNG_1,1072.94,6183.64,8327.42,13,166.5,6,44.3,44.4,42.0,52.0,52.8,42.9,45.55,0.0,D - Không đạt
202409,EMP_1015,DVKD_002,VUNG_1,1204.66,6633.19,11642.07,14,260.2,5,145.4,147.4,132.0,140.0,137.1,125.0,139.22,19.63,A - Xuất sắc
202409,EMP_1016,DVKD_002,VUNG_1,1128.42,7005.32,9204.29,12,216.42,7,133.4,123.2,134.5,133.3,109.7,140.0,128.69,14.35,A - Xuất sắc
202409,EMP_1017,DVKD_002,VUNG_1,1119.22,5996.44,7291.45,10,216.82,5,114.3,113.6,109.6,100.0,109.5,100.0,110.4,10.09,B - Đạt
202409,EMP_1018,DVKD_002,VUNG_1,445.83,2245.96,3563.62,4,78.04,3,48.3,44.7,50.4,44.4,55.3,60.0,49.15,0.0,D - Không đạt
202409,EMP_1019,DVKD_002,VUNG_1,1470.57,7489.4,14041.26,13,148.88,7,86.8,92.5,99.0,81.2,72.3,100.0,89.19,2.5,C - Cần nỗ lực
202409,EMP_1020,DVKD_002,VUNG_1,1434.57,7270.28,11995.39,19,239.56,5,158.6,146.2,165.9,172.7,146.1,125.0,158.83,27.68,A - Xuất sắc
202409,EMP_1021,DVKD_002,VUNG_1,732.53,4158.73,6839.71,6,124.3,4,51.9,57.0,50.5,50.0,62.2,57.1,53.53,0.0,D - Không đạt
202409,EMP_1022,DVKD_002,VUNG_1,1154.13,6858.3,9479.15,9,206.78,5,67.2,71.9,66.0,64.3,71.3,71.4,67.81,0.0,D - Không đạt
202409,EMP_1023,DVKD_002,VUNG_1,1698.49,8994.72,17079.82,18,484.24,13,121.7,129.1,114.1,112.5,141.2,144.4,122.15,16.58,A - Xuất sắc
202409,EMP_1024,DVKD_002,VUNG_1,905.39,5093.45,7160.84,9,164.87,5,105.6,102.7,100.9,100.0,91.4,125.0,100.83,10.52,B - Đạt
202409,EMP_1025,DVKD_002,VUNG_1,2349.58,13217.58,17137.28,23,220.49,9,104.6,109.0,104.7,95.8,87.4,90.0,101.83,9.03,B - Đạt
202409,EMP_1026,DVKD_003,VUNG_1,925.56,6374.83,9261.46,7,160.02,4,108.6,107.8,101.8,87.5,107.9,100.0,103.88,8.68,B - Đạt
202409,EMP_1027,DVKD_003,VUNG_1,795.34,5053.08,7465.85,11,100.89,4,95.0,103.1,100.6,110.0,89.4,80.0,98.83,5.71,B - Đạt
202409,EMP_1028,DVKD_003,VUNG_1,934.14,4240.5,8212.31,7,132.67,6,97.4,97.3,90.6,87.5,92.7,100.0,93.31,2.96,B - Đạt
202409,EMP_1029,DVKD_003,VUNG_1,2502.43,12784.69,18828.38,18,557.91,12,104.8,95.7,100.4,94.7,117.4,120.0,102.78,12.92,B - Đạt
202409,EMP_1030,DVKD_003,VUNG_1,1818.68,11163.04,15007.7,23,366.77,7,129.4,122.4,115.2,143.8,140.4,100.0,126.47,10.82,A - Xuất sắc
202409,EMP_1031,DVKD_003,VUNG_1,2305.89,11731.03,16839.9,20,545.22,12,151.0,154.5,154.6,142.9,167.0,133.3,154.37,27.53,A - Xuất sắc
202409,EMP_1032,DVKD_003,VUNG_1,1003.04,4539.96,7647.62,8,181.84,5,56.4,54.1,53.7,61.5,54.9,55.6,55.39,0.0,D - Không đạt
202409,EMP_1033,DVKD_003,VUNG_1,1206.35,5652.46,7418.32,11,137.74,5,116.1,108.7,114.3,122.2,91.1,125.0,111.22,15.24,B - Đạt
202409,EMP_1034,DVKD_003,VUNG_1,802.08,4595.57,7505.72,9,151.99,6,89.2,85.7,91.6,90.0,75.8,100.0,87.59,5.76,C - Cần nỗ lực
202409,EMP_1035,DVKD_003,VUNG_1,967.95,6217.68,10710.27,9,246.94,7,111.5,114.3,121.2,112.5,120.5,116.7,116.77,15.55,B - Đạt
202409,EMP_1036,DVKD_004,VUNG_1,902.32,4250.2,5520.06,9,161.67,4,95.0,98.1,84.1,90.0,78.1,100.0,88.61,3.47,C - Cần nỗ lực
202409,EMP_1037,DVKD_004,VUNG_1,780.79,4718.64,7882.06,7,99.44,3,86.0,86.1,92.0,100.0,79.7,75.0,88.57,3.0,C - Cần nỗ lực
202409,EMP_1038,DVKD_004,VUNG_1,778.38,5093.48,7195.84,8,157.11,4,94.7,91.9,91.2,80.0,88.7,80.0,90.69,3.16,B - Đạt
202409,EMP_1039,DVKD_004,VUNG_1,1669.15,9085.27,12452.36,18,259.42,7,105.9,95.0,96.5,112.5,87.5,77.8,98.88,5.92,B - Đạt
202409,EMP_1040,DVKD_004,VUNG_1,2209.16,10227.43,15883.9,14,363.57,10,126.6,114.5,126.9,107.7,135.3,100.0,124.3,11.1,A - Xuất sắc
202409,EMP_1041,DVKD_004,VUNG_1,638.15,3349.36,5665.64,7,60.33,2,62.2,57.2,64.7,70.0,55.2,50.0,62.05,0.0,D - Không đạt
202409,EMP_1042,DVKD_004,VUNG_1,2505.61,9861.77,16302.09,15,420.21,14,100.0,93.2,92.0,88.2,109.1,107.7,96.36,5.89,B - Đạt
202409,EMP_1043,DVKD_004,VUNG_1,683.84,4019.36,5758.08,8,162.51,4,45.8,48.6,46.2,47.1,47.5,40.0,46.75,0.0,D - Không đạt
202409,EMP_1044,DVKD_004,VUNG_1,1508.51,8602.04,11422.98,17,282.19,7,93.9,88.0,101.5,100.0,98.1,100.0,96.92,3.96,B - Đạt
202409,EMP_1045,DVKD_004,VUNG_1,2025.19,10151.37,15472.46,17,196.25,8,114.6,103.4,107.5,106.2,102.7,114.3,107.81,11.91,B - Đạt
202409,EMP_1046,DVKD_004,VUNG_1,1500.81,9698.95,14220.54,13,316.38,8,101.8,101.3,107.3,108.3,99.2,80.0,103.91,16.62,B - Đạt
202409,EMP_1047,DVKD_004,VUNG_1,2329.49,14633.15,15730.02,21,339.67,15,144.7,146.7,140.5,131.2,129.4,166.7,139.88,20.39,A - Xuất sắc
202409,EMP_1048,DVKD_005,VUNG_1,444.05,2584.82,4583.34,6,58.77,2,52.8,53.4,55.2,60.0,50.2,50.0,54.06,0.0,D - Không đạt
202409,EMP_1049,DVKD_005,VUNG_1,1381.85,7116.8,11984.02,12,259.97,6,132.4,121.6,129.6,133.3,141.3,150.0,131.22,30.41,A - Xuất sắc
202409,EMP_1050,DVKD_005,VUNG_1,935.75,5776.71,9395.94,9,138.02,4,111.3,103.9,111.6,112.5,95.1,100.0,107.98,13.72,B - Đạt
202409,EMP_1051,DVKD_005,VUNG_1,2645.2,11038.58,22336.88,19,263.08,14,107.3,113.7,115.9,111.8,94.5,127.3,109.8,16.19,B - Đạt
202409,EMP_1052,DVKD_005,VUNG_1,1829.77,9186.15,15728.03,14,312.74,9,108.6,108.2,121.9,107.7,92.8,100.0,110.73,8.65,B - Đạt
202409,EMP_1053,DVKD_005,VUNG_1,1394.2,7483.09,11467.51,15,190.87,5,96.4,96.7,97.8,107.1,90.3,83.3,97.09,5.45,B - Đạt
202409,EMP_1054,DVKD_005,VUNG_1,1437.73,8911.06,12782.93,14,221.3,6,100.5,100.3,91.4,100.0,83.1,85.7,94.62,5.42,B - Đạt
202409,EMP_1055,DVKD_005,VUNG_1,1704.14,6940.28,11421.44,13,332.19,8,100.1,94.3,101.7,108.3,121.8,100.0,103.86,9.3,B - Đạt
202409,EMP_1056,DVKD_005,VUNG_1,2607.52,15731.45,23297.68,24,382.14,11,117.4,115.2,111.5,109.1,117.6,110.0,114.2,8.95,B - Đạt
202409,EMP_1057,DVKD_005,VUNG_1,1685.55,8781.45,10596.56,20,201.03,11,104.2,109.7,97.4,117.6,96.2,110.0,102.79,10.48,B - Đạt
202409,EMP_1058,DVKD_005,VUNG_1,1208.31,5494.98,7829.74,11,215.38,8,112.0,115.6,103.4,110.0,113.3,133.3,109.53,16.85,B - Đạt
202409,EMP_1059,DVKD_006,VUNG_1,840.69,6043.63,9605.9,9,184.72,6,103.7,103.0,112.5,100.0,130.8,100.0,110.37,9.63,B - Đạt
202409,EMP_1060,DVKD_006,VUNG_1,915.07,5482.22,7515.35,9,149.97,4,94.6,96.8,86.2,112.5,98.3,100.0,94.33,3.03,B - Đạt
202409,EMP_1061,DVKD_006,VUNG_1,1004.79,6461.42,8389.28,9,143.39,6,116.6,110.0,104.0,100.0,98.4,100.0,106.81,10.88,B - Đạt
202409,EMP_1062,DVKD_006,VUNG_1,1045.31,6984.82,8604.88,9,209.18,6,53.0,52.5,51.0,52.9,49.0,60.0,51.61,0.0,D - Không đạt
202409,EMP_1063,DVKD_006,VUNG_1,1662.05,9333.29,14439.52,16,342.59,9,117.6,111.9,130.6,123.1,121.3,112.5,122.4,8.03,A - Xuất sắc
202409,EMP_1064,DVKD_006,VUNG_1,1786.38,8190.07,13976.99,19,310.08,9,111.6,106.5,120.5,118.8,122.8,100.0,116.35,15.25,B - Đạt
202409,EMP_1065,DVKD_006,VUNG_1,1259.02,7873.85,13656.78,15,161.21,8,90.7,96.4,100.2,107.1,81.5,80.0,95.14,3.3,B - Đạt
202409,EMP_1066,DVKD_006,VUNG_1,1397.04,8842.55,11038.55,14,325.13,7,146.5,150.0,162.6,175.0,158.6,175.0,157.32,33.16,A - Xuất sắc
202409,EMP_1067,DVKD_006,VUNG_1,1155.53,5823.37,6851.02,10,220.36,4,66.2,66.0,63.2,62.5,67.5,57.1,64.94,0.0,D - Không đạt
202409,EMP_1068,DVKD_006,VUNG_1,1285.64,6211.74,12062.72,15,298.98,7,93.4,90.6,96.2,88.2,87.3,77.8,92.53,2.27,B - Đạt
202409,EMP_1069,DVKD_006,VUNG_1,1656.61,8678.86,12541.3,19,355.02,8,97.7,105.3,97.7,111.8,125.0,100.0,104.34,15.07,B - Đạt
202409,EMP_1070,DVKD_006,VUNG_1,1852.93,10883.13,13137.2,15,423.74,10,114.7,117.1,105.3,107.1,131.3,100.0,113.5,13.18,B - Đạt
202409,EMP_1071,DVKD_006,VUNG_1,1812.03,10998.21,15728.72,22,392.5,7,88.5,82.8,98.1,91.7,109.6,77.8,94.49,4.83,B - Đạt
202409,EMP_1072,DVKD_006,VUNG_1,911.13,4901.29,7480.71,11,115.93,5,110.9,116.9,109.7,110.0,98.3,125.0,109.4,15.77,B - Đạt
202409,EMP_1073,DVKD_007,VUNG_1,918.27,5477.14,7208.47,8,160.46,4,89.4,99.7,94.0,100.0,105.4,80.0,96.02,4.57,B - Đạt
202409,EMP_1074,DVKD_007,VUNG_1,659.76,3043.63,4967.17,5,63.61,3,62.0,60.6,64.5,71.4,59.8,75.0,63.28,0.0,D - Không đạt
202409,EMP_1075,DVKD_007,VUNG_1,1024.82,4855.47,7688.93,10,239.17,3,101.8,101.5,113.3,111.1,121.9,75.0,109.72,13.58,B - Đạt
202409,EMP_1076,DVKD_007,VUNG_1,2228.1,10681.68,17905.28,20,332.0,11,105.8,109.1,114.1,95.2,96.2,110.0,106.7,14.98,B - Đạt
202409,EMP_1077,DVKD_007,VUNG_1,903.39,5951.4,7670.02,13,260.81,6,65.7,65.5,61.9,72.2,82.2,75.0,67.47,0.0,D - Không đạt
202409,EMP_1078,DVKD_007,VUNG_1,1918.8,10308.99,13728.28,15,229.44,8,107.4,104.6,104.3,115.4,93.6,114.3,104.62,11.84,B - Đạt
202409,EMP_1079,DVKD_007,VUNG_1,858.79,4204.36,7573.6,9,167.83,4,99.5,102.2,97.9,112.5,86.0,80.0,98.62,2.05,B - Đạt
202409,EMP_1080,DVKD_007,VUNG_1,1534.03,8718.45,14106.37,14,236.46,11,98.9,96.3,103.3,93.3,112.2,122.2,101.48,10.08,B - Đạt
202409,EMP_1081,DVKD_007,VUNG_1,769.59,5205.35,7308.54,9,129.53,4,85.5,86.8,83.1,90.0,76.8,100.0,84.0,5.57,C - Cần nỗ lực
202409,EMP_1082,DVKD_007,VUNG_1,2119.41,12806.79,20408.17,22,460.78,10,88.3,93.3,95.7,91.7,99.5,90.9,93.66,3.61,B - Đạt
202409,EMP_1083,DVKD_008,VUNG_1,427.76,2248.02,3332.31,3,53.19,3,50.3,47.2,50.0,37.5,44.5,50.0,47.58,0.0,D - Không đạt
202409,EMP_1084,DVKD_008,VUNG_1,1218.46,6229.48,12425.69,15,169.02,9,149.5,148.7,171.5,166.7,146.3,150.0,158.32,19.42,A - Xuất sắc
202409,EMP_1085,DVKD_008,VUNG_1,945.31,4205.01,6540.88,8,183.35,6,96.5,101.9,98.0,100.0,120.7,120.0,101.81,11.19,B - Đạt
202409,EMP_1086,DVKD_008,VUNG_1,1451.95,8757.3,9876.09,13,208.83,6,93.1,90.1,90.0,81.2,94.5,85.7,90.58,5.88,B - Đạt
202409,EMP_1087,DVKD_008,VUNG_1,1633.38,8427.94,13147.54,14,302.74,8,96.3,98.4,89.2,93.3,101.8,88.9,94.66,5.06,B - Đạt
202409,EMP_1088,DVKD_008,VUNG_1,1618.83,8969.17,11247.97,14,275.44,8,97.3,103.8,91.4,87.5,92.2,100.0,94.46,3.05,B - Đạt
202409,EMP_1089,DVKD_008,VUNG_1,1310.6,6685.5,12666.68,12,229.85,6,153.0,146.3,153.8,171.4,137.7,120.0,151.82,30.8,A - Xuất sắc
202409,EMP_1090,DVKD_008,VUNG_1,2195.63,11296.76,21059.32,23,344.83,11,135.6,134.6,138.7,135.3,128.9,137.5,135.5,31.98,A - Xuất sắc
202409,EMP_1091,DVKD_008,VUNG_1,713.18,3648.39,6592.27,7,78.18,3,49.2,52.1,50.6,46.7,39.9,37.5,48.48,0.0,D - Không đạt
202409,EMP_1092,DVKD_008,VUNG_1,1665.45,10572.04,13163.27,19,372.44,7,102.7,114.9,116.6,111.8,108.8,100.0,111.22,14.02,B - Đạt
202409,EMP_1093,DVKD_008,VUNG_1,2643.42,18597.99,24110.48,27,443.73,16,120.4,134.9,131.2,122.7,145.1,114.3,130.29,20.83,A - Xuất sắc
202409,EMP_1094,DVKD_008,VUNG_1,946.31,4830.89,6302.62,11,190.24,5,93.2,98.2,88.9,110.0,119.6,100.0,98.08,3.61,B - Đạt
202409,EMP_1095,DVKD_008,VUNG_1,1929.62,11664.78,13489.98,19,469.35,9,93.1,96.7,84.9,86.4,106.0,100.0,92.03,4.31,B - Đạt
202409,EMP_1096,DVKD_009,VUNG_2,1614.56,7015.65,13349.98,14,354.94,5,156.4,152.9,147.9,140.0,172.8,125.0,153.72,31.2,A - Xuất sắc
202409,EMP_1097,DVKD_009,VUNG_2,937.24,4428.59,8963.68,12,168.74,4,108.0,106.0,114.8,120.0,87.1,100.0,108.15,15.88,B - Đạt
202409,EMP_1098,DVKD_009,VUNG_2,948.38,5780.84,8835.29,10,144.12,6,103.0,101.5,105.4,100.0,84.2,120.0,100.49,14.54,B - Đạt
202409,EMP_1099,DVKD_009,VUNG_2,1897.97,12771.27,18843.7,18,510.85,8,92.4,95.8,89.0,85.7,105.7,88.9,93.05,5.79,B - Đạt
202409,EMP_1100,DVKD_009,VUNG_2,950.86,5367.21,9089.91,11,136.54,7,62.7,59.3,66.1,73.3,51.9,70.0,62.82,0.0,D - Không đạt
202409,EMP_1101,DVKD_009,VUNG_2,1666.48,9359.86,16421.62,13,214.83,6,103.3,96.7,108.7,100.0,85.0,100.0,101.12,8.53,B - Đạt
202409,EMP_1102,DVKD_009,VUNG_2,3049.19,14048.24,23871.62,24,603.79,11,126.2,119.3,125.2,126.3,148.3,122.2,128.14,12.79,A - Xuất sắc
202409,EMP_1103,DVKD_009,VUNG_2,1758.61,6615.99,13948.85,13,260.87,10,102.3,94.2,103.9,92.9,118.3,111.1,103.11,12.36,B - Đạt
202409,EMP_1104,DVKD_009,VUNG_2,1444.55,7021.26,14895.52,14,287.44,9,101.6,97.7,97.1,82.4,107.9,100.0,98.46,4.49,B - Đạt
202409,EMP_1105,DVKD_009,VUNG_2,1651.89,11640.28,17048.9,16,302.54,10,113.5,117.0,110.2,114.3,89.5,111.1,109.35,16.12,B - Đạt
202409,EMP_1106,DVKD_009,VUNG_2,1459.88,8048.27,13171.79,14,304.55,9,106.0,116.9,98.4,93.3,131.8,100.0,107.57,16.59,B - Đạt
202409,EMP_1107,DVKD_009,VUNG_2,2618.48,11110.56,17888.58,23,357.12,11,152.0,150.6,152.8,153.3,157.0,137.5,152.95,23.11,A - Xuất sắc
202409,EMP_1108,DVKD_009,VUNG_2,2683.19,14767.25,25062.52,26,330.05,18,113.1,118.0,117.1,123.8,89.8,128.6,112.81,15.84,B - Đạt
202409,EMP_1109,DVKD_009,VUNG_2,1455.48,6838.68,14925.71,13,233.41,8,98.9,93.3,106.5,86.7,88.6,100.0,97.95,4.1,B - Đạt
202409,EMP_1110,DVKD_010,VUNG_2,940.74,4661.67,9705.78,10,138.14,5,92.9,89.8,103.7,90.9,89.1,100.0,95.45,5.43,B - Đạt
202409,EMP_1111,DVKD_010,VUNG_2,801.55,4983.75,6279.33,7,183.07,4,90.9,95.6,87.9,87.5,91.5,100.0,90.3,2.76,B - Đạt
202409,EMP_1112,DVKD_010,VUNG_2,1224.01,5842.81,10030.64,13,195.32,5,126.6,136.0,130.1,144.4,119.9,125.0,130.01,29.82,A - Xuất sắc
202409,EMP_1113,DVKD_010,VUNG_2,1955.94,10925.71,19231.7,17,223.13,13,89.0,87.1,93.6,81.0,74.4,100.0,87.33,5.64,C - Cần nỗ lực
202409,EMP_1114,DVKD_010,VUNG_2,1489.79,8370.01,11681.18,14,317.37,10,98.7,90.1,89.8,82.4,100.5,111.1,92.93,5.24,B - Đạt
202409,EMP_1115,DVKD_010,VUNG_2,1478.84,7147.93,10823.52,13,277.34,9,96.7,92.4,98.2,81.2,111.5,100.0,97.25,2.41,B - Đạt
202409,EMP_1116,DVKD_010,VUNG_2,2230.93,11683.56,19786.29,24,393.8,11,92.3,104.3,105.3,104.3,83.0,100.0,98.45,2.81,B - Đạt
202409,EMP_1117,DVKD_010,VUNG_2,831.79,4434.4,6311.92,8,105.12,5,94.3,87.6,91.3,88.9,86.8,100.0,90.58,2.87,B - Đạt
202409,EMP_1118,DVKD_010,VUNG_2,848.48,4048.77,8581.95,8,109.84,5,55.7,55.4,56.2,53.3,50.5,55.6,54.81,0.0,D - Không đạt
202409,EMP_1119,DVKD_010,VUNG_2,1378.54,8123.09,9679.1,17,368.8,8,93.5,95.0,89.6,94.4,107.5,80.0,94.55,4.93,B - Đạt
202409,EMP_1120,DVKD_011,VUNG_2,878.12,4571.81,8145.83,9,117.24,4,99.6,94.3,96.0,112.5,107.3,80.0,99.99,4.05,B - Đạt
202409,EMP_1121,DVKD_011,VUNG_2,1572.48,7711.5,10968.33,18,230.32,7,146.1,159.4,158.6,163.6,143.6,140.0,153.84,33.55,A - Xuất sắc
202409,EMP_1122,DVKD_011,VUNG_2,1117.66,6274.69,12306.83,12,152.33,8,134.9,152.2,138.6,150.0,135.1,133.3,140.33,31.16,A - Xuất sắc
202409,EMP_1123,DVKD_011,VUNG_2,692.45,4759.11,7294.14,6,167.07,5,49.4,49.2,46.8,46.2,57.5,50.0,49.35,0.0,D - Không đạt
202409,EMP_1124,DVKD_011,VUNG_2,2322.66,10058.82,20554.27,17,319.82,9,101.3,98.1,99.6,89.5,92.8,90.0,97.77,5.78,B - Đạt
202409,EMP_1125,DVKD_011,VUNG_2,1975.93,10761.4,12421.95,15,325.44,13,126.4,132.8,115.0,115.4,148.9,130.0,125.64,14.03,A - Xuất sắc
202409,EMP_1126,DVKD_011,VUNG_2,2008.32,10877.23,18022.49,20,379.28,15,96.0,92.1,101.2,87.0,91.0,107.1,95.59,3.29,B - Đạt
202409,EMP_1127,DVKD_011,VUNG_2,1516.73,10077.53,15629.41,17,244.27,10,100.3,102.2,108.5,113.3,110.6,111.1,106.3,8.4,B - Đạt
202409,EMP_1128,DVKD_011,VUNG_2,1497.11,8615.31,14473.36,16,230.15,10,97.0,97.0,96.5,100.0,103.3,100.0,98.07,4.49,B - Đạt
202409,EMP_1129,DVKD_011,VUNG_2,1679.02,10214.25,13092.22,15,426.92,11,109.2,107.5,100.3,93.8,128.6,110.0,107.2,16.38,B - Đạt
202409,EMP_1130,DVKD_011,VUNG_2,1324.11,8066.43,14258.71,14,284.17,9,96.0,95.5,100.7,87.5,103.2,100.0,97.8,2.07,B - Đạt
202409,EMP_1131,DVKD_011,VUNG_2,1364.81,8507.19,13759.14,14,250.91,8,71.2,71.2,64.8,82.4,73.1,57.1,70.36,0.0,C - Cần nỗ lực
202409,EMP_1132,DVKD_011,VUNG_2,790.96,4051.92,7815.53,9,180.92,3,93.1,88.1,100.8,100.0,93.2,75.0,95.75,2.56,B - Đạt
202409,EMP_1133,DVKD_011,VUNG_2,1814.23,9759.95,15617.74,16,364.02,9,89.3,88.9,95.5,80.0,107.9,90.0,93.27,4.53,B - Đạt
202409,EMP_1134,DVKD_012,VUNG_2,825.16,4720.38,7894.65,9,172.45,5,89.3,88.2,95.6,90.0,96.7,100.0,92.52,5.08,B - Đạt
202409,EMP_1135,DVKD_012,VUNG_2,1043.33,5106.67,7351.69,9,151.2,5,104.5,99.4,99.7,100.0,91.9,100.0,99.71,5.31,B - Đạt
202409,EMP_1136,DVKD_012,VUNG_2,1657.45,7031.19,12936.56,16,353.22,7,158.8,149.3,158.3,145.5,186.5,175.0,160.03,18.26,A - Xuất sắc
202409,EMP_1137,DVKD_012,VUNG_2,2176.29,10130.67,21553.17,19,509.82,16,110.6,100.1,112.6,105.6,112.8,123.1,109.56,12.45,B - Đạt
202409,EMP_1138,DVKD_012,VUNG_2,2587.52,11325.77,21533.6,21,278.9,11,102.8,106.6,100.8,87.5,109.0,110.0,102.07,16.46,B - Đạt
202409,EMP_1139,DVKD_012,VUNG_2,1014.66,4739.09,8458.35,8,145.46,5,108.2,96.9,98.6,100.0,86.8,83.3,99.11,4.54,B - Đạt
202409,EMP_1140,DVKD_012,VUNG_2,1080.53,5547.13,8233.61,8,245.65,6,67.5,68.8,64.2,61.5,71.0,66.7,66.47,0.0,D - Không đạt
202409,EMP_1141,DVKD_012,VUNG_2,2121.12,13749.38,20037.42,25,322.06,8,108.6,113.5,115.7,113.6,95.3,88.9,110.32,11.03,B - Đạt
202409,EMP_1142,DVKD_012,VUNG_2,1737.78,10801.59,15696.26,19,356.1,13,91.2,86.7,82.8,79.2,111.9,92.9,89.49,3.7,C - Cần nỗ lực
202409,EMP_1143,DVKD_012,VUNG_2,1394.02,7191.93,16194.24,19,328.71,6,95.3,103.5,106.4,105.6,111.6,85.7,103.89,10.18,B - Đạt
202409,EMP_1144,DVKD_013,VUNG_2,976.9,5298.78,6976.93,8,130.85,4,92.7,92.4,84.6,88.9,88.4,80.0,88.8,4.33,C - Cần nỗ lực
202409,EMP_1145,DVKD_013,VUNG_2,983.89,4550.6,10105.35,10,163.88,6,106.1,103.6,114.3,90.9,118.7,100.0,108.97,16.35,B - Đạt
202409,EMP_1146,DVKD_013,VUNG_2,1104.81,5806.2,9109.29,9,208.47,6,117.2,117.8,113.5,128.6,136.9,100.0,120.09,15.19,A - Xuất sắc
202409,EMP_1147,DVKD_013,VUNG_2,2482.81,16230.78,18913.65,21,408.47,10,104.6,117.3,115.2,100.0,103.6,90.9,109.6,15.29,B - Đạt
202409,EMP_1148,DVKD_013,VUNG_2,1415.43,8970.03,11649.42,15,226.94,7,97.0,96.4,96.8,107.1,93.9,100.0,97.39,3.22,B - Đạt
202409,EMP_1149,DVKD_013,VUNG_2,1689.18,8847.86,11552.95,14,177.66,10,103.3,95.5,93.1,100.0,91.6,111.1,96.47,4.85,B - Đạt
202409,EMP_1150,DVKD_013,VUNG_2,1968.59,9584.96,18550.49,13,418.29,10,121.4,121.2,121.7,108.3,123.7,125.0,120.51,14.17,A - Xuất sắc
202409,EMP_1151,DVKD_013,VUNG_2,1691.71,7201.46,12342.98,14,278.64,8,97.5,100.3,107.0,107.7,90.4,100.0,101.2,16.32,B - Đạt
202409,EMP_1152,DVKD_013,VUNG_2,1740.77,8277.25,13484.66,16,235.44,9,97.6,99.4,96.7,114.3,118.6,112.5,102.38,8.85,B - Đạt
202409,EMP_1153,DVKD_013,VUNG_2,1331.25,6657.44,9606.91,14,343.33,5,96.4,96.6,85.9,100.0,98.9,71.4,93.49,3.28,B - Đạt
202409,EMP_1154,DVKD_013,VUNG_2,1579.11,8563.12,12077.29,14,234.48,7,89.7,89.9,82.1,100.0,74.6,77.8,85.83,2.43,C - Cần nỗ lực
202409,EMP_1155,DVKD_013,VUNG_2,2594.4,9477.3,20357.76,21,261.16,12,144.4,139.0,134.5,140.0,134.6,133.3,138.21,18.45,A - Xuất sắc
202409,EMP_1156,DVKD_013,VUNG_2,1754.32,8859.48,14187.55,17,168.12,8,97.9,106.2,107.7,113.3,80.3,114.3,101.47,14.98,B - Đạt
202409,EMP_1157,DVKD_014,VUNG_2,1081.77,6371.88,8363.26,12,223.81,6,112.0,110.3,111.3,109.1,112.3,100.0,111.25,14.5,B - Đạt
202409,EMP_1158,DVKD_014,VUNG_2,915.74,4684.94,8115.77,11,173.3,5,103.6,108.0,94.9,110.0,89.1,100.0,99.68,3.93,B - Đạt
202409,EMP_1159,DVKD_014,VUNG_2,954.57,4683.05,7241.3,8,163.67,5,103.2,107.3,106.5,100.0,129.5,125.0,108.59,9.2,B - Đạt
202409,EMP_1160,DVKD_014,VUNG_2,1618.27,8368.54,12200.17,14,324.68,8,96.3,86.9,98.1,93.3,109.4,88.9,97.18,3.79,B - Đạt
202409,EMP_1161,DVKD_014,VUNG_2,1958.1,9919.42,14431.64,16,392.11,6,112.5,116.7,110.9,114.3,123.2,85.7,114.35,14.36,B - Đạt
202409,EMP_1162,DVKD_014,VUNG_2,2716.06,16254.2,18709.91,19,367.6,13,151.5,165.3,160.7,146.2,125.6,144.4,152.38,32.17,A - Xuất sắc
202409,EMP_1163,DVKD_014,VUNG_2,1937.98,10241.11,17447.99,23,374.77,11,133.2,130.7,145.2,135.3,108.2,157.1,133.49,22.69,A - Xuất sắc
202409,EMP_1164,DVKD_014,VUNG_2,2963.83,21296.27,24901.3,38,552.98,21,155.2,154.9,148.0,172.7,175.6,175.0,157.44,30.57,A - Xuất sắc
202409,EMP_1165,DVKD_014,VUNG_2,462.39,2648.33,3888.27,4,58.08,2,45.8,46.1,43.6,57.1,48.5,50.0,46.61,0.0,D - Không đạt
202409,EMP_1166,DVKD_014,VUNG_2,1939.32,11596.39,12263.71,16,366.57,12,109.5,116.5,100.8,106.7,118.7,133.3,108.61,16.27,B - Đạt
202409,EMP_1167,DVKD_014,VUNG_2,1070.69,6731.8,10003.79,11,171.79,6,48.7,49.0,49.9,44.0,48.3,42.9,48.63,0.0,D - Không đạt
202409,EMP_1168,DVKD_014,VUNG_2,1427.74,7088.51,14264.45,16,336.01,6,93.4,95.0,102.0,100.0,114.4,85.7,100.46,15.76,B - Đạt
202409,EMP_1169,DVKD_014,VUNG_2,1559.36,9033.92,16109.4,17,351.87,11,109.3,121.9,108.9,113.3,119.3,110.0,112.95,14.37,B - Đạt
202409,EMP_1170,DVKD_015,VUNG_2,1082.52,4796.1,7283.23,9,161.25,4,102.9,100.8,111.8,100.0,85.3,100.0,102.77,10.84,B - Đạt
202409,EMP_1171,DVKD_015,VUNG_2,1476.59,8851.83,13129.66,12,264.54,6,144.5,149.3,148.2,150.0,146.9,150.0,147.42,27.84,A - Xuất sắc
202409,EMP_1172,DVKD_015,VUNG_2,935.18,6448.45,10093.01,7,213.18,7,102.3,107.7,108.5,87.5,131.4,116.7,108.16,10.22,B - Đạt
202409,EMP_1173,DVKD_015,VUNG_2,1982.19,12348.34,15409.91,18,300.93,11,134.8,127.8,124.4,138.5,131.7,157.1,130.02,31.91,A - Xuất sắc
202409,EMP_1174,DVKD_015,VUNG_2,2539.37,13207.52,19695.4,20,242.55,14,143.9,146.1,142.3,153.8,129.6,140.0,142.51,24.7,A - Xuất sắc
202409,EMP_1175,DVKD_015,VUNG_2,1568.34,8611.28,12159.32,13,260.73,12,101.3,102.3,91.6,108.3,104.6,120.0,99.25,5.74,B - Đạt
202409,EMP_1176,DVKD_015,VUNG_2,1633.42,8352.87,14296.99,15,201.57,8,79.1,78.4,72.9,75.0,65.2,88.9,74.33,0.0,C - Cần nỗ lực
202409,EMP_1177,DVKD_015,VUNG_2,1592.45,9520.64,16289.17,18,249.41,10,100.2,101.0,108.5,112.5,96.6,111.1,103.91,10.54,B - Đạt
202409,EMP_1178,DVKD_015,VUNG_2,1992.39,12555.16,14709.21,23,398.53,15,91.7,96.3,92.9,104.5,98.5,107.1,95.11,5.25,B - Đạt
202409,EMP_1179,DVKD_015,VUNG_2,1750.33,7260.29,14592.16,15,262.68,11,104.4,92.8,105.1,115.4,97.7,110.0,103.0,16.05,B - Đạt
202409,EMP_1180,DVKD_015,VUNG_2,1414.44,7086.93,11806.12,13,303.86,8,63.9,66.5,63.0,65.0,76.5,66.7,65.97,0.0,D - Không đạt
202409,EMP_1181,DVKD_015,VUNG_2,1852.06,9780.95,14582.69,21,323.22,8,103.2,115.2,100.4,123.5,104.7,88.9,106.28,15.71,B - Đạt
202409,EMP_1182,DVKD_015,VUNG_2,1996.49,13568.0,18638.29,20,455.86,10,95.9,97.4,101.5,87.0,101.3,100.0,98.0,4.85,B - Đạt
202409,EMP_1183,DVKD_015,VUNG_2,2737.11,13119.43,20278.26,23,498.15,18,158.4,146.1,168.7,176.9,157.2,180.0,161.83,27.94,A - Xuất sắc
202409,EMP_1184,DVKD_016,VUNG_2,1085.37,4739.83,9031.28,11,132.32,4,100.8,92.6,97.6,110.0,107.2,100.0,100.33,13.24,B - Đạt
202409,EMP_1185,DVKD_016,VUNG_2,859.3,5320.4,7398.19,10,193.01,4,99.3,103.3,103.7,111.1,120.8,100.0,105.85,8.2,B - Đạt
202409,EMP_1186,DVKD_016,VUNG_2,1004.36,4321.76,6901.2,10,207.58,5,98.1,98.9,101.4,100.0,127.6,125.0,103.99,15.31,B - Đạt
202409,EMP_1187,DVKD_016,VUNG_2,2621.32,11844.19,22308.73,20,315.48,18,106.1,115.8,106.0,105.3,109.8,128.6,107.99,16.91,B - Đạt
202409,EMP_1188,DVKD_016,VUNG_2,1066.9,5504.0,7753.91,7,153.22,4,100.7,101.1,95.9,87.5,127.4,100.0,101.77,15.71,B - Đạt
202409,EMP_1189,DVKD_016,VUNG_2,929.75,5023.34,7155.21,8,143.15,5,110.5,113.3,102.4,114.3,128.2,100.0,111.12,13.42,B - Đạt
202409,EMP_1190,DVKD_016,VUNG_2,1708.21,8572.22,11902.79,14,338.35,11,109.7,107.0,108.0,116.7,105.0,122.2,108.69,10.66,B - Đạt
202409,EMP_1191,DVKD_016,VUNG_2,1218.86,6184.74,10391.35,11,120.52,5,50.0,45.3,52.8,47.8,43.9,41.7,49.14,0.0,D - Không đạt
202409,EMP_1192,DVKD_016,VUNG_2,1983.62,8676.35,14318.23,15,203.34,9,115.5,117.2,113.3,115.4,109.4,100.0,114.06,12.37,B - Đạt
202409,EMP_1193,DVKD_016,VUNG_2,1696.33,7626.52,10556.69,11,272.4,9,96.7,98.7,85.6,84.6,80.1,100.0,89.41,5.55,C - Cần nỗ lực
202409,EMP_1194,DVKD_016,VUNG_2,1869.68,10236.02,14754.0,21,300.66,11,110.6,109.9,121.7,123.5,97.3,122.2,113.68,15.09,B - Đạt
202409,EMP_1195,DVKD_016,VUNG_2,1635.76,8235.3,14978.1,18,309.38,12,115.8,105.5,117.4,100.0,134.3,133.3,116.01,9.8,B - Đạt
202409,EMP_1196,DVKD_016,VUNG_2,1476.8,7093.61,15937.72,22,318.17,11,105.9,104.1,111.3,122.2,124.8,122.2,111.98,8.4,B - Đạt
202409,EMP_1197,DVKD_016,VUNG_2,1868.64,7169.35,14502.28,14,245.47,8,106.0,105.3,98.5,100.0,105.5,88.9,102.59,10.72,B - Đạt
202409,EMP_1198,DVKD_017,VUNG_3,952.81,5894.17,8692.73,11,148.09,6,104.4,103.7,116.9,110.0,134.8,120.0,113.79,14.73,B - Đạt
202409,EMP_1199,DVKD_017,VUNG_3,983.96,4927.65,6764.34,6,216.5,5,93.5,102.0,93.3,85.7,108.2,100.0,96.13,2.0,B - Đạt
202409,EMP_1200,DVKD_017,VUNG_3,952.73,5781.13,8753.75,10,171.92,6,104.7,100.6,102.7,100.0,86.5,100.0,100.19,12.22,B - Đạt
202409,EMP_1201,DVKD_017,VUNG_3,2013.82,7978.76,14825.75,14,325.34,13,112.2,117.2,114.5,100.0,132.9,130.0,115.64,16.79,B - Đạt
202409,EMP_1202,DVKD_017,VUNG_3,3438.89,15033.96,26747.25,23,537.55,16,139.4,140.2,138.8,135.3,135.8,145.5,138.36,23.05,A - Xuất sắc
202409,EMP_1203,DVKD_017,VUNG_3,1960.84,9713.88,14759.69,15,287.48,11,122.3,130.9,115.2,115.4,105.7,137.5,117.93,17.0,B - Đạt
202409,EMP_1204,DVKD_017,VUNG_3,633.44,2904.21,4619.88,5,104.23,2,63.0,56.2,60.4,55.6,68.0,50.0,61.08,0.0,D - Không đạt
202409,EMP_1205,DVKD_017,VUNG_3,917.73,5559.13,9300.42,12,154.95,5,63.1,67.9,69.1,70.6,56.5,62.5,65.68,0.0,D - Không đạt
202409,EMP_1206,DVKD_017,VUNG_3,1030.34,4872.86,6688.55,7,127.62,4,95.5,91.1,84.9,77.8,89.1,80.0,88.4,2.9,C - Cần nỗ lực
202409,EMP_1207,DVKD_017,VUNG_3,1169.42,5317.1,9754.09,9,205.03,6,72.4,72.1,75.2,75.0,80.6,75.0,74.83,0.0,C - Cần nỗ lực
202409,EMP_1208,DVKD_017,VUNG_3,1043.3,4905.92,6618.29,8,134.92,7,104.6,108.2,101.1,100.0,89.8,116.7,101.23,9.38,B - Đạt
202409,EMP_1209,DVKD_018,VUNG_3,785.29,3805.54,6968.4,6,107.8,4,72.9,76.8,75.3,66.7,65.9,66.7,72.66,0.0,C - Cần nỗ lực
202409,EMP_1210,DVKD_018,VUNG_3,814.89,4053.99,5632.42,9,166.93,5,89.3,87.0,84.0,90.0,90.3,83.3,87.32,3.18,C - Cần nỗ lực
202409,EMP_1211,DVKD_018,VUNG_3,1018.94,6529.87,10761.4,11,139.94,5,105.7,111.2,117.1,110.0,97.9,100.0,109.78,8.14,B - Đạt
202409,EMP_1212,DVKD_018,VUNG_3,1911.86,7917.9,13054.99,14,167.67,11,107.0,110.3,99.4,100.0,87.9,122.2,101.27,15.4,B - Đạt
202409,EMP_1213,DVKD_018,VUNG_3,1001.51,5739.27,7618.16,7,157.37,8,106.3,119.1,108.6,100.0,97.2,133.3,107.03,13.25,B - Đạt
202409,EMP_1214,DVKD_018,VUNG_3,2128.03,10076.07,16231.88,21,322.34,8,129.7,138.7,144.4,131.2,131.3,114.3,136.59,21.3,A - Xuất sắc
202409,EMP_1215,DVKD_018,VUNG_3,1499.93,7219.81,12163.75,15,226.33,7,102.0,98.6,88.8,100.0,85.5,100.0,94.2,4.71,B - Đạt
202409,EMP_1216,DVKD_018,VUNG_3,736.22,4758.36,8236.98,10,151.05,5,53.6,52.5,52.9,58.8,50.2,62.5,53.2,0.0,D - Không đạt
202409,EMP_1217,DVKD_018,VUNG_3,1020.52,3811.71,7949.78,9,121.44,7,96.5,89.0,98.5,90.0,84.2,116.7,93.58,4.4,B - Đạt
202409,EMP_1218,DVKD_018,VUNG_3,1342.79,7225.54,13765.66,11,217.85,6,98.0,88.2,104.1,91.7,78.9,85.7,95.17,3.91,B - Đạt
202409,EMP_1219,DVKD_018,VUNG_3,1563.79,7452.26,10479.3,14,270.78,5,149.7,148.0,161.7,155.6,133.1,125.0,151.74,20.66,A - Xuất sắc
202409,EMP_1220,DVKD_018,VUNG_3,906.45,4193.06,8829.12,7,107.15,5,92.4,93.1,103.8,87.5,80.0,125.0,94.14,4.27,B - Đạt
202409,EMP_1221,DVKD_018,VUNG_3,1495.32,10126.95,11727.27,16,318.12,10,104.8,107.2,96.6,94.1,91.3,125.0,99.19,3.02,B - Đạt
202409,EMP_1222,DVKD_018,VUNG_3,829.26,3975.33,7472.02,7,98.25,3,47.0,45.4,49.6,41.2,43.9,42.9,46.62,0.0,D - Không đạt
202409,EMP_1223,DVKD_019,VUNG_3,894.66,4877.96,8153.01,9,130.53,3,95.1,91.5,89.5,100.0,107.1,75.0,94.89,4.21,B - Đạt
202409,EMP_1224,DVKD_019,VUNG_3,946.93,4653.55,9998.88,6,188.98,6,101.6,109.4,107.0,85.7,92.7,120.0,101.73,15.16,B - Đạt
202409,EMP_1225,DVKD_019,VUNG_3,968.17,5346.04,6354.15,6,152.62,6,91.2,96.1,97.8,85.7,81.4,100.0,92.22,2.15,B - Đạt
202409,EMP_1226,DVKD_019,VUNG_3,1790.78,10134.92,12234.55,16,234.59,6,109.3,110.0,110.4,123.1,97.7,100.0,109.43,12.66,B - Đạt
202409,EMP_1227,DVKD_019,VUNG_3,1535.6,8871.99,17656.31,22,358.45,8,107.4,107.1,120.3,122.2,123.6,100.0,115.78,8.53,B - Đạt
202409,EMP_1228,DVKD_019,VUNG_3,1548.95,9107.74,10373.24,12,375.8,11,100.4,99.1,94.2,85.7,110.3,110.0,98.05,3.92,B - Đạt
202409,EMP_1229,DVKD_019,VUNG_3,2266.88,14100.0,17293.33,19,455.84,14,104.6,106.8,107.8,111.8,127.2,107.7,110.16,14.81,B - Đạt
202409,EMP_1230,DVKD_019,VUNG_3,1510.58,8503.24,10178.53,12,251.61,11,93.4,94.7,94.1,80.0,75.4,110.0,89.8,3.92,C - Cần nỗ lực
202409,EMP_1231,DVKD_019,VUNG_3,2159.77,13162.57,18180.56,20,362.29,12,131.4,137.0,134.1,142.9,121.0,133.3,132.77,20.57,A - Xuất sắc
202409,EMP_1232,DVKD_019,VUNG_3,807.82,4732.44,7274.46,8,107.81,4,92.7,89.0,82.9,88.9,72.7,80.0,85.33,2.75,C - Cần nỗ lực
202409,EMP_1233,DVKD_019,VUNG_3,1661.91,10541.72,13424.78,16,270.49,9,114.9,110.5,107.8,100.0,120.8,112.5,111.15,15.49,B - Đạt
202409,EMP_1234,DVKD_020,VUNG_3,742.48,5385.37,6638.22,9,181.42,5,88.3,94.7,98.6,100.0,100.4,83.3,95.85,2.67,B - Đạt
202409,EMP_1235,DVKD_020,VUNG_3,1572.79,6927.36,10469.61,14,197.16,8,146.5,155.0,142.0,155.6,154.8,133.3,148.35,25.66,A - Xuất sắc
202409,EMP_1236,DVKD_020,VUNG_3,996.67,4040.36,6692.01,8,179.51,5,97.8,97.4,90.0,100.0,96.3,100.0,95.0,4.02,B - Đạt
202409,EMP_1237,DVKD_020,VUNG_3,2090.88,13806.89,16972.43,26,328.3,13,136.5,153.6,152.5,152.9,154.6,130.0,149.02,30.21,A - Xuất sắc
202409,EMP_1238,DVKD_020,VUNG_3,1195.13,5479.57,8811.01,11,201.49,7,70.1,68.9,73.2,64.7,63.1,87.5,69.41,0.0,D - Không đạt
202409,EMP_1239,DVKD_020,VUNG_3,2742.09,13124.94,19053.29,31,501.21,14,111.1,115.1,122.7,129.2,103.4,127.3,116.42,12.14,B - Đạt
202409,EMP_1240,DVKD_020,VUNG_3,2274.45,10633.74,18791.27,20,383.39,9,96.4,92.3,98.5,105.3,91.1,90.0,96.61,2.68,B - Đạt
202409,EMP_1241,DVKD_020,VUNG_3,807.75,4766.93,6767.44,8,113.1,5,90.7,93.1,96.1,100.0,91.5,83.3,94.0,2.25,B - Đạt
202409,EMP_1242,DVKD_020,VUNG_3,2253.86,13603.28,20358.06,22,343.66,14,105.8,97.7,95.9,88.0,108.1,100.0,99.69,4.14,B - Đạt
202409,EMP_1243,DVKD_020,VUNG_3,1599.85,7985.58,11530.35,17,304.52,10,100.4,101.6,104.3,100.0,90.3,111.1,100.39,14.28,B - Đạt
202409,EMP_1244,DVKD_020,VUNG_3,1472.92,8668.02,11805.51,13,425.3,7,96.5,105.2,95.1,108.3,123.9,100.0,102.61,16.51,B - Đạt
202409,EMP_1245,DVKD_020,VUNG_3,1688.81,9827.69,11229.36,12,298.96,10,105.3,107.6,103.5,100.0,88.2,100.0,101.92,8.72,B - Đạt
202409,EMP_1246,DVKD_020,VUNG_3,845.41,3887.21,6971.04,7,83.61,6,94.2,93.4,84.1,87.5,77.5,100.0,87.37,4.28,C - Cần nỗ lực
202409,EMP_1247,DVKD_020,VUNG_3,1390.54,7072.23,15363.2,16,240.13,8,99.6,93.7,100.0,88.9,93.8,100.0,96.91,5.23,B - Đạt
202409,EMP_1248,DVKD_021,VUNG_3,653.57,3904.82,6001.01,6,154.22,4,71.4,74.6,71.0,75.0,81.4,66.7,73.6,0.0,C - Cần nỗ lực
202409,EMP_1249,DVKD_021,VUNG_3,1190.04,5927.45,11488.64,10,237.73,6,127.9,122.8,135.8,125.0,138.6,120.0,131.22,30.74,A - Xuất sắc
202409,EMP_1250,DVKD_021,VUNG_3,1064.1,6973.34,8602.49,11,165.74,8,108.8,119.3,116.4,100.0,124.5,133.3,114.51,16.62,B - Đạt
202409,EMP_1251,DVKD_021,VUNG_3,948.78,5168.98,8840.65,10,137.46,5,57.3,51.7,58.6,62.5,66.4,50.0,58.8,0.0,D - Không đạt
202409,EMP_1252,DVKD_021,VUNG_3,2441.74,13647.94,16527.92,28,294.73,15,102.4,100.7,94.3,112.0,119.0,107.1,102.76,8.22,B - Đạt
202409,EMP_1253,DVKD_021,VUNG_3,1623.52,9032.04,10899.29,12,210.64,9,96.0,99.9,98.7,85.7,90.0,90.0,95.6,4.67,B - Đạt
202409,EMP_1254,DVKD_021,VUNG_3,767.36,4275.04,5640.7,6,108.02,3,72.3,73.4,75.4,60.0,61.0,60.0,70.62,0.0,C - Cần nỗ lực
202409,EMP_1255,DVKD_021,VUNG_3,1548.0,10178.96,11562.68,14,167.17,10,100.0,105.5,93.0,93.3,91.5,100.0,96.43,3.4,B - Đạt
202409,EMP_1256,DVKD_021,VUNG_3,2028.71,12444.97,17486.46,19,472.78,10,145.4,151.4,149.2,146.2,169.4,142.9,151.31,20.68,A - Xuất sắc
202409,EMP_1257,DVKD_021,VUNG_3,1962.15,11853.73,16758.36,21,478.3,10,130.0,129.2,119.4,131.2,142.8,111.1,128.21,15.61,A - Xuất sắc
202409,EMP_1258,DVKD_021,VUNG_3,1839.58,7379.4,18121.54,14,283.58,8,106.8,106.1,116.8,100.0,96.6,114.3,107.98,16.96,B - Đạt
202409,EMP_1259,DVKD_021,VUNG_3,1276.78,7759.5,10280.89,15,161.95,7,85.9,85.2,87.3,88.2,82.7,87.5,86.03,3.07,C - Cần nỗ lực
202409,EMP_1260,DVKD_022,VUNG_3,734.91,3909.48,6361.36,6,141.94,5,87.1,94.4,89.6,85.7,83.9,83.3,88.45,2.76,C - Cần nỗ lực
202409,EMP_1261,DVKD_022,VUNG_3,791.47,3749.99,5921.0,8,119.06,4,89.3,88.9,80.6,88.9,103.7,100.0,88.31,2.45,C - Cần nỗ lực
202409,EMP_1262,DVKD_022,VUNG_3,1354.89,7547.29,10916.53,12,267.87,8,137.3,130.8,132.2,150.0,165.1,160.0,139.98,28.66,A - Xuất sắc
202409,EMP_1263,DVKD_022,VUNG_3,2555.56,14491.82,21768.89,20,324.08,10,108.2,106.6,110.3,100.0,126.5,90.9,110.62,15.39,B - Đạt
202409,EMP_1264,DVKD_022,VUNG_3,1756.74,10788.41,17208.85,25,251.27,9,128.7,133.1,131.0,138.9,141.7,150.0,133.13,25.33,A - Xuất sắc
202409,EMP_1265,DVKD_022,VUNG_3,1427.38,8560.61,13696.66,15,162.05,8,88.8,87.2,90.3,100.0,86.2,100.0,89.81,4.05,C - Cần nỗ lực
202409,EMP_1266,DVKD_022,VUNG_3,1484.85,7320.92,13547.42,15,286.53,9,95.9,95.8,93.2,88.2,82.0,112.5,92.09,3.21,B - Đạt
202409,EMP_1267,DVKD_022,VUNG_3,946.03,3933.75,9511.52,7,118.18,7,94.8,91.0,105.2,87.5,94.3,116.7,97.06,2.89,B - Đạt
202409,EMP_1268,DVKD_022,VUNG_3,905.58,5656.81,8249.69,11,92.91,4,60.9,62.6,53.1,64.7,52.0,50.0,57.47,0.0,D - Không đạt
202409,EMP_1269,DVKD_022,VUNG_3,1030.29,6501.49,10580.64,11,103.18,6,66.2,70.5,71.2,78.6,58.5,85.7,68.68,0.0,D - Không đạt
202409,EMP_1270,DVKD_022,VUNG_3,1222.99,5359.93,11617.83,14,169.55,5,135.3,130.7,147.1,127.3,123.0,125.0,136.09,18.3,A - Xuất sắc
202409,EMP_1271,DVKD_022,VUNG_3,926.77,5180.45,8290.45,8,141.72,5,60.7,67.1,63.7,57.1,51.2,55.6,60.92,0.0,D - Không đạt
202409,EMP_1272,DVKD_022,VUNG_3,2546.88,13931.88,22938.29,22,380.29,12,154.6,161.4,157.8,169.2,177.9,150.0,161.69,34.14,A - Xuất sắc
202409,EMP_1273,DVKD_022,VUNG_3,2034.84,10798.01,21461.08,26,399.92,15,104.4,112.6,105.1,118.2,99.3,107.1,106.49,13.49,B - Đạt
202409,EMP_1274,DVKD_023,VUNG_3,1200.54,4870.5,7485.14,9,183.12,5,115.8,116.8,104.2,100.0,89.0,100.0,106.29,8.06,B - Đạt
202409,EMP_1275,DVKD_023,VUNG_3,897.42,4762.21,6069.79,11,101.36,4,97.4,104.3,93.1,110.0,86.4,80.0,96.54,4.58,B - Đạt
202409,EMP_1276,DVKD_023,VUNG_3,1117.39,7027.19,10570.98,8,231.09,7,120.2,125.4,128.1,114.3,116.1,140.0,122.54,8.98,A - Xuất sắc
202409,EMP_1277,DVKD_023,VUNG_3,2285.46,13340.22,16599.75,23,413.39,12,127.8,137.3,133.8,135.3,151.2,120.0,135.58,23.16,A - Xuất sắc
202409,EMP_1278,DVKD_023,VUNG_3,1785.31,8573.68,14888.74,15,258.87,9,112.0,109.4,110.2,115.4,126.3,100.0,113.46,13.94,B - Đạt
202409,EMP_1279,DVKD_023,VUNG_3,3806.26,15990.97,26436.61,34,841.63,16,160.2,146.5,148.7,178.9,186.4,145.5,159.92,22.47,A - Xuất sắc
202409,EMP_1280,DVKD_023,VUNG_3,1593.0,7154.1,9513.33,16,228.96,6,93.1,97.0,87.8,100.0,89.8,75.0,92.02,4.45,B - Đạt
202409,EMP_1281,DVKD_023,VUNG_3,1657.51,7886.29,19027.96,22,363.97,7,115.6,103.5,122.6,129.4,122.7,100.0,118.68,13.46,B - Đạt
202409,EMP_1282,DVKD_023,VUNG_3,1530.34,6077.12,14036.21,15,227.73,7,87.0,84.8,95.8,88.2,106.2,77.8,92.75,2.23,B - Đạt
202409,EMP_1283,DVKD_023,VUNG_3,1085.88,5617.14,9947.67,9,236.56,6,80.3,75.9,70.2,69.2,82.1,66.7,75.27,0.0,C - Cần nỗ lực
202409,EMP_1284,DVKD_023,VUNG_3,2667.95,11347.9,25497.51,26,377.04,13,115.7,115.5,120.2,123.8,136.9,108.3,121.23,11.86,A - Xuất sắc
202409,EMP_1285,DVKD_023,VUNG_3,1010.96,4154.24,9099.16,9,121.22,4,46.0,43.5,51.8,50.0,44.7,40.0,47.86,0.0,D - Không đạt
202409,EMP_1286,DVKD_023,VUNG_3,2063.69,10960.69,16274.1,18,448.1,12,133.4,128.7,131.3,120.0,148.0,120.0,132.81,18.4,A - Xuất sắc
202409,EMP_1287,DVKD_024,VUNG_3,1154.91,5870.54,11756.19,9,193.93,5,119.9,118.1,126.7,112.5,109.2,100.0,119.66,16.32,B - Đạt
202409,EMP_1288,DVKD_024,VUNG_3,1013.38,6154.38,9918.46,11,252.69,6,106.7,113.1,114.8,110.0,125.5,120.0,113.65,10.6,B - Đạt
202409,EMP_1289,DVKD_024,VUNG_3,955.24,4883.24,8823.68,7,184.9,4,94.0,90.1,98.6,100.0,89.0,80.0,94.87,2.85,B - Đạt
202409,EMP_1290,DVKD_024,VUNG_3,1436.44,9978.98,13339.86,15,257.92,9,101.2,102.8,101.8,115.4,97.7,112.5,102.55,15.82,B - Đạt
202409,EMP_1291,DVKD_024,VUNG_3,1940.53,10512.7,14985.37,19,244.64,11,111.1,109.8,107.4,105.6,122.8,122.2,110.81,11.07,B - Đạt
202409,EMP_1292,DVKD_024,VUNG_3,835.01,3661.73,5785.0,7,126.19,4,89.0,89.7,82.7,87.5,92.8,100.0,87.32,2.94,C - Cần nỗ lực
202409,EMP_1293,DVKD_024,VUNG_3,1540.65,8479.57,8997.02,17,175.56,7,62.3,61.0,56.1,68.0,67.7,77.8,61.31,0.0,D - Không đạt
202409,EMP_1294,DVKD_024,VUNG_3,1570.58,11279.58,15621.69,18,401.6,11,106.4,113.3,112.0,112.5,119.2,110.0,111.92,10.23,B - Đạt
202409,EMP_1295,DVKD_024,VUNG_3,2542.39,9734.41,22352.99,26,333.55,14,107.7,99.2,103.2,104.0,86.3,107.7,101.27,15.81,B - Đạt
202409,EMP_1296,DVKD_024,VUNG_3,1584.16,8382.88,12552.52,15,214.36,9,95.1,93.6,87.6,93.8,108.6,100.0,94.14,5.88,B - Đạt
202409,EMP_1297,DVKD_024,VUNG_3,1738.81,7892.26,15007.25,13,355.26,8,97.1,102.7,105.5,100.0,109.6,114.3,103.04,13.47,B - Đạt
202409,EMP_1298,DVKD_024,VUNG_3,1729.49,9421.15,15464.95,16,222.6,8,111.8,118.5,101.3,100.0,115.3,100.0,108.48,16.99,B - Đạt
202410,EMP_1001,DVKD_001,VUNG_1,1132.23,7795.65,10614.14,14,176.18,9,131.3,134.3,122.5,155.6,118.3,150.0,129.15,11.06,A - Xuất sắc
202410,EMP_1002,DVKD_001,VUNG_1,866.03,4435.98,5728.69,9,123.9,5,94.1,91.7,88.3,81.8,111.6,83.3,93.1,3.08,B - Đạt
202410,EMP_1003,DVKD_001,VUNG_1,957.63,6198.33,8720.79,10,147.99,5,98.7,105.5,112.6,111.1,100.8,100.0,106.14,9.69,B - Đạt
202410,EMP_1004,DVKD_001,VUNG_1,1603.56,7695.92,16116.37,19,266.29,11,98.7,102.4,111.3,118.8,92.1,110.0,104.68,11.74,B - Đạt
202410,EMP_1005,DVKD_001,VUNG_1,783.07,5109.71,7907.17,11,88.15,4,56.3,56.9,53.8,61.1,46.9,50.0,54.58,0.0,D - Không đạt
202410,EMP_1006,DVKD_001,VUNG_1,2382.52,9483.82,18778.01,21,483.18,10,97.8,97.7,87.5,95.5,100.8,100.0,94.4,2.3,B - Đạt
202410,EMP_1007,DVKD_001,VUNG_1,2083.74,7967.69,15281.6,25,297.72,10,117.4,115.6,127.5,138.9,110.4,125.0,121.77,9.72,A - Xuất sắc
202410,EMP_1008,DVKD_001,VUNG_1,1867.74,9760.73,14325.27,15,429.89,12,114.7,121.2,124.3,125.0,131.5,120.0,122.58,15.06,A - Xuất sắc
202410,EMP_1009,DVKD_001,VUNG_1,2441.37,10743.54,18689.36,25,571.01,15,113.3,112.1,120.6,125.0,123.7,107.1,118.41,11.47,B - Đạt
202410,EMP_1010,DVKD_001,VUNG_1,1594.98,9978.36,12612.99,17,328.27,8,103.7,100.8,99.4,94.4,99.9,114.3,100.26,9.92,B - Đạt
202410,EMP_1011,DVKD_001,VUNG_1,664.59,3584.11,5216.89,8,126.41,4,45.7,44.5,45.2,53.3,40.0,50.0,45.25,0.0,D - Không đạt
202410,EMP_1012,DVKD_001,VUNG_1,1910.86,10953.79,18744.58,23,322.1,8,138.7,126.5,128.9,135.3,141.5,114.3,133.52,29.16,A - Xuất sắc
202410,EMP_1013,DVKD_001,VUNG_1,1721.86,8088.44,12029.49,12,285.94,9,96.5,100.4,102.4,85.7,92.3,100.0,97.44,2.36,B - Đạt
202410,EMP_1014,DVKD_001,VUNG_1,1609.27,7626.1,11551.51,15,239.56,6,71.6,69.0,67.4,68.2,83.8,60.0,71.23,0.0,C - Cần nỗ lực
202410,EMP_1015,DVKD_002,VUNG_1,1294.37,5830.62,10409.58,11,161.48,9,124.6,121.0,134.7,110.0,141.3,150.0,128.64,15.76,A - Xuất sắc
202410,EMP_1016,DVKD_002,VUNG_1,1064.08,6792.06,10843.18,13,186.77,6,121.0,121.5,129.1,118.2,102.3,100.0,120.82,12.89,A - Xuất sắc
202410,EMP_1017,DVKD_002,VUNG_1,1082.6,5464.1,9294.33,10,168.36,5,112.8,116.4,110.4,125.0,105.9,100.0,112.69,11.77,B - Đạt
202410,EMP_1018,DVKD_002,VUNG_1,987.04,4075.1,7286.95,10,180.43,4,94.1,98.1,84.8,90.9,107.8,80.0,93.18,2.06,B - Đạt
202410,EMP_1019,DVKD_002,VUNG_1,1960.15,13523.15,19989.24,24,390.71,13,140.6,153.8,156.7,150.0,129.5,130.0,147.49,28.01,A - Xuất sắc
202410,EMP_1020,DVKD_002,VUNG_1,1142.7,5940.67,9064.24,9,126.46,5,114.0,111.2,111.6,100.0,98.7,100.0,109.05,9.93,B - Đạt
202410,EMP_1021,DVKD_002,VUNG_1,1936.1,9621.07,16301.89,19,302.88,8,113.1,99.8,114.3,105.6,135.0,100.0,114.06,11.46,B - Đạt
202410,EMP_1022,DVKD_002,VUNG_1,1143.19,5628.58,8263.61,9,110.65,4,64.2,58.4,59.0,64.3,51.2,57.1,59.57,0.0,D - Không đạt
202410,EMP_1023,DVKD_002,VUNG_1,1864.24,10004.08,11468.54,15,239.83,11,104.9,101.7,104.6,93.8,127.2,122.2,106.55,12.04,B - Đạt
202410,EMP_1024,DVKD_002,VUNG_1,843.84,5134.27,6512.29,7,178.39,4,92.9,95.7,82.2,100.0,85.8,100.0,89.22,4.18,C - Cần nỗ lực
202410,EMP_1025,DVKD_002,VUNG_1,2132.93,11842.23,16151.04,19,380.14,12,87.6,91.0,91.0,82.6,92.6,100.0,89.55,5.98,C - Cần nỗ lực
202410,EMP_1026,DVKD_003,VUNG_1,1170.38,4979.51,10172.98,11,187.48,7,114.2,102.7,119.2,110.0,89.7,116.7,110.13,10.59,B - Đạt
202410,EMP_1027,DVKD_003,VUNG_1,679.0,3970.76,4329.02,5,111.25,3,63.8,68.0,58.1,62.5,53.9,60.0,60.82,0.0,D - Không đạt
202410,EMP_1028,DVKD_003,VUNG_1,1128.33,7021.52,8302.98,11,218.77,7,117.2,117.4,114.4,122.2,120.6,116.7,117.26,13.7,B - Đạt
202410,EMP_1029,DVKD_003,VUNG_1,2016.91,13012.15,16834.28,23,218.49,9,94.7,99.1,93.4,95.8,79.2,90.0,92.69,5.66,B - Đạt
202410,EMP_1030,DVKD_003,VUNG_1,1496.75,7444.65,13812.2,11,294.41,10,101.2,108.4,97.6,91.7,126.3,100.0,103.83,10.0,B - Đạt
202410,EMP_1031,DVKD_003,VUNG_1,800.97,4675.52,6786.21,8,90.85,3,49.2,47.7,51.3,47.1,43.8,37.5,48.69,0.0,D - Không đạt
202410,EMP_1032,DVKD_003,VUNG_1,1444.0,9472.79,12689.26,16,285.85,9,102.1,101.7,100.9,114.3,125.4,112.5,106.34,10.65,B - Đạt
202410,EMP_1033,DVKD_003,VUNG_1,792.74,5412.31,5721.04,8,102.62,4,94.3,92.5,87.8,80.0,76.6,100.0,87.67,3.49,C - Cần nỗ lực
202410,EMP_1034,DVKD_003,VUNG_1,1147.88,5708.48,6731.88,10,134.62,8,112.6,109.6,98.7,125.0,114.2,133.3,108.76,12.79,B - Đạt
202410,EMP_1035,DVKD_003,VUNG_1,1182.98,7418.88,9749.04,11,188.46,10,143.5,138.4,134.6,122.2,150.1,166.7,138.48,21.95,A - Xuất sắc
202410,EMP_1036,DVKD_004,VUNG_1,799.89,4901.33,6451.82,9,183.5,4,93.8,100.5,94.7,90.0,92.7,100.0,94.58,4.73,B - Đạt
202410,EMP_1037,DVKD_004,VUNG_1,1000.05,4932.19,7749.5,9,179.1,5,97.2,99.7,101.1,90.0,117.0,125.0,101.19,16.94,B - Đạt
202410,EMP_1038,DVKD_004,VUNG_1,1139.18,5963.01,7223.37,10,169.49,5,108.0,102.5,110.0,100.0,93.3,100.0,104.87,9.62,B - Đạt
202410,EMP_1039,DVKD_004,VUNG_1,1621.66,8013.76,11740.5,20,210.57,10,102.1,100.9,101.2,111.1,111.5,111.1,103.91,9.1,B - Đạt
202410,EMP_1040,DVKD_004,VUNG_1,1057.62,6973.13,8506.29,10,165.18,6,68.2,71.7,63.1,71.4,78.1,60.0,68.75,0.0,D - Không đạt
202410,EMP_1041,DVKD_004,VUNG_1,968.69,5066.08,7349.41,11,129.84,5,98.1,92.1,105.2,110.0,82.1,100.0,98.47,5.89,B - Đạt
202410,EMP_1042,DVKD_004,VUNG_1,1181.94,7608.12,12650.66,11,162.28,5,57.4,60.5,59.9,52.4,59.5,50.0,58.55,0.0,D - Không đạt
202410,EMP_1043,DVKD_004,VUNG_1,2193.05,11568.14,21111.15,19,387.6,12,122.9,120.7,138.1,118.8,130.9,150.0,128.68,15.92,A - Xuất sắc
202410,EMP_1044,DVKD_004,VUNG_1,2234.25,14533.57,17564.62,23,335.01,9,148.6,158.4,152.6,135.3,130.9,128.6,147.49,24.89,A - Xuất sắc
202410,EMP_1045,DVKD_004,VUNG_1,1361.83,7830.25,12254.51,12,127.82,7,88.2,87.2,96.1,92.3,72.8,87.5,88.92,5.42,C - Cần nỗ lực
202410,EMP_1046,DVKD_004,VUNG_1,1782.22,13039.94,21505.02,22,338.75,10,129.3,138.0,141.1,137.5,142.6,142.9,137.55,18.32,A - Xuất sắc
202410,EMP_1047,DVKD_004,VUNG_1,945.4,5302.84,6851.3,11,166.29,5,61.1,62.3,62.8,61.1,71.7,62.5,63.46,0.0,D - Không đạt
202410,EMP_1048,DVKD_005,VUNG_1,1168.39,4714.28,10383.26,9,163.8,8,108.6,113.6,113.7,100.0,92.7,133.3,107.89,8.2,B - Đạt
202410,EMP_1049,DVKD_005,VUNG_1,930.93,5204.69,8530.0,13,157.59,7,112.5,117.3,109.2,130.0,125.6,140.0,115.78,9.08,B - Đạt
202410,EMP_1050,DVKD_005,VUNG_1,907.38,4012.44,6645.5,9,201.01,3,93.2,88.9,81.7,90.0,108.2,75.0,90.46,5.25,B - Đạt
202410,EMP_1051,DVKD_005,VUNG_1,2122.53,12827.81,17343.85,23,344.8,10,99.1,97.7,87.7,109.5,120.9,111.1,99.21,2.58,B - Đạt
202410,EMP_1052,DVKD_005,VUNG_1,1385.28,7494.01,13467.4,15,324.57,9,98.6,93.6,108.1,93.8,122.2,112.5,104.23,8.75,B - Đạt
202410,EMP_1053,DVKD_005,VUNG_1,1557.78,6176.15,11902.31,12,264.94,6,88.6,89.7,85.7,80.0,92.8,75.0,87.52,3.52,C - Cần nỗ lực
202410,EMP_1054,DVKD_005,VUNG_1,1698.16,8038.46,13124.8,18,292.53,12,116.3,111.5,104.2,112.5,91.5,120.0,107.24,9.05,B - Đạt
202410,EMP_1055,DVKD_005,VUNG_1,1926.83,10810.6,12805.37,13,408.32,12,116.3,111.3,111.2,100.0,137.8,120.0,115.36,10.61,B - Đạt
202410,EMP_1056,DVKD_005,VUNG_1,2586.7,14468.88,27356.56,31,394.81,14,127.2,117.8,129.5,140.9,137.2,127.3,129.47,13.52,A - Xuất sắc
202410,EMP_1057,DVKD_005,VUNG_1,1725.08,8807.37,15882.32,18,228.33,8,99.5,97.7,107.5,105.9,106.8,100.0,103.77,11.18,B - Đạt
202410,EMP_1058,DVKD_005,VUNG_1,1054.72,5877.16,7636.91,9,152.49,7,124.8,120.1,113.5,112.5,140.3,140.0,121.23,16.48,A - Xuất sắc
202410,EMP_1059,DVKD_006,VUNG_1,1476.94,7735.6,11233.75,14,168.33,7,140.0,150.5,144.0,155.6,115.4,140.0,140.84,33.34,A - Xuất sắc
202410,EMP_1060,DVKD_006,VUNG_1,1088.28,5272.99,8808.5,11,148.38,4,101.8,95.0,100.1,110.0,117.8,100.0,103.41,11.8,B - Đạt
202410,EMP_1061,DVKD_006,VUNG_1,602.57,3462.77,5926.93,7,142.81,4,74.0,80.2,77.8,87.5,73.7,66.7,77.56,0.0,C - Cần nỗ lực
202410,EMP_1062,DVKD_006,VUNG_1,3531.72,21026.98,28300.13,31,741.78,20,157.8,155.5,150.0,140.9,154.3,153.8,152.51,20.31,A - Xuất sắc
202410,EMP_1063,DVKD_006,VUNG_1,1053.3,5339.12,9318.8,10,192.23,5,59.1,63.7,63.8,62.5,57.1,55.6,61.47,0.0,D - Không đạt
202410,EMP_1064,DVKD_006,VUNG_1,1400.55,6924.67,11199.58,11,277.38,7,88.1,90.8,88.0,84.6,109.9,100.0,91.39,5.59,B - Đạt
202410,EMP_1065,DVKD_006,VUNG_1,997.23,6433.96,10636.99,14,257.14,5,70.5,64.8,68.9,77.8,74.1,71.4,70.36,0.0,C - Cần nỗ lực
202410,EMP_1066,DVKD_006,VUNG_1,615.25,4402.12,5113.1,6,135.36,3,72.1,80.8,78.3,75.0,80.2,75.0,77.08,0.0,C - Cần nỗ lực
202410,EMP_1067,DVKD_006,VUNG_1,1605.31,9988.75,15014.19,20,270.51,11,113.1,116.2,107.1,125.0,133.9,110.0,115.78,13.54,B - Đạt
202410,EMP_1068,DVKD_006,VUNG_1,1557.8,8345.76,9640.04,13,237.3,7,86.7,94.6,82.5,81.2,100.2,100.0,87.89,4.23,C - Cần nỗ lực
202410,EMP_1069,DVKD_006,VUNG_1,1830.66,13226.27,21195.88,15,324.8,10,127.8,137.2,136.2,107.1,135.3,142.9,131.2,26.09,A - Xuất sắc
202410,EMP_1070,DVKD_006,VUNG_1,817.41,5451.83,7962.6,10,167.77,3,53.6,57.6,57.5,62.5,51.4,42.9,56.12,0.0,D - Không đạt
202410,EMP_1071,DVKD_006,VUNG_1,1202.95,5179.33,6999.9,11,269.65,5,49.5,51.6,45.2,55.0,61.4,45.5,50.65,0.0,D - Không đạt
202410,EMP_1072,DVKD_006,VUNG_1,709.11,2795.84,6327.42,6,129.55,3,68.6,68.3,75.3,75.0,79.1,60.0,73.11,0.0,C - Cần nỗ lực
202410,EMP_1073,DVKD_007,VUNG_1,923.75,5290.32,8106.71,12,150.82,5,109.6,102.6,117.4,120.0,134.0,83.3,115.98,14.99,B - Đạt
202410,EMP_1074,DVKD_007,VUNG_1,1289.07,8809.12,13143.7,13,275.3,9,150.4,164.7,165.4,162.5,187.4,180.0,164.56,30.69,A - Xuất sắc
202410,EMP_1075,DVKD_007,VUNG_1,923.07,4773.51,7303.52,7,131.78,5,91.9,89.4,96.2,87.5,98.3,100.0,93.55,5.24,B - Đạt
202410,EMP_1076,DVKD_007,VUNG_1,2085.78,10587.23,15269.05,18,431.62,10,98.5,99.4,97.8,100.0,108.3,111.1,100.01,11.75,B - Đạt
202410,EMP_1077,DVKD_007,VUNG_1,1378.23,9695.7,13141.17,12,396.3,8,99.2,97.7,108.7,100.0,128.2,88.9,106.73,11.01,B - Đạt
202410,EMP_1078,DVKD_007,VUNG_1,1425.93,7831.87,14211.36,16,303.5,7,95.2,102.1,105.0,100.0,110.0,87.5,102.36,11.48,B - Đạt
202410,EMP_1079,DVKD_007,VUNG_1,1148.84,5182.38,7274.61,11,193.83,3,106.8,99.4,93.5,122.2,102.3,75.0,101.9,9.35,B - Đạt
202410,EMP_1080,DVKD_007,VUNG_1,1534.35,7852.84,9040.85,13,287.72,9,89.6,83.6,83.0,100.0,83.2,100.0,86.47,2.46,C - Cần nỗ lực
202410,EMP_1081,DVKD_007,VUNG_1,745.55,5175.64,6714.69,6,168.28,4,89.9,90.1,84.9,75.0,96.5,100.0,87.68,4.44,C - Cần nỗ lực
202410,EMP_1082,DVKD_007,VUNG_1,998.22,4908.95,8545.11,11,265.59,5,51.6,47.1,51.0,47.8,56.9,41.7,51.13,0.0,D - Không đạt
202410,EMP_1083,DVKD_008,VUNG_1,824.48,4871.35,7583.83,6,168.9,4,88.2,94.3,97.4,85.7,82.3,80.0,91.2,3.43,B - Đạt
202410,EMP_1084,DVKD_008,VUNG_1,462.37,2812.39,5316.83,5,96.05,4,55.7,57.4,58.7,62.5,50.9,66.7,56.96,0.0,D - Không đạt
202410,EMP_1085,DVKD_008,VUNG_1,949.2,5312.91,8657.36,12,189.28,6,110.4,108.0,113.9,120.0,123.4,120.0,114.18,9.24,B - Đạt
202410,EMP_1086,DVKD_008,VUNG_1,1510.82,8027.17,12882.63,15,191.17,6,93.9,94.5,93.5,93.8,76.9,85.7,91.29,2.57,B - Đạt
202410,EMP_1087,DVKD_008,VUNG_1,1531.71,6970.57,12092.55,15,352.63,9,93.6,93.4,87.4,100.0,105.2,100.0,93.78,2.8,B - Đạt
202410,EMP_1088,DVKD_008,VUNG_1,1532.18,9140.07,14094.71,15,256.48,8,106.3,104.7,102.0,107.1,112.0,114.3,105.49,8.7,B - Đạt
202410,EMP_1089,DVKD_008,VUNG_1,935.08,5296.9,7529.91,8,132.13,3,98.6,96.8,92.4,100.0,102.0,75.0,96.81,5.25,B - Đạt
202410,EMP_1090,DVKD_008,VUNG_1,1357.69,8784.92,11305.21,11,211.42,8,95.5,101.3,90.5,91.7,89.6,80.0,93.35,4.67,B - Đạt
202410,EMP_1091,DVKD_008,VUNG_1,1504.21,8602.66,14164.12,18,277.91,5,102.2,111.7,102.1,105.9,123.7,83.3,107.19,14.52,B - Đạt
202410,EMP_1092,DVKD_008,VUNG_1,1468.87,7933.67,18428.84,17,292.68,9,107.0,109.4,119.3,113.3,128.0,100.0,115.44,10.39,B - Đạt
202410,EMP_1093,DVKD_008,VUNG_1,2692.07,13268.57,18193.28,22,470.56,11,113.6,113.0,106.3,104.8,132.4,100.0,112.89,12.33,B - Đạt
202410,EMP_1094,DVKD_008,VUNG_1,909.57,4516.86,5719.64,8,128.08,6,85.5,92.4,81.0,80.0,85.5,100.0,84.41,3.43,C - Cần nỗ lực
202410,EMP_1095,DVKD_008,VUNG_1,2226.65,11981.47,15775.56,20,331.67,10,108.5,108.9,103.3,105.3,103.0,100.0,105.59,13.94,B - Đạt
202410,EMP_1096,DVKD_009,VUNG_2,847.64,4942.38,7606.73,7,138.44,4,98.1,94.9,100.2,87.5,92.4,100.0,96.44,3.57,B - Đạt
202410,EMP_1097,DVKD_009,VUNG_2,1096.32,4678.09,9331.42,9,188.02,5,117.2,110.5,103.4,100.0,131.9,100.0,111.85,11.81,B - Đạt
202410,EMP_1098,DVKD_009,VUNG_2,956.56,4779.24,7413.42,10,154.53,5,104.8,101.8,111.9,111.1,100.4,125.0,106.8,9.08,B - Đạt
202410,EMP_1099,DVKD_009,VUNG_2,1834.3,8866.81,15891.3,19,426.44,9,86.4,88.5,85.1,90.5,104.0,81.8,89.31,4.01,C - Cần nỗ lực
202410,EMP_1100,DVKD_009,VUNG_2,1605.9,7853.37,14747.8,15,250.78,12,110.3,111.4,119.8,107.1,94.0,120.0,111.03,8.77,B - Đạt
202410,EMP_1101,DVKD_009,VUNG_2,1036.75,5734.9,8491.15,7,128.96,7,60.0,62.0,61.8,50.0,57.5,77.8,59.55,0.0,D - Không đạt
202410,EMP_1102,DVKD_009,VUNG_2,1848.09,12219.17,18611.14,26,481.19,9,90.3,88.1,92.2,108.3,101.1,81.8,94.05,5.73,B - Đạt
202410,EMP_1103,DVKD_009,VUNG_2,1458.77,8593.56,13275.75,16,204.15,6,100.6,94.8,91.1,94.1,89.4,85.7,94.07,4.79,B - Đạt
202410,EMP_1104,DVKD_009,VUNG_2,834.3,4567.66,5525.76,9,154.77,5,51.9,52.3,46.1,56.2,48.2,50.0,49.81,0.0,D - Không đạt
202410,EMP_1105,DVKD_009,VUNG_2,1093.55,7034.59,9828.05,10,164.26,6,74.6,81.3,80.8,66.7,73.9,75.0,76.88,0.0,C - Cần nỗ lực
202410,EMP_1106,DVKD_009,VUNG_2,1540.8,10342.81,15345.05,16,243.83,8,113.5,112.1,103.6,100.0,119.0,114.3,109.3,11.9,B - Đạt
202410,EMP_1107,DVKD_009,VUNG_2,1768.37,9925.24,11867.17,16,370.25,9,109.4,118.1,104.0,100.0,122.8,128.6,109.89,9.84,B - Đạt
202410,EMP_1108,DVKD_009,VUNG_2,2306.8,13663.4,20778.55,25,491.4,13,102.4,103.6,106.9,104.2,126.7,92.9,107.98,15.44,B - Đạt
202410,EMP_1109,DVKD_009,VUNG_2,1283.25,7011.72,14530.1,16,264.34,8,92.0,96.0,94.1,88.9,85.8,100.0,92.09,4.18,B - Đạt
202410,EMP_1110,DVKD_010,VUNG_2,416.97,2060.52,4745.55,5,92.05,2,50.4,46.7,53.0,50.0,59.3,40.0,52.05,0.0,D - Không đạt
202410,EMP_1111,DVKD_010,VUNG_2,1280.17,5771.24,8903.36,14,229.98,6,123.1,121.6,121.9,140.0,155.0,120.0,128.93,15.78,A - Xuất sắc
202410,EMP_1112,DVKD_010,VUNG_2,1087.34,4857.54,8644.17,7,94.41,4,106.0,112.1,99.1,100.0,89.0,80.0,101.35,15.23,B - Đạt
202410,EMP_1113,DVKD_010,VUNG_2,2067.56,12678.53,15313.49,14,418.05,9,92.0,95.2,86.6,82.4,99.0,90.0,90.68,3.55,B - Đạt
202410,EMP_1114,DVKD_010,VUNG_2,1213.55,6463.05,13409.94,14,167.53,9,88.3,93.8,88.8,82.4,86.5,90.0,88.44,5.82,C - Cần nỗ lực
202410,EMP_1115,DVKD_010,VUNG_2,1487.91,10951.19,12904.94,16,286.88,8,103.2,114.5,104.1,114.3,120.9,88.9,108.97,14.47,B - Đạt
202410,EMP_1116,DVKD_010,VUNG_2,2175.5,12247.17,17636.21,24,372.06,8,101.8,111.3,101.4,109.1,103.2,88.9,104.02,12.32,B - Đạt
202410,EMP_1117,DVKD_010,VUNG_2,1242.84,6375.51,7170.55,12,131.42,4,116.8,107.3,106.9,133.3,102.7,100.0,111.44,13.6,B - Đạt
202410,EMP_1118,DVKD_010,VUNG_2,2207.38,10911.88,14522.54,23,327.82,10,132.4,127.4,124.0,143.8,134.1,142.9,130.1,23.71,A - Xuất sắc
202410,EMP_1119,DVKD_010,VUNG_2,1370.57,9847.27,14357.2,14,254.58,10,99.1,100.6,106.8,116.7,120.8,100.0,107.03,9.27,B - Đạt
202410,EMP_1120,DVKD_011,VUNG_2,596.42,3271.65,5565.74,6,74.33,2,69.2,67.3,60.7,60.0,68.5,50.0,64.91,0.0,D - Không đạt
202410,EMP_1121,DVKD_011,VUNG_2,928.63,4544.36,7163.87,9,125.69,5,103.9,97.9,98.9,112.5,108.1,100.0,102.74,15.16,B - Đạt
202410,EMP_1122,DVKD_011,VUNG_2,948.29,5747.55,7158.23,10,170.79,4,95.9,105.4,93.2,100.0,97.1,80.0,96.97,4.08,B - Đạt
202410,EMP_1123,DVKD_011,VUNG_2,1740.57,8490.55,10159.66,16,301.37,9,102.3,99.6,92.9,106.7,90.6,90.0,97.29,5.39,B - Đạt
202410,EMP_1124,DVKD_011,VUNG_2,2357.99,14880.71,16751.08,25,449.55,16,112.9,117.3,104.3,104.2,132.8,133.3,112.66,12.61,B - Đạt
202410,EMP_1125,DVKD_011,VUNG_2,1300.35,9416.1,11853.02,14,313.66,8,94.7,97.7,85.0,87.5,90.9,100.0,90.47,5.04,B - Đạt
202410,EMP_1126,DVKD_011,VUNG_2,1921.63,11415.99,15032.76,16,343.92,10,92.8,98.4,91.7,94.1,116.2,90.9,96.9,4.17,B - Đạt
202410,EMP_1127,DVKD_011,VUNG_2,1381.82,8845.01,14510.22,14,154.75,8,97.3,103.9,99.4,100.0,84.5,114.3,97.37,3.14,B - Đạt
202410,EMP_1128,DVKD_011,VUNG_2,2560.73,15054.09,20027.37,20,420.63,13,159.9,153.3,156.1,142.9,165.9,162.5,156.78,21.79,A - Xuất sắc
202410,EMP_1129,DVKD_011,VUNG_2,1997.91,10209.65,13625.48,16,267.74,9,114.7,104.7,117.8,123.1,100.6,128.6,113.01,10.07,B - Đạt
202410,EMP_1130,DVKD_011,VUNG_2,2098.32,9150.14,14320.05,19,349.67,8,122.9,134.0,131.6,135.7,127.0,114.3,129.5,10.31,A - Xuất sắc
202410,EMP_1131,DVKD_011,VUNG_2,2212.59,9470.52,15380.36,17,402.27,14,109.6,99.0,100.7,94.4,116.6,127.3,104.42,11.7,B - Đạt
202410,EMP_1132,DVKD_011,VUNG_2,586.76,2481.21,5579.94,6,100.68,3,58.2,57.5,61.5,60.0,70.2,50.0,61.23,0.0,D - Không đạt
202410,EMP_1133,DVKD_011,VUNG_2,2240.35,11591.88,22959.41,23,428.81,12,103.4,101.4,112.9,104.5,129.9,85.7,110.51,12.46,B - Đạt
202410,EMP_1134,DVKD_012,VUNG_2,954.03,6366.9,6943.86,12,125.65,5,108.8,115.4,99.5,120.0,98.9,125.0,106.17,10.05,B - Đạt
202410,EMP_1135,DVKD_012,VUNG_2,1117.48,6274.88,8445.05,10,130.31,5,106.0,107.7,98.2,111.1,98.6,100.0,102.92,14.6,B - Đạt
202410,EMP_1136,DVKD_012,VUNG_2,1169.28,5388.86,10408.05,13,171.44,6,133.9,119.9,121.8,118.2,144.3,150.0,127.55,8.99,A - Xuất sắc
202410,EMP_1137,DVKD_012,VUNG_2,2097.22,9020.36,21804.59,20,382.0,16,101.0,91.8,100.7,90.9,89.5,106.7,96.78,5.81,B - Đạt
202410,EMP_1138,DVKD_012,VUNG_2,1571.07,6066.63,12814.33,17,226.37,6,66.1,61.1,64.3,68.0,55.6,60.0,63.33,0.0,D - Không đạt
202410,EMP_1139,DVKD_012,VUNG_2,937.45,5088.08,8069.53,12,209.04,8,113.8,106.1,104.2,120.0,140.8,133.3,113.96,14.77,B - Đạt
202410,EMP_1140,DVKD_012,VUNG_2,1577.75,8068.77,13566.44,19,278.86,7,95.8,94.4,94.9,105.6,87.0,87.5,94.94,5.41,B - Đạt
202410,EMP_1141,DVKD_012,VUNG_2,2377.31,12707.08,23458.44,20,434.81,13,103.8,108.3,113.5,100.0,109.4,92.9,108.33,14.19,B - Đạt
202410,EMP_1142,DVKD_012,VUNG_2,2436.53,9518.6,18097.49,17,480.46,12,98.3,92.1,107.1,85.0,119.6,120.0,102.31,16.86,B - Đạt
202410,EMP_1143,DVKD_012,VUNG_2,1990.68,9567.47,16321.39,16,272.64,9,114.2,116.5,111.9,106.7,135.7,112.5,116.21,8.75,B - Đạt
202410,EMP_1144,DVKD_013,VUNG_2,1241.59,5029.15,7952.1,7,204.65,6,117.0,113.6,107.6,100.0,99.7,100.0,108.9,11.26,B - Đạt
202410,EMP_1145,DVKD_013,VUNG_2,863.53,4385.27,6782.41,10,231.93,6,95.7,90.7,84.6,100.0,115.4,100.0,94.45,5.21,B - Đạt
202410,EMP_1146,DVKD_013,VUNG_2,591.38,3395.02,5182.64,6,118.63,3,69.6,74.5,72.0,75.0,71.8,50.0,72.04,0.0,C - Cần nỗ lực
202410,EMP_1147,DVKD_013,VUNG_2,2494.14,10106.0,17290.35,29,335.57,11,104.3,101.4,110.2,116.0,122.4,91.7,109.81,15.57,B - Đạt
202410,EMP_1148,DVKD_013,VUNG_2,1702.77,8660.94,14583.77,19,317.7,11,107.7,114.6,117.0,118.8,128.2,110.0,116.17,9.67,B - Đạt
202410,EMP_1149,DVKD_013,VUNG_2,1765.41,9383.67,15229.97,19,299.61,8,108.5,104.9,101.0,111.8,117.7,114.3,107.04,12.1,B - Đạt
202410,EMP_1150,DVKD_013,VUNG_2,1664.79,7336.9,9840.83,14,179.05,8,96.7,94.9,89.7,87.5,83.5,114.3,91.08,4.94,B - Đạt
202410,EMP_1151,DVKD_013,VUNG_2,818.69,5888.82,7324.47,9,113.31,5,58.6,59.4,53.2,56.2,55.0,62.5,56.05,0.0,D - Không đạt
202410,EMP_1152,DVKD_013,VUNG_2,1659.74,8946.68,12862.07,14,200.75,9,94.9,96.8,97.7,107.7,100.4,112.5,98.27,4.96,B - Đạt
202410,EMP_1153,DVKD_013,VUNG_2,1456.66,6975.19,10242.58,14,177.1,9,95.5,91.6,86.4,93.3,87.0,112.5,90.23,3.71,B - Đạt
202410,EMP_1154,DVKD_013,VUNG_2,1370.61,6592.58,10640.86,13,257.96,8,92.6,90.8,84.4,92.9,111.6,80.0,92.34,5.85,B - Đạt
202410,EMP_1155,DVKD_013,VUNG_2,1764.22,10324.41,16663.17,15,210.57,10,109.2,116.4,112.0,115.4,100.7,111.1,110.61,13.75,B - Đạt
202410,EMP_1156,DVKD_013,VUNG_2,1465.36,8283.42,10572.37,11,248.65,8,88.2,88.0,89.8,78.6,109.1,80.0,90.9,5.05,B - Đạt
202410,EMP_1157,DVKD_014,VUNG_2,792.12,3722.75,6706.87,8,123.67,5,76.5,79.8,75.3,88.9,73.6,83.3,77.38,0.0,C - Cần nỗ lực
202410,EMP_1158,DVKD_014,VUNG_2,794.01,4786.71,7975.03,6,169.6,4,97.6,96.3,90.7,85.7,117.5,80.0,96.78,3.91,B - Đạt
202410,EMP_1159,DVKD_014,VUNG_2,1212.63,5687.31,8302.38,11,195.44,7,119.3,105.4,124.2,110.0,141.7,116.7,121.36,14.12,A - Xuất sắc
202410,EMP_1160,DVKD_014,VUNG_2,1473.91,6830.52,14509.01,12,227.35,10,95.0,89.6,102.4,92.3,91.0,111.1,95.91,3.04,B - Đạt
202410,EMP_1161,DVKD_014,VUNG_2,1773.73,12652.26,18836.97,15,268.14,8,124.7,131.7,131.2,107.1,120.8,100.0,125.68,10.06,A - Xuất sắc
202410,EMP_1162,DVKD_014,VUNG_2,2246.17,10514.62,15843.1,21,441.71,9,142.7,134.4,136.4,123.5,161.0,150.0,140.07,23.5,A - Xuất sắc
202410,EMP_1163,DVKD_014,VUNG_2,1500.35,8344.87,15859.65,16,275.24,7,108.2,103.3,118.3,123.1,98.0,100.0,110.96,14.93,B - Đạt
202410,EMP_1164,DVKD_014,VUNG_2,2166.29,13527.89,18085.42,25,339.74,13,102.1,105.9,111.8,113.6,124.1,118.2,110.52,12.39,B - Đạt
202410,EMP_1165,DVKD_014,VUNG_2,620.11,3116.61,4748.19,4,93.72,2,59.4,53.2,62.0,57.1,56.1,40.0,58.66,0.0,D - Không đạt
202410,EMP_1166,DVKD_014,VUNG_2,2288.57,11975.21,15266.86,17,327.86,12,138.8,138.3,128.1,130.8,112.3,120.0,130.21,27.38,A - Xuất sắc
202410,EMP_1167,DVKD_014,VUNG_2,2596.68,11646.92,22259.29,18,514.63,10,113.1,113.2,115.3,94.7,119.1,100.0,112.94,16.21,B - Đạt
202410,EMP_1168,DVKD_014,VUNG_2,1183.77,5083.67,9561.65,11,115.64,6,76.7,72.2,68.4,68.8,64.3,66.7,70.47,0.0,C - Cần nỗ lực
202410,EMP_1169,DVKD_014,VUNG_2,2312.54,10946.38,22954.17,18,383.08,14,153.9,147.5,160.8,138.5,142.3,140.0,152.07,22.99,A - Xuất sắc
202410,EMP_1170,DVKD_015,VUNG_2,896.64,6083.92,10246.53,10,214.63,5,109.1,117.4,114.7,125.0,110.2,125.0,114.06,9.97,B - Đạt
202410,EMP_1171,DVKD_015,VUNG_2,486.19,2137.22,3836.33,6,67.35,2,49.4,48.4,55.5,54.5,54.7,50.0,52.69,0.0,D - Không đạt
202410,EMP_1172,DVKD_015,VUNG_2,1023.92,4939.08,9749.87,8,135.02,4,101.1,97.6,107.1,100.0,93.7,100.0,101.45,13.66,B - Đạt
202410,EMP_1173,DVKD_015,VUNG_2,1396.79,6940.78,10808.36,12,312.66,6,90.4,85.3,81.9,85.7,94.3,85.7,86.78,3.32,C - Cần nỗ lực
202410,EMP_1174,DVKD_015,VUNG_2,2492.1,14015.01,20545.53,26,478.61,18,154.6,164.9,170.4,173.3,196.8,180.0,169.88,28.33,A - Xuất sắc
202410,EMP_1175,DVKD_015,VUNG_2,1509.91,8424.98,11945.24,12,219.69,7,89.5,88.9,85.1,100.0,90.4,77.8,89.06,4.6,C - Cần nỗ lực
202410,EMP_1176,DVKD_015,VUNG_2,3462.78,19963.02,27432.14,36,395.25,20,156.9,145.7,151.6,171.4,129.6,181.8,150.72,23.26,A - Xuất sắc
202410,EMP_1177,DVKD_015,VUNG_2,1478.15,9092.37,12699.03,12,326.62,9,98.7,99.3,100.3,85.7,95.9,112.5,97.63,5.99,B - Đạt
202410,EMP_1178,DVKD_015,VUNG_2,2155.77,13887.84,17332.74,20,359.52,13,103.4,108.0,90.6,87.0,120.5,100.0,100.54,13.4,B - Đạt
202410,EMP_1179,DVKD_015,VUNG_2,1985.91,10627.91,20548.13,21,303.05,10,141.8,146.6,134.6,123.5,146.9,142.9,138.94,28.94,A - Xuất sắc
202410,EMP_1180,DVKD_015,VUNG_2,2025.96,14567.38,15944.81,23,370.0,10,106.6,115.5,103.4,127.8,120.5,100.0,111.02,12.23,B - Đạt
202410,EMP_1181,DVKD_015,VUNG_2,2790.04,11907.68,21250.84,20,602.66,11,156.1,154.6,161.8,133.3,183.2,122.2,159.66,22.63,A - Xuất sắc
202410,EMP_1182,DVKD_015,VUNG_2,2387.49,10406.88,20441.38,24,258.35,13,102.4,103.8,111.8,109.1,91.4,100.0,104.92,11.21,B - Đạt
202410,EMP_1183,DVKD_015,VUNG_2,1639.0,9184.42,14661.33,13,333.01,9,101.5,105.6,106.7,86.7,124.6,100.0,105.92,12.69,B - Đạt
202410,EMP_1184,DVKD_016,VUNG_2,570.0,2808.19,4797.29,4,93.31,3,60.1,62.9,55.8,57.1,72.9,60.0,60.63,0.0,D - Không đạt
202410,EMP_1185,DVKD_016,VUNG_2,1295.41,7322.37,11808.05,14,133.09,8,140.7,133.2,136.9,140.0,119.3,160.0,134.96,22.74,A - Xuất sắc
202410,EMP_1186,DVKD_016,VUNG_2,831.34,4352.94,7449.03,9,103.3,4,96.3,99.2,100.0,100.0,82.8,100.0,96.38,5.7,B - Đạt
202410,EMP_1187,DVKD_016,VUNG_2,1915.34,8900.56,16795.24,17,420.77,11,91.5,91.5,81.7,89.5,91.0,78.6,87.8,2.39,C - Cần nỗ lực
202410,EMP_1188,DVKD_016,VUNG_2,1036.05,4719.12,8726.97,13,209.89,8,108.1,115.6,116.3,130.0,103.8,133.3,113.64,9.97,B - Đạt
202410,EMP_1189,DVKD_016,VUNG_2,963.83,5923.35,8601.68,10,120.94,4,98.7,110.8,106.1,111.1,108.7,80.0,105.85,8.18,B - Đạt
202410,EMP_1190,DVKD_016,VUNG_2,1900.63,8032.9,13532.93,16,259.04,9,114.2,109.7,104.1,106.7,119.0,128.6,109.96,16.33,B - Đạt
202410,EMP_1191,DVKD_016,VUNG_2,2189.7,12609.24,13689.24,24,404.68,10,90.4,90.3,82.9,100.0,102.6,90.9,90.55,5.42,B - Đạt
202410,EMP_1192,DVKD_016,VUNG_2,1540.65,9146.67,11396.83,15,307.6,7,90.3,92.7,96.3,100.0,92.5,100.0,94.06,4.74,B - Đạt
202410,EMP_1193,DVKD_016,VUNG_2,673.08,3183.35,6349.18,7,157.22,6,44.8,44.4,45.9,46.7,49.6,60.0,46.03,0.0,D - Không đạt
202410,EMP_1194,DVKD_016,VUNG_2,1499.89,8122.65,10895.67,14,260.6,11,98.0,100.6,96.4,93.3,114.1,110.0,99.77,5.14,B - Đạt
202410,EMP_1195,DVKD_016,VUNG_2,1907.02,10644.55,16766.62,19,308.26,14,141.2,151.2,145.2,126.7,152.3,140.0,144.31,19.99,A - Xuất sắc
202410,EMP_1196,DVKD_016,VUNG_2,2354.57,10667.15,20626.36,23,441.79,10,140.8,146.4,147.0,135.3,145.8,142.9,144.01,24.56,A - Xuất sắc
202410,EMP_1197,DVKD_016,VUNG_2,1865.25,8488.82,14649.76,20,311.92,8,106.3,102.6,107.1,117.6,116.6,100.0,108.7,11.57,B - Đạt
202410,EMP_1198,DVKD_017,VUNG_3,1108.92,6155.55,9287.79,10,260.76,5,104.3,112.0,109.3,111.1,131.0,100.0,111.89,12.56,B - Đạt
202410,EMP_1199,DVKD_017,VUNG_3,991.53,4799.44,10540.5,13,180.63,4,118.7,115.3,121.8,130.0,94.2,100.0,116.73,15.45,B - Đạt
202410,EMP_1200,DVKD_017,VUNG_3,870.81,5273.88,6878.32,9,167.74,3,88.7,89.8,86.1,90.0,88.1,75.0,88.0,5.83,C - Cần nỗ lực
202410,EMP_1201,DVKD_017,VUNG_3,1313.68,6848.48,12051.72,17,166.62,8,94.9,95.0,87.9,94.4,85.3,80.0,90.98,5.1,B - Đạt
202410,EMP_1202,DVKD_017,VUNG_3,2562.26,12994.54,19052.02,27,342.75,12,110.1,117.1,99.7,122.7,91.2,120.0,105.93,14.45,B - Đạt
202410,EMP_1203,DVKD_017,VUNG_3,1768.58,8053.93,13063.6,15,173.82,10,106.4,101.7,99.1,93.8,97.7,111.1,100.57,10.32,B - Đạt
202410,EMP_1204,DVKD_017,VUNG_3,1036.57,5088.93,7933.38,9,222.0,5,102.9,93.8,104.9,90.0,116.0,100.0,102.91,8.19,B - Đạt
202410,EMP_1205,DVKD_017,VUNG_3,1129.15,6453.99,9214.66,12,169.56,6,66.7,73.7,73.7,70.6,85.1,75.0,73.35,0.0,C - Cần nỗ lực
202410,EMP_1206,DVKD_017,VUNG_3,908.58,5355.29,8596.51,12,120.4,5,101.7,106.0,106.0,109.1,85.4,125.0,102.14,10.48,B - Đạt
202410,EMP_1207,DVKD_017,VUNG_3,871.04,5344.79,8520.87,11,220.29,5,59.1,65.2,61.5,64.7,72.4,50.0,63.41,0.0,D - Không đạt
202410,EMP_1208,DVKD_017,VUNG_3,1034.31,5830.41,8781.2,9,134.82,6,107.0,111.1,113.1,100.0,112.4,120.0,109.86,12.7,B - Đạt
202410,EMP_1209,DVKD_018,VUNG_3,524.93,3685.28,4557.44,5,94.96,3,56.8,61.6,61.9,50.0,57.5,60.0,58.73,0.0,D - Không đạt
202410,EMP_1210,DVKD_018,VUNG_3,862.56,4360.32,8769.33,9,187.57,6,105.7,106.7,100.4,100.0,106.0,120.0,103.47,9.52,B - Đạt
202410,EMP_1211,DVKD_018,VUNG_3,1351.77,7968.57,11849.26,11,187.6,8,140.7,147.7,132.7,137.5,140.0,133.3,138.52,26.0,A - Xuất sắc
202410,EMP_1212,DVKD_018,VUNG_3,1394.43,8990.1,13818.62,14,294.41,8,97.0,102.8,104.5,100.0,119.2,114.3,104.12,14.95,B - Đạt
202410,EMP_1213,DVKD_018,VUNG_3,1074.4,5155.1,8020.64,8,211.33,5,103.7,101.5,96.7,100.0,116.1,100.0,102.41,14.31,B - Đạt
202410,EMP_1214,DVKD_018,VUNG_3,1496.88,8741.84,10328.08,13,186.32,9,94.1,87.5,84.6,81.2,103.6,112.5,89.92,5.54,C - Cần nỗ lực
202410,EMP_1215,DVKD_018,VUNG_3,1061.68,6633.98,9974.46,11,231.75,5,78.4,75.9,71.3,73.3,95.0,83.3,77.52,0.0,C - Cần nỗ lực
202410,EMP_1216,DVKD_018,VUNG_3,1802.31,7696.01,17451.39,14,266.48,10,101.0,107.2,115.9,116.7,108.9,100.0,109.9,16.26,B - Đạt
202410,EMP_1217,DVKD_018,VUNG_3,1271.73,7032.31,11559.87,15,185.99,9,155.0,145.0,143.2,150.0,174.0,180.0,151.72,19.11,A - Xuất sắc
202410,EMP_1218,DVKD_018,VUNG_3,1432.1,9436.83,12808.22,12,188.43,10,97.3,99.7,102.3,92.3,88.2,111.1,97.55,3.72,B - Đạt
202410,EMP_1219,DVKD_018,VUNG_3,1295.32,6619.61,11986.18,14,200.86,7,135.5,128.6,133.2,140.0,143.8,140.0,135.35,27.5,A - Xuất sắc
202410,EMP_1220,DVKD_018,VUNG_3,814.89,3815.45,6607.73,7,84.73,4,79.1,74.3,80.0,70.0,63.9,66.7,75.5,0.0,C - Cần nỗ lực
202410,EMP_1221,DVKD_018,VUNG_3,1981.01,9618.28,14920.76,21,233.79,13,110.2,112.2,116.6,123.5,131.7,130.0,117.29,14.09,B - Đạt
202410,EMP_1222,DVKD_018,VUNG_3,1960.53,9252.96,12391.83,16,259.18,10,126.4,115.9,114.1,133.3,141.6,125.0,123.49,15.11,A - Xuất sắc
202410,EMP_1223,DVKD_019,VUNG_3,873.61,5556.14,6165.61,9,163.27,6,95.4,103.2,91.0,90.0,87.4,120.0,93.29,4.02,B - Đạt
202410,EMP_1224,DVKD_019,VUNG_3,962.13,6816.54,9509.14,11,126.67,4,111.2,116.9,103.2,122.2,110.0,100.0,110.17,14.68,B - Đạt
202410,EMP_1225,DVKD_019,VUNG_3,990.42,5571.25,9863.43,12,202.2,4,102.9,98.3,106.1,120.0,101.5,80.0,104.83,9.14,B - Đạt
202410,EMP_1226,DVKD_019,VUNG_3,1584.06,6700.48,15081.64,16,326.63,8,102.1,96.2,104.3,94.1,97.6,88.9,100.51,16.82,B - Đạt
202410,EMP_1227,DVKD_019,VUNG_3,1206.54,5892.89,10828.65,12,119.09,8,75.9,80.5,72.1,70.6,66.0,88.9,73.25,0.0,C - Cần nỗ lực
202410,EMP_1228,DVKD_019,VUNG_3,1458.78,7881.58,12975.69,10,221.54,9,101.2,98.6,92.0,83.3,99.6,112.5,95.56,5.69,B - Đạt
202410,EMP_1229,DVKD_019,VUNG_3,2859.87,12389.72,19968.27,31,397.07,11,114.9,116.3,104.2,124.0,116.3,110.0,112.48,8.98,B - Đạt
202410,EMP_1230,DVKD_019,VUNG_3,1422.23,6995.71,13886.87,14,338.23,6,94.5,85.8,91.8,100.0,100.8,85.7,93.75,2.31,B - Đạt
202410,EMP_1231,DVKD_019,VUNG_3,1893.72,9166.0,16196.15,15,244.91,9,106.8,114.4,111.1,115.4,105.7,112.5,110.14,13.58,B - Đạt
202410,EMP_1232,DVKD_019,VUNG_3,1010.06,5930.56,7975.44,13,176.35,5,104.0,103.1,116.0,118.2,95.0,125.0,108.13,8.69,B - Đạt
202410,EMP_1233,DVKD_019,VUNG_3,2172.3,9574.43,13588.37,17,345.01,11,125.2,133.0,125.4,130.8,102.0,122.2,123.52,13.13,A - Xuất sắc
202410,EMP_1234,DVKD_020,VUNG_3,465.64,3053.34,3510.34,5,110.88,3,52.3,54.5,48.6,62.5,55.6,60.0,52.85,0.0,D - Không đạt
202410,EMP_1235,DVKD_020,VUNG_3,1038.47,6664.51,7745.35,8,195.3,5,117.0,119.3,102.6,100.0,129.4,125.0,112.46,9.38,B - Đạt
202410,EMP_1236,DVKD_020,VUNG_3,1116.66,5980.79,7832.08,7,149.85,5,107.5,105.9,97.7,87.5,95.8,125.0,100.08,16.31,B - Đạt
202410,EMP_1237,DVKD_020,VUNG_3,1624.84,8571.87,14444.9,17,330.49,12,115.1,109.0,115.8,130.8,111.0,120.0,115.38,8.08,B - Đạt
202410,EMP_1238,DVKD_020,VUNG_3,1035.92,4234.44,8149.64,8,132.45,4,64.0,62.2,67.9,61.5,63.9,57.1,64.83,0.0,D - Không đạt
202410,EMP_1239,DVKD_020,VUNG_3,2438.28,13653.48,20035.04,18,400.83,10,100.0,99.8,98.4,94.7,92.0,100.0,97.68,4.3,B - Đạt
202410,EMP_1240,DVKD_020,VUNG_3,2597.73,12364.02,17115.83,21,486.97,12,103.9,105.4,95.2,110.5,121.0,92.3,104.3,14.95,B - Đạt
202410,EMP_1241,DVKD_020,VUNG_3,1172.33,6459.32,10460.17,12,202.69,6,120.0,125.5,122.6,150.0,145.7,150.0,128.59,16.34,A - Xuất sắc
202410,EMP_1242,DVKD_020,VUNG_3,2392.32,9894.82,21237.56,19,491.33,12,103.5,96.2,102.2,105.6,107.9,120.0,102.82,9.86,B - Đạt
202410,EMP_1243,DVKD_020,VUNG_3,1494.69,8311.8,14966.3,16,305.93,7,106.6,98.9,113.8,100.0,120.7,100.0,109.42,14.09,B - Đạt
202410,EMP_1244,DVKD_020,VUNG_3,1530.17,7405.46,12016.37,14,305.07,8,86.8,87.2,86.7,100.0,109.0,114.3,91.47,3.3,B - Đạt
202410,EMP_1245,DVKD_020,VUNG_3,1667.27,7519.72,12926.99,16,194.47,8,107.3,98.1,108.6,114.3,91.5,88.9,104.7,14.14,B - Đạt
202410,EMP_1246,DVKD_020,VUNG_3,1250.88,8416.15,13816.24,16,193.72,10,140.5,146.2,160.9,160.0,142.4,166.7,150.73,34.19,A - Xuất sắc
202410,EMP_1247,DVKD_020,VUNG_3,1810.18,7622.49,13710.55,17,379.89,9,104.6,106.1,100.9,106.2,109.6,112.5,104.44,16.33,B - Đạt
202410,EMP_1248,DVKD_021,VUNG_3,802.44,5114.94,6896.97,7,144.33,4,91.2,89.6,83.9,100.0,111.6,80.0,92.34,2.86,B - Đạt
202410,EMP_1249,DVKD_021,VUNG_3,955.65,4930.26,8757.6,10,209.76,4,116.8,110.7,109.4,111.1,106.6,100.0,111.19,9.6,B - Đạt
202410,EMP_1250,DVKD_021,VUNG_3,988.15,5708.89,9006.59,9,134.85,7,114.3,100.8,112.9,100.0,108.6,116.7,109.5,10.44,B - Đạt
202410,EMP_1251,DVKD_021,VUNG_3,1817.35,9959.47,17884.3,21,259.03,8,115.0,118.3,118.7,123.5,95.1,100.0,114.66,10.56,B - Đạt
202410,EMP_1252,DVKD_021,VUNG_3,1911.66,12375.62,15655.02,17,365.96,10,95.6,103.5,95.2,89.5,96.1,100.0,96.11,2.05,B - Đạt
202410,EMP_1253,DVKD_021,VUNG_3,2362.77,11722.87,17418.28,23,284.01,14,142.5,150.2,153.0,143.8,115.2,140.0,143.37,34.42,A - Xuất sắc
202410,EMP_1254,DVKD_021,VUNG_3,938.84,4930.01,7649.57,12,182.48,4,108.2,104.7,107.3,120.0,97.4,100.0,106.92,8.06,B - Đạt
202410,EMP_1255,DVKD_021,VUNG_3,1557.03,9344.38,11370.18,17,229.95,7,98.5,97.7,90.9,106.2,110.6,87.5,98.31,2.78,B - Đạt
202410,EMP_1256,DVKD_021,VUNG_3,1113.09,5396.34,9701.33,13,241.55,5,73.1,76.2,74.1,81.2,71.4,55.6,74.47,0.0,C - Cần nỗ lực
202410,EMP_1257,DVKD_021,VUNG_3,1654.21,10327.04,15691.33,14,348.74,7,108.2,105.6,101.0,107.7,109.9,100.0,105.49,10.32,B - Đạt
202410,EMP_1258,DVKD_021,VUNG_3,1538.68,7727.3,11485.61,18,256.87,12,94.9,101.4,91.1,105.9,116.3,120.0,98.85,2.61,B - Đạt
202410,EMP_1259,DVKD_021,VUNG_3,1325.02,7451.42,13111.34,12,198.49,7,96.5,85.8,96.3,100.0,109.4,100.0,97.11,3.35,B - Đạt
202410,EMP_1260,DVKD_022,VUNG_3,1011.92,4754.38,6892.94,8,183.51,7,104.2,100.4,96.6,114.3,91.7,116.7,100.1,8.79,B - Đạt
202410,EMP_1261,DVKD_022,VUNG_3,981.73,4644.74,6525.42,8,135.49,5,98.7,98.1,96.6,100.0,80.9,100.0,95.34,4.18,B - Đạt
202410,EMP_1262,DVKD_022,VUNG_3,906.21,4789.4,7686.24,10,212.88,5,102.0,103.4,92.0,111.1,116.8,100.0,101.84,9.14,B - Đạt
202410,EMP_1263,DVKD_022,VUNG_3,3093.4,17158.33,26484.96,29,451.21,15,139.6,139.6,123.6,120.8,114.0,125.0,128.28,9.53,A - Xuất sắc
202410,EMP_1264,DVKD_022,VUNG_3,1642.32,8234.07,15724.03,17,309.94,8,108.3,112.1,103.6,121.4,99.8,100.0,107.26,12.02,B - Đạt
202410,EMP_1265,DVKD_022,VUNG_3,2561.13,12900.3,22070.25,18,502.87,11,156.6,149.5,153.0,138.5,189.3,157.1,157.37,21.93,A - Xuất sắc
202410,EMP_1266,DVKD_022,VUNG_3,1506.87,7533.35,11842.39,15,248.7,10,93.2,102.2,106.3,93.8,97.2,111.1,99.79,4.98,B - Đạt
202410,EMP_1267,DVKD_022,VUNG_3,958.34,5122.4,7910.11,6,93.03,4,97.0,95.7,95.3,85.7,77.9,80.0,92.22,3.7,B - Đạt
202410,EMP_1268,DVKD_022,VUNG_3,1561.26,9061.06,15161.82,20,237.49,9,108.8,103.6,101.6,117.6,92.8,90.0,103.98,10.21,B - Đạt
202410,EMP_1269,DVKD_022,VUNG_3,1718.84,9108.64,14529.37,12,273.63,7,101.8,107.2,95.6,85.7,117.7,100.0,101.22,16.65,B - Đạt
202410,EMP_1270,DVKD_022,VUNG_3,849.68,5595.41,7107.69,10,137.5,7,96.4,95.5,92.2,100.0,112.9,116.7,97.63,2.13,B - Đạt
202410,EMP_1271,DVKD_022,VUNG_3,1998.89,7764.01,12658.11,14,251.74,9,111.6,108.8,108.4,107.7,139.7,100.0,113.88,15.59,B - Đạt
202410,EMP_1272,DVKD_022,VUNG_3,1283.83,7887.96,12459.39,16,264.41,8,85.4,96.3,93.2,94.1,95.7,88.9,92.18,3.34,B - Đạt
202410,EMP_1273,DVKD_022,VUNG_3,2252.43,11507.32,13569.73,23,281.55,8,89.7,86.8,86.7,92.0,86.0,88.9,87.89,2.82,C - Cần nỗ lực
202410,EMP_1274,DVKD_023,VUNG_3,1113.47,5971.99,9696.67,11,250.07,7,107.9,108.6,117.4,100.0,121.1,116.7,112.52,14.34,B - Đạt
202410,EMP_1275,DVKD_023,VUNG_3,635.31,2921.74,4412.78,6,86.17,4,64.8,66.4,65.1,66.7,78.4,80.0,67.38,0.0,D - Không đạt
202410,EMP_1276,DVKD_023,VUNG_3,1056.95,5732.67,8593.91,10,258.05,6,110.0,117.1,111.6,125.0,134.8,120.0,116.84,12.68,B - Đạt
202410,EMP_1277,DVKD_023,VUNG_3,813.31,4257.18,6464.85,6,98.42,4,49.8,47.8,45.0,40.0,55.1,44.4,47.63,0.0,D - Không đạt
202410,EMP_1278,DVKD_023,VUNG_3,1936.7,7513.45,15001.3,14,194.71,8,108.6,109.9,101.3,100.0,98.8,100.0,103.91,10.89,B - Đạt
202410,EMP_1279,DVKD_023,VUNG_3,2249.21,8898.65,19243.07,24,233.8,9,95.3,88.4,101.3,104.3,88.4,90.0,96.23,4.59,B - Đạt
202410,EMP_1280,DVKD_023,VUNG_3,1776.12,7542.56,13840.36,16,238.5,8,102.3,104.7,102.1,106.7,120.1,80.0,105.7,15.47,B - Đạt
202410,EMP_1281,DVKD_023,VUNG_3,1458.18,6972.05,11280.31,15,302.95,7,96.7,92.0,87.8,100.0,102.4,87.5,94.06,3.22,B - Đạt
202410,EMP_1282,DVKD_023,VUNG_3,1102.14,4452.07,8470.29,8,167.92,4,69.3,62.5,64.1,61.5,74.8,57.1,66.5,0.0,D - Không đạt
202410,EMP_1283,DVKD_023,VUNG_3,1478.97,7309.18,13841.07,16,299.03,9,104.8,97.7,106.4,114.3,89.7,90.0,102.98,9.41,B - Đạt
202410,EMP_1284,DVKD_023,VUNG_3,2187.79,11857.92,16069.07,23,265.06,11,91.5,99.7,97.4,100.0,94.9,100.0,96.16,4.12,B - Đạt
202410,EMP_1285,DVKD_023,VUNG_3,1064.64,6160.84,9700.05,12,129.53,5,52.5,55.6,48.6,60.0,42.5,45.5,50.85,0.0,D - Không đạt
202410,EMP_1286,DVKD_023,VUNG_3,1662.42,6800.72,11364.78,13,179.27,11,97.3,97.2,104.9,92.9,77.5,110.0,96.53,2.6,B - Đạt
202410,EMP_1287,DVKD_024,VUNG_3,871.15,5644.55,6223.47,7,142.44,5,86.0,95.0,92.3,77.8,105.0,100.0,91.59,3.86,B - Đạt
202410,EMP_1288,DVKD_024,VUNG_3,375.34,2085.3,3538.56,4,94.26,2,45.0,44.2,46.6,44.4,56.6,40.0,47.12,0.0,D - Không đạt
202410,EMP_1289,DVKD_024,VUNG_3,967.59,5611.57,6379.03,10,119.42,7,106.7,100.3,93.6,111.1,91.3,116.7,99.28,5.47,B - Đạt
202410,EMP_1290,DVKD_024,VUNG_3,2454.53,12378.68,20245.52,28,349.7,12,151.0,138.9,136.6,164.7,135.8,171.4,143.24,28.07,A - Xuất sắc
202410,EMP_1291,DVKD_024,VUNG_3,1479.36,7055.8,13960.76,20,308.75,8,108.6,96.6,102.2,111.1,106.9,100.0,104.55,13.21,B - Đạt
202410,EMP_1292,DVKD_024,VUNG_3,814.89,3938.26,6741.77,6,141.87,4,90.3,86.4,96.4,85.7,74.8,100.0,89.06,4.04,C - Cần nỗ lực
202410,EMP_1293,DVKD_024,VUNG_3,3075.0,17103.49,19181.86,34,506.15,14,127.9,136.0,122.7,141.7,127.3,107.7,128.58,9.14,A - Xuất sắc
202410,EMP_1294,DVKD_024,VUNG_3,2669.02,13070.42,24849.48,20,538.69,15,149.8,166.8,164.8,142.9,164.4,166.7,159.1,33.75,A - Xuất sắc
202410,EMP_1295,DVKD_024,VUNG_3,2428.55,15895.01,16657.92,20,281.78,9,116.8,120.1,108.1,100.0,102.3,90.0,110.39,9.24,B - Đạt
202410,EMP_1296,DVKD_024,VUNG_3,1801.8,6930.09,15350.53,12,275.64,9,112.5,101.9,116.7,92.3,124.6,112.5,112.17,15.62,B - Đạt
202410,EMP_1297,DVKD_024,VUNG_3,1607.95,7079.14,16224.88,18,219.7,8,111.4,97.9,108.8,105.9,99.4,114.3,106.12,9.61,B - Đạt
202410,EMP_1298,DVKD_024,VUNG_3,1116.84,5678.97,11844.04,11,189.2,6,75.9,79.2,82.1,84.6,82.1,85.7,80.36,4.85,C - Cần nỗ lực
202411,EMP_1001,DVKD_001,VUNG_1,801.24,4780.38,8564.92,10,163.58,7,98.2,98.1,97.6,111.1,111.1,116.7,101.2,12.37,B - Đạt
202411,EMP_1002,DVKD_001,VUNG_1,1114.75,5804.41,9329.56,13,181.24,5,106.9,108.6,113.4,118.2,89.9,100.0,108.01,16.29,B - Đạt
202411,EMP_1003,DVKD_001,VUNG_1,960.19,6069.09,9014.29,11,213.41,5,112.1,118.8,100.7,100.0,134.7,83.3,111.3,16.32,B - Đạt
202411,EMP_1004,DVKD_001,VUNG_1,2055.53,10578.45,15181.57,19,272.22,11,118.0,114.8,121.6,111.8,125.7,110.0,119.31,9.31,B - Đạt
202411,EMP_1005,DVKD_001,VUNG_1,1591.11,9174.33,12745.16,18,205.39,7,106.2,99.8,98.2,105.9,104.5,100.0,102.16,13.83,B - Đạt
202411,EMP_1006,DVKD_001,VUNG_1,2326.64,13328.33,22538.52,26,374.22,13,115.5,107.5,125.4,123.8,97.9,130.0,115.95,13.74,B - Đạt
202411,EMP_1007,DVKD_001,VUNG_1,1417.24,8109.04,13475.51,15,298.54,11,101.4,101.0,91.1,107.1,99.1,110.0,97.96,5.57,B - Đạt
202411,EMP_1008,DVKD_001,VUNG_1,2300.85,15291.49,22086.65,28,428.59,10,159.6,155.5,162.0,164.7,128.8,125.0,155.72,34.61,A - Xuất sắc
202411,EMP_1009,DVKD_001,VUNG_1,1894.13,11505.44,17588.96,21,380.48,14,93.8,99.0,90.2,105.0,102.7,107.7,95.77,3.83,B - Đạt
202411,EMP_1010,DVKD_001,VUNG_1,1950.28,10552.18,17670.08,17,296.4,8,134.8,136.9,135.1,141.7,135.4,114.3,136.0,21.11,A - Xuất sắc
202411,EMP_1011,DVKD_001,VUNG_1,647.3,3415.35,7592.37,8,123.82,3,47.8,49.9,50.0,44.4,52.4,37.5,49.23,0.0,D - Không đạt
202411,EMP_1012,DVKD_001,VUNG_1,1540.36,7389.92,9798.83,16,245.71,7,94.1,90.8,89.8,106.7,100.6,87.5,94.34,2.24,B - Đạt
202411,EMP_1013,DVKD_001,VUNG_1,1724.47,9342.31,16085.1,11,274.43,11,101.2,94.3,105.6,91.7,84.9,110.0,98.31,3.63,B - Đạt
202411,EMP_1014,DVKD_001,VUNG_1,2303.68,11003.74,17646.77,25,363.7,11,113.1,111.1,114.9,113.6,102.4,110.0,111.88,8.32,B - Đạt
202411,EMP_1015,DVKD_002,VUNG_1,890.04,4575.55,5992.52,10,166.19,4,100.9,99.1,91.7,100.0,105.9,80.0,98.07,4.25,B - Đạt
202411,EMP_1016,DVKD_002,VUNG_1,1487.22,7007.9,10552.69,11,299.65,5,148.7,164.1,148.6,137.5,142.8,125.0,148.97,28.39,A - Xuất sắc
202411,EMP_1017,DVKD_002,VUNG_1,1381.79,6233.44,11220.24,12,221.94,10,144.1,147.6,135.7,120.0,161.4,166.7,141.87,34.02,A - Xuất sắc
202411,EMP_1018,DVKD_002,VUNG_1,1077.36,4541.28,7381.51,12,92.54,6,101.7,104.2,101.4,109.1,85.7,100.0,100.31,10.3,B - Đạt
202411,EMP_1019,DVKD_002,VUNG_1,1747.07,8297.25,14788.08,13,433.52,10,109.1,113.9,116.7,92.9,128.1,125.0,113.71,14.29,B - Đạt
202411,EMP_1020,DVKD_002,VUNG_1,976.61,5011.0,10921.7,12,255.8,5,113.6,104.5,117.0,120.0,135.8,125.0,117.39,10.71,B - Đạt
202411,EMP_1021,DVKD_002,VUNG_1,1056.42,7779.38,10150.03,13,169.42,5,77.9,82.2,71.8,81.2,82.6,71.4,77.45,0.0,C - Cần nỗ lực
202411,EMP_1022,DVKD_002,VUNG_1,1728.64,10373.25,11720.15,17,352.08,9,108.7,118.0,106.8,121.4,131.9,128.6,114.18,13.13,B - Đạt
202411,EMP_1023,DVKD_002,VUNG_1,1670.01,7512.94,11269.76,19,257.51,11,109.7,107.9,103.8,126.7,101.6,122.2,107.85,13.16,B - Đạt
202411,EMP_1024,DVKD_002,VUNG_1,969.72,6356.85,9652.88,9,189.3,7,117.5,108.4,110.7,128.6,135.0,116.7,117.49,16.22,B - Đạt
202411,EMP_1025,DVKD_002,VUNG_1,1840.22,12215.99,18729.26,14,309.89,11,86.1,93.1,93.8,82.4,93.0,100.0,90.51,3.22,B - Đạt
202411,EMP_1026,DVKD_003,VUNG_1,998.34,4221.79,8475.56,9,152.71,4,104.3,102.0,113.7,100.0,110.8,100.0,107.79,14.03,B - Đạt
202411,EMP_1027,DVKD_003,VUNG_1,1582.66,7187.42,14948.96,13,143.79,8,167.7,165.5,161.9,144.4,135.3,133.3,158.15,32.81,A - Xuất sắc
202411,EMP_1028,DVKD_003,VUNG_1,914.47,5054.55,8294.55,12,186.13,5,105.3,101.8,118.1,120.0,107.1,125.0,110.99,11.32,B - Đạt
202411,EMP_1029,DVKD_003,VUNG_1,1083.34,6088.81,12633.56,11,298.06,6,55.6,58.4,61.4,50.0,69.8,50.0,59.62,0.0,D - Không đạt
202411,EMP_1030,DVKD_003,VUNG_1,1266.93,7925.55,9721.85,12,344.35,5,91.5,98.5,84.7,92.3,109.1,71.4,92.89,4.67,B - Đạt
202411,EMP_1031,DVKD_003,VUNG_1,1975.61,10383.7,13607.39,17,197.79,8,113.4,114.5,112.1,121.4,101.6,100.0,112.14,14.55,B - Đạt
202411,EMP_1032,DVKD_003,VUNG_1,1522.79,8625.38,15137.5,10,332.53,8,94.8,100.9,97.3,83.3,103.6,100.0,96.76,5.25,B - Đạt
202411,EMP_1033,DVKD_003,VUNG_1,896.14,5058.02,9681.74,7,151.62,5,100.4,104.0,104.0,87.5,117.8,100.0,103.52,15.37,B - Đạt
202411,EMP_1034,DVKD_003,VUNG_1,1008.0,5751.63,6507.53,8,102.94,5,96.8,98.0,94.9,100.0,89.7,100.0,95.57,4.04,B - Đạt
202411,EMP_1035,DVKD_003,VUNG_1,1010.99,5580.42,11140.41,10,151.49,8,119.1,126.0,122.4,125.0,133.3,133.3,124.01,16.72,A - Xuất sắc
202411,EMP_1036,DVKD_004,VUNG_1,1086.51,5250.79,6520.28,8,203.16,5,102.8,98.0,99.9,100.0,111.1,100.0,102.03,16.18,B - Đạt
202411,EMP_1037,DVKD_004,VUNG_1,1447.67,7520.28,10324.96,10,240.15,7,139.5,130.2,136.5,142.9,136.6,140.0,136.96,19.18,A - Xuất sắc
202411,EMP_1038,DVKD_004,VUNG_1,897.2,4575.46,6106.24,7,140.7,5,91.7,97.6,85.7,87.5,95.1,100.0,90.58,3.7,B - Đạt
202411,EMP_1039,DVKD_004,VUNG_1,1703.0,7974.03,15773.12,16,296.1,8,105.0,102.8,117.1,88.9,100.9,114.3,106.68,14.22,B - Đạt
202411,EMP_1040,DVKD_004,VUNG_1,911.38,5469.56,7823.5,8,160.84,4,60.5,60.7,57.5,57.1,66.5,57.1,60.04,0.0,D - Không đạt
202411,EMP_1041,DVKD_004,VUNG_1,399.73,2353.61,3705.4,5,81.6,3,47.7,43.9,50.1,45.5,49.1,50.0,47.96,0.0,D - Không đạt
202411,EMP_1042,DVKD_004,VUNG_1,2317.0,12786.58,23768.08,28,472.68,17,116.0,111.7,113.0,112.0,113.3,130.8,113.5,9.83,B - Đạt
202411,EMP_1043,DVKD_004,VUNG_1,1942.66,11418.69,12443.05,18,343.98,10,113.5,118.6,103.5,120.0,109.7,100.0,110.84,8.89,B - Đạt
202411,EMP_1044,DVKD_004,VUNG_1,1590.76,8172.61,12131.03,17,241.29,6,100.6,100.3,102.6,121.4,130.2,100.0,107.77,10.08,B - Đạt
202411,EMP_1045,DVKD_004,VUNG_1,1586.04,8075.72,12846.39,17,216.59,10,100.0,103.6,106.7,113.3,100.6,100.0,104.3,9.47,B - Đạt
202411,EMP_1046,DVKD_004,VUNG_1,1474.27,6550.09,11530.32,13,271.12,8,92.1,92.5,85.3,86.7,103.9,88.9,91.01,4.77,B - Đạt
202411,EMP_1047,DVKD_004,VUNG_1,1850.85,7945.69,12621.81,12,306.04,12,115.3,112.3,103.1,100.0,111.3,133.3,108.45,13.93,B - Đạt
202411,EMP_1048,DVKD_005,VUNG_1,669.12,4346.2,6785.27,9,100.31,4,70.2,76.8,74.9,81.8,68.6,66.7,73.75,0.0,C - Cần nỗ lực
202411,EMP_1049,DVKD_005,VUNG_1,975.91,5363.01,7931.79,11,112.69,3,99.7,94.4,90.7,100.0,83.9,75.0,93.41,5.2,B - Đạt
202411,EMP_1050,DVKD_005,VUNG_1,830.96,4678.33,8859.72,8,121.01,5,89.5,94.7,96.1,88.9,103.2,100.0,94.59,2.98,B - Đạt
202411,EMP_1051,DVKD_005,VUNG_1,2410.35,10956.23,20078.01,21,472.69,12,108.5,100.1,111.4,116.7,104.0,120.0,108.4,16.72,B - Đạt
202411,EMP_1052,DVKD_005,VUNG_1,2240.12,10232.63,18870.02,21,369.14,13,124.5,137.6,132.1,131.2,121.0,130.0,129.27,9.79,A - Xuất sắc
202411,EMP_1053,DVKD_005,VUNG_1,1363.04,7245.43,12931.06,16,192.77,5,90.2,92.3,86.1,94.1,109.9,83.3,92.42,4.96,B - Đạt
202411,EMP_1054,DVKD_005,VUNG_1,1884.2,10436.69,18958.4,20,506.98,10,118.0,130.4,129.8,125.0,145.3,125.0,128.79,9.92,A - Xuất sắc
202411,EMP_1055,DVKD_005,VUNG_1,1832.8,8837.19,11271.15,15,409.82,8,113.3,100.9,104.2,100.0,132.4,88.9,109.79,11.65,B - Đạt
202411,EMP_1056,DVKD_005,VUNG_1,2006.23,10414.66,17828.03,17,393.56,15,103.1,97.8,99.9,100.0,101.7,107.1,100.66,11.77,B - Đạt
202411,EMP_1057,DVKD_005,VUNG_1,1558.86,8605.2,16438.22,15,241.53,11,112.0,99.9,114.5,115.4,111.7,122.2,111.35,10.83,B - Đạt
202411,EMP_1058,DVKD_005,VUNG_1,1017.56,5719.74,9999.71,12,220.38,6,117.7,115.4,112.7,120.0,107.9,120.0,114.37,10.28,B - Đạt
202411,EMP_1059,DVKD_006,VUNG_1,818.84,4949.72,5913.21,5,151.22,5,87.7,90.7,89.5,71.4,80.2,100.0,86.03,5.03,C - Cần nỗ lực
202411,EMP_1060,DVKD_006,VUNG_1,1003.24,5860.73,7679.64,10,196.83,6,104.9,102.9,114.3,100.0,98.2,120.0,106.39,12.87,B - Đạt
202411,EMP_1061,DVKD_006,VUNG_1,1121.21,5563.57,7101.96,8,199.84,8,103.8,115.3,107.7,114.3,119.2,133.3,110.25,13.32,B - Đạt
202411,EMP_1062,DVKD_006,VUNG_1,1982.73,9503.95,14745.74,19,461.42,10,87.7,88.3,88.9,95.0,99.6,76.9,90.72,3.18,B - Đạt
202411,EMP_1063,DVKD_006,VUNG_1,1403.94,7759.78,14660.12,13,227.6,7,96.2,94.3,96.1,86.7,119.9,100.0,98.48,5.32,B - Đạt
202411,EMP_1064,DVKD_006,VUNG_1,1679.26,9514.88,13371.82,15,177.24,10,103.5,107.3,94.6,107.1,88.7,111.1,99.09,5.34,B - Đạt
202411,EMP_1065,DVKD_006,VUNG_1,1778.67,7966.54,11049.74,14,374.06,11,103.9,109.4,101.5,87.5,118.4,122.2,104.42,15.14,B - Đạt
202411,EMP_1066,DVKD_006,VUNG_1,751.77,3829.07,7127.48,8,114.5,4,90.7,85.6,82.1,100.0,77.3,80.0,85.84,4.91,C - Cần nỗ lực
202411,EMP_1067,DVKD_006,VUNG_1,1351.02,8288.75,11832.52,15,253.79,7,89.0,95.9,86.6,107.1,76.7,100.0,89.16,2.07,C - Cần nỗ lực
202411,EMP_1068,DVKD_006,VUNG_1,946.75,5273.93,8208.39,8,132.79,4,61.8,64.2,57.7,61.5,48.9,57.1,58.76,0.0,D - Không đạt
202411,EMP_1069,DVKD_006,VUNG_1,1582.34,7046.43,11513.95,15,416.02,9,96.5,102.8,100.4,88.2,124.4,100.0,102.16,10.79,B - Đạt
202411,EMP_1070,DVKD_006,VUNG_1,1543.29,7600.65,14175.3,17,409.02,10,108.8,105.0,119.4,113.3,121.6,125.0,114.31,12.3,B - Đạt
202411,EMP_1071,DVKD_006,VUNG_1,3018.1,20290.39,28530.24,27,480.16,23,159.6,146.8,160.8,158.8,145.5,164.3,155.91,23.49,A - Xuất sắc
202411,EMP_1072,DVKD_006,VUNG_1,1003.95,6301.13,10735.02,11,200.87,6,106.3,116.6,118.2,122.2,106.9,120.0,113.69,16.46,B - Đạt
202411,EMP_1073,DVKD_007,VUNG_1,1170.11,4899.67,7163.72,11,183.44,4,109.1,100.6,103.2,100.0,129.9,80.0,107.97,14.27,B - Đạt
202411,EMP_1074,DVKD_007,VUNG_1,1018.1,5129.58,10055.05,13,208.12,4,125.3,120.8,121.7,118.2,127.1,100.0,122.92,12.53,A - Xuất sắc
202411,EMP_1075,DVKD_007,VUNG_1,1095.85,4600.66,7982.05,9,123.17,4,109.7,107.3,117.1,100.0,109.7,100.0,110.96,14.72,B - Đạt
202411,EMP_1076,DVKD_007,VUNG_1,1025.03,5281.93,8509.69,9,170.75,4,44.8,48.1,45.0,47.4,37.3,36.4,44.5,0.0,D - Không đạt
202411,EMP_1077,DVKD_007,VUNG_1,1140.84,4718.7,8886.68,9,145.17,5,65.3,67.5,64.9,69.2,65.6,62.5,65.92,0.0,D - Không đạt
202411,EMP_1078,DVKD_007,VUNG_1,1308.41,7056.8,11684.12,12,179.6,6,95.2,97.9,97.7,92.3,94.4,85.7,96.07,3.81,B - Đạt
202411,EMP_1079,DVKD_007,VUNG_1,1621.9,8521.85,10473.82,17,254.68,11,154.9,146.4,148.4,170.0,154.7,183.3,152.83,24.79,A - Xuất sắc
202411,EMP_1080,DVKD_007,VUNG_1,2197.47,9352.52,13569.8,13,515.41,15,134.6,133.2,120.8,108.3,154.6,150.0,129.93,15.16,A - Xuất sắc
202411,EMP_1081,DVKD_007,VUNG_1,1047.0,3913.73,8850.91,8,143.3,5,104.4,95.4,102.9,88.9,103.0,83.3,100.77,14.05,B - Đạt
202411,EMP_1082,DVKD_007,VUNG_1,3177.0,16274.94,27438.51,22,402.69,12,133.7,127.2,126.7,115.8,118.9,133.3,126.27,12.85,A - Xuất sắc
202411,EMP_1083,DVKD_008,VUNG_1,952.59,5129.27,8130.74,11,135.22,3,91.0,96.1,89.8,100.0,90.8,75.0,92.22,5.14,B - Đạt
202411,EMP_1084,DVKD_008,VUNG_1,1043.1,5200.96,9801.84,8,141.88,4,106.3,108.0,105.8,100.0,124.2,100.0,108.43,15.47,B - Đạt
202411,EMP_1085,DVKD_008,VUNG_1,974.91,6359.71,9622.53,13,208.72,6,107.3,116.5,109.6,118.2,101.2,120.0,109.66,13.94,B - Đạt
202411,EMP_1086,DVKD_008,VUNG_1,1756.06,7696.81,13517.16,21,224.83,12,101.5,100.9,108.3,116.7,118.6,120.0,107.87,15.76,B - Đạt
202411,EMP_1087,DVKD_008,VUNG_1,1409.66,6818.18,11684.44,12,338.34,9,88.6,93.1,94.8,92.3,115.1,90.0,95.79,5.31,B - Đạt
202411,EMP_1088,DVKD_008,VUNG_1,1800.38,7505.42,12794.73,14,294.58,8,109.1,101.6,98.6,116.7,120.9,100.0,106.83,16.92,B - Đạt
202411,EMP_1089,DVKD_008,VUNG_1,612.68,3307.85,4974.18,6,126.91,4,59.6,56.3,54.3,60.0,61.9,66.7,57.64,0.0,D - Không đạt
202411,EMP_1090,DVKD_008,VUNG_1,1425.88,7462.78,16313.61,20,365.42,9,96.7,105.9,107.0,117.6,110.8,112.5,105.89,12.99,B - Đạt
202411,EMP_1091,DVKD_008,VUNG_1,1733.75,8623.51,16726.71,19,233.06,7,108.7,102.2,112.6,111.8,103.0,87.5,108.54,10.36,B - Đạt
202411,EMP_1092,DVKD_008,VUNG_1,1977.93,9970.75,15955.41,16,259.04,10,142.7,136.4,143.9,123.1,145.8,125.0,140.68,31.17,A - Xuất sắc
202411,EMP_1093,DVKD_008,VUNG_1,3482.86,19284.27,23683.11,32,629.87,19,140.6,146.8,138.0,145.5,129.0,135.7,139.37,27.35,A - Xuất sắc
202411,EMP_1094,DVKD_008,VUNG_1,747.96,4222.94,6239.3,8,120.31,6,88.6,90.2,85.9,100.0,108.7,100.0,92.05,5.05,B - Đạt
202411,EMP_1095,DVKD_008,VUNG_1,1758.74,8402.43,12982.42,16,170.49,9,72.0,65.1,69.1,64.0,60.5,81.8,67.42,0.0,D - Không đạt
202411,EMP_1096,DVKD_009,VUNG_2,1018.48,5241.87,8890.79,9,138.36,4,103.7,92.0,108.1,90.0,113.2,100.0,103.54,16.47,B - Đạt
202411,EMP_1097,DVKD_009,VUNG_2,1049.1,3972.24,7647.62,10,188.92,4,102.6,96.6,100.2,100.0,99.9,80.0,100.19,15.55,B - Đạt
202411,EMP_1098,DVKD_009,VUNG_2,1355.39,6350.28,13657.22,13,276.0,8,162.6,147.1,162.4,144.4,148.2,160.0,156.22,24.09,A - Xuất sắc
202411,EMP_1099,DVKD_009,VUNG_2,2120.6,11244.51,16842.64,23,409.68,12,109.3,110.5,100.3,95.8,117.0,109.1,106.13,11.13,B - Đạt
202411,EMP_1100,DVKD_009,VUNG_2,1444.14,8129.82,12654.34,19,301.08,8,96.2,93.7,103.9,111.8,114.5,114.3,102.82,15.49,B - Đạt
202411,EMP_1101,DVKD_009,VUNG_2,1191.34,7232.42,11244.01,13,158.54,9,86.4,85.6,82.6,86.7,88.5,112.5,85.3,2.79,C - Cần nỗ lực
202411,EMP_1102,DVKD_009,VUNG_2,2042.99,13656.64,16856.95,21,316.69,8,99.5,105.1,96.6,116.7,117.4,88.9,103.73,10.45,B - Đạt
202411,EMP_1103,DVKD_009,VUNG_2,1571.71,10950.18,14302.69,15,280.89,6,113.0,116.4,113.7,115.4,91.7,85.7,110.8,13.16,B - Đạt
202411,EMP_1104,DVKD_009,VUNG_2,1121.27,5343.13,7771.69,10,99.85,5,66.9,70.4,71.0,62.5,54.3,55.6,66.53,0.0,D - Không đạt
202411,EMP_1105,DVKD_009,VUNG_2,1055.65,4563.34,8267.3,8,128.26,5,59.4,55.9,56.0,61.5,64.2,55.6,58.61,0.0,D - Không đạt
202411,EMP_1106,DVKD_009,VUNG_2,2398.2,13255.31,16656.94,20,369.53,13,146.3,157.5,150.7,166.7,181.5,130.0,156.84,26.81,A - Xuất sắc
202411,EMP_1107,DVKD_009,VUNG_2,1496.74,9256.52,13275.32,18,324.9,9,103.9,106.4,98.7,112.5,115.7,90.0,105.09,15.54,B - Đạt
202411,EMP_1108,DVKD_009,VUNG_2,1986.85,14121.28,17778.35,17,358.06,16,102.4,107.5,115.9,100.0,112.6,114.3,109.18,14.72,B - Đạt
202411,EMP_1109,DVKD_009,VUNG_2,1751.99,8143.39,13808.85,18,232.06,12,102.1,107.6,95.9,120.0,120.7,120.0,105.33,14.97,B - Đạt
202411,EMP_1110,DVKD_010,VUNG_2,890.74,4833.17,5934.1,9,196.81,6,87.7,93.9,89.8,90.0,99.5,100.0,91.36,3.55,B - Đạt
202411,EMP_1111,DVKD_010,VUNG_2,1013.89,4068.63,9096.72,8,180.7,5,96.7,92.9,97.6,100.0,100.3,83.3,97.31,3.37,B - Đạt
202411,EMP_1112,DVKD_010,VUNG_2,1205.85,6087.52,8325.21,11,182.52,6,111.9,111.4,115.2,122.2,135.3,100.0,117.52,15.99,B - Đạt
202411,EMP_1113,DVKD_010,VUNG_2,1966.4,10860.54,18730.48,20,313.29,9,90.0,91.5,89.4,80.0,78.5,100.0,87.29,3.24,C - Cần nỗ lực
202411,EMP_1114,DVKD_010,VUNG_2,2084.43,8483.09,14215.49,13,225.58,9,117.0,107.5,114.4,100.0,115.2,112.5,112.69,13.23,B - Đạt
202411,EMP_1115,DVKD_010,VUNG_2,1279.07,8373.19,13702.18,15,255.69,7,89.8,98.6,91.6,100.0,83.7,87.5,91.85,4.12,B - Đạt
202411,EMP_1116,DVKD_010,VUNG_2,2441.21,13210.92,14437.19,22,243.71,13,102.5,108.3,93.2,115.8,89.5,118.2,99.49,3.79,B - Đạt
202411,EMP_1117,DVKD_010,VUNG_2,1306.7,7926.78,11207.81,15,191.69,10,141.2,154.2,140.9,150.0,124.2,166.7,141.38,28.68,A - Xuất sắc
202411,EMP_1118,DVKD_010,VUNG_2,1547.68,7847.46,14596.06,19,369.9,10,109.9,105.3,106.9,111.8,129.4,125.0,111.28,16.57,B - Đạt
202411,EMP_1119,DVKD_010,VUNG_2,1753.29,11175.01,14356.74,19,433.99,9,111.9,120.4,107.4,126.7,135.0,128.6,116.55,11.78,B - Đạt
202411,EMP_1120,DVKD_011,VUNG_2,1175.2,5398.73,6966.83,12,147.8,7,112.2,104.7,102.7,120.0,119.1,140.0,109.56,16.55,B - Đạt
202411,EMP_1121,DVKD_011,VUNG_2,861.89,6128.45,8398.12,12,197.56,8,105.9,112.1,104.2,120.0,128.4,133.3,111.02,9.16,B - Đạt
202411,EMP_1122,DVKD_011,VUNG_2,879.99,4852.18,7655.9,12,135.94,7,107.5,110.1,106.0,120.0,108.4,116.7,108.75,15.58,B - Đạt
202411,EMP_1123,DVKD_011,VUNG_2,1620.53,9811.38,13683.6,21,247.79,11,112.1,121.7,117.0,116.7,126.2,122.2,117.83,12.25,B - Đạt
202411,EMP_1124,DVKD_011,VUNG_2,2165.92,10628.21,19161.38,18,250.94,11,90.7,94.5,97.7,90.0,75.7,91.7,91.4,5.15,B - Đạt
202411,EMP_1125,DVKD_011,VUNG_2,1656.6,9492.49,14140.0,16,339.71,8,108.3,114.2,111.6,106.7,115.4,114.3,111.24,13.18,B - Đạt
202411,EMP_1126,DVKD_011,VUNG_2,2197.34,10294.55,17297.45,21,565.83,14,96.4,102.4,91.0,84.0,119.6,107.7,97.65,3.03,B - Đạt
202411,EMP_1127,DVKD_011,VUNG_2,1991.52,11157.59,11143.67,14,256.41,9,112.3,113.6,99.2,116.7,131.4,112.5,111.22,15.23,B - Đạt
202411,EMP_1128,DVKD_011,VUNG_2,1886.49,9476.19,14683.69,21,269.33,10,127.1,130.4,131.7,140.0,152.4,142.9,134.29,33.75,A - Xuất sắc
202411,EMP_1129,DVKD_011,VUNG_2,1533.33,10100.88,17247.71,16,227.48,10,111.8,103.0,117.3,106.7,103.3,100.0,110.62,15.17,B - Đạt
202411,EMP_1130,DVKD_011,VUNG_2,1499.6,7047.94,13639.93,14,324.18,7,101.5,94.2,94.8,107.7,120.4,100.0,101.52,17.0,B - Đạt
202411,EMP_1131,DVKD_011,VUNG_2,1090.89,6784.93,9725.47,10,175.69,6,55.2,56.8,56.9,58.8,70.1,54.5,58.63,0.0,D - Không đạt
202411,EMP_1132,DVKD_011,VUNG_2,836.83,5147.04,8516.62,6,88.8,7,99.7,105.1,96.7,85.7,83.3,116.7,95.6,3.16,B - Đạt
202411,EMP_1133,DVKD_011,VUNG_2,1024.04,5314.44,10710.48,10,239.49,7,53.3,53.3,50.4,50.0,56.8,53.8,52.48,0.0,D - Không đạt
202411,EMP_1134,DVKD_012,VUNG_2,1346.05,7730.07,10990.36,12,272.97,5,134.2,129.3,129.4,133.3,144.9,125.0,133.3,24.2,A - Xuất sắc
202411,EMP_1135,DVKD_012,VUNG_2,1628.85,7474.24,10956.51,12,205.44,5,156.0,142.1,147.5,150.0,179.4,125.0,153.85,26.92,A - Xuất sắc
202411,EMP_1136,DVKD_012,VUNG_2,905.79,4455.29,9614.46,12,171.18,6,111.2,103.4,110.9,120.0,114.8,100.0,111.34,9.02,B - Đạt
202411,EMP_1137,DVKD_012,VUNG_2,2113.48,11493.53,22350.17,24,409.17,11,106.3,97.5,108.7,104.3,90.0,110.0,103.18,13.57,B - Đạt
202411,EMP_1138,DVKD_012,VUNG_2,2379.09,12415.53,17998.89,26,415.94,13,108.8,103.5,104.2,113.0,91.1,130.0,104.16,10.57,B - Đạt
202411,EMP_1139,DVKD_012,VUNG_2,1096.61,6166.63,9607.2,8,117.83,4,107.7,106.0,105.6,100.0,102.2,100.0,105.11,9.81,B - Đạt
202411,EMP_1140,DVKD_012,VUNG_2,1024.14,5209.46,9265.67,10,134.84,5,67.5,60.6,70.0,71.4,61.2,62.5,66.78,0.0,D - Không đạt
202411,EMP_1141,DVKD_012,VUNG_2,3469.51,14223.5,26535.4,35,420.75,20,139.8,146.3,135.2,159.1,147.9,153.8,142.31,26.43,A - Xuất sắc
202411,EMP_1142,DVKD_012,VUNG_2,1757.41,9345.17,15260.6,23,397.2,12,92.4,86.2,89.3,100.0,88.0,109.1,90.48,3.37,B - Đạt
202411,EMP_1143,DVKD_012,VUNG_2,1403.6,8143.68,11291.87,10,206.25,7,95.1,87.8,86.5,83.3,110.7,100.0,92.16,4.75,B - Đạt
202411,EMP_1144,DVKD_013,VUNG_2,465.47,2102.32,4146.48,4,92.15,2,49.8,50.1,52.4,50.0,63.4,50.0,52.81,0.0,D - Không đạt
202411,EMP_1145,DVKD_013,VUNG_2,1512.86,7428.36,13404.23,13,248.33,6,153.4,145.6,161.0,162.5,142.1,150.0,154.1,33.72,A - Xuất sắc
202411,EMP_1146,DVKD_013,VUNG_2,1230.74,7244.56,13896.73,13,241.98,8,147.2,154.4,149.4,144.4,129.7,133.3,146.14,33.89,A - Xuất sắc
202411,EMP_1147,DVKD_013,VUNG_2,2754.77,14652.37,23205.14,34,671.58,19,132.6,148.8,135.3,141.7,160.7,146.2,141.1,18.38,A - Xuất sắc
202411,EMP_1148,DVKD_013,VUNG_2,1385.42,7499.12,11036.94,14,284.41,9,91.0,102.5,94.9,100.0,92.8,100.0,95.26,5.24,B - Đạt
202411,EMP_1149,DVKD_013,VUNG_2,1438.16,6955.26,11609.79,12,286.3,11,93.9,95.6,89.6,80.0,89.2,110.0,90.55,4.52,B - Đạt
202411,EMP_1150,DVKD_013,VUNG_2,1470.09,7192.86,10007.55,14,279.78,7,94.7,88.0,87.4,93.3,84.5,77.8,89.47,2.15,C - Cần nỗ lực
202411,EMP_1151,DVKD_013,VUNG_2,1551.06,10195.97,15190.83,15,414.2,7,109.6,103.8,101.8,93.8,121.8,100.0,106.25,10.97,B - Đạt
202411,EMP_1152,DVKD_013,VUNG_2,1827.66,10322.24,14688.89,16,262.95,7,114.5,105.9,112.3,100.0,110.6,100.0,110.41,14.94,B - Đạt
202411,EMP_1153,DVKD_013,VUNG_2,2793.43,12692.9,19575.14,22,294.39,13,159.5,155.2,148.1,146.7,159.9,130.0,153.64,26.21,A - Xuất sắc
202411,EMP_1154,DVKD_013,VUNG_2,1482.47,8276.92,11647.47,16,336.99,7,89.2,88.5,87.7,88.9,96.6,77.8,89.65,4.72,C - Cần nỗ lực
202411,EMP_1155,DVKD_013,VUNG_2,2129.94,11183.9,19466.99,20,289.76,8,146.4,160.1,156.9,142.9,134.0,133.3,149.92,28.9,A - Xuất sắc
202411,EMP_1156,DVKD_013,VUNG_2,1693.15,9687.6,16688.06,19,167.25,7,99.3,107.6,108.9,118.8,83.5,100.0,103.48,15.64,B - Đạt
202411,EMP_1157,DVKD_014,VUNG_2,578.51,2803.42,6053.6,6,107.72,4,62.7,66.1,66.6,66.7,70.8,66.7,66.19,0.0,D - Không đạt
202411,EMP_1158,DVKD_014,VUNG_2,990.38,4872.46,8618.04,10,132.64,4,97.1,104.0,102.1,100.0,89.5,100.0,99.03,2.77,B - Đạt
202411,EMP_1159,DVKD_014,VUNG_2,950.42,5345.34,8095.78,9,149.91,4,101.3,102.3,103.6,90.0,106.2,100.0,101.86,15.74,B - Đạt
202411,EMP_1160,DVKD_014,VUNG_2,1815.72,8637.25,16896.73,15,410.76,7,104.8,99.5,113.1,115.4,131.8,100.0,112.02,11.67,B - Đạt
202411,EMP_1161,DVKD_014,VUNG_2,1555.84,7361.17,13531.76,14,173.02,7,89.9,88.4,90.6,87.5,87.5,77.8,89.32,4.51,C - Cần nỗ lực
202411,EMP_1162,DVKD_014,VUNG_2,1466.48,10299.39,13023.92,18,245.43,7,102.5,113.7,111.9,112.5,94.6,100.0,107.28,14.5,B - Đạt
202411,EMP_1163,DVKD_014,VUNG_2,1211.56,7604.04,11911.63,16,258.38,7,87.6,91.8,94.7,94.1,103.5,100.0,93.75,2.22,B - Đạt
202411,EMP_1164,DVKD_014,VUNG_2,2840.91,13437.97,19004.18,25,510.44,16,129.1,117.7,122.6,131.6,128.9,133.3,125.34,11.97,A - Xuất sắc
202411,EMP_1165,DVKD_014,VUNG_2,1350.25,7092.57,12855.06,14,254.15,8,160.6,154.4,159.3,155.6,196.4,160.0,164.09,20.17,A - Xuất sắc
202411,EMP_1166,DVKD_014,VUNG_2,2525.38,13599.18,22375.17,15,444.47,15,142.4,143.5,145.4,125.0,160.3,150.0,144.56,19.82,A - Xuất sắc
202411,EMP_1167,DVKD_014,VUNG_2,3264.62,21073.44,31588.39,44,925.39,22,162.6,155.6,156.9,176.0,190.4,169.2,165.06,33.88,A - Xuất sắc
202411,EMP_1168,DVKD_014,VUNG_2,1634.08,12080.32,17802.9,18,340.24,11,120.5,120.9,118.1,138.5,139.1,137.5,124.31,11.15,A - Xuất sắc
202411,EMP_1169,DVKD_014,VUNG_2,2025.2,11534.83,17717.33,17,345.13,18,146.2,141.5,162.2,141.7,134.7,180.0,148.92,30.33,A - Xuất sắc
202411,EMP_1170,DVKD_015,VUNG_2,755.31,3728.58,8497.45,9,95.05,5,92.7,83.0,90.8,100.0,75.8,83.3,88.78,4.04,C - Cần nỗ lực
202411,EMP_1171,DVKD_015,VUNG_2,784.83,4024.41,6394.99,7,143.53,4,95.6,84.9,98.2,100.0,86.3,100.0,93.95,3.21,B - Đạt
202411,EMP_1172,DVKD_015,VUNG_2,1206.7,5831.76,8345.61,12,252.94,7,130.9,117.6,115.7,150.0,152.7,116.7,128.76,14.89,A - Xuất sắc
202411,EMP_1173,DVKD_015,VUNG_2,1930.28,9366.99,14067.11,20,306.38,7,111.0,114.1,104.2,117.6,122.2,100.0,111.42,8.07,B - Đạt
202411,EMP_1174,DVKD_015,VUNG_2,1464.0,7402.0,15090.53,12,237.04,7,91.5,86.8,98.0,100.0,96.9,70.0,94.73,3.48,B - Đạt
202411,EMP_1175,DVKD_015,VUNG_2,1420.78,6930.17,13026.77,16,284.71,8,96.8,94.9,104.4,100.0,89.5,88.9,98.4,2.17,B - Đạt
202411,EMP_1176,DVKD_015,VUNG_2,1930.24,11580.41,17918.37,20,279.68,8,98.6,94.7,89.2,105.3,78.1,80.0,92.32,3.34,B - Đạt
202411,EMP_1177,DVKD_015,VUNG_2,1625.73,7818.27,14743.09,15,309.9,9,96.1,106.0,98.7,115.4,112.6,90.0,102.9,14.89,B - Đạt
202411,EMP_1178,DVKD_015,VUNG_2,2339.27,13677.25,18792.26,28,576.32,11,115.2,109.9,109.7,121.7,129.5,122.2,115.27,8.63,B - Đạt
202411,EMP_1179,DVKD_015,VUNG_2,1643.94,8063.39,12447.23,17,274.22,6,95.4,88.6,96.0,106.2,85.9,75.0,94.25,4.52,B - Đạt
202411,EMP_1180,DVKD_015,VUNG_2,2040.05,12166.71,15690.52,19,342.29,12,102.3,98.1,89.6,100.0,93.8,100.0,95.72,3.88,B - Đạt
202411,EMP_1181,DVKD_015,VUNG_2,2474.16,12147.78,21528.45,21,622.21,12,151.6,151.9,166.0,175.0,191.2,150.0,164.97,18.99,A - Xuất sắc
202411,EMP_1182,DVKD_015,VUNG_2,2474.27,10841.93,19187.05,17,276.05,12,102.9,95.1,104.0,85.0,79.8,85.7,96.86,4.82,B - Đạt
202411,EMP_1183,DVKD_015,VUNG_2,1475.81,9323.89,13181.54,19,347.94,10,103.5,109.1,94.2,105.6,127.0,100.0,104.82,8.08,B - Đạt
202411,EMP_1184,DVKD_016,VUNG_2,986.7,4554.18,7209.77,9,171.84,6,115.2,109.2,102.8,128.6,119.3,100.0,111.91,12.69,B - Đạt
202411,EMP_1185,DVKD_016,VUNG_2,939.17,5628.04,8757.97,10,146.75,6,105.4,99.7,106.0,125.0,90.6,100.0,104.5,10.75,B - Đạt
202411,EMP_1186,DVKD_016,VUNG_2,912.04,4264.24,6458.68,9,142.83,4,94.2,96.6,93.2,81.8,109.1,100.0,95.2,3.38,B - Đạt
202411,EMP_1187,DVKD_016,VUNG_2,2558.38,11927.54,16745.9,22,318.21,16,102.6,112.4,107.5,122.2,94.5,123.1,106.53,15.86,B - Đạt
202411,EMP_1188,DVKD_016,VUNG_2,1003.56,6328.96,7074.35,11,244.1,6,111.6,110.7,106.4,122.2,134.4,100.0,114.12,12.15,B - Đạt
202411,EMP_1189,DVKD_016,VUNG_2,515.28,3381.95,5172.41,5,115.11,3,58.1,60.3,61.2,71.4,59.1,60.0,61.0,0.0,D - Không đạt
202411,EMP_1190,DVKD_016,VUNG_2,1491.75,7893.07,11601.09,17,293.45,8,86.9,84.1,95.3,100.0,103.3,88.9,93.19,4.01,B - Đạt
202411,EMP_1191,DVKD_016,VUNG_2,3216.06,21558.93,26762.3,32,807.27,20,157.3,160.4,156.5,168.4,171.7,166.7,160.75,27.72,A - Xuất sắc
202411,EMP_1192,DVKD_016,VUNG_2,1520.58,9650.55,11247.51,17,330.82,8,107.9,102.7,102.9,113.3,108.6,80.0,106.02,15.12,B - Đạt
202411,EMP_1193,DVKD_016,VUNG_2,1270.43,6032.09,13146.91,13,224.68,6,87.4,83.7,85.2,92.9,101.1,85.7,88.68,3.54,C - Cần nỗ lực
202411,EMP_1194,DVKD_016,VUNG_2,1627.81,7341.5,12071.86,13,259.02,8,101.0,89.3,97.4,81.2,112.7,80.0,97.76,3.45,B - Đạt
202411,EMP_1195,DVKD_016,VUNG_2,1495.32,6952.54,10408.22,11,345.13,7,92.3,96.2,94.0,84.6,100.3,87.5,93.91,3.77,B - Đạt
202411,EMP_1196,DVKD_016,VUNG_2,2167.24,12177.32,20180.44,19,357.91,10,156.6,147.2,148.1,135.7,191.9,166.7,155.42,19.77,A - Xuất sắc
202411,EMP_1197,DVKD_016,VUNG_2,1371.47,8603.92,10950.91,11,203.81,6,95.8,92.7,90.6,84.6,96.8,75.0,92.54,5.6,B - Đạt
202411,EMP_1198,DVKD_017,VUNG_3,871.54,5378.28,7099.15,7,167.15,7,89.1,95.9,86.9,87.5,110.1,116.7,92.34,3.13,B - Đạt
202411,EMP_1199,DVKD_017,VUNG_3,1209.66,6569.5,11285.97,10,242.82,10,144.5,137.0,131.8,125.0,162.5,166.7,139.68,30.82,A - Xuất sắc
202411,EMP_1200,DVKD_017,VUNG_3,1038.97,4398.32,9278.32,9,129.56,6,110.8,100.6,103.8,100.0,88.2,120.0,102.35,8.89,B - Đạt
202411,EMP_1201,DVKD_017,VUNG_3,1142.55,4945.82,7547.27,10,138.02,7,65.1,68.2,69.1,62.5,70.4,70.0,67.5,0.0,D - Không đạt
202411,EMP_1202,DVKD_017,VUNG_3,2397.01,10995.74,25589.06,30,680.67,19,117.8,115.3,133.9,136.4,147.8,135.7,129.42,11.64,A - Xuất sắc
202411,EMP_1203,DVKD_017,VUNG_3,706.08,3469.5,5090.73,6,86.93,4,47.3,47.9,45.9,46.2,44.9,50.0,46.43,0.0,D - Không đạt
202411,EMP_1204,DVKD_017,VUNG_3,896.57,4744.33,7044.0,9,127.89,6,102.8,100.6,108.2,112.5,100.7,100.0,105.02,15.26,B - Đạt
202411,EMP_1205,DVKD_017,VUNG_3,1414.92,8976.16,13470.67,16,214.6,11,101.4,101.5,110.1,100.0,116.9,110.0,106.64,10.35,B - Đạt
202411,EMP_1206,DVKD_017,VUNG_3,1061.02,5436.13,8947.76,8,223.48,5,112.8,104.2,107.6,100.0,132.6,125.0,111.38,13.02,B - Đạt
202411,EMP_1207,DVKD_017,VUNG_3,1620.8,7407.21,12445.37,16,288.63,7,97.5,97.4,108.9,88.9,109.8,100.0,102.46,9.77,B - Đạt
202411,EMP_1208,DVKD_017,VUNG_3,985.74,5666.98,8147.75,11,134.87,4,95.6,107.2,96.7,110.0,83.4,100.0,97.33,5.55,B - Đạt
202411,EMP_1209,DVKD_018,VUNG_3,973.39,6920.64,7018.85,11,171.3,4,113.4,118.1,108.0,110.0,110.0,100.0,111.37,11.2,B - Đạt
202411,EMP_1210,DVKD_018,VUNG_3,1040.53,5193.26,8563.04,11,243.81,8,110.3,107.9,105.3,100.0,123.5,133.3,109.14,9.44,B - Đạt
202411,EMP_1211,DVKD_018,VUNG_3,1005.69,6202.12,8365.39,7,214.34,5,103.8,103.8,108.4,87.5,109.0,83.3,104.56,10.47,B - Đạt
202411,EMP_1212,DVKD_018,VUNG_3,1971.4,12561.61,18155.75,20,295.82,10,138.4,151.4,135.4,142.9,117.9,142.9,136.68,25.69,A - Xuất sắc
202411,EMP_1213,DVKD_018,VUNG_3,1036.28,6023.57,9290.92,9,208.76,5,109.0,113.6,106.3,112.5,130.2,125.0,112.28,12.57,B - Đạt
202411,EMP_1214,DVKD_018,VUNG_3,1771.71,7417.07,15657.29,19,340.88,9,105.3,100.9,107.8,118.8,113.9,112.5,108.16,10.96,B - Đạt
202411,EMP_1215,DVKD_018,VUNG_3,1471.8,6918.42,14046.93,14,228.4,9,96.1,94.1,97.9,100.0,88.1,100.0,95.62,4.59,B - Đạt
202411,EMP_1216,DVKD_018,VUNG_3,2416.4,10627.23,22250.91,26,384.77,12,142.1,133.5,146.1,152.9,134.3,150.0,142.12,26.06,A - Xuất sắc
202411,EMP_1217,DVKD_018,VUNG_3,789.61,4602.87,6954.56,9,94.34,5,86.7,82.4,91.4,100.0,76.6,83.3,87.52,2.32,C - Cần nỗ lực
202411,EMP_1218,DVKD_018,VUNG_3,1793.36,9533.18,14366.34,21,332.11,14,132.5,133.5,123.0,131.2,114.1,155.6,126.43,9.05,A - Xuất sắc
202411,EMP_1219,DVKD_018,VUNG_3,1196.84,8600.69,11166.73,11,206.68,7,139.9,148.9,152.1,137.5,139.5,140.0,145.22,18.55,A - Xuất sắc
202411,EMP_1220,DVKD_018,VUNG_3,1361.25,6137.49,8833.06,16,167.86,7,155.0,138.7,135.5,160.0,136.7,175.0,143.48,21.29,A - Xuất sắc
202411,EMP_1221,DVKD_018,VUNG_3,1834.26,6640.25,12295.77,12,188.53,6,103.9,93.8,90.8,92.3,106.5,100.0,97.03,3.78,B - Đạt
202411,EMP_1222,DVKD_018,VUNG_3,1572.78,7788.24,11986.28,16,192.59,7,94.4,95.7,103.2,100.0,105.8,87.5,99.95,2.99,B - Đạt
202411,EMP_1223,DVKD_019,VUNG_3,400.27,2571.83,4337.54,5,63.21,3,49.4,44.0,47.9,50.0,57.2,60.0,49.29,0.0,D - Không đạt
202411,EMP_1224,DVKD_019,VUNG_3,664.91,3451.0,5435.09,6,82.53,4,71.8,77.8,69.2,75.0,75.6,66.7,72.68,0.0,C - Cần nỗ lực
202411,EMP_1225,DVKD_019,VUNG_3,1034.17,4416.13,9040.21,8,127.9,7,106.0,105.8,104.3,88.9,97.8,116.7,102.44,14.41,B - Đạt
202411,EMP_1226,DVKD_019,VUNG_3,2228.44,10203.88,16801.48,22,225.56,14,139.9,138.5,145.2,129.4,117.9,140.0,137.19,25.25,A - Xuất sắc
202411,EMP_1227,DVKD_019,VUNG_3,1348.52,9815.59,13113.43,13,208.92,10,93.0,103.0,92.8,86.7,116.9,111.1,97.38,5.81,B - Đạt
202411,EMP_1228,DVKD_019,VUNG_3,1679.2,9259.53,12679.36,17,222.68,8,107.8,103.9,102.8,121.4,114.5,88.9,107.83,8.62,B - Đạt
202411,EMP_1229,DVKD_019,VUNG_3,2319.54,14918.45,20497.94,22,330.61,15,107.7,112.3,112.0,110.0,119.4,136.4,111.88,15.5,B - Đạt
202411,EMP_1230,DVKD_019,VUNG_3,1621.29,8025.35,11342.1,13,189.44,7,97.1,88.4,90.7,108.3,81.7,87.5,92.36,5.61,B - Đạt
202411,EMP_1231,DVKD_019,VUNG_3,1518.18,8290.99,12947.76,18,233.16,9,105.4,101.7,100.1,120.0,116.2,128.6,106.07,12.22,B - Đạt
202411,EMP_1232,DVKD_019,VUNG_3,1018.71,7837.79,10110.15,12,148.7,6,121.3,131.3,111.9,120.0,127.1,120.0,120.25,13.05,A - Xuất sắc
202411,EMP_1233,DVKD_019,VUNG_3,1636.57,7188.37,13288.17,18,265.88,8,95.9,94.2,93.4,100.0,116.9,80.0,98.33,5.76,B - Đạt
202411,EMP_1234,DVKD_020,VUNG_3,1036.04,4987.25,7755.67,10,127.1,6,103.3,103.3,106.6,100.0,108.4,100.0,104.89,12.76,B - Đạt
202411,EMP_1235,DVKD_020,VUNG_3,609.19,3304.46,5396.8,5,107.68,4,65.2,66.5,64.4,55.6,75.3,66.7,65.67,0.0,D - Không đạt
202411,EMP_1236,DVKD_020,VUNG_3,532.01,2705.38,4011.83,5,89.95,2,50.6,49.0,52.1,50.0,47.9,40.0,50.42,0.0,D - Không đạt
202411,EMP_1237,DVKD_020,VUNG_3,1764.75,11764.93,19381.74,21,405.23,8,123.3,118.6,131.6,123.5,128.0,100.0,126.22,14.22,A - Xuất sắc
202411,EMP_1238,DVKD_020,VUNG_3,2009.07,7822.37,13631.75,13,222.0,9,115.7,109.9,101.4,108.3,116.8,90.0,109.25,8.58,B - Đạt
202411,EMP_1239,DVKD_020,VUNG_3,1990.73,10384.56,14548.93,19,283.32,7,87.3,86.2,89.4,82.6,111.1,70.0,90.97,2.45,B - Đạt
202411,EMP_1240,DVKD_020,VUNG_3,2037.54,11001.7,14119.38,17,386.4,8,90.8,95.5,83.5,89.5,89.2,80.0,88.58,4.66,C - Cần nỗ lực
202411,EMP_1241,DVKD_020,VUNG_3,888.08,4758.69,7610.89,8,164.21,6,100.6,97.1,102.2,100.0,85.7,120.0,98.34,3.44,B - Đạt
202411,EMP_1242,DVKD_020,VUNG_3,3368.83,21425.41,24332.02,29,522.98,19,155.1,165.7,160.2,145.0,165.0,158.3,158.95,33.44,A - Xuất sắc
202411,EMP_1243,DVKD_020,VUNG_3,1647.3,8658.13,15136.26,17,257.78,9,97.7,108.1,104.7,113.3,94.0,112.5,102.71,8.41,B - Đạt
202411,EMP_1244,DVKD_020,VUNG_3,1516.89,6919.19,12302.69,16,161.16,5,97.2,93.1,95.5,100.0,86.6,83.3,94.68,2.89,B - Đạt
202411,EMP_1245,DVKD_020,VUNG_3,1623.02,8193.81,10213.96,15,218.66,7,91.1,94.1,85.9,88.2,76.9,87.5,87.31,5.62,C - Cần nỗ lực
202411,EMP_1246,DVKD_020,VUNG_3,1056.86,4385.56,6706.34,11,113.52,7,104.6,95.5,99.5,110.0,87.6,116.7,99.44,4.57,B - Đạt
202411,EMP_1247,DVKD_020,VUNG_3,1693.95,10046.87,12497.47,21,308.22,7,104.5,106.1,114.1,123.5,119.2,100.0,112.2,9.35,B - Đạt
202411,EMP_1248,DVKD_021,VUNG_3,972.86,4353.54,8514.21,9,130.29,4,98.1,104.3,107.9,90.0,88.0,100.0,100.14,14.04,B - Đạt
202411,EMP_1249,DVKD_021,VUNG_3,1145.68,7331.19,12586.63,12,147.42,6,131.7,145.2,138.5,150.0,115.8,150.0,135.55,30.78,A - Xuất sắc
202411,EMP_1250,DVKD_021,VUNG_3,1093.53,4136.4,9364.74,11,184.34,4,108.6,97.6,108.3,110.0,89.4,80.0,104.1,15.65,B - Đạt
202411,EMP_1251,DVKD_021,VUNG_3,1734.48,11250.01,16590.2,13,418.62,9,112.8,116.4,111.5,100.0,127.5,100.0,113.81,8.28,B - Đạt
202411,EMP_1252,DVKD_021,VUNG_3,2287.9,14461.9,19960.24,21,402.11,10,106.7,105.9,94.3,91.3,120.0,90.9,102.69,10.07,B - Đạt
202411,EMP_1253,DVKD_021,VUNG_3,1758.56,8354.85,14619.81,15,318.44,9,105.8,98.7,99.3,93.8,115.8,90.0,102.76,10.46,B - Đạt
202411,EMP_1254,DVKD_021,VUNG_3,937.8,5579.25,10044.89,10,126.35,6,110.3,111.7,118.4,111.1,108.4,100.0,113.14,15.13,B - Đạt
202411,EMP_1255,DVKD_021,VUNG_3,1637.34,7237.25,14724.64,18,332.76,7,110.0,104.4,113.4,105.9,121.7,116.7,111.69,15.65,B - Đạt
202411,EMP_1256,DVKD_021,VUNG_3,1078.55,4668.31,8995.68,11,119.62,5,60.3,58.6,62.4,73.3,51.1,71.4,60.7,0.0,D - Không đạt
202411,EMP_1257,DVKD_021,VUNG_3,896.01,4859.37,8354.24,9,118.36,4,53.7,59.1,55.0,56.2,54.3,57.1,55.31,0.0,D - Không đạt
202411,EMP_1258,DVKD_021,VUNG_3,1824.42,8553.11,13239.52,21,294.3,11,116.4,104.2,112.1,123.5,114.3,110.0,113.46,13.81,B - Đạt
202411,EMP_1259,DVKD_021,VUNG_3,1607.52,8560.93,10190.28,15,268.25,10,91.5,100.1,89.0,93.8,107.9,100.0,94.6,3.49,B - Đạt
202411,EMP_1260,DVKD_022,VUNG_3,1234.82,6439.39,9835.69,8,154.43,7,131.6,124.2,134.9,114.3,144.7,140.0,131.88,19.41,A - Xuất sắc
202411,EMP_1261,DVKD_022,VUNG_3,582.26,2835.84,4808.45,6,71.3,2,61.5,56.1,64.7,66.7,51.1,40.0,60.77,0.0,D - Không đạt
202411,EMP_1262,DVKD_022,VUNG_3,648.83,2913.49,4850.74,5,75.41,4,62.8,60.4,56.1,55.6,59.6,80.0,58.89,0.0,D - Không đạt
202411,EMP_1263,DVKD_022,VUNG_3,1147.59,7397.77,12291.5,15,272.22,8,57.5,62.5,63.8,62.5,63.3,57.1,61.82,0.0,D - Không đạt
202411,EMP_1264,DVKD_022,VUNG_3,1918.22,14224.87,21624.27,23,469.63,16,141.0,149.7,147.8,143.8,145.2,160.0,145.59,33.68,A - Xuất sắc
202411,EMP_1265,DVKD_022,VUNG_3,1657.53,9416.9,11810.66,12,227.06,7,101.3,109.2,103.0,92.3,89.1,100.0,100.35,10.99,B - Đạt
202411,EMP_1266,DVKD_022,VUNG_3,1638.64,6915.29,13883.96,10,321.42,8,94.4,84.8,98.0,83.3,98.5,88.9,93.73,2.76,B - Đạt
202411,EMP_1267,DVKD_022,VUNG_3,1279.95,6876.76,9471.17,15,257.53,7,137.7,141.4,133.9,150.0,139.2,140.0,138.38,26.51,A - Xuất sắc
202411,EMP_1268,DVKD_022,VUNG_3,1613.29,10132.96,17004.0,21,324.32,12,113.3,103.6,121.1,123.5,125.7,120.0,117.46,15.63,B - Đạt
202411,EMP_1269,DVKD_022,VUNG_3,1704.79,7697.69,16779.19,18,242.67,11,105.8,104.5,113.2,105.9,128.4,110.0,111.59,15.43,B - Đạt
202411,EMP_1270,DVKD_022,VUNG_3,992.43,5928.41,7146.44,8,123.14,5,96.3,101.1,90.5,88.9,82.7,100.0,92.21,3.17,B - Đạt
202411,EMP_1271,DVKD_022,VUNG_3,1807.52,7794.27,15029.98,18,239.77,10,103.4,104.6,102.5,120.0,94.0,100.0,103.51,11.37,B - Đạt
202411,EMP_1272,DVKD_022,VUNG_3,791.03,5006.93,8155.74,8,115.13,4,58.5,61.4,55.2,50.0,56.2,44.4,56.59,0.0,D - Không đạt
202411,EMP_1273,DVKD_022,VUNG_3,2784.45,15018.56,27068.79,32,613.33,16,140.0,143.8,136.8,152.4,128.1,160.0,138.91,21.23,A - Xuất sắc
202411,EMP_1274,DVKD_023,VUNG_3,1027.45,5118.3,6352.14,8,193.96,6,98.0,95.2,88.7,100.0,109.5,120.0,96.25,2.85,B - Đạt
202411,EMP_1275,DVKD_023,VUNG_3,1061.57,4240.65,7383.82,10,205.85,6,106.5,98.7,98.3,111.1,99.1,120.0,101.81,10.45,B - Đạt
202411,EMP_1276,DVKD_023,VUNG_3,1149.18,5998.14,6809.19,8,149.66,5,106.6,114.7,102.2,100.0,92.6,125.0,103.52,13.59,B - Đạt
202411,EMP_1277,DVKD_023,VUNG_3,1694.84,11015.37,15726.63,21,211.08,8,111.8,110.3,117.8,116.7,94.9,88.9,111.63,14.72,B - Đạt
202411,EMP_1278,DVKD_023,VUNG_3,1473.46,8606.87,11204.86,11,134.93,7,93.2,92.7,80.3,84.6,73.1,100.0,84.73,3.96,C - Cần nỗ lực
202411,EMP_1279,DVKD_023,VUNG_3,2561.79,12508.89,21462.79,19,317.16,11,105.0,99.6,106.8,90.5,84.1,100.0,100.23,15.7,B - Đạt
202411,EMP_1280,DVKD_023,VUNG_3,1730.67,10248.89,14306.07,13,248.45,10,109.8,104.9,113.1,92.9,86.5,111.1,105.03,10.79,B - Đạt
202411,EMP_1281,DVKD_023,VUNG_3,1784.81,8759.34,14851.32,14,387.58,10,107.8,110.9,106.9,93.3,126.2,100.0,109.26,14.69,B - Đạt
202411,EMP_1282,DVKD_023,VUNG_3,1350.43,8545.27,15825.13,15,308.14,7,98.3,106.6,106.3,88.2,111.4,77.8,103.3,16.49,B - Đạt
202411,EMP_1283,DVKD_023,VUNG_3,1361.18,9557.6,12260.97,15,160.18,8,96.3,100.4,92.5,107.1,76.3,100.0,93.66,5.63,B - Đạt
202411,EMP_1284,DVKD_023,VUNG_3,2169.05,12272.88,26266.27,31,478.54,15,113.0,105.3,122.6,124.0,138.3,136.4,120.1,14.72,A - Xuất sắc
202411,EMP_1285,DVKD_023,VUNG_3,1120.86,5310.65,7300.46,10,147.58,7,51.6,54.6,47.6,45.5,58.4,53.8,51.06,0.0,D - Không đạt
202411,EMP_1286,DVKD_023,VUNG_3,1896.26,10927.83,15535.78,14,257.61,11,109.0,114.4,119.7,100.0,96.3,122.2,110.75,13.92,B - Đạt
202411,EMP_1287,DVKD_024,VUNG_3,949.94,4463.46,9414.6,8,114.16,6,103.0,101.1,104.8,100.0,83.7,120.0,100.15,15.09,B - Đạt
202411,EMP_1288,DVKD_024,VUNG_3,989.26,4297.5,9766.68,9,140.15,6,97.6,103.9,109.4,100.0,88.0,120.0,101.48,9.88,B - Đạt
202411,EMP_1289,DVKD_024,VUNG_3,746.85,4205.24,5184.61,7,99.38,2,69.7,71.2,74.0,70.0,58.0,50.0,69.7,0.0,D - Không đạt
202411,EMP_1290,DVKD_024,VUNG_3,997.76,4386.77,10732.08,10,187.73,5,64.9,64.4,70.2,62.5,62.4,50.0,66.06,0.0,D - Không đạt
202411,EMP_1291,DVKD_024,VUNG_3,1497.01,6488.73,12586.3,13,184.5,8,98.3,90.7,86.0,92.9,93.1,88.9,91.54,3.75,B - Đạt
202411,EMP_1292,DVKD_024,VUNG_3,1016.31,6259.77,7182.13,10,121.7,6,106.6,109.9,100.1,125.0,109.7,100.0,107.12,9.55,B - Đạt
202411,EMP_1293,DVKD_024,VUNG_3,2780.59,18190.39,21810.21,32,365.19,16,139.0,133.2,132.8,133.3,117.9,160.0,132.23,18.45,A - Xuất sắc
202411,EMP_1294,DVKD_024,VUNG_3,1479.87,8528.9,15023.27,11,268.74,11,98.9,98.0,108.7,84.6,122.6,110.0,104.32,11.53,B - Đạt
202411,EMP_1295,DVKD_024,VUNG_3,1437.38,8589.6,12358.3,11,156.87,9,62.0,63.9,58.4,64.7,63.3,69.2,61.49,0.0,D - Không đạt
202411,EMP_1296,DVKD_024,VUNG_3,2008.45,10534.21,12607.35,17,437.07,8,117.1,107.7,109.8,130.8,133.1,114.3,116.91,13.78,B - Đạt
202411,EMP_1297,DVKD_024,VUNG_3,1782.69,9287.68,16054.03,14,203.54,9,110.1,107.1,104.9,107.7,95.1,112.5,105.34,13.38,B - Đạt
202411,EMP_1298,DVKD_024,VUNG_3,1009.48,7072.91,9249.51,13,273.68,7,74.6,82.6,76.6,86.7,85.8,70.0,79.39,0.0,C - Cần nỗ lực
202412,EMP_1001,DVKD_001,VUNG_1,456.98,2700.28,4715.93,5,65.05,3,55.3,51.4,56.5,55.6,54.7,50.0,55.07,0.0,D - Không đạt
202412,EMP_1002,DVKD_001,VUNG_1,882.38,4453.66,8123.0,9,151.2,5,100.8,94.9,91.1,90.0,110.1,100.0,96.83,3.45,B - Đạt
202412,EMP_1003,DVKD_001,VUNG_1,447.26,2865.27,3320.21,5,99.02,3,51.4,51.7,46.0,50.0,55.5,50.0,50.03,0.0,D - Không đạt
202412,EMP_1004,DVKD_001,VUNG_1,1921.91,10331.92,15042.06,13,205.11,9,112.7,111.2,123.9,108.3,94.3,112.5,113.19,8.56,B - Đạt
202412,EMP_1005,DVKD_001,VUNG_1,1843.09,10320.03,16748.18,17,192.6,9,110.6,108.8,110.8,113.3,98.4,90.0,108.84,15.65,B - Đạt
202412,EMP_1006,DVKD_001,VUNG_1,3267.04,20192.55,23660.23,34,725.26,17,145.3,144.3,140.9,170.0,152.7,154.5,147.19,18.3,A - Xuất sắc
202412,EMP_1007,DVKD_001,VUNG_1,1826.6,9692.71,15189.71,17,306.77,11,128.8,130.4,133.1,113.3,126.9,110.0,128.71,15.7,A - Xuất sắc
202412,EMP_1008,DVKD_001,VUNG_1,1511.64,9040.18,13945.2,14,193.49,6,93.2,102.7,104.5,100.0,103.0,75.0,100.73,9.8,B - Đạt
202412,EMP_1009,DVKD_001,VUNG_1,1995.75,12989.49,20878.8,23,451.12,9,95.7,98.6,96.6,95.8,110.5,90.0,98.68,5.87,B - Đạt
202412,EMP_1010,DVKD_001,VUNG_1,2481.9,13160.25,18143.93,23,296.45,12,147.1,133.7,155.2,153.3,143.0,120.0,147.93,23.92,A - Xuất sắc
202412,EMP_1011,DVKD_001,VUNG_1,2262.52,9419.85,17119.02,17,382.41,12,141.1,130.6,135.4,121.4,111.1,120.0,131.06,29.05,A - Xuất sắc
202412,EMP_1012,DVKD_001,VUNG_1,1413.05,7459.54,10548.74,14,266.8,9,88.0,92.0,90.1,100.0,94.7,100.0,91.54,5.07,B - Đạt
202412,EMP_1013,DVKD_001,VUNG_1,2414.74,12011.68,20425.38,23,499.02,15,138.0,137.7,138.6,143.8,164.1,150.0,142.66,24.77,A - Xuất sắc
202412,EMP_1014,DVKD_001,VUNG_1,2434.35,10289.27,18967.52,24,452.1,17,103.5,96.8,109.8,114.3,124.9,121.4,108.99,16.73,B - Đạt
202412,EMP_1015,DVKD_002,VUNG_1,1000.76,4678.03,7414.09,10,118.44,6,104.2,94.1,93.8,111.1,82.2,100.0,96.43,2.16,B - Đạt
202412,EMP_1016,DVKD_002,VUNG_1,811.16,4590.95,7099.73,8,145.41,6,99.7,106.4,98.4,100.0,90.9,100.0,98.96,4.44,B - Đạt
202412,EMP_1017,DVKD_002,VUNG_1,793.07,4279.93,6864.36,7,120.56,5,90.3,81.6,95.5,87.5,71.6,83.3,87.73,4.37,C - Cần nỗ lực
202412,EMP_1018,DVKD_002,VUNG_1,971.13,4750.19,5828.15,7,102.39,4,90.5,90.8,84.2,87.5,96.6,100.0,88.95,4.61,C - Cần nỗ lực
202412,EMP_1019,DVKD_002,VUNG_1,1288.34,7935.86,13461.63,17,300.43,8,93.4,102.4,96.6,106.2,117.1,100.0,100.7,9.56,B - Đạt
202412,EMP_1020,DVKD_002,VUNG_1,571.94,3259.69,5553.53,5,93.03,3,55.2,59.6,60.4,45.5,67.9,60.0,58.61,0.0,D - Không đạt
202412,EMP_1021,DVKD_002,VUNG_1,1061.4,5404.14,9526.46,14,116.43,6,73.1,78.2,78.3,77.8,62.1,75.0,74.5,0.0,C - Cần nỗ lực
202412,EMP_1022,DVKD_002,VUNG_1,1349.97,9126.17,15124.39,13,340.65,9,99.4,108.0,111.5,92.9,102.4,90.0,104.73,10.21,B - Đạt
202412,EMP_1023,DVKD_002,VUNG_1,794.71,3439.54,7496.31,7,97.41,5,50.9,49.8,54.6,46.7,41.9,55.6,50.26,0.0,D - Không đạt
202412,EMP_1024,DVKD_002,VUNG_1,1316.86,7943.84,13361.37,16,171.74,6,147.9,144.3,159.0,160.0,126.1,150.0,149.19,34.55,A - Xuất sắc
202412,EMP_1025,DVKD_002,VUNG_1,2031.13,10874.05,14631.2,19,259.42,15,89.0,85.6,90.7,90.5,85.8,107.1,88.75,2.44,C - Cần nỗ lực
202412,EMP_1026,DVKD_003,VUNG_1,806.58,5761.55,9323.77,9,207.27,4,98.6,98.1,99.8,100.0,101.6,100.0,99.53,4.78,B - Đạt
202412,EMP_1027,DVKD_003,VUNG_1,1126.85,5644.38,9685.83,10,183.28,6,105.8,109.5,117.2,125.0,90.1,100.0,109.91,15.7,B - Đạt
202412,EMP_1028,DVKD_003,VUNG_1,963.81,4894.3,9328.53,9,167.22,6,93.3,95.5,100.5,90.0,96.6,100.0,96.31,3.75,B - Đạt
202412,EMP_1029,DVKD_003,VUNG_1,1898.7,8819.43,13250.46,18,370.8,12,88.6,87.2,87.5,85.7,110.9,100.0,91.06,5.1,B - Đạt
202412,EMP_1030,DVKD_003,VUNG_1,1207.13,8240.32,11744.27,16,266.93,8,89.3,94.0,92.0,88.9,106.6,100.0,93.5,3.21,B - Đạt
202412,EMP_1031,DVKD_003,VUNG_1,1354.95,8209.01,12682.71,12,288.98,6,86.5,89.0,91.1,75.0,84.1,75.0,86.97,3.24,C - Cần nỗ lực
202412,EMP_1032,DVKD_003,VUNG_1,1762.06,7369.6,13156.49,13,211.26,10,101.8,94.6,90.0,92.9,96.0,111.1,94.83,2.54,B - Đạt
202412,EMP_1033,DVKD_003,VUNG_1,786.08,4937.59,7885.6,9,132.89,5,87.7,83.2,94.2,100.0,78.2,83.3,89.11,4.1,C - Cần nỗ lực
202412,EMP_1034,DVKD_003,VUNG_1,447.23,2315.52,4331.29,5,60.04,3,53.5,55.4,54.9,62.5,48.9,60.0,54.49,0.0,D - Không đạt
202412,EMP_1035,DVKD_003,VUNG_1,1442.72,5078.8,9613.95,14,219.11,5,134.6,120.9,125.1,140.0,118.4,125.0,127.33,12.95,A - Xuất sắc
202412,EMP_1036,DVKD_004,VUNG_1,1014.38,6203.67,11428.53,14,174.4,6,123.4,114.6,128.7,140.0,104.9,100.0,122.82,8.92,A - Xuất sắc
202412,EMP_1037,DVKD_004,VUNG_1,1272.54,6467.6,9664.65,11,160.69,8,131.3,127.6,137.3,122.2,128.6,133.3,131.53,22.95,A - Xuất sắc
202412,EMP_1038,DVKD_004,VUNG_1,949.3,5445.15,7466.52,9,149.31,5,92.3,95.3,101.3,90.0,110.5,100.0,98.4,2.36,B - Đạt
202412,EMP_1039,DVKD_004,VUNG_1,1828.11,8820.98,11562.37,15,294.75,11,107.5,105.3,105.9,93.8,109.8,110.0,105.58,16.5,B - Đạt
202412,EMP_1040,DVKD_004,VUNG_1,832.52,3633.29,5891.17,8,74.75,5,49.0,46.5,53.0,44.4,42.5,50.0,48.59,0.0,D - Không đạt
202412,EMP_1041,DVKD_004,VUNG_1,1179.3,5471.32,9725.85,8,235.31,5,128.0,129.5,112.3,114.3,152.3,125.0,125.0,16.02,A - Xuất sắc
202412,EMP_1042,DVKD_004,VUNG_1,2688.78,11626.49,22978.53,22,423.24,12,108.9,96.8,112.8,110.0,116.5,120.0,109.7,13.96,B - Đạt
202412,EMP_1043,DVKD_004,VUNG_1,1225.54,7866.24,11527.94,8,201.82,5,74.5,82.2,84.5,66.7,85.3,71.4,80.0,2.92,C - Cần nỗ lực
202412,EMP_1044,DVKD_004,VUNG_1,1562.26,9878.76,13190.85,17,340.59,7,106.6,113.1,118.3,100.0,129.0,87.5,114.37,9.17,B - Đạt
202412,EMP_1045,DVKD_004,VUNG_1,1679.95,7599.6,15619.01,14,320.5,7,105.3,107.8,109.0,107.7,96.6,87.5,105.9,10.63,B - Đạt
202412,EMP_1046,DVKD_004,VUNG_1,828.9,4985.66,7260.97,7,135.08,4,56.3,53.3,57.2,50.0,48.2,57.1,54.32,0.0,D - Không đạt
202412,EMP_1047,DVKD_004,VUNG_1,1401.88,7971.83,14176.77,9,231.25,8,91.7,89.9,96.2,75.0,102.8,88.9,93.0,4.39,B - Đạt
202412,EMP_1048,DVKD_005,VUNG_1,1005.32,4947.55,7609.69,7,124.65,5,95.7,88.1,89.1,87.5,90.5,100.0,90.65,5.72,B - Đạt
202412,EMP_1049,DVKD_005,VUNG_1,1513.2,8754.92,9761.09,17,297.61,5,140.6,146.2,135.6,154.5,165.6,125.0,144.83,27.76,A - Xuất sắc
202412,EMP_1050,DVKD_005,VUNG_1,553.95,3107.44,5531.82,5,117.3,3,66.6,60.7,65.5,55.6,80.2,75.0,66.27,0.0,D - Không đạt
202412,EMP_1051,DVKD_005,VUNG_1,1529.58,7396.28,9023.47,11,254.33,7,61.6,57.8,54.0,55.0,57.0,58.3,57.02,0.0,D - Không đạt
202412,EMP_1052,DVKD_005,VUNG_1,1771.61,9042.07,17129.43,20,272.89,8,106.9,117.6,110.8,125.0,93.9,88.9,109.73,9.21,B - Đạt
202412,EMP_1053,DVKD_005,VUNG_1,1332.08,8219.87,12117.76,14,164.87,8,98.3,102.1,104.9,87.5,86.4,80.0,98.31,4.51,B - Đạt
202412,EMP_1054,DVKD_005,VUNG_1,1280.32,7313.32,12429.47,17,313.74,8,86.7,89.2,90.8,100.0,104.1,100.0,92.45,4.61,B - Đạt
202412,EMP_1055,DVKD_005,VUNG_1,2006.86,10719.22,18745.97,18,323.12,11,130.5,144.1,122.7,112.5,125.7,157.1,127.29,13.46,A - Xuất sắc
202412,EMP_1056,DVKD_005,VUNG_1,2702.69,20614.58,31085.58,32,546.46,19,142.0,151.7,146.9,139.1,121.2,158.3,141.76,31.19,A - Xuất sắc
202412,EMP_1057,DVKD_005,VUNG_1,2029.19,12375.87,19386.59,27,214.25,11,128.6,125.2,143.8,150.0,117.4,157.1,133.87,31.56,A - Xuất sắc
202412,EMP_1058,DVKD_005,VUNG_1,1127.34,5523.47,8205.8,10,168.63,5,104.9,101.3,100.0,111.1,104.2,83.3,103.16,11.02,B - Đạt
202412,EMP_1059,DVKD_006,VUNG_1,611.5,3347.58,4060.09,4,69.03,3,61.3,57.9,55.7,50.0,60.2,60.0,57.53,0.0,D - Không đạt
202412,EMP_1060,DVKD_006,VUNG_1,1264.5,6865.43,8929.35,10,205.74,6,119.8,121.8,118.0,125.0,127.5,120.0,121.14,13.84,A - Xuất sắc
202412,EMP_1061,DVKD_006,VUNG_1,1319.43,6699.88,12771.01,11,215.06,6,137.2,141.4,145.4,137.5,123.5,150.0,138.68,21.72,A - Xuất sắc
202412,EMP_1062,DVKD_006,VUNG_1,2831.86,12364.84,24718.16,31,631.98,11,122.9,127.9,113.4,129.2,154.3,110.0,125.66,13.62,A - Xuất sắc
202412,EMP_1063,DVKD_006,VUNG_1,1290.51,6735.8,15270.41,15,215.53,8,95.0,89.5,100.8,93.8,83.4,80.0,94.34,2.0,B - Đạt
202412,EMP_1064,DVKD_006,VUNG_1,1080.97,5734.26,10194.35,10,250.22,6,71.4,74.6,77.8,62.5,79.9,60.0,74.5,0.0,C - Cần nỗ lực
202412,EMP_1065,DVKD_006,VUNG_1,869.6,4920.98,5786.05,8,107.53,5,52.5,54.8,50.5,50.0,51.3,62.5,51.71,0.0,D - Không đạt
202412,EMP_1066,DVKD_006,VUNG_1,827.73,4733.0,7139.5,10,150.14,3,100.1,98.0,106.7,111.1,106.8,75.0,104.2,11.76,B - Đạt
202412,EMP_1067,DVKD_006,VUNG_1,1939.6,12615.32,15121.9,20,284.73,11,131.7,131.3,115.1,142.9,115.5,110.0,124.52,15.02,A - Xuất sắc
202412,EMP_1068,DVKD_006,VUNG_1,1579.86,9031.97,14497.25,13,160.91,8,110.4,115.1,100.4,92.9,91.7,114.3,103.05,16.78,B - Đạt
202412,EMP_1069,DVKD_006,VUNG_1,2014.7,14555.16,16780.44,20,263.34,10,148.6,158.3,150.4,133.3,148.0,125.0,149.06,19.08,A - Xuất sắc
202412,EMP_1070,DVKD_006,VUNG_1,1821.79,11078.85,12395.23,21,285.28,9,106.2,114.2,114.5,123.5,107.5,128.6,112.23,8.6,B - Đạt
202412,EMP_1071,DVKD_006,VUNG_1,1968.29,7826.32,13819.78,16,229.97,12,79.5,80.3,82.7,80.0,75.8,85.7,80.23,2.73,C - Cần nỗ lực
202412,EMP_1072,DVKD_006,VUNG_1,1007.32,4976.08,8276.41,13,187.48,6,110.7,115.0,103.3,130.0,108.4,120.0,110.34,14.11,B - Đạt
202412,EMP_1073,DVKD_007,VUNG_1,1166.58,5820.71,8517.01,7,115.6,5,112.6,110.3,104.2,100.0,90.5,125.0,104.74,15.94,B - Đạt
202412,EMP_1074,DVKD_007,VUNG_1,871.11,4377.49,9347.05,9,125.03,5,103.5,99.6,106.2,112.5,115.7,100.0,106.59,9.44,B - Đạt
202412,EMP_1075,DVKD_007,VUNG_1,875.24,5106.92,8213.02,9,263.85,6,107.2,111.4,118.4,112.5,129.3,100.0,115.59,15.32,B - Đạt
202412,EMP_1076,DVKD_007,VUNG_1,2732.67,15535.26,23212.4,25,408.44,20,121.6,122.9,132.0,104.2,105.9,142.9,121.34,13.22,A - Xuất sắc
202412,EMP_1077,DVKD_007,VUNG_1,2573.34,10293.01,20810.07,18,217.71,16,144.1,148.5,150.9,120.0,119.3,160.0,141.01,22.2,A - Xuất sắc
202412,EMP_1078,DVKD_007,VUNG_1,1445.91,9663.74,13472.57,19,262.24,6,92.8,99.3,87.8,105.6,90.2,85.7,92.91,5.31,B - Đạt
202412,EMP_1079,DVKD_007,VUNG_1,851.11,4703.16,8192.89,7,110.75,5,96.3,88.9,88.8,100.0,82.0,100.0,90.79,5.27,B - Đạt
202412,EMP_1080,DVKD_007,VUNG_1,2312.84,13368.39,22816.07,16,318.31,15,142.6,148.2,149.7,123.1,166.8,166.7,147.6,28.59,A - Xuất sắc
202412,EMP_1081,DVKD_007,VUNG_1,1387.26,5627.72,10561.26,12,245.48,7,141.5,130.5,131.1,133.3,143.5,140.0,135.69,25.04,A - Xuất sắc
202412,EMP_1082,DVKD_007,VUNG_1,2135.21,13140.7,17515.06,23,543.9,10,103.2,99.0,102.9,115.0,112.1,100.0,104.98,9.06,B - Đạt
202412,EMP_1083,DVKD_008,VUNG_1,992.61,5962.2,8719.89,10,233.17,4,116.0,106.4,115.5,125.0,137.4,100.0,118.49,15.07,B - Đạt
202412,EMP_1084,DVKD_008,VUNG_1,915.48,4408.09,6980.63,9,91.18,4,91.7,91.7,97.5,90.0,78.8,80.0,91.62,2.99,B - Đạt
202412,EMP_1085,DVKD_008,VUNG_1,837.56,5260.86,6386.65,8,153.04,4,98.8,102.7,97.2,114.3,100.6,80.0,100.65,8.77,B - Đạt
202412,EMP_1086,DVKD_008,VUNG_1,1637.87,9000.66,11925.24,12,223.1,11,96.9,92.9,93.5,92.3,94.2,110.0,94.25,3.16,B - Đạt
202412,EMP_1087,DVKD_008,VUNG_1,716.61,3923.8,5861.3,8,140.23,3,47.3,49.2,52.6,44.4,47.7,42.9,49.21,0.0,D - Không đạt
202412,EMP_1088,DVKD_008,VUNG_1,1329.2,8789.49,13407.5,15,332.65,9,91.4,96.3,87.3,100.0,105.1,112.5,93.61,2.02,B - Đạt
202412,EMP_1089,DVKD_008,VUNG_1,805.29,5016.58,8535.28,7,102.13,5,97.7,98.5,105.0,77.8,82.5,100.0,96.1,4.11,B - Đạt
202412,EMP_1090,DVKD_008,VUNG_1,686.21,4051.09,5851.89,7,72.77,4,47.5,46.6,47.7,46.7,39.4,50.0,46.14,0.0,D - Không đạt
202412,EMP_1091,DVKD_008,VUNG_1,1110.92,6646.22,8161.89,14,216.61,8,75.6,72.4,69.0,87.5,93.8,80.0,76.73,0.0,C - Cần nỗ lực
202412,EMP_1092,DVKD_008,VUNG_1,1623.17,7375.0,10697.7,12,268.71,10,92.1,85.1,86.7,80.0,97.6,111.1,88.77,5.87,C - Cần nỗ lực
202412,EMP_1093,DVKD_008,VUNG_1,2713.84,14441.33,20688.37,25,459.39,16,114.6,105.4,106.6,119.0,130.7,123.1,113.28,14.97,B - Đạt
202412,EMP_1094,DVKD_008,VUNG_1,803.57,5095.52,6986.3,9,153.77,4,90.2,93.3,85.7,100.0,105.5,100.0,92.37,5.27,B - Đạt
202412,EMP_1095,DVKD_008,VUNG_1,2211.59,14289.72,20672.83,20,407.81,13,108.5,106.1,103.8,95.2,102.3,108.3,104.23,8.81,B - Đạt
202412,EMP_1096,DVKD_009,VUNG_2,946.25,6553.15,7997.93,10,238.95,7,103.2,110.8,105.8,111.1,128.4,116.7,109.82,13.35,B - Đạt
202412,EMP_1097,DVKD_009,VUNG_2,1049.31,5310.74,9219.47,9,130.07,3,97.3,98.1,103.3,90.0,113.8,75.0,101.26,13.98,B - Đạt
202412,EMP_1098,DVKD_009,VUNG_2,1007.64,5440.94,6393.34,9,92.72,6,96.8,96.7,94.5,112.5,86.1,120.0,95.94,3.81,B - Đạt
202412,EMP_1099,DVKD_009,VUNG_2,2378.54,11569.35,24805.3,22,566.55,17,108.2,110.3,119.1,122.2,135.5,130.8,117.83,13.46,B - Đạt
202412,EMP_1100,DVKD_009,VUNG_2,1294.79,8670.5,10827.81,18,279.48,7,89.6,96.5,91.7,100.0,113.7,100.0,96.03,4.22,B - Đạt
202412,EMP_1101,DVKD_009,VUNG_2,1431.44,8885.64,12139.67,13,187.92,7,99.8,103.4,106.1,100.0,92.3,87.5,101.44,12.88,B - Đạt
202412,EMP_1102,DVKD_009,VUNG_2,1533.46,9061.98,10852.65,15,314.21,8,64.0,65.5,61.5,62.5,77.6,80.0,65.24,0.0,D - Không đạt
202412,EMP_1103,DVKD_009,VUNG_2,1373.53,9101.06,13714.01,15,198.09,10,88.7,93.4,99.5,93.8,92.5,111.1,94.27,4.76,B - Đạt
202412,EMP_1104,DVKD_009,VUNG_2,1688.06,8502.36,13396.81,20,244.51,8,112.4,117.3,116.9,125.0,136.8,114.3,119.63,8.88,B - Đạt
202412,EMP_1105,DVKD_009,VUNG_2,1785.78,6937.76,14269.86,14,345.91,8,107.6,102.0,111.2,107.7,112.2,114.3,108.72,15.99,B - Đạt
202412,EMP_1106,DVKD_009,VUNG_2,1383.88,7233.03,13779.22,12,145.91,10,93.8,99.9,89.4,80.0,77.9,111.1,89.41,2.53,C - Cần nỗ lực
202412,EMP_1107,DVKD_009,VUNG_2,1209.85,8145.29,13733.43,14,248.21,9,85.4,93.1,93.8,93.3,77.9,90.0,89.16,3.51,C - Cần nỗ lực
202412,EMP_1108,DVKD_009,VUNG_2,1082.99,5555.31,8423.79,12,149.15,8,51.6,51.8,48.4,50.0,57.6,57.1,51.25,0.0,D - Không đạt
202412,EMP_1109,DVKD_009,VUNG_2,1626.88,9972.44,14467.04,15,296.42,7,108.8,115.7,105.4,125.0,109.2,100.0,110.33,12.05,B - Đạt
202412,EMP_1110,DVKD_010,VUNG_2,770.37,5181.78,6658.39,6,130.45,5,94.2,95.0,87.5,75.0,99.7,100.0,90.88,2.96,B - Đạt
202412,EMP_1111,DVKD_010,VUNG_2,1292.31,9029.31,15392.55,14,213.73,6,150.3,163.1,164.8,140.0,176.9,150.0,160.25,22.41,A - Xuất sắc
202412,EMP_1112,DVKD_010,VUNG_2,1016.37,5479.03,8084.81,8,274.51,5,109.1,110.1,114.4,114.3,138.6,100.0,116.05,8.72,B - Đạt
202412,EMP_1113,DVKD_010,VUNG_2,3534.56,17406.79,22567.94,27,504.21,20,141.7,126.2,126.6,142.1,139.2,142.9,133.75,23.67,A - Xuất sắc
202412,EMP_1114,DVKD_010,VUNG_2,1729.57,7399.3,13741.45,12,310.58,9,111.6,99.1,109.6,92.3,98.7,112.5,105.16,11.62,B - Đạt
202412,EMP_1115,DVKD_010,VUNG_2,2345.68,14465.55,24228.49,19,280.27,12,157.3,164.4,165.7,146.2,124.4,133.3,155.26,24.79,A - Xuất sắc
202412,EMP_1116,DVKD_010,VUNG_2,2073.28,13672.42,21578.67,21,377.94,15,108.3,117.5,108.6,91.3,136.2,125.0,112.27,10.65,B - Đạt
202412,EMP_1117,DVKD_010,VUNG_2,1029.89,7296.08,9812.67,12,178.28,6,126.4,137.0,126.9,120.0,124.2,150.0,127.19,9.64,A - Xuất sắc
202412,EMP_1118,DVKD_010,VUNG_2,908.7,3959.25,7691.73,7,219.96,5,58.5,54.7,56.8,58.3,65.3,50.0,58.33,0.0,D - Không đạt
202412,EMP_1119,DVKD_010,VUNG_2,1397.49,7333.82,13519.3,11,290.0,8,103.0,105.9,95.3,84.6,109.9,80.0,99.93,5.0,B - Đạt
202412,EMP_1120,DVKD_011,VUNG_2,832.74,4954.68,7878.62,9,163.51,6,84.9,88.4,85.7,90.0,86.7,100.0,86.48,4.69,C - Cần nỗ lực
202412,EMP_1121,DVKD_011,VUNG_2,895.42,4228.58,7347.89,7,163.67,5,88.9,91.5,94.6,87.5,104.9,100.0,93.55,4.57,B - Đạt
202412,EMP_1122,DVKD_011,VUNG_2,375.47,2869.68,4034.79,5,81.28,3,44.8,49.0,43.4,50.0,49.3,60.0,46.13,0.0,D - Không đạt
202412,EMP_1123,DVKD_011,VUNG_2,1465.06,7260.26,10758.99,15,262.13,7,91.1,85.1,88.7,83.3,83.7,100.0,87.47,5.43,C - Cần nỗ lực
202412,EMP_1124,DVKD_011,VUNG_2,2385.57,11318.34,15444.67,20,559.51,13,96.7,96.0,100.6,87.0,120.9,92.9,100.62,8.45,B - Đạt
202412,EMP_1125,DVKD_011,VUNG_2,1690.11,10408.82,17185.35,21,256.53,10,124.6,135.1,121.3,131.2,128.3,125.0,126.23,9.41,A - Xuất sắc
202412,EMP_1126,DVKD_011,VUNG_2,2429.57,11100.9,16067.24,19,469.39,10,99.6,102.3,100.6,82.6,97.0,100.0,98.26,4.63,B - Đạt
202412,EMP_1127,DVKD_011,VUNG_2,1590.44,7415.19,12281.42,15,375.38,11,104.5,102.7,106.3,100.0,125.9,110.0,107.62,13.03,B - Đạt
202412,EMP_1128,DVKD_011,VUNG_2,2252.84,10302.07,21715.49,16,321.69,13,131.6,146.4,145.1,123.1,113.8,144.4,135.03,31.91,A - Xuất sắc
202412,EMP_1129,DVKD_011,VUNG_2,1490.03,7370.64,9986.15,14,332.44,8,99.2,96.9,92.3,116.7,112.7,100.0,100.22,12.37,B - Đạt
202412,EMP_1130,DVKD_011,VUNG_2,1652.48,9724.45,11114.78,17,331.96,8,99.3,99.8,95.9,100.0,104.4,80.0,99.02,4.41,B - Đạt
202412,EMP_1131,DVKD_011,VUNG_2,2394.91,10998.44,19747.28,19,551.43,12,102.7,101.1,106.9,105.6,119.1,92.3,106.68,14.55,B - Đạt
202412,EMP_1132,DVKD_011,VUNG_2,891.23,5478.6,8867.73,11,120.54,6,98.8,100.5,102.8,110.0,107.9,120.0,102.94,16.37,B - Đạt
202412,EMP_1133,DVKD_011,VUNG_2,2988.76,14230.58,27265.09,24,540.16,17,135.5,140.2,126.2,126.3,144.5,141.7,133.38,22.9,A - Xuất sắc
202412,EMP_1134,DVKD_012,VUNG_2,1275.56,6122.63,11377.94,13,184.5,7,135.6,129.9,141.3,130.0,164.6,140.0,140.53,31.3,A - Xuất sắc
202412,EMP_1135,DVKD_012,VUNG_2,439.85,1998.81,4152.76,5,58.09,2,48.1,47.3,48.4,50.0,44.1,40.0,47.67,0.0,D - Không đạt
202412,EMP_1136,DVKD_012,VUNG_2,1087.14,5765.68,10509.23,10,293.61,9,118.4,115.8,113.0,111.1,141.8,150.0,118.9,15.75,B - Đạt
202412,EMP_1137,DVKD_012,VUNG_2,2325.0,13581.47,21165.85,24,434.8,9,108.8,105.3,122.3,120.0,122.9,90.0,116.23,10.46,B - Đạt
202412,EMP_1138,DVKD_012,VUNG_2,1296.09,6592.54,11725.39,11,301.4,8,54.5,58.6,55.7,52.4,62.4,57.1,56.51,0.0,D - Không đạt
202412,EMP_1139,DVKD_012,VUNG_2,1184.82,5004.56,8032.21,12,134.66,5,113.7,101.4,113.8,120.0,122.1,100.0,113.78,8.25,B - Đạt
202412,EMP_1140,DVKD_012,VUNG_2,1497.78,6596.18,9921.06,12,181.63,7,93.1,91.0,88.6,85.7,103.0,87.5,91.96,2.38,B - Đạt
202412,EMP_1141,DVKD_012,VUNG_2,1995.45,9431.06,15434.06,18,411.43,10,94.4,86.1,85.1,85.7,86.1,90.9,87.78,3.62,C - Cần nỗ lực
202412,EMP_1142,DVKD_012,VUNG_2,2188.87,11998.42,17228.05,22,408.93,17,94.8,101.2,96.8,110.0,94.9,121.4,97.99,4.25,B - Đạt
202412,EMP_1143,DVKD_012,VUNG_2,1187.35,7865.78,8723.11,13,152.98,4,78.7,78.9,75.0,86.7,68.6,66.7,76.72,0.0,C - Cần nỗ lực
202412,EMP_1144,DVKD_013,VUNG_2,612.01,3219.04,5500.33,7,123.97,5,66.9,65.2,68.9,70.0,65.3,83.3,67.42,0.0,D - Không đạt
202412,EMP_1145,DVKD_013,VUNG_2,1296.6,6482.16,10538.57,15,167.41,5,145.9,154.7,157.6,166.7,127.0,125.0,150.56,18.74,A - Xuất sắc
202412,EMP_1146,DVKD_013,VUNG_2,946.97,5374.28,8500.29,8,208.88,6,110.5,117.5,115.6,114.3,131.5,120.0,116.86,11.9,B - Đạt
202412,EMP_1147,DVKD_013,VUNG_2,3155.35,10877.22,26734.32,27,333.65,14,127.3,114.0,130.4,112.5,113.3,127.3,122.81,13.15,A - Xuất sắc
202412,EMP_1148,DVKD_013,VUNG_2,2536.06,12638.67,21873.22,22,403.21,10,159.5,154.8,165.0,169.2,174.8,125.0,163.98,29.79,A - Xuất sắc
202412,EMP_1149,DVKD_013,VUNG_2,1490.44,8287.21,11737.32,16,219.63,9,108.9,118.3,107.7,123.1,105.1,90.0,110.74,14.21,B - Đạt
202412,EMP_1150,DVKD_013,VUNG_2,1408.0,9963.21,11805.78,13,227.84,6,94.9,101.7,102.3,100.0,79.2,85.7,96.66,3.35,B - Đạt
202412,EMP_1151,DVKD_013,VUNG_2,1388.62,9372.21,14497.71,13,283.5,7,101.3,103.9,101.3,86.7,93.3,100.0,99.03,4.2,B - Đạt
202412,EMP_1152,DVKD_013,VUNG_2,1879.08,10062.75,11493.55,12,273.01,11,104.8,108.4,94.7,100.0,122.9,122.2,104.04,11.51,B - Đạt
202412,EMP_1153,DVKD_013,VUNG_2,972.24,4954.39,6284.27,8,147.6,6,60.3,60.5,56.5,50.0,52.8,60.0,56.84,0.0,D - Không đạt
202412,EMP_1154,DVKD_013,VUNG_2,1850.58,9422.99,13749.95,15,209.48,10,104.9,97.5,91.6,115.4,94.1,100.0,98.56,3.92,B - Đạt
202412,EMP_1155,DVKD_013,VUNG_2,1739.23,7799.84,14527.95,19,286.34,8,108.7,109.1,115.8,118.8,107.2,100.0,112.03,8.51,B - Đạt
202412,EMP_1156,DVKD_013,VUNG_2,2855.66,12301.33,19821.44,24,515.27,14,162.1,148.5,158.6,141.2,168.1,175.0,157.65,26.42,A - Xuất sắc
202412,EMP_1157,DVKD_014,VUNG_2,1628.06,8758.06,9520.89,13,211.95,8,151.2,147.2,146.0,162.5,123.1,133.3,145.69,21.45,A - Xuất sắc
202412,EMP_1158,DVKD_014,VUNG_2,992.23,5906.52,9659.68,8,193.46,6,102.9,109.8,106.9,88.9,113.2,120.0,105.48,15.35,B - Đạt
202412,EMP_1159,DVKD_014,VUNG_2,408.0,2644.45,2835.97,5,70.5,2,48.1,44.3,43.7,50.0,53.7,50.0,47.02,0.0,D - Không đạt
202412,EMP_1160,DVKD_014,VUNG_2,923.41,5055.24,7086.35,9,151.47,6,53.0,53.0,48.4,50.0,63.9,66.7,52.73,0.0,D - Không đạt
202412,EMP_1161,DVKD_014,VUNG_2,1950.64,8132.15,13962.18,18,332.66,9,109.1,112.2,105.0,112.5,101.6,112.5,107.34,14.16,B - Đạt
202412,EMP_1162,DVKD_014,VUNG_2,938.29,4180.04,6728.88,7,132.77,5,54.2,57.3,56.6,46.7,52.7,62.5,54.53,0.0,D - Không đạt
202412,EMP_1163,DVKD_014,VUNG_2,1377.35,8571.94,11736.25,15,390.67,7,93.2,104.6,93.6,107.1,114.6,77.8,99.65,3.18,B - Đạt
202412,EMP_1164,DVKD_014,VUNG_2,1896.76,12543.48,19903.92,24,487.28,11,98.2,92.6,99.1,96.0,117.9,84.6,100.41,9.27,B - Đạt
202412,EMP_1165,DVKD_014,VUNG_2,1023.73,6157.98,9408.57,8,224.68,6,118.4,122.1,108.7,100.0,133.2,100.0,115.94,14.14,B - Đạt
202412,EMP_1166,DVKD_014,VUNG_2,1654.63,8750.47,14068.3,21,209.33,9,104.5,108.5,106.0,116.7,108.2,112.5,107.4,9.01,B - Đạt
202412,EMP_1167,DVKD_014,VUNG_2,1892.22,11554.81,15086.1,20,269.44,14,92.6,89.2,92.8,83.3,106.7,107.7,93.34,5.69,B - Đạt
202412,EMP_1168,DVKD_014,VUNG_2,2323.94,10532.59,17070.51,20,286.79,12,138.7,131.6,123.8,142.9,112.3,120.0,128.88,13.55,A - Xuất sắc
202412,EMP_1169,DVKD_014,VUNG_2,1289.31,8031.75,10491.71,17,187.92,6,87.0,95.0,93.1,94.4,90.1,100.0,91.54,5.75,B - Đạt
202412,EMP_1170,DVKD_015,VUNG_2,872.83,5209.97,6206.6,12,232.16,4,95.0,91.4,87.5,109.1,115.5,100.0,96.32,3.8,B - Đạt
202412,EMP_1171,DVKD_015,VUNG_2,858.27,5250.06,8998.84,12,99.19,5,102.8,93.1,98.5,120.0,86.6,100.0,99.13,4.03,B - Đạt
202412,EMP_1172,DVKD_015,VUNG_2,886.61,5213.41,8222.65,10,159.59,5,104.3,93.5,91.0,100.0,83.4,100.0,94.46,4.95,B - Đạt
202412,EMP_1173,DVKD_015,VUNG_2,1361.43,7434.87,12669.15,16,280.45,6,88.6,86.9,85.5,88.9,83.1,85.7,86.47,3.73,C - Cần nỗ lực
202412,EMP_1174,DVKD_015,VUNG_2,2109.46,10352.75,18752.47,20,337.61,14,135.5,142.6,134.5,153.8,118.7,140.0,135.52,26.0,A - Xuất sắc
202412,EMP_1175,DVKD_015,VUNG_2,1415.56,7752.36,11502.65,17,380.83,7,103.9,106.4,99.0,113.3,119.1,100.0,105.78,9.7,B - Đạt
202412,EMP_1176,DVKD_015,VUNG_2,3204.5,17442.88,28070.38,24,462.18,15,137.2,133.3,129.4,126.3,148.2,115.4,134.44,28.67,A - Xuất sắc
202412,EMP_1177,DVKD_015,VUNG_2,1394.42,7298.32,10282.78,16,228.42,8,87.5,82.6,92.9,94.1,101.9,100.0,91.47,4.23,B - Đạt
202412,EMP_1178,DVKD_015,VUNG_2,1509.92,7532.25,10664.55,14,301.06,9,69.5,68.7,63.2,63.6,85.0,75.0,68.91,0.0,D - Không đạt
202412,EMP_1179,DVKD_015,VUNG_2,1460.57,8806.49,10555.92,17,284.57,7,97.9,101.2,94.5,100.0,87.2,77.8,95.81,2.24,B - Đạt
202412,EMP_1180,DVKD_015,VUNG_2,2695.4,16374.33,23854.99,21,335.12,13,116.1,123.1,118.4,100.0,128.3,108.3,118.18,13.25,B - Đạt
202412,EMP_1181,DVKD_015,VUNG_2,1822.84,11253.44,17958.7,18,320.7,9,122.0,128.9,133.2,128.6,121.4,100.0,127.52,16.61,A - Xuất sắc
202412,EMP_1182,DVKD_015,VUNG_2,2573.85,12497.28,19145.63,24,390.96,15,110.1,110.9,107.3,114.3,106.0,125.0,109.05,9.69,B - Đạt
202412,EMP_1183,DVKD_015,VUNG_2,1442.98,7125.68,10748.96,11,163.69,7,93.1,95.6,98.5,84.6,92.0,87.5,94.35,3.52,B - Đạt
202412,EMP_1184,DVKD_016,VUNG_2,773.54,4141.4,7803.56,8,108.62,5,93.0,91.3,102.3,100.0,92.8,100.0,96.67,3.29,B - Đạt
202412,EMP_1185,DVKD_016,VUNG_2,1169.82,4584.99,10146.5,13,196.69,7,118.1,110.9,113.7,130.0,121.1,116.7,117.12,15.61,B - Đạt
202412,EMP_1186,DVKD_016,VUNG_2,868.14,6797.93,8999.44,10,171.0,7,103.7,116.0,107.9,111.1,99.1,116.7,107.06,13.2,B - Đạt
202412,EMP_1187,DVKD_016,VUNG_2,2676.62,11742.78,24344.56,30,245.69,18,112.3,117.9,120.1,125.0,97.7,128.6,114.95,15.54,B - Đạt
202412,EMP_1188,DVKD_016,VUNG_2,728.85,4137.83,8002.65,10,180.64,5,89.8,85.3,93.7,100.0,107.8,83.3,94.21,5.34,B - Đạt
202412,EMP_1189,DVKD_016,VUNG_2,959.76,6100.65,8208.95,11,161.42,5,116.7,117.2,115.4,110.0,96.7,125.0,112.65,14.84,B - Đạt
202412,EMP_1190,DVKD_016,VUNG_2,1523.2,9241.19,10330.82,17,264.98,10,95.3,95.7,87.0,100.0,100.2,100.0,93.66,2.99,B - Đạt
202412,EMP_1191,DVKD_016,VUNG_2,1058.06,5677.37,10857.37,11,188.76,6,48.9,52.2,51.3,44.0,62.0,54.5,51.71,0.0,D - Không đạt
202412,EMP_1192,DVKD_016,VUNG_2,1773.32,8780.69,15189.91,16,246.1,8,115.2,111.9,114.6,114.3,92.6,88.9,111.01,10.3,B - Đạt
202412,EMP_1193,DVKD_016,VUNG_2,1349.4,10110.06,11985.13,13,176.57,7,93.0,101.9,96.5,81.2,99.6,87.5,95.37,3.64,B - Đạt
202412,EMP_1194,DVKD_016,VUNG_2,1510.77,7180.53,11663.88,21,305.6,9,103.7,100.8,100.4,123.5,92.0,128.6,102.34,10.17,B - Đạt
202412,EMP_1195,DVKD_016,VUNG_2,1518.74,7955.36,11347.79,17,254.64,9,101.6,100.8,103.1,100.0,110.4,100.0,103.16,16.34,B - Đạt
202412,EMP_1196,DVKD_016,VUNG_2,1595.41,7634.81,12292.04,17,326.57,9,116.9,105.9,109.3,113.3,116.4,90.0,112.15,16.12,B - Đạt
202412,EMP_1197,DVKD_016,VUNG_2,1926.11,10097.66,21014.51,20,378.58,16,132.8,131.5,142.5,142.9,165.0,160.0,141.84,20.82,A - Xuất sắc
202412,EMP_1198,DVKD_017,VUNG_3,907.37,3940.11,6688.94,7,191.62,6,95.0,92.0,99.8,100.0,96.7,100.0,96.98,5.57,B - Đạt
202412,EMP_1199,DVKD_017,VUNG_3,1492.32,7658.83,13821.67,14,329.69,7,151.4,141.1,159.8,127.3,158.8,116.7,151.49,24.21,A - Xuất sắc
202412,EMP_1200,DVKD_017,VUNG_3,619.68,2751.6,5143.37,6,91.8,3,59.6,61.7,64.1,66.7,66.0,50.0,63.16,0.0,D - Không đạt
202412,EMP_1201,DVKD_017,VUNG_3,2375.69,12989.44,20481.42,25,347.43,9,138.2,139.9,149.6,156.2,125.4,112.5,142.32,23.97,A - Xuất sắc
202412,EMP_1202,DVKD_017,VUNG_3,2881.39,13622.31,20903.19,23,278.74,15,118.1,110.9,111.6,95.8,99.6,115.4,109.74,13.67,B - Đạt
202412,EMP_1203,DVKD_017,VUNG_3,2099.48,13197.47,15996.41,24,287.41,11,141.3,142.1,132.4,160.0,127.1,137.5,138.04,20.08,A - Xuất sắc
202412,EMP_1204,DVKD_017,VUNG_3,713.67,4382.08,5186.98,8,82.04,4,76.1,77.8,79.2,80.0,63.4,66.7,75.92,0.0,C - Cần nỗ lực
202412,EMP_1205,DVKD_017,VUNG_3,1791.95,7943.02,12792.02,14,275.42,10,106.9,97.3,104.6,116.7,109.9,100.0,106.08,8.33,B - Đạt
202412,EMP_1206,DVKD_017,VUNG_3,932.97,4718.84,8548.04,9,119.49,4,95.6,94.4,98.7,100.0,94.2,100.0,96.73,3.08,B - Đạt
202412,EMP_1207,DVKD_017,VUNG_3,1141.26,6106.6,8942.72,14,184.43,6,70.8,72.7,68.9,77.8,65.8,66.7,70.37,0.0,C - Cần nỗ lực
202412,EMP_1208,DVKD_017,VUNG_3,885.31,5051.06,7356.21,10,172.86,7,104.2,102.6,108.5,111.1,105.6,116.7,106.36,8.56,B - Đạt
202412,EMP_1209,DVKD_018,VUNG_3,920.95,3945.55,7862.99,7,158.18,5,91.9,90.9,88.6,87.5,110.1,83.3,92.89,3.42,B - Đạt
202412,EMP_1210,DVKD_018,VUNG_3,1048.49,5274.99,9535.26,10,168.27,6,117.5,120.0,107.8,125.0,123.3,120.0,116.1,16.48,B - Đạt
202412,EMP_1211,DVKD_018,VUNG_3,1157.83,4997.32,9757.6,9,157.23,5,107.4,104.2,121.0,100.0,119.4,125.0,112.74,16.3,B - Đạt
202412,EMP_1212,DVKD_018,VUNG_3,929.13,5009.57,9258.05,10,113.94,5,60.1,62.3,60.3,58.8,50.1,50.0,58.87,0.0,D - Không đạt
202412,EMP_1213,DVKD_018,VUNG_3,527.98,2833.31,3632.94,6,80.1,3,50.8,52.1,47.8,60.0,56.7,60.0,51.75,0.0,D - Không đạt
202412,EMP_1214,DVKD_018,VUNG_3,1461.4,6761.44,11125.19,15,246.24,9,96.7,87.7,99.4,93.8,111.0,90.0,98.15,3.09,B - Đạt
202412,EMP_1215,DVKD_018,VUNG_3,998.82,4257.48,6446.47,6,99.88,4,56.5,59.4,58.0,50.0,56.3,57.1,56.78,0.0,D - Không đạt
202412,EMP_1216,DVKD_018,VUNG_3,1361.34,7976.45,9872.21,13,202.39,10,95.6,94.5,87.7,86.7,107.9,100.0,93.62,3.17,B - Đạt
202412,EMP_1217,DVKD_018,VUNG_3,655.57,4856.49,5530.6,8,145.38,4,73.9,81.0,77.5,80.0,75.3,80.0,77.05,0.0,C - Cần nỗ lực
202412,EMP_1218,DVKD_018,VUNG_3,1435.61,8098.82,11793.5,14,214.83,8,94.2,84.0,83.1,100.0,78.6,88.9,87.03,5.99,C - Cần nỗ lực
202412,EMP_1219,DVKD_018,VUNG_3,1018.35,4863.62,8996.38,9,198.27,6,99.0,105.0,104.6,112.5,104.3,100.0,104.0,11.5,B - Đạt
202412,EMP_1220,DVKD_018,VUNG_3,1525.3,7282.29,13632.49,11,197.78,10,159.8,157.1,164.0,137.5,156.8,166.7,158.19,28.53,A - Xuất sắc
202412,EMP_1221,DVKD_018,VUNG_3,1721.24,8471.43,15544.3,14,281.12,8,100.3,103.8,104.4,100.0,83.1,114.3,99.65,2.26,B - Đạt
202412,EMP_1222,DVKD_018,VUNG_3,1659.03,8202.07,15645.99,12,336.16,8,98.9,94.6,110.2,92.3,123.3,114.3,105.21,11.75,B - Đạt
202412,EMP_1223,DVKD_019,VUNG_3,1145.91,6776.57,10996.25,10,197.14,7,125.7,136.6,134.0,111.1,132.6,140.0,129.81,8.31,A - Xuất sắc
202412,EMP_1224,DVKD_019,VUNG_3,954.85,5018.65,8945.85,11,156.28,4,114.9,115.4,121.2,122.2,120.0,100.0,118.68,14.53,B - Đạt
202412,EMP_1225,DVKD_019,VUNG_3,797.54,3188.33,6526.52,7,98.2,5,74.8,77.0,74.5,70.0,82.5,83.3,75.7,0.0,C - Cần nỗ lực
202412,EMP_1226,DVKD_019,VUNG_3,2025.49,11696.54,18871.63,17,598.35,11,139.8,133.5,140.7,141.7,171.9,122.2,144.17,27.41,A - Xuất sắc
202412,EMP_1227,DVKD_019,VUNG_3,1662.29,7741.54,14624.39,12,320.2,5,93.0,90.3,97.0,80.0,113.1,83.3,95.71,4.02,B - Đạt
202412,EMP_1228,DVKD_019,VUNG_3,1569.19,8849.65,12365.27,12,256.97,12,100.4,107.3,110.9,92.3,112.6,120.0,106.13,11.62,B - Đạt
202412,EMP_1229,DVKD_019,VUNG_3,3122.72,16934.08,32442.34,31,582.93,19,158.9,156.3,168.4,163.2,133.9,172.7,158.51,21.21,A - Xuất sắc
202412,EMP_1230,DVKD_019,VUNG_3,1407.54,8029.19,12988.17,14,224.29,8,90.5,84.3,85.7,93.3,98.1,80.0,89.31,5.02,C - Cần nỗ lực
202412,EMP_1231,DVKD_019,VUNG_3,1461.19,7095.53,12169.75,11,253.89,6,96.2,101.8,90.6,84.6,82.8,75.0,91.91,2.84,B - Đạt
202412,EMP_1232,DVKD_019,VUNG_3,1105.68,7047.98,11304.98,15,201.55,10,133.5,135.5,130.8,150.0,116.8,166.7,132.0,27.28,A - Xuất sắc
202412,EMP_1233,DVKD_019,VUNG_3,2612.25,12325.85,20974.02,22,486.32,11,159.8,155.3,145.3,137.5,187.0,137.5,155.9,29.25,A - Xuất sắc
202412,EMP_1234,DVKD_020,VUNG_3,988.23,4458.72,6539.45,8,122.64,5,95.0,97.3,96.9,88.9,113.8,83.3,98.22,2.45,B - Đạt
202412,EMP_1235,DVKD_020,VUNG_3,980.91,5527.0,7198.38,7,115.99,5,91.5,94.6,89.3,100.0,93.7,83.3,92.38,4.76,B - Đạt
202412,EMP_1236,DVKD_020,VUNG_3,547.21,2976.25,5046.03,5,91.6,2,60.6,54.3,54.3,50.0,49.0,50.0,54.65,0.0,D - Không đạt
202412,EMP_1237,DVKD_020,VUNG_3,1319.07,7638.93,12452.56,15,224.38,8,89.1,85.0,83.0,107.1,112.4,88.9,91.64,5.8,B - Đạt
202412,EMP_1238,DVKD_020,VUNG_3,1939.19,10873.38,15383.77,22,378.71,7,121.9,126.0,125.7,129.4,110.6,100.0,122.9,8.87,A - Xuất sắc
202412,EMP_1239,DVKD_020,VUNG_3,2674.26,12366.13,19841.64,23,420.34,14,108.1,115.0,99.0,100.0,124.9,116.7,107.66,13.47,B - Đạt
202412,EMP_1240,DVKD_020,VUNG_3,2223.14,10013.68,15437.18,18,356.73,11,98.6,96.2,88.1,100.0,85.8,91.7,92.78,3.76,B - Đạt
202412,EMP_1241,DVKD_020,VUNG_3,998.14,5074.22,9895.39,10,118.95,6,104.8,102.0,111.8,125.0,99.9,120.0,108.11,12.47,B - Đạt
202412,EMP_1242,DVKD_020,VUNG_3,3100.57,18589.87,23844.04,29,596.62,20,149.6,153.2,139.9,138.1,147.5,181.8,145.28,33.73,A - Xuất sắc
202412,EMP_1243,DVKD_020,VUNG_3,855.83,3591.77,6449.19,8,100.1,3,54.1,51.6,48.4,57.1,54.4,42.9,52.07,0.0,D - Không đạt
202412,EMP_1244,DVKD_020,VUNG_3,1707.07,8276.93,10717.01,15,312.07,7,102.6,99.3,89.6,107.1,112.7,87.5,99.52,4.81,B - Đạt
202412,EMP_1245,DVKD_020,VUNG_3,2784.24,11535.78,18121.08,24,344.52,10,157.1,151.8,140.7,160.0,168.1,142.9,152.5,20.01,A - Xuất sắc
202412,EMP_1246,DVKD_020,VUNG_3,947.56,4899.49,7348.36,9,125.41,5,92.4,97.7,91.2,100.0,108.8,100.0,96.0,3.76,B - Đạt
202412,EMP_1247,DVKD_020,VUNG_3,2069.98,10433.57,17864.35,18,501.82,14,135.1,123.1,139.2,138.5,162.8,140.0,139.23,23.17,A - Xuất sắc
202412,EMP_1248,DVKD_021,VUNG_3,882.7,4641.68,8422.61,7,175.89,4,96.0,90.4,94.7,87.5,117.3,80.0,97.05,3.77,B - Đạt
202412,EMP_1249,DVKD_021,VUNG_3,857.25,5977.37,8058.87,8,147.3,7,99.3,102.1,94.2,88.9,111.1,116.7,98.67,4.35,B - Đạt
202412,EMP_1250,DVKD_021,VUNG_3,989.86,4994.55,7899.21,9,135.24,6,114.7,102.8,119.1,112.5,108.7,120.0,113.34,9.77,B - Đạt
202412,EMP_1251,DVKD_021,VUNG_3,1134.88,6274.62,8461.91,8,170.1,7,65.1,63.2,59.9,57.1,57.3,77.8,61.02,0.0,D - Không đạt
202412,EMP_1252,DVKD_021,VUNG_3,2247.5,10242.35,15022.42,17,267.48,8,91.1,101.0,88.1,94.4,84.7,80.0,90.9,2.27,B - Đạt
202412,EMP_1253,DVKD_021,VUNG_3,1593.14,9057.64,12272.69,11,279.04,8,104.0,108.6,108.7,91.7,120.8,88.9,107.63,13.94,B - Đạt
202412,EMP_1254,DVKD_021,VUNG_3,1010.74,4909.78,11173.97,11,166.58,8,119.2,115.2,124.8,122.2,126.9,133.3,122.02,15.92,A - Xuất sắc
202412,EMP_1255,DVKD_021,VUNG_3,1363.14,6347.95,13204.11,11,167.31,8,86.1,88.0,88.7,78.6,92.7,100.0,87.53,5.1,C - Cần nỗ lực
202412,EMP_1256,DVKD_021,VUNG_3,1841.34,8469.99,11678.92,15,228.59,8,105.8,97.6,100.0,115.4,95.2,114.3,101.91,16.2,B - Đạt
202412,EMP_1257,DVKD_021,VUNG_3,1418.73,10479.1,14092.42,18,409.43,8,104.1,106.1,98.2,105.9,126.4,114.3,105.86,12.64,B - Đạt
202412,EMP_1258,DVKD_021,VUNG_3,1521.23,9186.65,12881.32,14,277.76,10,105.4,108.0,109.1,93.3,133.1,111.1,110.03,14.57,B - Đạt
202412,EMP_1259,DVKD_021,VUNG_3,1084.15,6448.53,11423.97,10,190.95,6,71.6,76.3,74.3,76.9,89.8,85.7,76.51,0.0,C - Cần nỗ lực
202412,EMP_1260,DVKD_022,VUNG_3,988.98,4974.26,8146.92,11,115.28,4,101.8,105.3,91.0,110.0,82.3,100.0,96.44,2.94,B - Đạt
202412,EMP_1261,DVKD_022,VUNG_3,965.9,5407.78,9667.68,9,149.69,8,112.3,111.6,111.1,112.5,98.8,133.3,109.77,14.77,B - Đạt
202412,EMP_1262,DVKD_022,VUNG_3,838.79,5375.17,7910.27,8,105.79,5,97.9,103.4,102.5,100.0,85.8,125.0,98.73,4.29,B - Đạt
202412,EMP_1263,DVKD_022,VUNG_3,1899.01,11323.78,12642.62,18,383.03,8,79.1,82.2,75.3,78.3,95.5,66.7,80.61,4.81,C - Cần nỗ lực
202412,EMP_1264,DVKD_022,VUNG_3,1869.11,10155.4,12453.33,19,309.4,10,106.4,107.7,102.7,126.7,108.0,125.0,107.57,15.98,B - Đạt
202412,EMP_1265,DVKD_022,VUNG_3,1608.3,8916.71,10721.56,16,223.23,10,98.7,94.3,85.7,94.1,116.8,111.1,95.74,3.88,B - Đạt
202412,EMP_1266,DVKD_022,VUNG_3,1790.88,9540.26,11890.88,19,235.74,8,99.6,96.0,93.3,111.8,86.2,114.3,96.06,4.7,B - Đạt
202412,EMP_1267,DVKD_022,VUNG_3,998.99,6030.39,9752.81,11,143.96,5,106.1,103.9,105.5,122.2,110.0,100.0,107.75,15.54,B - Đạt
202412,EMP_1268,DVKD_022,VUNG_3,1208.04,9129.79,11813.11,11,208.62,10,87.7,93.8,92.3,84.6,80.9,100.0,88.89,3.01,C - Cần nỗ lực
202412,EMP_1269,DVKD_022,VUNG_3,1509.37,9231.62,13736.3,15,290.41,8,104.2,114.1,101.1,107.1,128.8,100.0,108.58,8.09,B - Đạt
202412,EMP_1270,DVKD_022,VUNG_3,1076.75,4300.6,8690.12,10,125.63,3,99.9,93.5,100.1,111.1,90.8,75.0,98.77,3.2,B - Đạt
202412,EMP_1271,DVKD_022,VUNG_3,1613.48,9371.48,16467.28,18,228.94,8,111.8,108.2,116.7,100.0,116.1,88.9,112.44,9.81,B - Đạt
202412,EMP_1272,DVKD_022,VUNG_3,1572.45,7245.67,11036.16,13,236.62,9,92.8,84.6,88.8,100.0,104.8,90.0,92.69,4.34,B - Đạt
202412,EMP_1273,DVKD_022,VUNG_3,2600.08,15177.87,19924.39,24,412.68,13,111.3,108.8,108.1,109.1,129.8,118.2,112.36,8.7,B - Đạt
202412,EMP_1274,DVKD_023,VUNG_3,820.82,5291.46,8173.26,8,137.62,4,98.6,99.6,91.2,80.0,92.4,100.0,93.37,3.86,B - Đạt
202412,EMP_1275,DVKD_023,VUNG_3,1550.38,9627.45,11626.29,14,282.06,8,158.4,164.1,156.8,175.0,161.9,160.0,160.88,20.21,A - Xuất sắc
202412,EMP_1276,DVKD_023,VUNG_3,875.95,5196.25,7121.49,10,127.13,3,97.5,94.2,99.1,111.1,85.7,75.0,97.16,3.09,B - Đạt
202412,EMP_1277,DVKD_023,VUNG_3,1963.41,8385.62,16185.48,19,224.67,12,117.0,115.3,119.8,118.8,103.8,133.3,115.92,14.59,B - Đạt
202412,EMP_1278,DVKD_023,VUNG_3,1604.85,8013.44,13252.21,12,245.71,6,91.7,93.7,95.0,85.7,103.7,85.7,94.35,4.1,B - Đạt
202412,EMP_1279,DVKD_023,VUNG_3,2699.46,11347.59,21198.12,29,488.28,14,108.6,114.7,119.3,126.1,120.4,107.7,116.78,14.73,B - Đạt
202412,EMP_1280,DVKD_023,VUNG_3,2206.1,11655.68,21335.7,18,298.59,11,158.7,153.7,161.8,138.5,150.9,157.1,155.84,24.86,A - Xuất sắc
202412,EMP_1281,DVKD_023,VUNG_3,2569.17,14109.78,21035.27,27,331.84,12,154.7,152.0,145.0,150.0,148.9,133.3,149.56,31.68,A - Xuất sắc
202412,EMP_1282,DVKD_023,VUNG_3,1587.49,10092.53,13200.41,11,350.37,9,92.5,102.3,87.2,91.7,105.6,112.5,94.0,4.44,B - Đạt
202412,EMP_1283,DVKD_023,VUNG_3,1606.17,7532.91,11789.44,12,258.37,10,109.0,100.9,103.1,92.3,114.9,100.0,104.94,13.42,B - Đạt
202412,EMP_1284,DVKD_023,VUNG_3,1459.63,7012.87,13278.1,11,236.18,6,64.5,64.6,65.4,55.0,72.8,54.5,65.12,0.0,D - Không đạt
202412,EMP_1285,DVKD_023,VUNG_3,2295.32,13670.56,23432.7,18,513.17,13,115.9,112.9,113.2,100.0,113.7,118.2,112.59,8.19,B - Đạt
202412,EMP_1286,DVKD_023,VUNG_3,1809.77,7663.86,14032.23,17,299.05,9,107.2,102.8,95.4,106.2,117.0,100.0,103.78,8.63,B - Đạt
202412,EMP_1287,DVKD_024,VUNG_3,992.98,5310.06,7945.39,8,117.58,7,102.6,94.3,95.8,100.0,92.1,116.7,97.14,2.04,B - Đạt
202412,EMP_1288,DVKD_024,VUNG_3,1061.82,7523.23,8422.95,12,169.25,7,120.6,131.9,125.5,120.0,136.4,140.0,126.32,12.99,A - Xuất sắc
202412,EMP_1289,DVKD_024,VUNG_3,935.28,4938.91,6930.03,8,139.61,6,88.6,90.5,85.4,100.0,94.3,100.0,89.76,3.98,C - Cần nỗ lực
202412,EMP_1290,DVKD_024,VUNG_3,1219.79,7912.39,12170.67,12,176.72,7,89.6,88.1,90.5,92.3,82.7,100.0,88.92,2.83,C - Cần nỗ lực
202412,EMP_1291,DVKD_024,VUNG_3,1669.85,8553.11,12026.73,22,279.08,9,119.5,106.3,103.5,129.4,101.5,128.6,110.21,8.08,B - Đạt
202412,EMP_1292,DVKD_024,VUNG_3,1011.84,4384.07,8868.04,11,134.95,5,99.2,96.3,108.0,110.0,124.3,83.3,106.69,12.86,B - Đạt
202412,EMP_1293,DVKD_024,VUNG_3,2051.92,11317.42,23320.65,18,465.05,9,102.0,107.2,107.7,94.7,99.0,81.8,103.59,10.02,B - Đạt
202412,EMP_1294,DVKD_024,VUNG_3,1813.84,9805.56,16874.82,15,381.74,8,115.8,104.8,109.6,107.1,121.6,100.0,111.98,10.24,B - Đạt
202412,EMP_1295,DVKD_024,VUNG_3,2321.87,11879.57,19649.91,17,267.52,7,96.3,99.3,99.4,94.4,102.8,77.8,98.62,4.86,B - Đạt
202412,EMP_1296,DVKD_024,VUNG_3,1855.15,10185.01,12887.45,25,461.82,9,120.0,116.8,117.4,138.9,138.3,128.6,123.25,16.2,A - Xuất sắc
202412,EMP_1297,DVKD_024,VUNG_3,2309.07,14743.03,22205.98,24,425.27,9,150.9,148.6,163.6,150.0,146.1,128.6,154.19,30.86,A - Xuất sắc
202412,EMP_1298,DVKD_024,VUNG_3,1270.74,9266.05,13007.2,14,296.7,6,93.4,97.4,93.2,77.8,89.5,85.7,91.78,5.93,B - Đạt
202501,EMP_1001,DVKD_001,VUNG_1,1318.86,7565.37,9910.84,11,177.23,9,138.4,133.3,129.0,122.2,150.8,150.0,134.59,32.87,A - Xuất sắc
202501,EMP_1002,DVKD_001,VUNG_1,727.46,3652.84,4707.93,5,89.49,3,67.4,66.2,70.4,55.6,82.0,60.0,69.28,0.0,D - Không đạt
202501,EMP_1003,DVKD_001,VUNG_1,1173.91,8020.57,9376.53,11,241.31,6,139.3,140.6,132.9,122.2,131.9,120.0,134.44,30.08,A - Xuất sắc
202501,EMP_1004,DVKD_001,VUNG_1,1480.76,8498.27,13754.07,13,187.34,8,92.6,88.1,88.3,100.0,89.4,100.0,90.68,2.95,B - Đạt
202501,EMP_1005,DVKD_001,VUNG_1,2495.29,13423.06,23234.91,26,585.59,12,150.1,155.9,165.7,173.3,172.6,133.3,162.12,18.86,A - Xuất sắc
202501,EMP_1006,DVKD_001,VUNG_1,2389.7,13638.39,17924.61,27,352.7,15,118.3,114.1,115.5,135.0,97.2,107.1,115.19,16.44,B - Đạt
202501,EMP_1007,DVKD_001,VUNG_1,1055.68,6193.53,6570.79,10,179.12,3,60.4,66.4,57.9,58.8,57.4,42.9,59.81,0.0,D - Không đạt
202501,EMP_1008,DVKD_001,VUNG_1,1453.07,8277.86,13020.24,18,219.36,8,87.7,84.8,88.4,100.0,96.2,100.0,90.02,3.77,B - Đạt
202501,EMP_1009,DVKD_001,VUNG_1,3678.39,15603.45,31856.13,34,590.37,14,151.0,152.3,148.9,161.9,145.6,127.3,150.74,20.14,A - Xuất sắc
202501,EMP_1010,DVKD_001,VUNG_1,2100.21,14887.75,19936.88,24,370.06,16,149.6,156.9,153.3,150.0,160.6,160.0,153.68,26.38,A - Xuất sắc
202501,EMP_1011,DVKD_001,VUNG_1,2073.02,8431.96,18110.26,13,293.08,12,117.1,119.8,118.7,100.0,116.6,120.0,116.28,12.11,B - Đạt
202501,EMP_1012,DVKD_001,VUNG_1,1546.53,8004.14,15840.11,14,200.48,8,102.0,99.8,106.1,107.7,106.9,88.9,104.41,12.53,B - Đạt
202501,EMP_1013,DVKD_001,VUNG_1,2351.77,9490.6,18529.59,19,454.86,11,131.8,137.1,133.7,135.7,131.9,122.2,133.66,19.29,A - Xuất sắc
202501,EMP_1014,DVKD_001,VUNG_1,2280.38,14239.61,21209.22,19,419.35,10,107.1,109.3,97.1,105.6,104.3,100.0,103.36,8.13,B - Đạt
202501,EMP_1015,DVKD_002,VUNG_1,618.61,2715.41,5351.5,4,78.71,4,69.8,65.1,62.8,57.1,56.1,80.0,63.32,0.0,D - Không đạt
202501,EMP_1016,DVKD_002,VUNG_1,848.83,5067.06,8744.43,7,97.37,5,92.2,94.6,94.4,87.5,87.0,100.0,92.08,3.19,B - Đạt
202501,EMP_1017,DVKD_002,VUNG_1,772.23,3555.95,6744.54,5,150.52,4,75.0,75.2,72.1,62.5,86.6,66.7,74.5,0.0,C - Cần nỗ lực
202501,EMP_1018,DVKD_002,VUNG_1,640.16,2761.99,5365.99,4,126.34,3,60.9,67.6,64.6,50.0,69.9,75.0,63.46,0.0,D - Không đạt
202501,EMP_1019,DVKD_002,VUNG_1,1687.08,8286.85,12602.25,17,276.02,9,101.1,95.6,92.2,106.2,103.7,90.0,98.06,4.2,B - Đạt
202501,EMP_1020,DVKD_002,VUNG_1,827.97,4391.31,7139.01,8,168.51,4,91.3,90.9,97.9,88.9,82.3,100.0,91.96,4.85,B - Đạt
202501,EMP_1021,DVKD_002,VUNG_1,1416.28,7627.32,13145.18,14,352.28,8,102.9,95.6,96.4,87.5,116.3,100.0,100.0,16.24,B - Đạt
202501,EMP_1022,DVKD_002,VUNG_1,1664.42,9529.66,13428.64,15,320.05,10,110.5,106.8,105.5,107.1,102.8,125.0,106.7,12.76,B - Đạt
202501,EMP_1023,DVKD_002,VUNG_1,1390.19,10629.99,11814.4,17,296.47,10,98.2,106.6,91.2,106.2,116.4,125.0,100.54,12.24,B - Đạt
202501,EMP_1024,DVKD_002,VUNG_1,919.83,6017.64,8645.95,8,129.74,5,108.7,112.8,113.1,114.3,89.4,125.0,108.52,16.74,B - Đạt
202501,EMP_1025,DVKD_002,VUNG_1,901.24,4901.91,8310.49,13,253.08,4,47.3,50.5,48.6,52.0,53.8,40.0,49.68,0.0,D - Không đạt
202501,EMP_1026,DVKD_003,VUNG_1,930.94,6859.89,8251.84,11,181.66,6,107.0,114.8,109.0,110.0,88.2,100.0,106.35,14.08,B - Đạt
202501,EMP_1027,DVKD_003,VUNG_1,776.83,4656.61,7618.08,8,118.17,4,88.2,83.3,95.8,80.0,102.1,100.0,91.39,2.44,B - Đạt
202501,EMP_1028,DVKD_003,VUNG_1,1672.66,9665.97,12109.27,14,184.26,6,156.1,162.1,158.0,155.6,165.7,150.0,159.05,33.19,A - Xuất sắc
202501,EMP_1029,DVKD_003,VUNG_1,2508.12,12711.54,17061.29,20,227.14,9,100.2,98.4,92.8,95.2,92.0,81.8,95.61,4.19,B - Đạt
202501,EMP_1030,DVKD_003,VUNG_1,1628.5,9606.12,11861.53,20,396.45,9,113.4,105.5,104.2,117.6,136.5,128.6,112.88,10.4,B - Đạt
202501,EMP_1031,DVKD_003,VUNG_1,1338.51,7713.84,11016.14,14,198.1,8,94.6,106.0,94.6,107.7,111.7,100.0,100.18,8.48,B - Đạt
202501,EMP_1032,DVKD_003,VUNG_1,947.69,4272.02,8065.68,11,184.59,5,63.3,58.5,68.8,61.1,66.3,62.5,64.73,0.0,D - Không đạt
202501,EMP_1033,DVKD_003,VUNG_1,437.12,2198.39,4656.65,5,74.45,4,53.9,51.6,54.3,55.6,48.8,66.7,53.1,0.0,D - Không đạt
202501,EMP_1034,DVKD_003,VUNG_1,446.45,2854.95,3779.27,4,67.93,2,51.2,49.3,55.8,50.0,51.9,40.0,52.51,0.0,D - Không đạt
202501,EMP_1035,DVKD_003,VUNG_1,1120.25,7089.11,7743.89,9,174.15,7,108.4,120.2,104.9,112.5,93.2,140.0,107.08,13.35,B - Đạt
202501,EMP_1036,DVKD_004,VUNG_1,742.61,5148.38,7788.0,7,157.92,4,87.4,92.7,97.3,87.5,82.4,66.7,90.92,2.98,B - Đạt
202501,EMP_1037,DVKD_004,VUNG_1,922.29,4326.28,8492.35,10,185.12,5,99.4,100.5,99.9,100.0,90.1,100.0,98.41,2.3,B - Đạt
202501,EMP_1038,DVKD_004,VUNG_1,540.13,3355.44,4899.15,4,116.64,3,65.8,60.6,61.3,57.1,57.7,75.0,61.36,0.0,D - Không đạt
202501,EMP_1039,DVKD_004,VUNG_1,1064.7,6683.36,9026.8,9,282.43,7,77.0,69.2,79.9,64.3,86.5,70.0,77.0,0.0,C - Cần nỗ lực
202501,EMP_1040,DVKD_004,VUNG_1,1690.83,8273.97,14267.11,18,364.78,8,115.9,117.4,115.1,105.9,116.7,100.0,114.96,16.01,B - Đạt
202501,EMP_1041,DVKD_004,VUNG_1,923.76,5247.29,6580.48,7,165.6,5,87.6,89.5,90.9,77.8,111.9,100.0,91.7,4.81,B - Đạt
202501,EMP_1042,DVKD_004,VUNG_1,2292.76,12938.97,17568.65,20,444.35,14,97.5,104.9,93.4,111.1,110.5,107.7,100.48,14.97,B - Đạt
202501,EMP_1043,DVKD_004,VUNG_1,2512.91,11168.79,17397.72,23,373.17,14,142.2,148.6,137.5,135.3,142.4,140.0,140.86,27.88,A - Xuất sắc
202501,EMP_1044,DVKD_004,VUNG_1,1005.84,5845.36,8282.32,8,141.27,6,61.4,59.1,59.0,61.5,51.8,66.7,58.79,0.0,D - Không đạt
202501,EMP_1045,DVKD_004,VUNG_1,1135.6,5281.52,10707.19,10,214.02,7,68.8,74.3,72.6,62.5,64.2,87.5,69.63,0.0,D - Không đạt
202501,EMP_1046,DVKD_004,VUNG_1,1734.63,9375.95,13744.13,14,267.0,9,98.1,96.7,93.2,100.0,96.8,112.5,96.17,5.82,B - Đạt
202501,EMP_1047,DVKD_004,VUNG_1,1413.77,7379.6,12155.79,16,207.26,8,94.3,94.2,97.6,106.7,86.3,88.9,95.48,4.0,B - Đạt
202501,EMP_1048,DVKD_005,VUNG_1,1019.46,4436.98,9143.57,7,188.93,4,102.1,107.7,105.5,87.5,95.0,100.0,101.6,16.19,B - Đạt
202501,EMP_1049,DVKD_005,VUNG_1,785.83,5268.56,7057.12,6,142.65,5,85.1,88.8,87.0,85.7,104.7,83.3,89.32,3.21,C - Cần nỗ lực
202501,EMP_1050,DVKD_005,VUNG_1,1188.05,7093.57,9472.96,10,201.74,7,125.0,126.3,122.8,111.1,111.2,140.0,120.96,11.55,A - Xuất sắc
202501,EMP_1051,DVKD_005,VUNG_1,1440.61,7052.53,11258.9,11,201.97,5,66.9,66.5,62.0,57.9,57.1,55.6,62.75,0.0,D - Không đạt
202501,EMP_1052,DVKD_005,VUNG_1,1521.8,6856.1,12776.9,18,213.94,9,99.5,94.4,99.9,100.0,86.2,100.0,96.93,4.28,B - Đạt
202501,EMP_1053,DVKD_005,VUNG_1,1412.63,9849.18,9694.71,15,217.39,7,95.2,101.8,87.5,107.1,76.0,87.5,91.81,3.41,B - Đạt
202501,EMP_1054,DVKD_005,VUNG_1,1444.81,9757.68,14347.78,14,236.35,9,100.5,107.1,104.3,107.7,83.7,112.5,101.02,16.24,B - Đạt
202501,EMP_1055,DVKD_005,VUNG_1,2323.95,12731.27,21778.17,23,383.1,18,158.0,153.9,147.0,135.3,185.5,180.0,155.39,33.84,A - Xuất sắc
202501,EMP_1056,DVKD_005,VUNG_1,3490.75,18736.36,30519.88,25,485.76,14,145.4,157.4,155.3,131.6,173.8,140.0,153.55,27.44,A - Xuất sắc
202501,EMP_1057,DVKD_005,VUNG_1,1395.82,8415.35,15107.03,13,256.0,8,96.6,99.7,104.3,92.9,100.6,114.3,99.99,2.88,B - Đạt
202501,EMP_1058,DVKD_005,VUNG_1,1069.92,6329.91,8659.2,15,228.91,8,127.4,134.2,120.4,150.0,136.2,160.0,129.55,16.58,A - Xuất sắc
202501,EMP_1059,DVKD_006,VUNG_1,917.57,5169.07,8359.91,8,100.19,5,101.8,104.2,93.8,88.9,92.8,125.0,96.72,2.77,B - Đạt
202501,EMP_1060,DVKD_006,VUNG_1,991.13,5474.36,6272.46,7,116.21,5,104.9,97.2,96.2,87.5,80.8,125.0,95.35,2.3,B - Đạt
202501,EMP_1061,DVKD_006,VUNG_1,1109.44,4225.81,8102.4,8,152.67,5,102.8,94.1,96.8,88.9,108.7,100.0,98.89,5.08,B - Đạt
202501,EMP_1062,DVKD_006,VUNG_1,1594.15,9724.86,15219.8,15,264.17,12,75.3,71.0,73.1,75.0,70.1,92.3,73.07,0.0,C - Cần nỗ lực
202501,EMP_1063,DVKD_006,VUNG_1,1726.35,7924.82,11891.38,16,254.37,8,108.8,105.3,97.9,94.1,127.5,100.0,105.8,9.27,B - Đạt
202501,EMP_1064,DVKD_006,VUNG_1,1799.53,11483.11,16338.62,16,273.18,8,125.6,119.3,118.7,123.1,134.8,100.0,123.37,12.79,A - Xuất sắc
202501,EMP_1065,DVKD_006,VUNG_1,1722.13,8220.21,13654.87,11,159.92,9,96.9,94.3,92.4,91.7,84.1,112.5,92.5,5.29,B - Đạt
202501,EMP_1066,DVKD_006,VUNG_1,1008.33,4195.13,6184.72,10,147.66,6,95.1,94.9,90.6,100.0,88.4,100.0,92.98,2.94,B - Đạt
202501,EMP_1067,DVKD_006,VUNG_1,1427.38,6293.59,13397.49,17,223.75,10,93.8,84.2,89.8,100.0,91.6,100.0,91.25,4.14,B - Đạt
202501,EMP_1068,DVKD_006,VUNG_1,2291.4,12963.33,22866.68,16,260.25,9,133.3,140.8,147.9,123.1,120.8,128.6,136.64,20.63,A - Xuất sắc
202501,EMP_1069,DVKD_006,VUNG_1,898.27,5193.4,9204.71,9,132.78,5,65.6,61.1,60.2,64.3,64.0,71.4,62.66,0.0,D - Không đạt
202501,EMP_1070,DVKD_006,VUNG_1,1971.38,11975.0,16725.22,16,260.04,12,141.5,138.1,147.9,123.1,119.5,150.0,138.09,18.33,A - Xuất sắc
202501,EMP_1071,DVKD_006,VUNG_1,1765.4,11610.34,15004.41,15,240.19,7,86.9,95.0,95.6,88.2,92.7,77.8,92.16,2.36,B - Đạt
202501,EMP_1072,DVKD_006,VUNG_1,884.19,4642.9,7501.32,8,132.27,4,88.3,87.2,97.2,88.9,106.4,80.0,94.02,4.23,B - Đạt
202501,EMP_1073,DVKD_007,VUNG_1,1481.84,7426.48,12748.49,9,286.25,8,147.7,138.0,150.1,128.6,156.7,160.0,146.52,22.9,A - Xuất sắc
202501,EMP_1074,DVKD_007,VUNG_1,991.49,3897.69,7046.04,11,171.88,4,102.0,95.4,90.6,100.0,90.3,100.0,95.06,4.48,B - Đạt
202501,EMP_1075,DVKD_007,VUNG_1,793.91,5379.9,7925.38,11,115.19,6,98.0,96.0,106.1,110.0,90.1,100.0,100.55,11.74,B - Đạt
202501,EMP_1076,DVKD_007,VUNG_1,2110.32,12815.02,20323.72,23,545.29,12,108.7,114.0,105.1,109.5,124.9,92.3,110.74,11.12,B - Đạt
202501,EMP_1077,DVKD_007,VUNG_1,1590.25,8140.5,14456.48,17,238.7,6,107.6,101.7,111.9,121.4,109.6,100.0,109.9,14.91,B - Đạt
202501,EMP_1078,DVKD_007,VUNG_1,1663.28,9190.38,14851.52,15,324.77,9,98.8,104.8,96.8,107.1,110.6,100.0,101.6,13.37,B - Đạt
202501,EMP_1079,DVKD_007,VUNG_1,822.46,4344.56,7958.68,9,228.99,6,98.1,102.6,102.3,100.0,110.7,100.0,102.33,16.91,B - Đạt
202501,EMP_1080,DVKD_007,VUNG_1,1441.06,7671.03,12103.62,16,306.58,6,95.9,97.1,86.7,100.0,99.6,85.7,93.82,4.21,B - Đạt
202501,EMP_1081,DVKD_007,VUNG_1,928.48,5989.45,8775.81,10,177.6,5,113.6,115.5,108.7,100.0,102.6,100.0,109.16,8.84,B - Đạt
202501,EMP_1082,DVKD_007,VUNG_1,2209.79,14796.2,25094.98,22,256.68,10,114.8,118.5,122.6,100.0,90.6,100.0,112.97,15.96,B - Đạt
202501,EMP_1083,DVKD_008,VUNG_1,944.66,4916.46,8036.93,10,148.08,5,95.2,101.8,97.0,100.0,97.8,100.0,97.69,2.89,B - Đạt
202501,EMP_1084,DVKD_008,VUNG_1,1629.6,8099.16,11893.67,13,194.38,8,157.8,153.0,168.3,162.5,160.8,160.0,161.68,34.51,A - Xuất sắc
202501,EMP_1085,DVKD_008,VUNG_1,1245.89,6953.11,10005.25,13,231.66,9,147.8,146.0,144.4,130.0,160.0,180.0,146.39,26.01,A - Xuất sắc
202501,EMP_1086,DVKD_008,VUNG_1,1534.17,7680.68,11900.94,13,271.39,5,91.6,86.6,94.7,100.0,103.5,71.4,94.56,5.19,B - Đạt
202501,EMP_1087,DVKD_008,VUNG_1,1214.15,6101.88,8170.94,9,210.65,5,70.2,69.8,69.7,75.0,62.1,71.4,69.23,0.0,D - Không đạt
202501,EMP_1088,DVKD_008,VUNG_1,1791.55,10206.5,13261.2,19,360.38,8,103.9,110.1,110.7,111.8,131.6,88.9,112.16,13.07,B - Đạt
202501,EMP_1089,DVKD_008,VUNG_1,938.63,5311.88,5675.33,8,168.72,4,89.7,97.8,84.8,100.0,111.8,80.0,93.54,2.45,B - Đạt
202501,EMP_1090,DVKD_008,VUNG_1,1435.68,8796.75,10421.12,12,278.87,8,88.0,92.4,82.6,92.3,80.9,88.9,86.14,2.51,C - Cần nỗ lực
202501,EMP_1091,DVKD_008,VUNG_1,1463.16,7540.69,12635.52,13,289.89,7,92.0,98.9,96.0,86.7,92.0,87.5,93.91,3.75,B - Đạt
202501,EMP_1092,DVKD_008,VUNG_1,2248.92,11139.7,23162.35,24,539.48,11,149.5,158.5,149.1,141.2,160.6,157.1,151.55,32.83,A - Xuất sắc
202501,EMP_1093,DVKD_008,VUNG_1,2157.41,13931.92,19846.42,21,352.34,13,110.7,107.1,101.2,123.5,103.6,118.2,107.05,11.81,B - Đạt
202501,EMP_1094,DVKD_008,VUNG_1,1143.19,5179.22,7966.56,12,171.12,5,114.4,107.1,113.6,133.3,90.9,125.0,111.39,13.78,B - Đạt
202501,EMP_1095,DVKD_008,VUNG_1,3791.64,15349.34,23860.31,28,587.05,24,154.8,156.5,148.3,155.6,187.3,171.4,157.74,29.65,A - Xuất sắc
202501,EMP_1096,DVKD_009,VUNG_2,1084.61,7116.99,8383.97,12,159.21,5,124.7,126.4,116.5,109.1,111.0,100.0,118.47,12.93,B - Đạt
202501,EMP_1097,DVKD_009,VUNG_2,1057.6,4415.51,7663.55,9,152.22,5,99.7,91.6,97.9,100.0,94.8,100.0,97.15,4.75,B - Đạt
202501,EMP_1098,DVKD_009,VUNG_2,916.38,4279.43,6846.16,10,113.96,4,94.6,97.6,94.0,100.0,84.3,80.0,93.83,5.17,B - Đạt
202501,EMP_1099,DVKD_009,VUNG_2,1130.97,6170.38,12461.89,12,289.08,8,57.5,56.6,64.5,63.2,60.2,66.7,60.79,0.0,D - Không đạt
202501,EMP_1100,DVKD_009,VUNG_2,1503.71,6897.23,10595.47,18,270.56,7,84.2,84.7,83.8,100.0,83.2,100.0,85.56,4.41,C - Cần nỗ lực
202501,EMP_1101,DVKD_009,VUNG_2,1657.08,8860.93,15127.58,17,374.56,10,100.3,92.6,104.5,100.0,114.1,111.1,102.65,14.23,B - Đạt
202501,EMP_1102,DVKD_009,VUNG_2,1899.9,13922.63,18451.81,26,327.03,11,94.9,101.2,91.8,113.0,82.7,91.7,94.74,5.15,B - Đạt
202501,EMP_1103,DVKD_009,VUNG_2,1491.5,9609.98,13502.72,13,246.34,6,103.1,106.9,111.7,100.0,124.5,85.7,109.58,8.52,B - Đạt
202501,EMP_1104,DVKD_009,VUNG_2,1791.5,10637.31,14607.03,15,209.88,8,115.8,114.3,116.1,125.0,104.5,114.3,114.9,8.36,B - Đạt
202501,EMP_1105,DVKD_009,VUNG_2,1530.82,6833.32,12707.27,16,339.5,8,87.4,82.6,81.9,100.0,104.6,88.9,88.59,5.99,C - Cần nỗ lực
202501,EMP_1106,DVKD_009,VUNG_2,1614.46,7790.48,11765.18,16,256.5,8,97.0,100.9,94.5,106.7,93.5,80.0,97.16,5.1,B - Đạt
202501,EMP_1107,DVKD_009,VUNG_2,1569.98,8116.15,15396.61,19,236.1,8,111.2,113.2,115.8,118.8,128.3,133.3,116.44,9.87,B - Đạt
202501,EMP_1108,DVKD_009,VUNG_2,2065.72,13004.06,18568.38,21,413.84,16,101.5,106.1,115.9,110.5,108.6,114.3,109.19,9.84,B - Đạt
202501,EMP_1109,DVKD_009,VUNG_2,2003.84,11777.39,17545.26,13,332.79,13,112.9,119.8,120.9,100.0,115.6,130.0,115.85,13.33,B - Đạt
202501,EMP_1110,DVKD_010,VUNG_2,1115.83,6880.96,10512.63,9,125.34,6,111.9,117.4,123.8,112.5,112.2,100.0,117.0,12.11,B - Đạt
202501,EMP_1111,DVKD_010,VUNG_2,653.96,3953.27,6086.75,6,93.27,3,69.4,71.2,78.4,66.7,63.1,75.0,71.61,0.0,C - Cần nỗ lực
202501,EMP_1112,DVKD_010,VUNG_2,904.93,5617.71,9378.64,11,109.51,4,106.7,97.9,100.8,122.2,86.9,100.0,101.89,9.07,B - Đạt
202501,EMP_1113,DVKD_010,VUNG_2,2852.27,16168.19,25166.21,21,508.26,8,113.5,120.0,121.8,123.5,106.4,88.9,117.31,8.21,B - Đạt
202501,EMP_1114,DVKD_010,VUNG_2,1183.16,5711.61,8894.12,13,136.98,7,67.6,63.7,72.9,72.2,69.5,70.0,69.61,0.0,D - Không đạt
202501,EMP_1115,DVKD_010,VUNG_2,810.8,5073.06,5682.37,8,84.87,5,47.8,52.9,48.2,44.4,40.0,50.0,47.2,0.0,D - Không đạt
202501,EMP_1116,DVKD_010,VUNG_2,1866.01,8517.8,15951.65,16,379.01,9,80.6,75.9,74.2,76.2,79.8,69.2,77.09,0.0,C - Cần nỗ lực
202501,EMP_1117,DVKD_010,VUNG_2,901.96,4758.56,7827.33,8,125.63,3,92.7,94.5,90.9,100.0,99.1,75.0,94.03,5.43,B - Đạt
202501,EMP_1118,DVKD_010,VUNG_2,1629.9,9760.17,14136.53,14,277.98,10,108.6,108.8,103.1,100.0,110.7,100.0,106.16,14.13,B - Đạt
202501,EMP_1119,DVKD_010,VUNG_2,1353.36,8427.34,10677.43,13,280.14,10,96.0,98.0,84.9,86.7,102.1,100.0,92.4,4.05,B - Đạt
202501,EMP_1120,DVKD_011,VUNG_2,590.4,2973.69,5175.48,6,111.53,5,70.2,67.0,71.6,66.7,56.9,83.3,67.86,0.0,D - Không đạt
202501,EMP_1121,DVKD_011,VUNG_2,1028.35,4937.67,8175.83,11,234.21,4,96.9,102.9,92.3,100.0,119.0,100.0,99.81,4.72,B - Đạt
202501,EMP_1122,DVKD_011,VUNG_2,1123.8,4907.47,7804.42,9,243.67,6,106.8,105.8,114.8,112.5,122.2,100.0,112.33,9.34,B - Đạt
202501,EMP_1123,DVKD_011,VUNG_2,2291.51,11525.53,17921.06,16,397.45,12,130.8,130.2,133.8,133.3,116.4,133.3,129.85,13.17,A - Xuất sắc
202501,EMP_1124,DVKD_011,VUNG_2,2323.11,14070.71,19505.86,19,451.3,10,103.1,109.0,97.2,100.0,112.5,111.1,103.02,16.59,B - Đạt
202501,EMP_1125,DVKD_011,VUNG_2,834.72,4323.19,7589.65,8,148.48,5,60.6,57.1,60.8,57.1,56.2,71.4,59.13,0.0,D - Không đạt
202501,EMP_1126,DVKD_011,VUNG_2,1221.29,6788.69,11929.41,14,207.19,8,60.3,61.7,64.0,63.6,66.4,61.5,63.05,0.0,D - Không đạt
202501,EMP_1127,DVKD_011,VUNG_2,1443.37,7564.35,11630.36,10,203.34,7,92.2,91.5,93.1,83.3,111.5,77.8,94.41,2.95,B - Đạt
202501,EMP_1128,DVKD_011,VUNG_2,768.52,4537.13,8777.98,7,125.06,3,55.0,56.1,57.5,50.0,49.4,37.5,54.7,0.0,D - Không đạt
202501,EMP_1129,DVKD_011,VUNG_2,1934.05,8923.59,12355.1,22,305.01,6,112.6,104.3,112.6,122.2,108.4,85.7,111.69,16.65,B - Đạt
202501,EMP_1130,DVKD_011,VUNG_2,2307.42,15744.59,17564.5,24,438.61,13,148.1,162.0,155.5,141.2,164.1,144.4,154.48,21.27,A - Xuất sắc
202501,EMP_1131,DVKD_011,VUNG_2,1292.57,6440.47,8699.08,11,186.87,8,55.4,55.1,55.0,61.1,55.8,57.1,55.84,0.0,D - Không đạt
202501,EMP_1132,DVKD_011,VUNG_2,1366.44,9061.59,14311.4,13,292.93,9,147.8,161.4,154.0,162.5,177.8,180.0,157.98,23.13,A - Xuất sắc
202501,EMP_1133,DVKD_011,VUNG_2,2691.27,12131.65,23521.97,29,284.59,9,111.5,105.6,123.7,126.1,96.6,90.0,114.11,16.46,B - Đạt
202501,EMP_1134,DVKD_012,VUNG_2,985.13,5914.55,7062.43,10,146.38,7,106.9,118.4,107.0,125.0,135.6,116.7,114.78,11.82,B - Đạt
202501,EMP_1135,DVKD_012,VUNG_2,1456.88,7760.78,11739.79,17,213.8,7,152.6,161.7,162.7,170.0,190.8,140.0,164.97,30.29,A - Xuất sắc
202501,EMP_1136,DVKD_012,VUNG_2,1461.74,8807.35,11586.19,12,277.11,9,162.7,162.1,143.9,150.0,135.2,150.0,150.63,27.25,A - Xuất sắc
202501,EMP_1137,DVKD_012,VUNG_2,3215.85,17492.98,26504.58,27,394.3,16,142.6,143.6,131.0,150.0,138.8,145.5,138.86,26.92,A - Xuất sắc
202501,EMP_1138,DVKD_012,VUNG_2,1878.8,10403.4,18000.04,20,380.34,9,94.9,89.6,88.5,95.2,99.5,100.0,92.58,5.9,B - Đạt
202501,EMP_1139,DVKD_012,VUNG_2,919.87,5976.32,8777.52,9,165.88,7,102.3,105.9,95.9,100.0,106.4,116.7,100.99,9.86,B - Đạt
202501,EMP_1140,DVKD_012,VUNG_2,1319.69,9891.41,11675.62,13,257.22,7,97.6,103.0,99.2,100.0,97.0,100.0,99.12,5.12,B - Đạt
202501,EMP_1141,DVKD_012,VUNG_2,2276.31,11163.48,16172.44,20,351.57,10,92.6,96.3,88.2,100.0,90.1,71.4,91.98,2.54,B - Đạt
202501,EMP_1142,DVKD_012,VUNG_2,2068.83,11550.81,18822.75,24,400.9,9,101.9,105.6,97.0,100.0,95.7,90.0,99.62,3.99,B - Đạt
202501,EMP_1143,DVKD_012,VUNG_2,1258.57,7705.05,12737.73,12,294.44,6,89.5,91.1,83.1,80.0,85.5,100.0,85.95,3.1,C - Cần nỗ lực
202501,EMP_1144,DVKD_013,VUNG_2,972.48,5929.03,9281.71,7,215.12,7,101.6,104.9,101.0,100.0,106.9,116.7,102.52,13.26,B - Đạt
202501,EMP_1145,DVKD_013,VUNG_2,819.26,5658.0,6637.27,10,215.04,6,97.1,103.5,102.1,111.1,112.0,120.0,103.44,11.58,B - Đạt
202501,EMP_1146,DVKD_013,VUNG_2,524.17,2416.62,4493.82,5,74.63,3,52.3,54.9,57.1,55.6,48.8,50.0,54.18,0.0,D - Không đạt
202501,EMP_1147,DVKD_013,VUNG_2,3831.29,16097.33,31718.51,31,426.1,19,161.9,160.0,156.8,163.2,131.9,146.2,155.46,28.7,A - Xuất sắc
202501,EMP_1148,DVKD_013,VUNG_2,1562.32,8088.17,11809.36,13,329.72,6,99.7,96.1,93.2,108.3,117.6,100.0,100.43,15.36,B - Đạt
202501,EMP_1149,DVKD_013,VUNG_2,2369.54,10846.93,16776.0,17,370.86,11,134.8,149.2,152.1,130.8,114.1,157.1,139.51,22.2,A - Xuất sắc
202501,EMP_1150,DVKD_013,VUNG_2,1649.72,8384.49,14889.31,18,234.89,9,111.3,108.5,125.8,112.5,127.6,100.0,118.52,13.92,B - Đạt
202501,EMP_1151,DVKD_013,VUNG_2,1512.1,9351.14,13561.93,21,212.22,8,96.5,99.2,97.0,116.7,110.9,88.9,101.26,11.92,B - Đạt
202501,EMP_1152,DVKD_013,VUNG_2,1844.6,9976.4,13648.42,12,323.77,9,104.4,109.9,106.2,92.3,117.1,100.0,106.55,13.78,B - Đạt
202501,EMP_1153,DVKD_013,VUNG_2,2094.84,11065.04,21595.21,20,419.02,15,149.8,138.9,157.3,142.9,171.2,166.7,153.31,18.86,A - Xuất sắc
202501,EMP_1154,DVKD_013,VUNG_2,1594.65,7158.42,13699.28,18,307.31,6,104.0,103.3,99.8,112.5,115.2,85.7,104.95,9.26,B - Đạt
202501,EMP_1155,DVKD_013,VUNG_2,1488.41,7881.76,11285.84,16,258.57,12,100.6,103.0,103.7,100.0,128.2,120.0,106.12,8.43,B - Đạt
202501,EMP_1156,DVKD_013,VUNG_2,1754.08,10303.63,15208.05,16,258.69,8,101.5,104.9,97.9,114.3,86.3,114.3,99.75,4.2,B - Đạt
202501,EMP_1157,DVKD_014,VUNG_2,669.26,3033.59,6416.95,6,86.41,3,71.7,67.9,75.7,75.0,75.6,75.0,73.45,0.0,C - Cần nỗ lực
202501,EMP_1158,DVKD_014,VUNG_2,964.65,6848.55,10227.94,10,194.11,6,109.6,114.7,120.2,111.1,135.8,120.0,118.16,14.79,B - Đạt
202501,EMP_1159,DVKD_014,VUNG_2,1597.58,8028.44,12524.55,11,261.46,9,161.1,164.2,144.4,137.5,139.2,180.0,150.07,19.56,A - Xuất sắc
202501,EMP_1160,DVKD_014,VUNG_2,813.66,5950.75,6650.08,10,130.24,6,58.7,60.6,60.6,62.5,71.3,75.0,61.92,0.0,D - Không đạt
202501,EMP_1161,DVKD_014,VUNG_2,1849.72,7782.92,10420.64,16,213.9,7,107.4,106.8,96.1,106.7,107.7,87.5,103.33,9.25,B - Đạt
202501,EMP_1162,DVKD_014,VUNG_2,1713.71,8400.4,12699.42,14,242.16,7,106.6,112.5,105.3,93.3,103.6,87.5,105.25,14.49,B - Đạt
202501,EMP_1163,DVKD_014,VUNG_2,1506.52,9915.23,11483.32,13,309.71,6,94.1,104.0,96.8,92.9,118.0,85.7,100.0,15.13,B - Đạt
202501,EMP_1164,DVKD_014,VUNG_2,1287.38,5770.04,9854.8,12,253.72,6,58.5,58.2,60.2,63.2,73.8,50.0,61.81,0.0,D - Không đạt
202501,EMP_1165,DVKD_014,VUNG_2,1035.75,4697.2,9158.67,9,231.82,6,100.5,97.5,98.8,90.0,114.7,100.0,100.53,13.74,B - Đạt
202501,EMP_1166,DVKD_014,VUNG_2,1762.28,8591.11,15192.63,21,207.0,8,115.6,111.5,102.7,123.5,115.6,114.3,111.26,8.51,B - Đạt
202501,EMP_1167,DVKD_014,VUNG_2,2561.9,13914.86,21001.98,26,426.36,10,103.1,101.0,106.2,108.3,123.6,90.9,107.46,11.98,B - Đạt
202501,EMP_1168,DVKD_014,VUNG_2,1668.78,6836.36,11826.53,12,331.77,9,98.1,94.2,93.2,85.7,102.0,100.0,95.14,5.46,B - Đạt
202501,EMP_1169,DVKD_014,VUNG_2,2057.28,12027.51,18589.35,21,303.4,11,144.4,132.1,132.6,150.0,166.8,157.1,142.34,28.41,A - Xuất sắc
202501,EMP_1170,DVKD_015,VUNG_2,1085.83,5606.52,6922.42,10,200.98,5,103.6,104.3,100.5,111.1,115.0,125.0,105.08,15.99,B - Đạt
202501,EMP_1171,DVKD_015,VUNG_2,974.35,4848.51,6901.21,7,108.76,5,98.4,100.9,105.7,87.5,101.1,83.3,100.65,8.08,B - Đạt
202501,EMP_1172,DVKD_015,VUNG_2,953.87,6410.67,8405.5,8,177.8,5,107.7,113.2,106.3,100.0,86.6,125.0,104.1,16.8,B - Đạt
202501,EMP_1173,DVKD_015,VUNG_2,1455.46,8939.14,14337.94,19,210.33,8,105.8,100.8,100.4,105.6,91.0,100.0,100.92,14.05,B - Đạt
202501,EMP_1174,DVKD_015,VUNG_2,1550.62,6813.9,13423.23,14,254.97,11,94.3,90.9,98.2,82.4,76.8,110.0,91.34,3.38,B - Đạt
202501,EMP_1175,DVKD_015,VUNG_2,1196.74,6514.88,13719.13,16,271.48,9,86.1,93.3,96.2,100.0,101.6,100.0,94.43,4.15,B - Đạt
202501,EMP_1176,DVKD_015,VUNG_2,2010.75,11147.14,18804.25,24,517.28,12,98.7,92.9,101.0,104.3,116.7,109.1,101.89,15.86,B - Đạt
202501,EMP_1177,DVKD_015,VUNG_2,1987.77,12026.19,13705.62,19,331.23,8,115.5,121.5,117.8,118.8,97.1,100.0,114.77,16.47,B - Đạt
202501,EMP_1178,DVKD_015,VUNG_2,2619.83,11117.28,19086.47,29,519.45,11,105.2,113.3,101.7,116.0,120.7,91.7,108.59,14.32,B - Đạt
202501,EMP_1179,DVKD_015,VUNG_2,1265.78,7541.65,9381.89,13,156.23,6,92.2,82.3,85.0,92.9,73.1,75.0,85.4,4.88,C - Cần nỗ lực
202501,EMP_1180,DVKD_015,VUNG_2,1473.8,7633.72,12400.01,11,374.55,6,68.3,72.0,69.2,61.1,79.8,66.7,70.17,0.0,C - Cần nỗ lực
202501,EMP_1181,DVKD_015,VUNG_2,1714.17,6759.34,14224.36,16,239.84,7,100.5,95.7,91.6,100.0,95.9,100.0,95.92,3.45,B - Đạt
202501,EMP_1182,DVKD_015,VUNG_2,3695.52,19066.58,25183.29,32,679.87,20,152.2,142.3,132.8,139.1,146.5,142.9,141.76,25.17,A - Xuất sắc
202501,EMP_1183,DVKD_015,VUNG_2,2281.36,13300.28,19986.98,24,314.29,11,134.5,139.9,133.4,141.2,147.2,110.0,137.5,29.96,A - Xuất sắc
202501,EMP_1184,DVKD_016,VUNG_2,1594.83,6987.41,14535.93,14,347.45,8,152.9,164.4,156.3,140.0,170.0,160.0,157.09,25.01,A - Xuất sắc
202501,EMP_1185,DVKD_016,VUNG_2,1322.79,5544.62,10210.51,12,151.64,7,130.9,135.4,123.8,133.3,120.1,140.0,127.71,11.55,A - Xuất sắc
202501,EMP_1186,DVKD_016,VUNG_2,989.77,6659.28,6793.32,8,100.73,6,104.6,111.7,100.6,88.9,85.3,120.0,99.8,4.88,B - Đạt
202501,EMP_1187,DVKD_016,VUNG_2,2361.89,12592.12,19917.28,21,537.07,12,102.2,102.9,108.8,105.0,117.6,92.3,107.2,11.1,B - Đạt
202501,EMP_1188,DVKD_016,VUNG_2,972.49,4123.64,9584.54,10,185.86,4,95.9,96.4,108.7,111.1,104.7,100.0,103.3,12.27,B - Đạt
202501,EMP_1189,DVKD_016,VUNG_2,828.87,4590.66,8158.45,8,139.45,5,87.8,94.8,90.0,80.0,86.1,83.3,88.58,4.13,C - Cần nỗ lực
202501,EMP_1190,DVKD_016,VUNG_2,2295.51,11041.99,17840.12,26,395.05,10,149.6,146.1,133.0,152.9,135.4,166.7,141.46,25.76,A - Xuất sắc
202501,EMP_1191,DVKD_016,VUNG_2,3207.26,15189.94,25059.05,25,461.24,12,136.5,134.5,123.2,113.6,129.0,109.1,128.13,16.52,A - Xuất sắc
202501,EMP_1192,DVKD_016,VUNG_2,1553.84,7445.05,12311.98,16,379.64,7,96.1,100.8,95.6,106.7,118.5,87.5,101.05,8.67,B - Đạt
202501,EMP_1193,DVKD_016,VUNG_2,1591.7,9391.66,13738.29,12,358.61,9,99.1,104.3,106.1,85.7,105.1,90.0,101.89,14.36,B - Đạt
202501,EMP_1194,DVKD_016,VUNG_2,1949.22,9912.16,20873.42,21,521.18,10,130.3,134.0,137.3,131.2,157.4,111.1,137.46,32.34,A - Xuất sắc
202501,EMP_1195,DVKD_016,VUNG_2,1781.28,8896.87,14019.21,16,218.81,9,109.7,107.4,103.2,123.1,94.9,100.0,106.2,11.07,B - Đạt
202501,EMP_1196,DVKD_016,VUNG_2,1519.36,8495.18,14085.95,17,318.9,9,107.7,107.6,107.6,113.3,127.1,90.0,111.12,14.52,B - Đạt
202501,EMP_1197,DVKD_016,VUNG_2,1575.01,7369.61,10288.28,15,366.47,7,91.2,91.9,94.2,88.2,109.5,87.5,94.8,2.15,B - Đạt
202501,EMP_1198,DVKD_017,VUNG_3,1048.55,4732.79,6827.49,7,193.39,7,103.8,114.7,104.0,100.0,107.7,116.7,105.71,8.79,B - Đạt
202501,EMP_1199,DVKD_017,VUNG_3,922.26,5523.78,9635.51,11,142.8,6,109.3,112.1,106.5,110.0,102.3,120.0,107.76,13.18,B - Đạt
202501,EMP_1200,DVKD_017,VUNG_3,1285.33,5976.62,11933.24,12,303.36,8,149.3,141.8,134.8,133.3,148.2,160.0,141.34,29.25,A - Xuất sắc
202501,EMP_1201,DVKD_017,VUNG_3,1594.69,10204.82,14855.17,14,280.73,9,104.3,109.0,111.1,93.3,97.3,90.0,105.23,15.44,B - Đạt
202501,EMP_1202,DVKD_017,VUNG_3,1286.9,6827.79,9971.91,13,246.26,6,61.7,59.7,64.3,59.1,56.7,66.7,61.3,0.0,D - Không đạt
202501,EMP_1203,DVKD_017,VUNG_3,1603.03,7584.22,12353.56,18,317.13,9,98.9,99.3,90.5,112.5,119.0,112.5,100.39,12.33,B - Đạt
202501,EMP_1204,DVKD_017,VUNG_3,1055.86,5595.51,8205.11,13,196.11,6,102.0,111.4,98.6,118.2,114.8,120.0,105.76,11.09,B - Đạt
202501,EMP_1205,DVKD_017,VUNG_3,1768.72,8524.63,10919.87,15,417.74,10,104.1,98.1,100.3,115.4,127.2,125.0,106.47,10.64,B - Đạt
202501,EMP_1206,DVKD_017,VUNG_3,614.64,3762.69,5056.27,7,125.59,3,75.5,70.8,66.5,77.8,80.1,75.0,72.56,0.0,C - Cần nỗ lực
202501,EMP_1207,DVKD_017,VUNG_3,861.79,3364.89,7482.15,7,115.55,4,51.0,49.0,53.5,43.8,57.5,57.1,51.83,0.0,D - Không đạt
202501,EMP_1208,DVKD_017,VUNG_3,806.01,3924.37,7093.62,9,149.39,4,92.5,88.3,86.3,90.0,87.1,100.0,88.64,5.68,C - Cần nỗ lực
202501,EMP_1209,DVKD_018,VUNG_3,905.39,4319.47,10614.3,10,173.71,7,105.8,103.8,121.5,111.1,138.4,116.7,116.41,10.47,B - Đạt
202501,EMP_1210,DVKD_018,VUNG_3,943.85,5231.18,9057.37,9,121.83,3,91.7,93.6,99.7,90.0,81.5,75.0,93.08,4.68,B - Đạt
202501,EMP_1211,DVKD_018,VUNG_3,935.53,4288.74,6308.27,9,154.78,5,91.1,86.7,88.0,81.8,85.0,100.0,87.51,4.52,C - Cần nỗ lực
202501,EMP_1212,DVKD_018,VUNG_3,1437.89,10141.22,12143.55,16,164.38,9,105.6,108.0,92.2,94.1,86.0,100.0,97.18,5.97,B - Đạt
202501,EMP_1213,DVKD_018,VUNG_3,790.08,4415.53,8353.76,8,161.99,5,89.3,91.4,99.6,88.9,81.1,100.0,91.95,3.76,B - Đạt
202501,EMP_1214,DVKD_018,VUNG_3,2290.98,10221.7,17467.99,20,321.23,8,130.3,134.2,122.5,133.3,122.9,114.3,127.34,14.32,A - Xuất sắc
202501,EMP_1215,DVKD_018,VUNG_3,1551.11,7502.64,12904.26,13,269.45,8,94.5,98.6,102.5,92.9,89.3,100.0,96.97,3.75,B - Đạt
202501,EMP_1216,DVKD_018,VUNG_3,1859.69,10667.58,17373.31,18,308.11,12,113.1,110.3,112.2,112.5,124.1,120.0,113.95,8.81,B - Đạt
202501,EMP_1217,DVKD_018,VUNG_3,618.36,3387.26,5247.72,6,145.15,3,65.2,63.2,58.4,66.7,77.4,60.0,64.5,0.0,D - Không đạt
202501,EMP_1218,DVKD_018,VUNG_3,1862.79,9373.42,15883.21,19,332.66,9,107.3,105.1,104.2,118.8,97.7,100.0,105.59,8.23,B - Đạt
202501,EMP_1219,DVKD_018,VUNG_3,490.06,2726.77,3696.01,5,76.89,3,47.1,48.0,52.0,45.5,40.0,60.0,47.72,0.0,D - Không đạt
202501,EMP_1220,DVKD_018,VUNG_3,1148.12,5150.11,11936.4,13,210.22,7,131.2,124.5,142.3,144.4,146.7,140.0,137.72,30.76,A - Xuất sắc
202501,EMP_1221,DVKD_018,VUNG_3,1839.06,10803.34,14171.21,14,381.9,7,104.1,111.6,116.2,107.7,115.8,87.5,111.57,8.94,B - Đạt
202501,EMP_1222,DVKD_018,VUNG_3,783.28,3775.81,6640.82,7,84.62,4,45.8,43.9,47.6,43.8,37.2,40.0,44.66,0.0,D - Không đạt
202501,EMP_1223,DVKD_019,VUNG_3,1176.71,6966.86,9169.09,12,142.51,5,116.9,116.2,108.3,120.0,131.6,125.0,116.3,11.8,B - Đạt
202501,EMP_1224,DVKD_019,VUNG_3,925.27,4332.21,8625.73,9,165.19,5,92.0,92.8,98.2,100.0,91.4,100.0,95.0,2.26,B - Đạt
202501,EMP_1225,DVKD_019,VUNG_3,1312.54,6760.97,9902.7,15,148.54,5,137.6,139.4,142.4,150.0,134.6,125.0,140.34,27.24,A - Xuất sắc
202501,EMP_1226,DVKD_019,VUNG_3,2115.23,14809.13,20247.06,22,228.01,13,148.2,148.8,147.8,169.2,124.6,162.5,146.71,23.62,A - Xuất sắc
202501,EMP_1227,DVKD_019,VUNG_3,1362.71,8790.44,12324.75,16,240.43,6,93.8,95.9,81.3,94.1,86.4,85.7,88.66,4.64,C - Cần nỗ lực
202501,EMP_1228,DVKD_019,VUNG_3,2716.29,12192.48,21605.76,21,421.54,16,159.3,154.2,156.4,131.2,194.0,160.0,159.91,33.82,A - Xuất sắc
202501,EMP_1229,DVKD_019,VUNG_3,2022.93,10366.56,19884.54,20,418.76,15,104.8,102.3,105.3,100.0,126.2,115.4,107.33,10.32,B - Đạt
202501,EMP_1230,DVKD_019,VUNG_3,2424.34,13940.96,20037.78,22,389.62,12,146.0,157.8,163.7,157.1,134.3,120.0,153.32,23.63,A - Xuất sắc
202501,EMP_1231,DVKD_019,VUNG_3,1528.84,7765.83,13126.34,12,323.94,12,109.8,103.9,110.4,100.0,97.0,133.3,106.23,16.04,B - Đạt
202501,EMP_1232,DVKD_019,VUNG_3,878.18,4886.01,7766.9,10,149.26,4,86.2,90.5,91.9,100.0,81.2,80.0,89.47,4.62,C - Cần nỗ lực
202501,EMP_1233,DVKD_019,VUNG_3,1839.16,7676.58,12452.38,18,348.02,8,106.6,97.7,111.4,112.5,104.4,114.3,107.2,13.01,B - Đạt
202501,EMP_1234,DVKD_020,VUNG_3,965.78,5533.06,7229.35,11,120.94,6,110.4,116.3,110.1,100.0,98.7,120.0,108.38,10.61,B - Đạt
202501,EMP_1235,DVKD_020,VUNG_3,1112.68,6351.93,7458.5,9,154.93,5,106.1,112.4,108.0,100.0,88.1,83.3,104.4,8.66,B - Đạt
202501,EMP_1236,DVKD_020,VUNG_3,1061.04,5241.22,8836.61,8,163.23,5,103.2,110.6,104.3,88.9,103.9,100.0,103.37,16.95,B - Đạt
202501,EMP_1237,DVKD_020,VUNG_3,1848.18,10392.95,15745.37,16,275.18,12,115.6,115.9,126.2,114.3,145.6,133.3,123.72,9.01,A - Xuất sắc
202501,EMP_1238,DVKD_020,VUNG_3,1799.76,7923.94,16513.5,21,269.31,8,116.6,114.3,120.6,123.5,142.4,114.3,122.21,16.28,A - Xuất sắc
202501,EMP_1239,DVKD_020,VUNG_3,1896.27,10411.97,21532.28,17,384.78,11,97.3,89.3,101.7,89.5,85.9,100.0,95.15,2.5,B - Đạt
202501,EMP_1240,DVKD_020,VUNG_3,2500.1,14796.35,20689.53,25,464.41,14,107.7,117.4,104.4,100.0,133.7,116.7,111.13,16.49,B - Đạt
202501,EMP_1241,DVKD_020,VUNG_3,1002.85,4242.22,8367.44,9,111.48,5,104.8,99.0,107.4,112.5,84.9,125.0,102.62,10.97,B - Đạt
202501,EMP_1242,DVKD_020,VUNG_3,2237.11,12094.16,17995.37,24,278.19,8,92.4,90.9,91.8,100.0,82.6,72.7,91.25,5.11,B - Đạt
202501,EMP_1243,DVKD_020,VUNG_3,1627.79,9850.3,11465.33,14,311.95,8,97.2,102.8,98.8,93.3,94.7,114.3,97.83,3.42,B - Đạt
202501,EMP_1244,DVKD_020,VUNG_3,1192.23,6696.69,10028.46,10,285.25,5,77.4,79.3,75.3,66.7,91.4,62.5,77.98,0.0,C - Cần nỗ lực
202501,EMP_1245,DVKD_020,VUNG_3,712.23,4184.54,7941.32,7,112.38,5,50.1,48.2,52.0,46.7,52.0,55.6,50.42,0.0,D - Không đạt
202501,EMP_1246,DVKD_020,VUNG_3,817.11,3924.18,8494.04,11,165.67,5,88.2,95.3,95.3,100.0,98.8,83.3,94.52,5.68,B - Đạt
202501,EMP_1247,DVKD_020,VUNG_3,1470.24,8556.45,11087.39,14,312.18,10,95.1,102.1,100.0,100.0,104.2,111.1,99.72,3.96,B - Đạt
202501,EMP_1248,DVKD_021,VUNG_3,1343.55,6337.39,10526.59,11,195.93,7,130.2,123.9,115.4,137.5,111.3,116.7,121.97,13.35,A - Xuất sắc
202501,EMP_1249,DVKD_021,VUNG_3,1408.7,8863.19,10196.36,13,251.42,7,151.6,164.8,150.7,162.5,136.0,140.0,152.01,26.16,A - Xuất sắc
202501,EMP_1250,DVKD_021,VUNG_3,860.93,5507.55,10128.48,9,94.95,5,98.7,98.9,110.9,100.0,87.1,100.0,101.39,10.13,B - Đạt
202501,EMP_1251,DVKD_021,VUNG_3,2599.88,9978.97,16556.19,20,254.16,11,150.1,140.8,135.7,153.8,126.8,122.2,140.54,29.17,A - Xuất sắc
202501,EMP_1252,DVKD_021,VUNG_3,2292.81,12728.61,17516.09,23,524.73,12,112.2,117.3,113.5,100.0,137.9,92.3,116.05,9.32,B - Đạt
202501,EMP_1253,DVKD_021,VUNG_3,2282.91,11849.83,19788.5,19,358.04,11,156.7,156.2,173.0,135.7,149.2,137.5,159.1,23.05,A - Xuất sắc
202501,EMP_1254,DVKD_021,VUNG_3,1242.1,7778.11,9385.76,13,231.51,9,144.4,148.1,138.1,162.5,138.6,150.0,143.69,21.44,A - Xuất sắc
202501,EMP_1255,DVKD_021,VUNG_3,824.27,3451.99,5926.25,7,122.19,3,50.5,46.5,52.9,41.2,58.0,37.5,50.93,0.0,D - Không đạt
202501,EMP_1256,DVKD_021,VUNG_3,1665.39,9728.78,12484.2,17,311.77,8,107.7,111.0,105.1,100.0,94.4,88.9,104.52,13.93,B - Đạt
202501,EMP_1257,DVKD_021,VUNG_3,1540.92,7623.29,13334.81,14,265.33,8,88.8,85.4,98.0,93.3,90.3,114.3,92.19,5.56,B - Đạt
202501,EMP_1258,DVKD_021,VUNG_3,1506.6,7625.53,14774.65,19,378.7,10,111.0,104.9,108.6,105.6,111.8,111.1,108.82,8.28,B - Đạt
202501,EMP_1259,DVKD_021,VUNG_3,726.02,4575.14,5828.32,6,102.87,5,47.6,49.2,46.9,50.0,40.5,50.0,46.77,0.0,D - Không đạt
202501,EMP_1260,DVKD_022,VUNG_3,976.3,5545.36,6704.26,10,203.01,5,103.0,97.3,97.3,111.1,110.9,83.3,102.15,14.6,B - Đạt
202501,EMP_1261,DVKD_022,VUNG_3,1373.43,8611.16,10010.65,11,251.94,6,145.8,152.3,144.5,137.5,154.8,120.0,146.84,30.1,A - Xuất sắc
202501,EMP_1262,DVKD_022,VUNG_3,945.98,4965.65,7516.56,10,131.65,4,89.8,88.8,96.9,100.0,87.4,80.0,92.79,3.46,B - Đạt
202501,EMP_1263,DVKD_022,VUNG_3,2457.16,11847.55,18333.87,22,305.8,11,103.4,106.5,96.9,95.7,83.9,100.0,97.89,3.85,B - Đạt
202501,EMP_1264,DVKD_022,VUNG_3,931.07,6102.56,8492.51,9,114.53,7,62.9,64.1,59.2,52.9,60.5,70.0,60.43,0.0,D - Không đạt
202501,EMP_1265,DVKD_022,VUNG_3,1023.77,5738.63,8015.7,12,153.51,5,74.4,74.7,72.6,70.6,74.5,71.4,73.45,0.0,C - Cần nỗ lực
202501,EMP_1266,DVKD_022,VUNG_3,1026.49,5568.2,8492.96,9,179.57,4,62.6,60.7,63.9,60.0,66.0,57.1,63.02,0.0,D - Không đạt
202501,EMP_1267,DVKD_022,VUNG_3,1065.67,7081.33,10357.84,10,184.48,6,122.8,120.3,124.5,100.0,150.2,120.0,124.85,8.58,A - Xuất sắc
202501,EMP_1268,DVKD_022,VUNG_3,2414.73,15475.92,16153.84,23,354.46,10,157.8,167.6,146.5,143.8,193.4,166.7,159.25,26.64,A - Xuất sắc
202501,EMP_1269,DVKD_022,VUNG_3,1942.95,10950.65,12130.0,18,342.21,10,114.2,117.4,100.2,112.5,134.0,125.0,112.58,10.56,B - Đạt
202501,EMP_1270,DVKD_022,VUNG_3,1009.95,5534.33,9601.83,8,175.3,5,103.2,108.3,112.1,100.0,117.2,100.0,108.86,16.96,B - Đạt
202501,EMP_1271,DVKD_022,VUNG_3,1707.97,13009.37,18314.87,21,290.46,9,124.7,134.9,123.9,131.2,114.8,128.6,125.12,15.06,A - Xuất sắc
202501,EMP_1272,DVKD_022,VUNG_3,2649.17,11816.61,18920.9,22,289.58,13,152.1,151.4,158.1,157.1,156.1,144.4,155.19,26.79,A - Xuất sắc
202501,EMP_1273,DVKD_022,VUNG_3,3072.76,14267.86,24475.04,36,428.82,19,154.4,149.7,146.6,163.6,149.7,146.2,151.18,22.94,A - Xuất sắc
202501,EMP_1274,DVKD_023,VUNG_3,495.47,3216.74,5146.05,6,62.44,4,57.8,57.9,59.8,60.0,55.2,66.7,58.34,0.0,D - Không đạt
202501,EMP_1275,DVKD_023,VUNG_3,708.58,3350.02,6652.55,7,95.03,3,77.5,77.7,76.2,77.8,63.9,75.0,75.06,0.0,C - Cần nỗ lực
202501,EMP_1276,DVKD_023,VUNG_3,593.54,3592.03,4956.53,6,116.31,4,62.1,66.8,58.7,60.0,65.1,66.7,61.86,0.0,D - Không đạt
202501,EMP_1277,DVKD_023,VUNG_3,834.38,4555.84,6812.19,7,145.47,5,49.6,52.2,52.3,46.7,48.7,55.6,50.51,0.0,D - Không đạt
202501,EMP_1278,DVKD_023,VUNG_3,1448.12,6879.88,9330.63,12,172.75,8,93.9,93.1,84.8,85.7,91.3,88.9,89.38,2.18,C - Cần nỗ lực
202501,EMP_1279,DVKD_023,VUNG_3,1473.44,7081.72,14407.79,13,200.43,8,75.5,72.7,78.7,76.5,73.4,80.0,75.99,0.0,C - Cần nỗ lực
202501,EMP_1280,DVKD_023,VUNG_3,1831.95,10580.36,12832.52,17,326.99,12,114.3,110.3,117.4,106.2,121.9,133.3,115.11,9.29,B - Đạt
202501,EMP_1281,DVKD_023,VUNG_3,1514.83,7955.07,12657.47,14,382.41,9,108.4,106.2,116.9,100.0,123.8,90.0,112.51,9.52,B - Đạt
202501,EMP_1282,DVKD_023,VUNG_3,1620.13,7611.63,13446.77,16,279.82,11,100.5,107.8,111.4,100.0,117.4,110.0,107.9,10.26,B - Đạt
202501,EMP_1283,DVKD_023,VUNG_3,1524.06,7931.69,14199.64,15,305.99,7,99.0,95.4,103.2,107.1,125.8,100.0,104.76,14.89,B - Đạt
202501,EMP_1284,DVKD_023,VUNG_3,2332.29,13205.41,19732.27,21,550.27,19,116.2,115.5,126.1,105.0,129.5,135.7,120.44,13.59,A - Xuất sắc
202501,EMP_1285,DVKD_023,VUNG_3,2577.57,13716.84,19194.55,23,507.21,10,110.9,109.3,103.8,100.0,112.1,100.0,107.27,15.76,B - Đạt
202501,EMP_1286,DVKD_023,VUNG_3,713.93,3256.14,7080.1,9,99.69,5,47.3,45.6,49.3,52.9,41.2,50.0,47.39,0.0,D - Không đạt
202501,EMP_1287,DVKD_024,VUNG_3,892.71,6091.11,6670.82,10,159.97,3,93.3,103.5,88.3,111.1,104.4,75.0,96.52,5.48,B - Đạt
202501,EMP_1288,DVKD_024,VUNG_3,943.93,5097.48,8746.0,9,126.11,7,90.9,100.2,101.3,90.0,114.8,116.7,99.43,2.61,B - Đạt
202501,EMP_1289,DVKD_024,VUNG_3,796.92,4780.15,6989.67,9,148.58,6,91.7,89.5,81.8,81.8,84.9,100.0,85.89,2.05,C - Cần nỗ lực
202501,EMP_1290,DVKD_024,VUNG_3,1872.44,11063.27,17765.57,14,347.26,10,126.0,118.7,118.0,107.7,139.3,111.1,122.27,8.15,A - Xuất sắc
202501,EMP_1291,DVKD_024,VUNG_3,1248.92,8434.46,11068.54,14,187.93,7,92.5,85.7,97.7,82.4,75.8,100.0,89.78,4.43,C - Cần nỗ lực
202501,EMP_1292,DVKD_024,VUNG_3,945.8,6282.11,7947.71,9,167.31,5,106.2,118.9,117.3,112.5,105.4,125.0,112.5,11.62,B - Đạt
202501,EMP_1293,DVKD_024,VUNG_3,2041.54,11760.79,19175.35,22,374.04,12,95.4,98.8,106.8,91.7,107.8,100.0,101.39,11.04,B - Đạt
202501,EMP_1294,DVKD_024,VUNG_3,2567.32,11875.61,19970.06,26,448.44,12,148.5,147.7,158.4,144.4,184.7,150.0,156.87,21.87,A - Xuất sắc
202501,EMP_1295,DVKD_024,VUNG_3,1559.94,6716.77,11883.59,13,364.21,5,71.1,69.8,67.3,61.9,75.8,55.6,69.36,0.0,D - Không đạt
202501,EMP_1296,DVKD_024,VUNG_3,1185.3,6047.4,9887.42,15,199.92,7,80.3,80.6,70.2,83.3,93.0,77.8,79.01,0.0,C - Cần nỗ lực
202501,EMP_1297,DVKD_024,VUNG_3,1665.85,6466.68,13003.57,15,252.91,8,100.3,91.7,104.4,83.3,82.7,114.3,96.1,4.98,B - Đạt
202501,EMP_1298,DVKD_024,VUNG_3,1910.94,10856.81,16059.35,19,199.33,12,107.4,109.0,117.6,118.8,97.5,120.0,110.86,14.71,B - Đạt
202502,EMP_1001,DVKD_001,VUNG_1,836.87,4609.56,6726.41,5,96.12,4,91.6,88.2,92.3,71.4,72.4,80.0,86.44,5.32,C - Cần nỗ lực
202502,EMP_1002,DVKD_001,VUNG_1,926.97,3980.25,6417.74,7,112.91,4,87.2,91.3,95.1,77.8,91.9,80.0,90.34,5.12,B - Đạt
202502,EMP_1003,DVKD_001,VUNG_1,991.65,4986.39,8114.12,8,129.45,8,111.9,115.5,115.3,100.0,110.7,133.3,112.26,13.84,B - Đạt
202502,EMP_1004,DVKD_001,VUNG_1,1512.5,8199.4,11128.53,14,199.01,8,89.1,83.4,79.9,82.4,76.8,88.9,82.51,3.39,C - Cần nỗ lực
202502,EMP_1005,DVKD_001,VUNG_1,1420.75,8601.64,12761.41,13,179.38,7,89.5,94.2,86.1,86.7,81.9,77.8,87.59,2.3,C - Cần nỗ lực
202502,EMP_1006,DVKD_001,VUNG_1,1537.81,7117.47,11408.24,12,183.11,9,62.7,58.7,62.9,54.5,56.8,64.3,60.47,0.0,D - Không đạt
202502,EMP_1007,DVKD_001,VUNG_1,1385.26,7915.22,11764.37,17,236.46,7,98.2,94.6,103.8,113.3,95.9,87.5,100.78,12.31,B - Đạt
202502,EMP_1008,DVKD_001,VUNG_1,1552.94,9089.95,11698.29,14,247.47,10,101.0,107.5,103.9,87.5,85.0,100.0,99.24,2.43,B - Đạt
202502,EMP_1009,DVKD_001,VUNG_1,2612.61,10378.66,14741.06,21,393.13,12,106.6,108.5,94.3,110.5,89.1,85.7,100.34,10.37,B - Đạt
202502,EMP_1010,DVKD_001,VUNG_1,1813.51,7768.13,13704.23,15,225.28,11,104.3,99.6,91.8,115.4,91.4,110.0,98.39,4.23,B - Đạt
202502,EMP_1011,DVKD_001,VUNG_1,1235.86,6871.22,12693.53,14,255.25,7,86.7,83.0,82.5,82.4,100.7,100.0,86.34,2.47,C - Cần nỗ lực
202502,EMP_1012,DVKD_001,VUNG_1,1614.29,8510.21,13632.29,14,257.55,8,92.8,104.7,106.4,100.0,104.3,100.0,101.79,9.74,B - Đạt
202502,EMP_1013,DVKD_001,VUNG_1,1716.3,7894.16,13581.22,17,226.33,11,107.1,112.3,100.2,100.0,84.8,122.2,101.41,13.71,B - Đạt
202502,EMP_1014,DVKD_001,VUNG_1,3014.12,15910.96,27305.7,31,759.28,15,133.3,131.3,143.3,155.0,156.7,150.0,142.18,21.56,A - Xuất sắc
202502,EMP_1015,DVKD_002,VUNG_1,741.08,4892.47,7422.75,7,129.84,5,90.1,88.2,89.1,100.0,114.8,83.3,94.16,2.15,B - Đạt
202502,EMP_1016,DVKD_002,VUNG_1,961.72,6222.88,10019.68,10,150.63,7,106.4,111.0,118.1,125.0,117.4,116.7,114.7,9.36,B - Đạt
202502,EMP_1017,DVKD_002,VUNG_1,883.65,6083.1,8586.59,8,186.78,7,102.5,104.0,97.7,100.0,121.0,116.7,103.57,12.19,B - Đạt
202502,EMP_1018,DVKD_002,VUNG_1,533.25,3380.74,5347.02,4,134.34,3,59.3,65.1,61.8,57.1,75.7,50.0,63.29,0.0,D - Không đạt
202502,EMP_1019,DVKD_002,VUNG_1,1225.52,8137.83,11357.48,15,209.7,9,84.0,90.9,83.0,93.8,87.4,90.0,86.17,5.98,C - Cần nỗ lực
202502,EMP_1020,DVKD_002,VUNG_1,951.92,4627.19,7830.59,10,190.76,5,100.6,97.7,101.8,90.9,97.3,100.0,99.12,2.07,B - Đạt
202502,EMP_1021,DVKD_002,VUNG_1,1884.71,8829.71,14844.8,11,346.58,12,106.9,103.2,100.4,84.6,107.0,120.0,101.85,15.93,B - Đạt
202502,EMP_1022,DVKD_002,VUNG_1,1426.44,8431.95,10018.71,15,270.97,9,98.5,95.6,87.1,107.1,79.0,112.5,92.01,2.03,B - Đạt
202502,EMP_1023,DVKD_002,VUNG_1,1603.28,8410.65,15173.15,17,241.91,10,103.6,109.6,102.5,106.2,116.7,111.1,106.34,15.08,B - Đạt
202502,EMP_1024,DVKD_002,VUNG_1,1010.66,5569.41,8027.09,11,232.77,5,96.5,105.3,90.1,110.0,121.0,83.3,100.6,15.95,B - Đạt
202502,EMP_1025,DVKD_002,VUNG_1,1390.47,8466.89,13317.13,10,287.55,6,57.1,62.5,62.8,55.6,68.9,60.0,61.52,0.0,D - Không đạt
202502,EMP_1026,DVKD_003,VUNG_1,1028.49,6317.45,7572.24,11,133.67,6,119.5,112.1,110.9,122.2,103.2,120.0,113.2,9.34,B - Đạt
202502,EMP_1027,DVKD_003,VUNG_1,926.83,4014.97,7269.71,9,148.57,3,102.2,94.1,102.7,90.0,113.0,75.0,101.56,13.15,B - Đạt
202502,EMP_1028,DVKD_003,VUNG_1,875.48,4391.32,5677.5,8,171.71,6,97.8,97.6,85.6,100.0,86.3,100.0,91.99,3.25,B - Đạt
202502,EMP_1029,DVKD_003,VUNG_1,2247.6,12754.76,21723.05,22,363.53,15,99.2,107.6,108.2,95.7,91.5,115.4,102.1,10.77,B - Đạt
202502,EMP_1030,DVKD_003,VUNG_1,1534.87,8657.35,13094.27,16,261.99,6,99.5,97.1,104.4,94.1,97.3,85.7,99.98,5.76,B - Đạt
202502,EMP_1031,DVKD_003,VUNG_1,1573.44,10042.57,15263.88,19,343.41,9,106.7,109.9,113.1,118.8,122.2,128.6,112.95,12.51,B - Đạt
202502,EMP_1032,DVKD_003,VUNG_1,1646.66,9988.3,18753.92,14,390.26,9,117.8,119.7,129.1,107.7,135.1,100.0,123.62,12.11,A - Xuất sắc
202502,EMP_1033,DVKD_003,VUNG_1,720.11,4469.97,6089.16,10,114.33,5,86.2,92.2,91.4,100.0,89.6,100.0,90.81,3.22,B - Đạt
202502,EMP_1034,DVKD_003,VUNG_1,759.41,4174.17,5663.58,8,131.97,4,88.1,85.1,86.3,80.0,112.1,80.0,89.81,3.36,C - Cần nỗ lực
202502,EMP_1035,DVKD_003,VUNG_1,1007.94,6479.71,8390.24,8,129.59,4,100.7,108.9,98.5,100.0,109.0,100.0,102.33,12.39,B - Đạt
202502,EMP_1036,DVKD_004,VUNG_1,1297.3,8901.57,10515.21,18,249.38,11,151.5,155.8,144.9,180.0,155.7,183.3,153.31,24.37,A - Xuất sắc
202502,EMP_1037,DVKD_004,VUNG_1,1025.7,6057.75,7326.32,10,156.92,6,102.1,107.5,110.1,100.0,120.0,100.0,108.19,13.14,B - Đạt
202502,EMP_1038,DVKD_004,VUNG_1,947.41,4942.13,6273.57,12,147.44,6,102.2,105.8,96.2,120.0,127.7,100.0,106.25,10.23,B - Đạt
202502,EMP_1039,DVKD_004,VUNG_1,1599.92,7687.11,15983.42,16,331.01,8,108.1,104.8,110.6,106.7,102.1,114.3,107.44,8.43,B - Đạt
202502,EMP_1040,DVKD_004,VUNG_1,1888.56,7266.02,14026.66,13,354.42,10,105.3,105.3,99.3,100.0,110.3,125.0,103.42,9.11,B - Đạt
202502,EMP_1041,DVKD_004,VUNG_1,1029.31,5069.22,7650.75,11,218.33,4,103.1,108.5,99.8,110.0,107.3,100.0,104.07,8.45,B - Đạt
202502,EMP_1042,DVKD_004,VUNG_1,3504.24,18456.96,26014.69,30,652.11,16,148.9,161.5,167.2,150.0,133.8,177.8,155.04,21.38,A - Xuất sắc
202502,EMP_1043,DVKD_004,VUNG_1,2127.91,10486.66,14300.42,17,416.13,10,124.4,136.0,116.4,121.4,146.7,111.1,126.39,13.67,A - Xuất sắc
202502,EMP_1044,DVKD_004,VUNG_1,1512.39,7890.52,12666.91,14,368.22,10,109.7,106.4,115.3,100.0,128.6,125.0,113.03,8.86,B - Đạt
202502,EMP_1045,DVKD_004,VUNG_1,1717.48,7721.85,15862.05,14,427.63,7,114.8,108.8,114.6,116.7,128.0,100.0,116.0,8.28,B - Đạt
202502,EMP_1046,DVKD_004,VUNG_1,912.77,4786.17,7563.2,6,142.6,3,52.5,53.6,51.3,50.0,49.6,37.5,51.56,0.0,D - Không đạt
202502,EMP_1047,DVKD_004,VUNG_1,1667.25,7610.88,16089.04,17,201.43,11,111.6,99.4,111.8,106.2,97.9,122.2,107.25,13.07,B - Đạt
202502,EMP_1048,DVKD_005,VUNG_1,839.26,4430.08,8640.8,9,159.55,7,97.9,88.6,101.3,100.0,91.3,116.7,96.91,3.41,B - Đạt
202502,EMP_1049,DVKD_005,VUNG_1,1035.56,6501.12,8919.38,9,184.83,4,106.5,116.7,109.8,112.5,114.5,100.0,110.98,10.82,B - Đạt
202502,EMP_1050,DVKD_005,VUNG_1,854.84,5050.53,8529.59,8,152.77,5,97.4,88.9,103.0,88.9,82.9,100.0,95.06,5.67,B - Đạt
202502,EMP_1051,DVKD_005,VUNG_1,2621.84,17288.01,22852.22,30,398.65,19,138.0,140.5,137.1,130.4,144.4,146.2,138.26,34.63,A - Xuất sắc
202502,EMP_1052,DVKD_005,VUNG_1,901.17,4196.94,6388.39,7,128.13,3,51.9,54.2,50.6,43.8,48.4,42.9,50.46,0.0,D - Không đạt
202502,EMP_1053,DVKD_005,VUNG_1,2500.04,10919.98,19189.09,25,455.94,15,162.9,146.7,156.8,166.7,162.4,150.0,158.64,23.46,A - Xuất sắc
202502,EMP_1054,DVKD_005,VUNG_1,1562.41,9106.83,11832.58,21,312.48,7,106.6,109.6,104.8,116.7,117.0,87.5,108.99,15.61,B - Đạt
202502,EMP_1055,DVKD_005,VUNG_1,1743.8,10688.23,14777.08,19,265.79,7,107.3,116.9,111.6,111.8,111.5,87.5,111.32,11.89,B - Đạt
202502,EMP_1056,DVKD_005,VUNG_1,2657.06,16402.64,21019.63,37,525.04,16,128.4,128.4,128.9,148.0,110.2,133.3,127.81,10.19,A - Xuất sắc
202502,EMP_1057,DVKD_005,VUNG_1,2084.68,11623.93,16096.46,21,283.96,16,138.6,141.1,136.6,123.5,158.8,160.0,139.79,20.36,A - Xuất sắc
202502,EMP_1058,DVKD_005,VUNG_1,501.97,3357.72,5282.45,6,81.8,3,58.8,60.6,65.3,60.0,51.2,60.0,60.32,0.0,D - Không đạt
202502,EMP_1059,DVKD_006,VUNG_1,875.03,4588.6,9921.74,8,144.86,4,96.1,99.7,106.5,88.9,84.6,100.0,97.83,3.26,B - Đạt
202502,EMP_1060,DVKD_006,VUNG_1,1463.47,8452.52,12677.09,16,202.77,6,151.9,150.2,154.2,145.5,150.5,150.0,151.6,32.29,A - Xuất sắc
202502,EMP_1061,DVKD_006,VUNG_1,505.28,2995.65,3791.54,5,58.73,2,52.0,52.6,48.4,62.5,44.4,50.0,50.74,0.0,D - Không đạt
202502,EMP_1062,DVKD_006,VUNG_1,2005.57,9416.89,15116.01,23,335.66,10,89.7,90.4,98.3,104.5,86.2,100.0,93.77,4.22,B - Đạt
202502,EMP_1063,DVKD_006,VUNG_1,1655.55,10706.08,12099.17,14,201.79,11,103.6,108.8,102.4,100.0,89.7,122.2,101.52,10.01,B - Đạt
202502,EMP_1064,DVKD_006,VUNG_1,1412.18,8133.69,11064.38,14,201.2,9,86.1,91.0,83.3,93.3,79.3,100.0,85.55,5.18,C - Cần nỗ lực
202502,EMP_1065,DVKD_006,VUNG_1,2074.55,10039.25,15144.71,18,424.49,13,128.8,121.5,118.7,138.5,142.7,130.0,127.22,11.53,A - Xuất sắc
202502,EMP_1066,DVKD_006,VUNG_1,1106.65,7767.35,11575.73,12,153.89,5,135.6,135.4,129.4,133.3,135.1,125.0,133.09,26.07,A - Xuất sắc
202502,EMP_1067,DVKD_006,VUNG_1,1454.62,6701.02,10251.91,16,279.74,8,94.0,94.9,93.8,94.1,88.9,114.3,93.31,2.44,B - Đạt
202502,EMP_1068,DVKD_006,VUNG_1,1675.78,8594.3,13520.65,12,263.96,8,94.2,94.5,88.2,92.3,108.3,80.0,94.07,4.27,B - Đạt
202502,EMP_1069,DVKD_006,VUNG_1,2115.23,11258.33,13844.13,20,367.31,12,137.5,123.3,128.2,142.9,136.0,150.0,132.43,20.49,A - Xuất sắc
202502,EMP_1070,DVKD_006,VUNG_1,2194.3,11037.28,16382.67,19,328.37,13,123.6,122.7,129.6,118.8,148.8,130.0,128.86,15.8,A - Xuất sắc
202502,EMP_1071,DVKD_006,VUNG_1,1322.93,5740.61,11258.62,16,209.81,9,57.0,55.0,56.9,64.0,62.6,64.3,58.2,0.0,D - Không đạt
202502,EMP_1072,DVKD_006,VUNG_1,1268.67,6794.31,9938.88,11,249.95,7,118.0,131.0,133.9,110.0,119.5,140.0,124.94,12.16,A - Xuất sắc
202502,EMP_1073,DVKD_007,VUNG_1,989.83,3770.07,6741.3,9,157.92,4,97.5,91.7,90.5,100.0,81.0,80.0,91.95,3.12,B - Đạt
202502,EMP_1074,DVKD_007,VUNG_1,631.87,2819.65,4588.17,4,105.8,4,59.3,56.3,62.2,50.0,58.9,66.7,58.88,0.0,D - Không đạt
202502,EMP_1075,DVKD_007,VUNG_1,1187.55,6262.97,8676.57,10,199.98,5,112.7,111.7,112.2,111.1,111.8,100.0,112.08,16.59,B - Đạt
202502,EMP_1076,DVKD_007,VUNG_1,1177.67,6222.96,8138.49,10,250.63,5,47.9,47.5,51.0,40.0,55.5,45.5,49.27,0.0,D - Không đạt
202502,EMP_1077,DVKD_007,VUNG_1,2084.05,11637.52,14263.63,15,353.37,8,116.4,129.5,119.3,107.1,118.4,100.0,118.75,10.72,B - Đạt
202502,EMP_1078,DVKD_007,VUNG_1,2129.28,12454.08,17928.69,17,491.55,7,126.4,135.1,119.5,121.4,141.0,100.0,126.98,14.77,A - Xuất sắc
202502,EMP_1079,DVKD_007,VUNG_1,869.56,4951.83,7158.8,6,124.63,6,94.4,89.5,89.8,75.0,95.4,100.0,90.27,3.22,B - Đạt
202502,EMP_1080,DVKD_007,VUNG_1,1766.35,9726.26,15072.26,14,302.29,6,101.7,101.5,107.5,107.7,114.2,85.7,106.17,10.09,B - Đạt
202502,EMP_1081,DVKD_007,VUNG_1,1489.35,6288.73,13428.08,14,173.31,8,148.3,148.2,154.4,140.0,144.6,160.0,149.03,18.9,A - Xuất sắc
202502,EMP_1082,DVKD_007,VUNG_1,1896.7,10230.66,20391.61,20,330.67,13,89.1,92.9,94.3,90.9,111.7,100.0,95.06,5.73,B - Đạt
202502,EMP_1083,DVKD_008,VUNG_1,982.14,4947.65,8178.86,11,222.54,6,99.9,98.0,108.4,110.0,111.3,120.0,105.31,12.53,B - Đạt
202502,EMP_1084,DVKD_008,VUNG_1,1463.96,7669.52,13263.07,17,214.05,8,161.8,159.7,169.0,170.0,146.9,160.0,162.59,29.47,A - Xuất sắc
202502,EMP_1085,DVKD_008,VUNG_1,869.69,4793.53,8082.81,8,216.89,4,105.6,107.6,105.0,100.0,123.0,100.0,107.74,12.68,B - Đạt
202502,EMP_1086,DVKD_008,VUNG_1,820.48,4109.25,7593.7,7,126.72,4,50.7,50.8,52.2,50.0,41.6,57.1,49.8,0.0,D - Không đạt
202502,EMP_1087,DVKD_008,VUNG_1,1396.13,7835.1,17714.57,13,279.07,8,99.9,111.4,114.9,100.0,116.3,88.9,109.34,15.59,B - Đạt
202502,EMP_1088,DVKD_008,VUNG_1,1531.71,10790.46,14667.75,14,357.87,11,110.2,118.8,102.1,116.7,108.6,110.0,109.06,16.59,B - Đạt
202502,EMP_1089,DVKD_008,VUNG_1,1147.37,4843.7,10294.62,10,246.56,4,109.4,104.0,114.7,111.1,124.5,100.0,112.88,14.55,B - Đạt
202502,EMP_1090,DVKD_008,VUNG_1,1476.74,6985.06,10990.24,15,303.57,9,96.1,96.5,91.8,107.1,112.8,100.0,98.26,5.58,B - Đạt
202502,EMP_1091,DVKD_008,VUNG_1,1167.93,6906.41,9992.36,11,233.66,7,74.0,71.3,74.2,64.7,89.7,87.5,75.09,0.0,C - Cần nỗ lực
202502,EMP_1092,DVKD_008,VUNG_1,2775.79,16837.8,24205.04,24,479.35,15,163.0,170.2,162.2,150.0,162.6,166.7,162.44,23.39,A - Xuất sắc
202502,EMP_1093,DVKD_008,VUNG_1,1368.18,6848.57,10976.2,11,227.44,6,55.1,51.6,55.1,61.1,68.6,60.0,57.2,0.0,D - Không đạt
202502,EMP_1094,DVKD_008,VUNG_1,464.64,2570.23,4666.95,5,100.8,2,45.9,46.0,51.8,50.0,48.9,33.3,48.84,0.0,D - Không đạt
202502,EMP_1095,DVKD_008,VUNG_1,2084.45,10929.67,17351.26,19,320.32,9,95.2,94.2,92.0,100.0,103.3,90.0,95.62,5.25,B - Đạt
202502,EMP_1096,DVKD_009,VUNG_2,993.99,4357.8,6649.82,7,149.36,4,93.0,87.1,85.0,100.0,89.1,80.0,89.43,3.8,C - Cần nỗ lực
202502,EMP_1097,DVKD_009,VUNG_2,650.63,3160.49,6060.45,8,142.62,3,73.1,74.8,70.0,80.0,82.2,75.0,74.33,0.0,C - Cần nỗ lực
202502,EMP_1098,DVKD_009,VUNG_2,1007.1,4204.57,6905.87,12,174.51,5,103.0,100.3,105.1,120.0,105.8,100.0,105.45,10.29,B - Đạt
202502,EMP_1099,DVKD_009,VUNG_2,2710.2,17957.16,27648.92,34,388.93,17,141.8,158.2,155.4,147.8,138.0,130.8,149.05,22.06,A - Xuất sắc
202502,EMP_1100,DVKD_009,VUNG_2,1784.75,8605.6,14242.57,17,241.4,9,106.5,108.9,106.9,94.4,103.4,100.0,105.33,9.8,B - Đạt
202502,EMP_1101,DVKD_009,VUNG_2,691.9,3405.31,5847.69,6,124.12,5,45.7,43.1,50.1,46.2,42.3,50.0,46.39,0.0,D - Không đạt
202502,EMP_1102,DVKD_009,VUNG_2,2368.17,11462.16,24442.24,25,579.05,17,109.6,118.6,124.0,104.2,134.1,121.4,119.12,13.05,B - Đạt
202502,EMP_1103,DVKD_009,VUNG_2,1911.79,12032.08,19227.51,21,244.5,11,139.9,145.1,129.0,140.0,129.5,157.1,135.31,26.64,A - Xuất sắc
202502,EMP_1104,DVKD_009,VUNG_2,1589.26,7922.1,15668.86,15,383.96,8,108.8,101.8,100.8,93.8,120.3,114.3,105.17,11.17,B - Đạt
202502,EMP_1105,DVKD_009,VUNG_2,1845.66,9625.33,15152.78,16,295.86,7,113.9,104.1,114.7,100.0,120.8,87.5,112.35,13.79,B - Đạt
202502,EMP_1106,DVKD_009,VUNG_2,1521.61,8794.06,15658.6,14,200.02,9,109.8,102.8,111.2,100.0,94.1,90.0,105.91,8.3,B - Đạt
202502,EMP_1107,DVKD_009,VUNG_2,2529.35,11693.75,20951.71,21,344.22,12,148.4,152.2,163.1,150.0,150.6,150.0,154.6,24.35,A - Xuất sắc
202502,EMP_1108,DVKD_009,VUNG_2,3728.37,16378.84,29868.78,27,635.21,15,150.8,138.7,147.5,135.0,174.4,166.7,149.79,18.95,A - Xuất sắc
202502,EMP_1109,DVKD_009,VUNG_2,2578.56,13292.77,19096.83,24,396.97,12,154.0,145.3,149.5,150.0,122.1,120.0,145.94,33.4,A - Xuất sắc
202502,EMP_1110,DVKD_010,VUNG_2,1008.92,4521.5,8537.75,11,170.63,6,105.3,103.6,103.5,110.0,94.9,120.0,103.33,11.46,B - Đạt
202502,EMP_1111,DVKD_010,VUNG_2,897.36,5486.93,8196.98,10,192.23,5,99.4,104.9,108.4,111.1,113.1,100.0,106.6,10.58,B - Đạt
202502,EMP_1112,DVKD_010,VUNG_2,837.42,4216.07,6282.54,9,171.74,4,98.0,93.1,87.9,90.0,103.9,100.0,93.81,3.62,B - Đạt
202502,EMP_1113,DVKD_010,VUNG_2,1119.74,6094.0,8368.31,9,166.63,5,51.9,56.4,54.9,47.4,45.9,50.0,52.27,0.0,D - Không đạt
202502,EMP_1114,DVKD_010,VUNG_2,2456.93,12305.24,19559.16,20,313.24,10,154.5,167.2,169.4,142.9,132.1,142.9,157.1,23.37,A - Xuất sắc
202502,EMP_1115,DVKD_010,VUNG_2,1532.73,9264.57,12654.86,14,235.37,9,110.3,115.2,115.5,93.3,92.7,128.6,108.52,16.57,B - Đạt
202502,EMP_1116,DVKD_010,VUNG_2,2173.06,14601.72,16174.65,22,461.89,11,97.1,110.0,96.1,95.7,125.7,110.0,102.84,11.75,B - Đạt
202502,EMP_1117,DVKD_010,VUNG_2,943.35,5349.51,8738.07,8,144.98,5,101.1,93.2,98.6,114.3,104.0,125.0,100.79,15.94,B - Đạt
202502,EMP_1118,DVKD_010,VUNG_2,2130.21,14524.79,21650.74,23,566.08,11,152.6,148.6,150.5,143.8,168.8,157.1,152.81,26.84,A - Xuất sắc
202502,EMP_1119,DVKD_010,VUNG_2,1745.89,9740.47,17680.88,20,307.23,12,110.7,109.9,119.3,111.1,114.2,133.3,114.15,9.58,B - Đạt
202502,EMP_1120,DVKD_011,VUNG_2,1071.57,6068.1,7812.43,11,244.39,5,107.3,105.9,101.8,100.0,124.8,100.0,107.06,16.49,B - Đạt
202502,EMP_1121,DVKD_011,VUNG_2,786.95,3940.9,7092.0,8,174.3,3,94.2,92.7,100.4,88.9,110.3,75.0,98.03,4.92,B - Đạt
202502,EMP_1122,DVKD_011,VUNG_2,511.52,2918.3,4610.37,5,102.14,4,60.3,57.6,65.5,50.0,49.4,66.7,59.05,0.0,D - Không đạt
202502,EMP_1123,DVKD_011,VUNG_2,2345.14,9825.73,17401.78,22,339.0,14,147.4,139.3,147.4,137.5,126.8,155.6,142.1,31.57,A - Xuất sắc
202502,EMP_1124,DVKD_011,VUNG_2,2696.88,13323.19,22609.34,23,409.21,13,117.7,105.5,122.8,104.5,124.3,108.3,117.33,10.16,B - Đạt
202502,EMP_1125,DVKD_011,VUNG_2,1091.13,6272.86,8292.3,11,238.83,7,67.0,66.8,62.3,68.8,81.4,70.0,67.66,0.0,D - Không đạt
202502,EMP_1126,DVKD_011,VUNG_2,2166.11,13376.71,16537.57,20,309.51,9,87.8,96.4,87.8,100.0,92.8,75.0,91.06,3.31,B - Đạt
202502,EMP_1127,DVKD_011,VUNG_2,1648.36,9281.46,10699.65,14,267.77,6,94.2,97.0,84.9,100.0,94.4,85.7,91.97,5.06,B - Đạt
202502,EMP_1128,DVKD_011,VUNG_2,631.77,4512.47,5938.4,6,136.26,4,43.8,47.3,43.6,42.9,44.2,44.4,44.23,0.0,D - Không đạt
202502,EMP_1129,DVKD_011,VUNG_2,1456.83,8922.93,10250.84,11,194.98,9,91.3,98.1,93.2,91.7,93.2,100.0,93.31,3.44,B - Đạt
202502,EMP_1130,DVKD_011,VUNG_2,1875.61,10888.72,12475.63,15,373.08,12,109.1,113.8,106.6,115.4,132.7,120.0,113.1,12.18,B - Đạt
202502,EMP_1131,DVKD_011,VUNG_2,3002.33,14807.29,29246.65,31,691.15,21,143.9,144.8,148.1,129.2,179.2,161.5,149.33,19.25,A - Xuất sắc
202502,EMP_1132,DVKD_011,VUNG_2,1097.0,6477.42,7822.9,10,253.51,5,125.3,116.8,118.0,111.1,125.5,125.0,120.08,8.9,A - Xuất sắc
202502,EMP_1133,DVKD_011,VUNG_2,2209.02,10951.82,20439.56,20,421.32,13,99.8,107.2,96.4,105.3,86.4,118.2,98.26,2.65,B - Đạt
202502,EMP_1134,DVKD_012,VUNG_2,1169.01,5433.27,9686.37,12,212.1,4,127.3,121.9,144.1,120.0,148.9,100.0,134.88,20.87,A - Xuất sắc
202502,EMP_1135,DVKD_012,VUNG_2,856.21,4531.57,8189.93,8,168.1,6,103.8,107.9,115.0,100.0,88.5,120.0,105.66,8.74,B - Đạt
202502,EMP_1136,DVKD_012,VUNG_2,1504.87,8186.95,12832.74,12,154.21,10,161.6,160.4,152.5,150.0,140.2,166.7,153.87,30.76,A - Xuất sắc
202502,EMP_1137,DVKD_012,VUNG_2,2735.55,12206.72,21202.82,25,391.7,11,116.1,109.6,112.7,113.6,121.8,91.7,114.54,12.2,B - Đạt
202502,EMP_1138,DVKD_012,VUNG_2,3228.12,17657.81,21799.62,30,389.58,16,137.0,139.1,130.4,125.0,120.0,114.3,131.25,20.1,A - Xuất sắc
202502,EMP_1139,DVKD_012,VUNG_2,836.01,5254.06,9162.39,10,111.36,5,99.3,102.0,98.7,111.1,96.6,100.0,100.27,8.57,B - Đạt
202502,EMP_1140,DVKD_012,VUNG_2,1905.69,10731.08,13380.64,15,312.23,10,117.2,110.7,110.8,115.4,125.9,111.1,115.11,11.1,B - Đạt
202502,EMP_1141,DVKD_012,VUNG_2,2322.62,13229.0,17784.85,16,396.57,12,93.7,97.1,86.7,94.1,82.1,85.7,90.06,5.13,B - Đạt
202502,EMP_1142,DVKD_012,VUNG_2,1103.52,6229.82,7312.01,11,103.06,7,46.7,44.8,41.4,50.0,41.4,50.0,44.09,0.0,D - Không đạt
202502,EMP_1143,DVKD_012,VUNG_2,1658.08,8557.54,14521.06,16,219.81,6,94.8,89.9,101.6,100.0,108.3,85.7,98.99,5.44,B - Đạt
202502,EMP_1144,DVKD_013,VUNG_2,1130.98,4947.48,8422.31,11,185.44,4,110.2,114.6,105.0,122.2,117.5,100.0,111.33,15.15,B - Đạt
202502,EMP_1145,DVKD_013,VUNG_2,510.88,2959.7,4067.0,5,76.14,2,51.3,55.9,51.4,45.5,51.7,40.0,51.5,0.0,D - Không đạt
202502,EMP_1146,DVKD_013,VUNG_2,1466.64,8248.98,13165.83,17,142.11,7,160.7,156.6,150.9,154.5,131.3,175.0,151.62,33.28,A - Xuất sắc
202502,EMP_1147,DVKD_013,VUNG_2,2270.75,13362.25,24846.47,21,253.13,14,110.2,110.6,116.2,116.7,102.9,127.3,111.92,10.09,B - Đạt
202502,EMP_1148,DVKD_013,VUNG_2,737.22,4404.83,6435.55,10,151.58,5,50.7,49.4,46.5,55.6,44.5,62.5,48.59,0.0,D - Không đạt
202502,EMP_1149,DVKD_013,VUNG_2,1888.74,10590.5,20305.1,17,295.39,9,134.1,146.6,147.0,141.7,140.5,128.6,142.21,28.15,A - Xuất sắc
202502,EMP_1150,DVKD_013,VUNG_2,1387.26,8907.39,13740.09,18,258.07,9,101.2,100.5,105.5,105.9,94.6,100.0,102.08,11.57,B - Đạt
202502,EMP_1151,DVKD_013,VUNG_2,1603.27,7475.29,11557.04,16,193.98,10,95.4,98.2,98.6,106.7,98.8,111.1,98.58,2.6,B - Đạt
202502,EMP_1152,DVKD_013,VUNG_2,2108.6,11999.9,24651.27,28,311.92,15,151.7,152.5,163.0,164.7,133.9,150.0,154.41,18.88,A - Xuất sắc
202502,EMP_1153,DVKD_013,VUNG_2,1647.63,8996.42,9254.39,16,290.7,8,94.3,96.0,84.8,88.9,86.8,80.0,89.56,3.57,C - Cần nỗ lực
202502,EMP_1154,DVKD_013,VUNG_2,1556.36,10256.38,12322.4,14,239.46,11,101.7,109.4,111.9,93.3,116.6,110.0,107.82,14.7,B - Đạt
202502,EMP_1155,DVKD_013,VUNG_2,1528.95,7982.23,15489.23,21,359.68,9,106.8,116.7,106.4,123.5,109.0,128.6,110.14,16.07,B - Đạt
202502,EMP_1156,DVKD_013,VUNG_2,2354.87,10700.9,21685.79,24,312.79,13,132.3,132.5,139.9,133.3,171.6,144.4,140.98,30.01,A - Xuất sắc
202502,EMP_1157,DVKD_014,VUNG_2,752.39,3527.8,6664.66,8,125.63,4,85.6,83.2,84.1,80.0,79.5,80.0,83.24,2.33,C - Cần nỗ lực
202502,EMP_1158,DVKD_014,VUNG_2,1243.79,5321.15,7064.48,13,134.63,7,116.2,116.2,107.3,130.0,96.5,116.7,111.51,12.4,B - Đạt
202502,EMP_1159,DVKD_014,VUNG_2,1126.49,4801.67,9187.44,11,160.94,5,121.6,110.7,115.4,122.2,101.6,100.0,114.85,9.05,B - Đạt
202502,EMP_1160,DVKD_014,VUNG_2,1759.92,7711.92,13941.47,20,342.97,10,104.9,96.2,108.6,111.1,99.2,111.1,104.65,10.09,B - Đạt
202502,EMP_1161,DVKD_014,VUNG_2,2411.25,11070.51,20893.67,16,462.46,14,165.5,148.4,149.6,133.3,160.4,140.0,153.38,24.35,A - Xuất sắc
202502,EMP_1162,DVKD_014,VUNG_2,2159.21,13096.72,22592.93,25,510.23,15,152.9,150.7,150.2,138.9,162.0,150.0,151.59,20.33,A - Xuất sắc
202502,EMP_1163,DVKD_014,VUNG_2,981.35,4269.17,7199.0,10,150.67,5,61.3,62.5,59.3,58.8,67.4,55.6,61.45,0.0,D - Không đạt
202502,EMP_1164,DVKD_014,VUNG_2,1381.87,5509.49,9825.34,9,242.67,5,56.2,55.8,51.7,52.9,65.6,50.0,55.64,0.0,D - Không đạt
202502,EMP_1165,DVKD_014,VUNG_2,1106.74,7647.69,10798.84,14,264.18,9,131.3,140.0,149.6,127.3,158.6,150.0,142.7,31.88,A - Xuất sắc
202502,EMP_1166,DVKD_014,VUNG_2,1762.93,8597.31,14271.06,21,218.95,8,117.9,113.3,122.9,131.2,97.0,114.3,117.16,12.96,B - Đạt
202502,EMP_1167,DVKD_014,VUNG_2,2095.64,8630.51,15887.6,22,245.06,11,89.6,85.7,87.3,100.0,95.5,100.0,90.14,4.4,B - Đạt
202502,EMP_1168,DVKD_014,VUNG_2,957.86,4183.48,7506.2,9,111.92,6,64.4,58.0,62.8,64.3,58.5,66.7,61.98,0.0,D - Không đạt
202502,EMP_1169,DVKD_014,VUNG_2,1213.86,7053.35,10840.8,12,149.26,7,77.6,79.7,73.6,85.7,69.8,77.8,76.16,0.0,C - Cần nỗ lực
202502,EMP_1170,DVKD_015,VUNG_2,1026.84,4480.92,8426.29,11,162.17,4,112.1,109.4,104.2,110.0,87.8,80.0,105.08,16.05,B - Đạt
202502,EMP_1171,DVKD_015,VUNG_2,1204.13,7202.98,8679.27,13,216.39,6,123.0,130.6,113.1,130.0,149.3,120.0,125.32,8.8,A - Xuất sắc
202502,EMP_1172,DVKD_015,VUNG_2,728.93,3256.15,6955.72,7,105.28,3,75.1,74.0,79.9,63.6,65.3,75.0,73.99,0.0,C - Cần nỗ lực
202502,EMP_1173,DVKD_015,VUNG_2,1811.37,8452.07,12982.73,17,206.14,8,103.6,99.7,112.0,113.3,117.6,88.9,109.02,10.51,B - Đạt
202502,EMP_1174,DVKD_015,VUNG_2,2286.9,11650.36,17365.9,17,578.97,12,144.1,159.7,137.9,141.7,174.3,150.0,148.56,23.65,A - Xuất sắc
202502,EMP_1175,DVKD_015,VUNG_2,1681.32,9542.31,16449.74,22,352.65,8,109.0,104.5,116.9,129.4,135.7,100.0,117.13,10.47,B - Đạt
202502,EMP_1176,DVKD_015,VUNG_2,2799.49,12778.11,27917.2,28,565.42,11,127.1,133.1,129.9,147.4,128.1,110.0,131.16,26.98,A - Xuất sắc
202502,EMP_1177,DVKD_015,VUNG_2,1701.76,8756.92,14652.25,17,218.56,7,95.2,95.7,108.1,100.0,84.7,100.0,98.69,2.59,B - Đạt
202502,EMP_1178,DVKD_015,VUNG_2,2026.36,11786.31,15077.26,25,586.98,11,99.5,95.3,96.2,119.0,126.3,84.6,103.69,10.84,B - Đạt
202502,EMP_1179,DVKD_015,VUNG_2,2428.7,12629.03,16257.47,23,397.07,12,145.5,144.8,140.6,153.3,139.8,171.4,143.61,28.29,A - Xuất sắc
202502,EMP_1180,DVKD_015,VUNG_2,2442.97,13650.49,16002.26,20,462.25,10,104.6,98.6,101.9,87.0,110.6,90.9,101.89,8.69,B - Đạt
202502,EMP_1181,DVKD_015,VUNG_2,1434.33,7813.11,14670.54,12,282.47,8,90.4,86.9,94.5,92.3,111.8,88.9,94.71,2.62,B - Đạt
202502,EMP_1182,DVKD_015,VUNG_2,3293.1,16490.95,26287.65,32,550.7,13,136.2,132.6,128.7,145.5,157.8,118.2,137.21,32.2,A - Xuất sắc
202502,EMP_1183,DVKD_015,VUNG_2,1913.1,11265.72,20071.37,14,261.94,11,130.1,139.1,137.7,116.7,110.2,122.2,129.78,16.66,A - Xuất sắc
202502,EMP_1184,DVKD_016,VUNG_2,1050.35,5091.51,9307.1,9,170.36,6,117.5,118.6,121.8,100.0,113.7,100.0,116.85,10.27,B - Đạt
202502,EMP_1185,DVKD_016,VUNG_2,1105.97,8144.71,9941.41,11,272.2,8,136.2,144.6,122.6,137.5,149.3,133.3,134.79,34.71,A - Xuất sắc
202502,EMP_1186,DVKD_016,VUNG_2,804.58,4531.86,9502.19,11,110.42,7,97.4,105.6,108.7,110.0,96.8,116.7,103.75,11.8,B - Đạt
202502,EMP_1187,DVKD_016,VUNG_2,1377.22,7617.93,10307.68,16,149.51,6,61.1,61.2,63.8,64.0,53.3,50.0,61.18,0.0,D - Không đạt
202502,EMP_1188,DVKD_016,VUNG_2,1450.39,7926.69,9897.23,13,260.01,6,142.9,141.5,139.4,130.0,154.7,120.0,141.94,19.23,A - Xuất sắc
202502,EMP_1189,DVKD_016,VUNG_2,936.53,4410.21,8249.01,9,129.58,5,101.7,105.7,99.5,90.0,85.9,83.3,97.99,5.84,B - Đạt
202502,EMP_1190,DVKD_016,VUNG_2,1883.98,9855.57,15710.92,19,216.66,11,105.9,105.1,104.8,105.6,97.1,110.0,104.05,15.58,B - Đạt
202502,EMP_1191,DVKD_016,VUNG_2,1992.18,10756.01,16171.35,22,345.14,8,98.9,99.0,106.7,91.7,105.6,80.0,101.93,11.52,B - Đạt
202502,EMP_1192,DVKD_016,VUNG_2,1877.59,9586.03,15576.08,16,401.79,9,111.3,119.8,103.6,114.3,115.6,112.5,110.82,14.25,B - Đạt
202502,EMP_1193,DVKD_016,VUNG_2,773.77,3564.54,5983.17,7,132.96,3,43.8,45.4,49.4,41.2,56.5,33.3,47.64,0.0,D - Không đạt
202502,EMP_1194,DVKD_016,VUNG_2,1890.28,7917.9,17789.69,16,286.9,11,107.9,114.2,118.0,106.7,129.4,122.2,115.48,15.36,B - Đạt
202502,EMP_1195,DVKD_016,VUNG_2,1656.31,7710.06,10498.68,12,241.69,7,92.2,87.4,91.6,92.3,84.8,77.8,90.17,2.21,B - Đạt
202502,EMP_1196,DVKD_016,VUNG_2,2333.02,14097.03,24525.63,28,292.86,11,152.7,156.1,167.9,175.0,157.4,122.2,161.46,33.96,A - Xuất sắc
202502,EMP_1197,DVKD_016,VUNG_2,1630.31,9549.33,16457.97,14,370.11,13,114.9,112.4,106.1,100.0,121.6,130.0,110.96,9.03,B - Đạt
202502,EMP_1198,DVKD_017,VUNG_3,858.23,5076.43,7954.84,8,118.87,6,100.8,100.7,92.4,100.0,104.3,100.0,98.29,3.82,B - Đạt
202502,EMP_1199,DVKD_017,VUNG_3,837.32,4691.03,8211.46,9,218.36,4,92.4,99.9,90.9,90.0,113.1,100.0,95.87,3.89,B - Đạt
202502,EMP_1200,DVKD_017,VUNG_3,1323.03,5983.09,11394.33,14,211.66,6,151.0,145.3,144.0,175.0,152.7,150.0,150.35,34.89,A - Xuất sắc
202502,EMP_1201,DVKD_017,VUNG_3,1776.27,8019.28,12153.83,11,241.31,8,100.8,99.8,94.9,84.6,85.8,100.0,94.72,3.23,B - Đạt
202502,EMP_1202,DVKD_017,VUNG_3,2233.31,9934.32,18621.35,16,370.57,12,97.4,92.7,92.4,94.1,96.9,92.3,94.54,2.15,B - Đạt
202502,EMP_1203,DVKD_017,VUNG_3,2132.47,12119.16,20278.24,24,596.44,15,156.8,145.4,162.9,150.0,180.0,166.7,160.03,25.51,A - Xuất sắc
202502,EMP_1204,DVKD_017,VUNG_3,1088.9,5059.09,6943.42,10,134.99,4,102.4,96.4,104.2,111.1,93.8,100.0,101.71,15.95,B - Đạt
202502,EMP_1205,DVKD_017,VUNG_3,2450.18,10557.33,16075.02,23,458.53,10,148.1,137.3,142.8,164.3,147.1,125.0,146.09,34.01,A - Xuất sắc
202502,EMP_1206,DVKD_017,VUNG_3,1454.05,6725.79,10672.58,13,204.41,8,146.7,137.1,146.7,144.4,128.1,160.0,142.24,30.37,A - Xuất sắc
202502,EMP_1207,DVKD_017,VUNG_3,1545.27,9425.58,14631.63,17,263.14,7,105.8,101.4,117.9,113.3,118.2,87.5,111.99,9.34,B - Đạt
202502,EMP_1208,DVKD_017,VUNG_3,852.28,5406.28,6890.99,6,111.19,4,94.2,96.9,84.5,85.7,103.9,80.0,91.81,3.33,B - Đạt
202502,EMP_1209,DVKD_018,VUNG_3,1010.26,4523.24,8322.2,7,237.89,4,100.4,98.6,94.9,87.5,123.4,100.0,100.37,14.7,B - Đạt
202502,EMP_1210,DVKD_018,VUNG_3,1045.75,5218.29,8229.41,8,179.64,6,102.8,102.1,98.3,100.0,92.0,100.0,99.22,4.9,B - Đạt
202502,EMP_1211,DVKD_018,VUNG_3,801.95,3679.31,5949.18,9,172.61,4,93.6,84.6,91.7,100.0,93.0,66.7,92.14,5.72,B - Đạt
202502,EMP_1212,DVKD_018,VUNG_3,1728.73,10317.16,20054.34,18,369.82,8,125.8,127.4,130.6,138.5,113.3,100.0,127.11,12.78,A - Xuất sắc
202502,EMP_1213,DVKD_018,VUNG_3,656.95,3442.0,4709.26,5,92.53,3,72.4,69.2,68.8,71.4,84.1,75.0,72.31,0.0,C - Cần nỗ lực
202502,EMP_1214,DVKD_018,VUNG_3,822.18,4080.22,7296.98,7,123.17,6,54.8,53.6,56.2,53.8,54.7,60.0,54.99,0.0,D - Không đạt
202502,EMP_1215,DVKD_018,VUNG_3,1900.44,9250.41,20974.58,17,349.51,9,130.3,131.6,139.0,121.4,130.0,128.6,132.6,28.37,A - Xuất sắc
202502,EMP_1216,DVKD_018,VUNG_3,1378.82,8022.71,15965.79,12,261.61,6,91.4,100.7,103.6,85.7,119.2,85.7,100.66,10.9,B - Đạt
202502,EMP_1217,DVKD_018,VUNG_3,920.74,6331.3,8058.7,10,175.91,6,104.3,106.7,97.0,125.0,120.2,120.0,106.56,15.35,B - Đạt
202502,EMP_1218,DVKD_018,VUNG_3,2437.77,12955.16,21434.23,17,276.62,9,148.5,156.2,155.6,121.4,127.7,128.6,146.31,24.16,A - Xuất sắc
202502,EMP_1219,DVKD_018,VUNG_3,887.66,4513.73,6949.23,10,197.4,4,97.7,94.1,86.1,100.0,112.3,80.0,95.52,3.56,B - Đạt
202502,EMP_1220,DVKD_018,VUNG_3,1243.28,5014.38,9255.23,10,159.43,6,116.0,105.8,107.2,125.0,102.1,100.0,110.2,16.91,B - Đạt
202502,EMP_1221,DVKD_018,VUNG_3,1834.09,10356.15,14760.39,26,423.13,14,131.6,127.7,134.0,152.9,126.6,155.6,133.23,29.93,A - Xuất sắc
202502,EMP_1222,DVKD_018,VUNG_3,1259.48,7846.1,12445.67,11,169.27,9,85.8,88.7,85.7,78.6,78.1,100.0,84.33,2.88,C - Cần nỗ lực
202502,EMP_1223,DVKD_019,VUNG_3,943.16,5512.52,6528.96,8,91.41,4,95.6,93.0,88.8,114.3,85.5,100.0,93.19,3.95,B - Đạt
202502,EMP_1224,DVKD_019,VUNG_3,1075.7,5658.7,10397.99,11,146.84,7,117.2,108.4,111.9,122.2,127.6,116.7,116.09,13.3,B - Đạt
202502,EMP_1225,DVKD_019,VUNG_3,1040.91,5780.06,8577.45,10,164.12,7,110.4,110.9,100.3,100.0,92.3,116.7,103.19,14.67,B - Đạt
202502,EMP_1226,DVKD_019,VUNG_3,2267.56,12295.52,17447.15,23,329.8,12,161.3,155.3,141.5,164.3,180.9,133.3,156.71,32.61,A - Xuất sắc
202502,EMP_1227,DVKD_019,VUNG_3,1643.66,8366.49,15881.75,15,185.18,8,104.4,108.6,111.6,107.1,94.3,114.3,106.3,8.56,B - Đạt
202502,EMP_1228,DVKD_019,VUNG_3,1699.59,7942.02,10443.72,14,312.34,6,104.7,98.7,95.9,93.3,110.5,85.7,100.45,8.72,B - Đạt
202502,EMP_1229,DVKD_019,VUNG_3,1254.73,6572.27,8257.41,9,169.43,7,51.8,50.9,45.7,52.9,50.0,58.3,49.37,0.0,D - Không đạt
202502,EMP_1230,DVKD_019,VUNG_3,814.62,4199.71,6390.11,8,122.71,6,49.6,48.6,48.6,53.3,43.9,60.0,48.61,0.0,D - Không đạt
202502,EMP_1231,DVKD_019,VUNG_3,2053.74,12022.25,16489.91,24,324.42,16,137.8,133.9,129.7,150.0,167.0,160.0,139.98,25.37,A - Xuất sắc
202502,EMP_1232,DVKD_019,VUNG_3,1017.72,5757.47,7927.51,9,209.21,5,105.3,103.2,94.4,90.0,103.6,100.0,99.38,4.45,B - Đạt
202502,EMP_1233,DVKD_019,VUNG_3,1335.46,6652.53,15162.11,16,262.06,7,87.2,87.5,97.2,94.1,100.7,100.0,93.46,3.23,B - Đạt
202502,EMP_1234,DVKD_020,VUNG_3,976.02,5535.5,8511.79,7,98.17,4,93.2,98.7,100.1,77.8,89.4,100.0,94.33,3.5,B - Đạt
202502,EMP_1235,DVKD_020,VUNG_3,918.6,5487.15,7703.71,12,193.78,4,108.8,107.5,108.5,120.0,93.8,100.0,107.37,9.67,B - Đạt
202502,EMP_1236,DVKD_020,VUNG_3,899.88,4406.56,6655.83,8,148.66,4,99.6,102.9,94.6,114.3,111.3,100.0,101.57,11.69,B - Đạt
202502,EMP_1237,DVKD_020,VUNG_3,1377.3,9157.53,10136.1,15,358.46,6,88.3,96.0,87.4,93.8,103.7,85.7,92.0,5.92,B - Đạt
202502,EMP_1238,DVKD_020,VUNG_3,2027.21,12805.54,16497.82,19,442.42,12,132.3,143.1,138.9,126.7,142.7,133.3,137.23,28.6,A - Xuất sắc
202502,EMP_1239,DVKD_020,VUNG_3,2032.69,13322.95,14243.08,25,293.12,9,93.7,101.0,91.7,108.7,78.7,100.0,93.34,5.4,B - Đạt
202502,EMP_1240,DVKD_020,VUNG_3,2505.9,14414.76,21272.9,19,306.98,12,107.4,108.0,100.8,111.8,119.2,100.0,107.39,14.32,B - Đạt
202502,EMP_1241,DVKD_020,VUNG_3,1251.11,6858.63,10584.26,12,164.8,7,124.5,121.9,121.5,133.3,115.0,116.7,122.52,12.54,A - Xuất sắc
202502,EMP_1242,DVKD_020,VUNG_3,1972.96,8301.44,13068.19,22,223.24,11,92.4,86.2,80.2,91.7,77.1,73.3,84.83,5.02,C - Cần nỗ lực
202502,EMP_1243,DVKD_020,VUNG_3,1101.69,7049.97,8407.36,10,122.51,8,71.7,72.9,64.4,62.5,55.4,80.0,65.96,0.0,D - Không đạt
202502,EMP_1244,DVKD_020,VUNG_3,1472.53,10046.38,16442.46,15,270.14,9,106.6,104.3,110.0,100.0,108.0,100.0,107.0,10.38,B - Đạt
202502,EMP_1245,DVKD_020,VUNG_3,1700.67,9421.14,13824.12,18,407.81,8,122.4,130.8,121.1,138.5,129.3,114.3,125.85,16.45,A - Xuất sắc
202502,EMP_1246,DVKD_020,VUNG_3,1460.71,5990.71,11923.55,14,131.33,5,149.2,136.2,132.8,140.0,115.5,125.0,135.53,34.27,A - Xuất sắc
202502,EMP_1247,DVKD_020,VUNG_3,1699.17,9759.43,14793.33,19,271.91,9,108.2,110.2,109.4,105.6,84.3,90.0,105.08,9.92,B - Đạt
202502,EMP_1248,DVKD_021,VUNG_3,1005.77,4410.1,8685.16,8,198.4,4,96.4,91.2,100.2,100.0,96.2,80.0,97.28,2.45,B - Đạt
202502,EMP_1249,DVKD_021,VUNG_3,895.43,5917.05,7409.57,8,182.07,5,101.3,101.4,87.2,100.0,102.8,100.0,96.48,3.18,B - Đạt
202502,EMP_1250,DVKD_021,VUNG_3,934.48,4654.64,9633.47,10,229.32,5,105.3,110.1,120.7,100.0,129.4,100.0,114.49,13.59,B - Đạt
202502,EMP_1251,DVKD_021,VUNG_3,992.64,5302.18,6971.81,8,125.2,6,58.6,58.7,62.2,57.1,49.3,75.0,58.33,0.0,D - Không đạt
202502,EMP_1252,DVKD_021,VUNG_3,2218.34,12990.07,19590.76,26,561.09,15,116.7,117.7,126.3,123.8,139.0,125.0,124.26,14.11,A - Xuất sắc
202502,EMP_1253,DVKD_021,VUNG_3,1845.33,8888.16,18250.38,18,345.27,13,111.1,118.6,123.1,112.5,130.4,130.0,119.46,15.78,B - Đạt
202502,EMP_1254,DVKD_021,VUNG_3,1041.25,5913.81,10432.87,12,119.79,6,109.0,101.9,116.4,109.1,90.5,120.0,107.76,12.26,B - Đạt
202502,EMP_1255,DVKD_021,VUNG_3,1555.21,10411.96,12791.92,16,251.98,8,109.2,105.9,106.1,106.7,120.2,100.0,109.02,12.35,B - Đạt
202502,EMP_1256,DVKD_021,VUNG_3,2019.67,10336.53,13414.79,17,341.26,10,112.9,106.8,118.4,113.3,126.5,100.0,115.99,12.32,B - Đạt
202502,EMP_1257,DVKD_021,VUNG_3,903.39,4887.12,8958.59,11,286.37,5,66.7,71.8,68.3,64.7,85.2,62.5,70.6,0.0,C - Cần nỗ lực
202502,EMP_1258,DVKD_021,VUNG_3,1184.38,7228.36,8455.99,12,209.59,6,75.6,79.1,77.9,80.0,71.9,75.0,76.81,0.0,C - Cần nỗ lực
202502,EMP_1259,DVKD_021,VUNG_3,1585.94,6413.08,11309.23,13,283.97,6,88.7,84.8,86.8,100.0,101.2,100.0,90.45,2.3,B - Đạt
202502,EMP_1260,DVKD_022,VUNG_3,802.23,4239.79,8118.66,7,127.94,4,86.9,84.7,91.3,77.8,102.8,100.0,89.59,2.26,C - Cần nỗ lực
202502,EMP_1261,DVKD_022,VUNG_3,729.58,3911.53,6665.94,7,120.7,4,85.9,84.6,83.5,77.8,73.6,80.0,82.21,3.23,C - Cần nỗ lực
202502,EMP_1262,DVKD_022,VUNG_3,1177.71,7339.18,11536.04,11,228.93,8,140.6,152.0,141.8,157.1,115.6,160.0,140.63,19.85,A - Xuất sắc
202502,EMP_1263,DVKD_022,VUNG_3,2048.9,10424.21,15740.45,20,337.6,10,96.0,96.1,90.8,100.0,85.3,83.3,92.99,4.84,B - Đạt
202502,EMP_1264,DVKD_022,VUNG_3,1435.6,8219.64,12614.4,14,367.68,10,102.6,93.8,99.1,100.0,110.2,111.1,100.93,16.41,B - Đạt
202502,EMP_1265,DVKD_022,VUNG_3,922.13,3679.43,8056.91,7,149.8,3,56.8,53.6,55.3,50.0,47.6,42.9,53.73,0.0,D - Không đạt
202502,EMP_1266,DVKD_022,VUNG_3,929.52,5435.57,7727.97,8,133.63,4,57.9,59.9,58.8,66.7,58.8,50.0,59.53,0.0,D - Không đạt
202502,EMP_1267,DVKD_022,VUNG_3,1278.16,5303.25,11448.87,11,162.77,7,129.3,123.3,123.8,122.2,147.2,140.0,128.45,11.99,A - Xuất sắc
202502,EMP_1268,DVKD_022,VUNG_3,1112.51,5670.03,8756.31,9,233.55,6,66.1,70.9,64.6,69.2,66.9,85.7,66.72,0.0,D - Không đạt
202502,EMP_1269,DVKD_022,VUNG_3,1904.17,12143.97,15276.44,17,391.82,14,124.8,123.2,117.3,130.8,114.2,140.0,120.94,11.58,A - Xuất sắc
202502,EMP_1270,DVKD_022,VUNG_3,507.44,2904.07,5903.0,7,135.61,3,61.3,63.7,65.0,70.0,72.5,60.0,65.5,0.0,D - Không đạt
202502,EMP_1271,DVKD_022,VUNG_3,1452.44,9951.27,12299.15,13,354.23,9,101.8,106.5,107.2,100.0,128.8,90.0,108.26,15.02,B - Đạt
202502,EMP_1272,DVKD_022,VUNG_3,1372.35,9787.41,13177.02,20,320.26,7,100.8,108.0,101.5,117.6,120.8,100.0,106.8,10.27,B - Đạt
202502,EMP_1273,DVKD_022,VUNG_3,2782.46,13524.27,19318.4,28,396.86,14,114.9,110.6,117.4,112.0,104.8,107.7,113.33,13.54,B - Đạt
202502,EMP_1274,DVKD_023,VUNG_3,980.43,4284.36,7753.79,8,84.39,5,94.9,96.3,87.2,88.9,80.0,100.0,89.58,3.3,C - Cần nỗ lực
202502,EMP_1275,DVKD_023,VUNG_3,880.23,5749.22,7950.87,10,163.81,4,100.6,102.3,89.0,111.1,116.6,100.0,100.24,8.05,B - Đạt
202502,EMP_1276,DVKD_023,VUNG_3,1005.09,5781.38,8433.66,10,207.68,6,104.2,104.0,99.1,125.0,105.4,100.0,104.64,12.4,B - Đạt
202502,EMP_1277,DVKD_023,VUNG_3,2292.54,14818.9,20347.01,22,376.26,12,154.2,152.7,140.6,169.2,139.3,171.4,148.48,21.0,A - Xuất sắc
202502,EMP_1278,DVKD_023,VUNG_3,1515.53,7930.84,14561.59,14,212.59,8,94.3,99.4,94.8,93.3,82.0,88.9,93.29,2.85,B - Đạt
202502,EMP_1279,DVKD_023,VUNG_3,2794.1,11401.1,21615.69,24,306.39,15,112.8,103.3,106.9,109.1,113.7,107.1,109.07,10.28,B - Đạt
202502,EMP_1280,DVKD_023,VUNG_3,1367.83,8017.22,10381.73,12,239.92,9,98.6,96.0,95.0,100.0,97.2,112.5,96.88,5.73,B - Đạt
202502,EMP_1281,DVKD_023,VUNG_3,1444.83,8425.08,10643.0,14,318.93,9,105.0,97.6,95.4,100.0,94.3,112.5,98.42,2.91,B - Đạt
202502,EMP_1282,DVKD_023,VUNG_3,1654.96,10538.63,14282.85,19,409.4,11,110.4,106.6,118.9,111.8,132.9,122.2,116.32,13.65,B - Đạt
202502,EMP_1283,DVKD_023,VUNG_3,2569.6,12142.8,19680.46,20,333.59,15,159.0,162.6,152.0,133.3,170.9,166.7,156.31,28.82,A - Xuất sắc
202502,EMP_1284,DVKD_023,VUNG_3,2312.34,11524.29,16591.58,19,384.08,7,97.5,101.7,90.9,86.4,84.4,77.8,92.74,2.8,B - Đạt
202502,EMP_1285,DVKD_023,VUNG_3,3188.81,18495.48,30954.9,38,791.65,19,154.3,169.5,144.3,172.7,188.5,158.3,160.05,26.36,A - Xuất sắc
202502,EMP_1286,DVKD_023,VUNG_3,1811.1,9437.47,16398.32,13,203.19,8,108.3,105.3,117.1,100.0,107.5,88.9,109.98,9.45,B - Đạt
202502,EMP_1287,DVKD_024,VUNG_3,684.43,2641.59,4869.6,5,103.22,4,67.4,63.4,68.3,62.5,54.9,66.7,64.75,0.0,D - Không đạt
202502,EMP_1288,DVKD_024,VUNG_3,1112.37,5256.15,9734.75,14,238.22,5,110.7,106.3,106.9,127.3,119.7,125.0,111.72,9.17,B - Đạt
202502,EMP_1289,DVKD_024,VUNG_3,896.35,3860.27,5583.07,7,201.35,5,85.8,89.7,86.1,77.8,101.1,83.3,87.98,3.27,C - Cần nỗ lực
202502,EMP_1290,DVKD_024,VUNG_3,2205.66,11577.65,20668.2,20,247.98,9,136.7,128.0,133.2,125.0,116.4,128.6,129.95,11.1,A - Xuất sắc
202502,EMP_1291,DVKD_024,VUNG_3,1423.42,7244.36,10392.55,13,223.71,7,102.3,91.7,95.4,92.9,99.1,87.5,96.88,2.06,B - Đạt
202502,EMP_1292,DVKD_024,VUNG_3,876.11,5381.84,8110.74,10,214.45,5,93.9,96.5,99.4,90.9,112.4,83.3,98.69,4.01,B - Đạt
202502,EMP_1293,DVKD_024,VUNG_3,2990.33,16385.25,28736.09,25,379.22,19,143.9,140.5,138.7,138.9,147.2,135.7,141.56,22.71,A - Xuất sắc
202502,EMP_1294,DVKD_024,VUNG_3,1784.78,8442.47,15559.7,16,317.87,8,110.9,104.8,103.5,114.3,108.5,100.0,107.38,11.83,B - Đạt
202502,EMP_1295,DVKD_024,VUNG_3,2013.09,9272.47,17866.63,19,274.16,12,95.6,91.0,94.4,90.5,95.9,92.3,94.03,5.66,B - Đạt
202502,EMP_1296,DVKD_024,VUNG_3,2137.06,13077.54,17846.7,25,229.29,10,147.9,155.3,147.6,138.9,127.9,142.9,145.0,30.25,A - Xuất sắc
202502,EMP_1297,DVKD_024,VUNG_3,1741.69,10408.59,17975.03,17,478.51,11,128.6,123.6,116.8,121.4,147.1,122.2,125.77,8.2,A - Xuất sắc
202502,EMP_1298,DVKD_024,VUNG_3,1416.54,7840.76,13609.17,19,177.19,10,104.5,95.8,95.3,118.8,85.7,100.0,98.58,5.48,B - Đạt
202503,EMP_1001,DVKD_001,VUNG_1,892.42,5402.76,6066.26,7,202.95,5,90.6,94.2,90.9,77.8,100.1,83.3,91.39,3.09,B - Đạt
202503,EMP_1002,DVKD_001,VUNG_1,844.22,4768.35,7699.13,10,188.61,5,89.9,90.3,85.9,100.0,95.0,100.0,90.34,5.48,B - Đạt
202503,EMP_1003,DVKD_001,VUNG_1,1328.47,5572.32,12717.86,13,248.68,7,145.8,134.0,152.1,144.4,125.1,140.0,142.99,29.49,A - Xuất sắc
202503,EMP_1004,DVKD_001,VUNG_1,1704.92,9648.25,15596.47,17,320.16,11,112.2,115.0,114.4,100.0,101.2,110.0,110.52,14.89,B - Đạt
202503,EMP_1005,DVKD_001,VUNG_1,1480.27,10496.17,13193.81,16,210.82,8,107.2,112.7,119.2,106.7,97.3,100.0,110.69,12.43,B - Đạt
202503,EMP_1006,DVKD_001,VUNG_1,1159.78,7972.79,9325.14,13,139.59,6,58.8,65.4,57.3,59.1,55.2,50.0,58.75,0.0,D - Không đạt
202503,EMP_1007,DVKD_001,VUNG_1,1590.61,9516.21,10440.25,14,177.12,10,90.6,97.8,85.7,107.7,84.9,100.0,90.82,5.57,B - Đạt
202503,EMP_1008,DVKD_001,VUNG_1,1531.27,10097.76,12048.36,17,198.12,9,105.0,108.3,101.8,106.2,92.1,112.5,102.56,10.59,B - Đạt
202503,EMP_1009,DVKD_001,VUNG_1,1878.24,10629.46,19341.59,17,375.62,13,98.6,93.9,97.3,100.0,83.0,92.9,95.24,5.78,B - Đạt
202503,EMP_1010,DVKD_001,VUNG_1,1447.39,9416.83,13314.08,13,188.17,9,90.2,94.9,93.8,81.2,107.3,100.0,93.83,3.56,B - Đạt
202503,EMP_1011,DVKD_001,VUNG_1,2242.65,10237.46,19762.68,24,379.59,10,136.4,138.2,153.2,141.2,163.9,142.9,147.16,28.95,A - Xuất sắc
202503,EMP_1012,DVKD_001,VUNG_1,2289.32,10429.54,20988.09,25,617.1,10,153.9,144.1,168.6,166.7,192.2,142.9,164.6,22.43,A - Xuất sắc
202503,EMP_1013,DVKD_001,VUNG_1,1643.21,10548.89,13318.91,18,257.7,10,108.0,107.5,110.8,105.9,94.7,125.0,106.7,12.24,B - Đạt
202503,EMP_1014,DVKD_001,VUNG_1,2749.46,18507.1,19732.07,22,477.44,19,125.4,134.5,117.7,122.2,123.4,146.2,123.45,8.77,A - Xuất sắc
202503,EMP_1015,DVKD_002,VUNG_1,1065.06,6033.7,7826.64,10,233.73,6,103.8,108.1,108.4,111.1,113.4,100.0,108.23,15.09,B - Đạt
202503,EMP_1016,DVKD_002,VUNG_1,886.87,3885.05,6368.0,8,160.13,5,93.1,94.9,88.5,88.9,86.6,100.0,90.36,5.79,B - Đạt
202503,EMP_1017,DVKD_002,VUNG_1,576.04,3121.8,4428.17,5,143.53,3,68.1,66.1,67.4,55.6,69.4,60.0,66.5,0.0,D - Không đạt
202503,EMP_1018,DVKD_002,VUNG_1,1461.82,9637.37,12643.17,11,158.09,7,153.4,162.7,157.1,157.1,127.6,175.0,152.59,34.5,A - Xuất sắc
202503,EMP_1019,DVKD_002,VUNG_1,906.88,3886.06,5678.74,9,207.58,4,56.1,53.9,49.9,52.9,61.9,57.1,54.15,0.0,D - Không đạt
202503,EMP_1020,DVKD_002,VUNG_1,1469.02,7742.39,11287.8,10,203.56,6,139.5,146.8,132.1,125.0,138.4,120.0,136.39,31.9,A - Xuất sắc
202503,EMP_1021,DVKD_002,VUNG_1,1582.88,9112.63,15007.63,12,392.16,10,109.6,104.8,110.6,92.3,123.7,111.1,109.61,15.69,B - Đạt
202503,EMP_1022,DVKD_002,VUNG_1,2343.47,9693.59,22769.25,21,361.07,11,137.9,132.6,151.3,140.0,113.0,122.2,138.27,34.81,A - Xuất sắc
202503,EMP_1023,DVKD_002,VUNG_1,1393.54,6775.39,10985.32,14,226.57,9,95.2,92.8,89.4,100.0,91.9,100.0,92.8,3.04,B - Đạt
202503,EMP_1024,DVKD_002,VUNG_1,764.55,5347.86,6992.87,8,120.12,4,91.0,91.6,85.9,100.0,102.6,100.0,91.94,3.28,B - Đạt
202503,EMP_1025,DVKD_002,VUNG_1,1813.15,8942.09,16786.08,15,236.06,8,90.1,86.5,89.0,88.2,95.9,72.7,89.85,3.93,C - Cần nỗ lực
202503,EMP_1026,DVKD_003,VUNG_1,1348.15,6467.49,9869.4,10,137.95,9,134.9,146.2,125.2,125.0,121.7,150.0,130.23,23.43,A - Xuất sắc
202503,EMP_1027,DVKD_003,VUNG_1,883.64,4111.75,7831.12,9,114.62,6,104.0,93.8,92.1,90.0,100.9,100.0,96.44,5.7,B - Đạt
202503,EMP_1028,DVKD_003,VUNG_1,1334.93,7461.47,9602.35,12,284.6,7,147.1,156.0,132.2,133.3,177.2,140.0,146.35,33.4,A - Xuất sắc
202503,EMP_1029,DVKD_003,VUNG_1,2302.75,12606.01,17382.23,24,306.96,9,99.9,99.7,112.2,100.0,89.1,90.0,102.56,9.72,B - Đạt
202503,EMP_1030,DVKD_003,VUNG_1,1472.04,7800.62,10147.77,13,166.06,8,94.4,87.8,93.2,100.0,81.0,88.9,91.54,5.89,B - Đạt
202503,EMP_1031,DVKD_003,VUNG_1,1485.22,7177.04,11071.63,12,336.44,8,92.4,94.3,95.3,100.0,102.9,100.0,96.03,3.55,B - Đạt
202503,EMP_1032,DVKD_003,VUNG_1,1663.99,10450.42,12517.51,19,358.01,9,106.2,107.7,100.6,118.8,105.9,90.0,105.68,12.87,B - Đạt
202503,EMP_1033,DVKD_003,VUNG_1,849.59,5027.31,6613.47,10,115.71,4,98.3,97.1,87.6,90.9,96.5,100.0,93.36,5.38,B - Đạt
202503,EMP_1034,DVKD_003,VUNG_1,1303.29,6326.11,11488.17,10,134.77,5,135.8,130.6,134.9,142.9,122.4,125.0,133.41,22.96,A - Xuất sắc
202503,EMP_1035,DVKD_003,VUNG_1,894.68,5424.77,9501.33,7,163.06,5,101.7,109.9,116.0,87.5,110.8,125.0,107.88,9.65,B - Đạt
202503,EMP_1036,DVKD_004,VUNG_1,1112.37,5353.39,8318.63,10,153.55,5,110.1,105.0,105.0,125.0,89.5,125.0,105.95,16.29,B - Đạt
202503,EMP_1037,DVKD_004,VUNG_1,832.71,4890.72,7816.52,8,229.54,5,91.7,89.5,96.4,88.9,110.3,83.3,95.53,2.56,B - Đạt
202503,EMP_1038,DVKD_004,VUNG_1,922.88,4032.67,6141.3,8,117.42,4,93.2,97.6,89.6,114.3,98.9,100.0,95.56,2.44,B - Đạt
202503,EMP_1039,DVKD_004,VUNG_1,2275.53,12847.58,21484.43,20,358.08,11,141.9,150.1,150.7,153.8,166.8,157.1,151.13,18.89,A - Xuất sắc
202503,EMP_1040,DVKD_004,VUNG_1,1715.66,11068.83,14884.53,18,433.86,9,106.9,116.6,100.6,120.0,133.9,100.0,111.51,10.2,B - Đạt
202503,EMP_1041,DVKD_004,VUNG_1,1520.8,7979.41,11782.26,14,228.33,10,157.1,158.0,143.9,175.0,141.6,166.7,152.08,24.14,A - Xuất sắc
202503,EMP_1042,DVKD_004,VUNG_1,2631.99,14504.65,24232.02,16,530.96,14,106.9,106.5,117.8,94.1,117.6,107.7,110.98,12.0,B - Đạt
202503,EMP_1043,DVKD_004,VUNG_1,1673.14,7062.9,12308.38,18,408.2,9,102.0,99.9,89.9,100.0,122.5,112.5,100.33,8.81,B - Đạt
202503,EMP_1044,DVKD_004,VUNG_1,1505.1,7059.99,12706.71,13,233.35,8,87.3,85.4,89.9,100.0,74.4,100.0,87.26,5.7,C - Cần nỗ lực
202503,EMP_1045,DVKD_004,VUNG_1,744.22,4461.96,6959.49,7,121.4,4,51.9,51.9,53.3,53.8,49.1,50.0,52.16,0.0,D - Không đạt
202503,EMP_1046,DVKD_004,VUNG_1,2064.3,9560.24,20076.9,16,260.27,12,137.1,135.5,131.7,123.1,139.0,150.0,133.85,23.38,A - Xuất sắc
202503,EMP_1047,DVKD_004,VUNG_1,1582.31,10463.45,14489.21,15,227.9,10,98.4,105.4,99.2,100.0,89.8,111.1,98.6,2.04,B - Đạt
202503,EMP_1048,DVKD_005,VUNG_1,939.6,5200.98,6608.51,7,150.71,4,95.5,95.6,84.6,87.5,81.9,80.0,88.86,2.2,C - Cần nỗ lực
202503,EMP_1049,DVKD_005,VUNG_1,1182.24,5350.97,10654.39,11,261.75,7,120.4,120.0,118.1,110.0,153.6,140.0,123.47,16.19,A - Xuất sắc
202503,EMP_1050,DVKD_005,VUNG_1,485.12,2749.28,4676.93,4,48.94,3,51.4,52.5,52.1,44.4,42.0,50.0,49.7,0.0,D - Không đạt
202503,EMP_1051,DVKD_005,VUNG_1,1075.19,6064.52,8116.32,9,214.59,4,45.5,45.5,48.8,42.9,52.2,44.4,47.4,0.0,D - Không đạt
202503,EMP_1052,DVKD_005,VUNG_1,1323.0,8562.99,9899.75,14,219.01,7,93.1,88.0,89.8,82.4,98.5,77.8,90.92,4.7,B - Đạt
202503,EMP_1053,DVKD_005,VUNG_1,2074.27,11384.46,16046.58,22,314.82,9,152.7,146.9,131.5,146.7,126.8,128.6,139.92,30.56,A - Xuất sắc
202503,EMP_1054,DVKD_005,VUNG_1,1528.91,7185.72,13535.29,16,230.29,9,112.1,103.3,111.1,100.0,92.7,112.5,106.31,13.57,B - Đạt
202503,EMP_1055,DVKD_005,VUNG_1,1544.37,8435.32,12153.6,12,207.49,10,106.3,103.8,99.8,92.3,85.8,100.0,99.17,4.28,B - Đạt
202503,EMP_1056,DVKD_005,VUNG_1,3238.74,13785.22,25229.31,26,551.81,14,139.2,135.9,143.5,118.2,117.1,140.0,134.79,18.89,A - Xuất sắc
202503,EMP_1057,DVKD_005,VUNG_1,1668.55,6900.8,13270.06,14,379.65,11,98.0,91.5,97.2,107.7,110.8,110.0,99.63,3.77,B - Đạt
202503,EMP_1058,DVKD_005,VUNG_1,522.44,2272.9,3702.96,5,103.44,2,53.3,54.2,54.7,62.5,67.2,50.0,56.93,0.0,D - Không đạt
202503,EMP_1059,DVKD_006,VUNG_1,1191.24,6691.3,8031.42,9,153.09,5,118.9,121.1,114.6,112.5,111.2,125.0,115.93,13.76,B - Đạt
202503,EMP_1060,DVKD_006,VUNG_1,856.19,4955.65,7256.53,11,95.47,4,90.8,86.3,94.3,100.0,89.8,100.0,92.12,2.51,B - Đạt
202503,EMP_1061,DVKD_006,VUNG_1,970.3,5337.11,10022.44,11,165.59,6,117.2,116.3,109.8,110.0,129.5,120.0,115.6,9.56,B - Đạt
202503,EMP_1062,DVKD_006,VUNG_1,1269.92,6638.57,10588.3,11,180.08,6,57.1,51.8,58.4,57.9,63.5,50.0,57.8,0.0,D - Không đạt
202503,EMP_1063,DVKD_006,VUNG_1,973.93,6452.67,9387.55,13,167.34,6,66.8,69.1,64.9,76.5,59.2,66.7,66.31,0.0,D - Không đạt
202503,EMP_1064,DVKD_006,VUNG_1,2291.2,11869.66,17645.74,24,550.39,10,130.2,142.3,134.8,133.3,158.6,142.9,138.19,34.64,A - Xuất sắc
202503,EMP_1065,DVKD_006,VUNG_1,1612.08,9657.71,12754.5,19,168.99,9,99.6,103.5,110.0,111.8,83.0,112.5,102.56,12.9,B - Đạt
202503,EMP_1066,DVKD_006,VUNG_1,935.17,4087.13,6237.19,6,122.35,4,92.9,90.2,84.1,85.7,96.9,80.0,89.29,4.95,C - Cần nỗ lực
202503,EMP_1067,DVKD_006,VUNG_1,1002.27,4934.79,11500.3,9,208.44,5,73.9,71.3,74.4,75.0,91.6,62.5,76.45,0.0,C - Cần nỗ lực
202503,EMP_1068,DVKD_006,VUNG_1,1488.86,10590.64,14080.25,14,340.62,8,107.9,111.6,114.5,107.7,129.5,114.3,113.98,10.64,B - Đạt
202503,EMP_1069,DVKD_006,VUNG_1,1603.81,8032.75,12802.73,18,304.06,7,95.4,102.5,106.3,100.0,101.3,87.5,101.62,15.48,B - Đạt
202503,EMP_1070,DVKD_006,VUNG_1,1627.89,7299.42,13393.89,17,270.19,9,99.3,101.4,97.3,106.2,89.5,100.0,98.14,3.48,B - Đạt
202503,EMP_1071,DVKD_006,VUNG_1,2374.08,12355.03,16960.49,27,548.55,8,100.9,107.4,96.6,112.5,115.1,80.0,103.66,11.25,B - Đạt
202503,EMP_1072,DVKD_006,VUNG_1,794.82,5906.92,7890.72,8,97.78,5,92.1,99.9,93.4,88.9,91.4,100.0,93.3,2.03,B - Đạt
202503,EMP_1073,DVKD_007,VUNG_1,835.24,5740.57,8818.96,9,210.94,5,96.3,103.0,107.8,112.5,100.9,100.0,103.64,15.37,B - Đạt
202503,EMP_1074,DVKD_007,VUNG_1,1091.12,5850.8,8619.69,10,162.73,6,115.0,113.6,121.1,111.1,124.2,100.0,117.91,16.3,B - Đạt
202503,EMP_1075,DVKD_007,VUNG_1,968.06,6093.77,6852.06,12,137.08,6,102.1,105.2,95.3,109.1,105.9,120.0,101.45,14.22,B - Đạt
202503,EMP_1076,DVKD_007,VUNG_1,2109.18,11708.98,13944.91,16,228.66,10,92.3,88.2,84.4,88.9,75.9,90.9,86.12,3.62,C - Cần nỗ lực
202503,EMP_1077,DVKD_007,VUNG_1,1973.03,8699.01,14815.11,20,228.7,9,114.0,119.4,102.6,111.1,127.9,100.0,112.61,15.69,B - Đạt
202503,EMP_1078,DVKD_007,VUNG_1,848.84,4961.75,6988.12,6,102.87,3,55.9,54.6,53.7,50.0,47.8,42.9,53.13,0.0,D - Không đạt
202503,EMP_1079,DVKD_007,VUNG_1,791.31,3492.21,5343.65,8,90.84,5,74.8,72.0,78.1,80.0,65.2,83.3,74.61,0.0,C - Cần nỗ lực
202503,EMP_1080,DVKD_007,VUNG_1,1596.14,7749.38,17074.53,14,401.43,7,101.7,109.3,111.3,100.0,123.4,100.0,109.28,9.88,B - Đạt
202503,EMP_1081,DVKD_007,VUNG_1,939.23,6029.01,8613.2,10,119.27,5,97.0,101.6,103.7,100.0,89.2,125.0,99.16,4.05,B - Đạt
202503,EMP_1082,DVKD_007,VUNG_1,2468.52,13560.78,17522.77,24,339.87,11,107.4,107.6,102.3,120.0,106.3,122.2,106.74,14.99,B - Đạt
202503,EMP_1083,DVKD_008,VUNG_1,1048.18,5642.95,8703.94,9,172.22,6,107.2,117.7,115.3,112.5,124.2,120.0,114.69,8.97,B - Đạt
202503,EMP_1084,DVKD_008,VUNG_1,1118.38,6633.65,8697.04,8,111.02,5,108.6,112.7,100.0,114.3,96.9,125.0,105.02,11.28,B - Đạt
202503,EMP_1085,DVKD_008,VUNG_1,816.5,4885.69,5846.64,5,115.36,3,76.0,82.1,78.2,71.4,64.0,75.0,75.42,0.0,C - Cần nỗ lực
202503,EMP_1086,DVKD_008,VUNG_1,1619.42,8742.24,11554.84,16,163.54,9,97.6,99.8,96.1,94.1,87.5,100.0,95.54,2.93,B - Đạt
202503,EMP_1087,DVKD_008,VUNG_1,1515.34,7681.65,13144.59,19,251.42,11,97.0,97.7,99.7,111.8,105.8,110.0,100.85,10.63,B - Đạt
202503,EMP_1088,DVKD_008,VUNG_1,2557.32,11888.43,22241.4,19,353.67,11,145.9,147.6,152.0,146.2,133.4,122.2,146.44,34.92,A - Xuất sắc
202503,EMP_1089,DVKD_008,VUNG_1,1442.67,7254.92,8628.74,12,193.43,6,134.2,149.1,132.1,120.0,164.4,120.0,138.81,19.91,A - Xuất sắc
202503,EMP_1090,DVKD_008,VUNG_1,2240.77,9831.74,20045.59,20,394.15,15,129.5,139.7,143.0,133.3,165.0,150.0,141.46,26.05,A - Xuất sắc
202503,EMP_1091,DVKD_008,VUNG_1,1585.52,7937.11,10771.24,18,241.9,10,102.6,101.6,99.3,105.9,94.8,100.0,100.45,10.69,B - Đạt
202503,EMP_1092,DVKD_008,VUNG_1,2023.41,10388.46,15928.28,24,321.74,11,135.7,134.5,144.0,150.0,110.8,137.5,136.12,25.11,A - Xuất sắc
202503,EMP_1093,DVKD_008,VUNG_1,2751.09,15883.24,26600.47,24,349.04,14,130.0,127.7,139.1,114.3,132.2,140.0,131.6,26.16,A - Xuất sắc
202503,EMP_1094,DVKD_008,VUNG_1,1236.34,8221.7,9399.32,15,200.55,10,142.4,138.6,143.5,136.4,183.3,166.7,147.75,32.37,A - Xuất sắc
202503,EMP_1095,DVKD_008,VUNG_1,1811.15,9048.54,20885.89,20,270.54,9,94.6,93.1,98.2,87.0,77.9,100.0,92.37,4.72,B - Đạt
202503,EMP_1096,DVKD_009,VUNG_2,898.09,4466.42,6575.46,9,152.25,6,109.1,99.3,95.2,90.0,95.1,120.0,98.75,3.31,B - Đạt
202503,EMP_1097,DVKD_009,VUNG_2,1315.32,5982.49,10491.04,14,214.09,5,137.7,133.6,143.9,127.3,146.6,125.0,139.55,25.14,A - Xuất sắc
202503,EMP_1098,DVKD_009,VUNG_2,1593.7,7880.63,10298.8,16,193.0,7,149.9,153.2,151.3,145.5,124.8,140.0,146.68,32.3,A - Xuất sắc
202503,EMP_1099,DVKD_009,VUNG_2,2064.08,12215.1,18722.1,21,508.49,9,97.7,102.8,94.9,84.0,107.5,100.0,97.59,4.06,B - Đạt
202503,EMP_1100,DVKD_009,VUNG_2,1567.95,7582.64,13263.82,15,247.83,10,104.0,109.7,97.3,107.1,101.1,111.1,102.38,13.15,B - Đạt
202503,EMP_1101,DVKD_009,VUNG_2,1850.94,9398.45,12947.24,16,325.34,8,109.4,117.2,111.2,133.3,125.7,114.3,116.04,12.81,B - Đạt
202503,EMP_1102,DVKD_009,VUNG_2,2395.98,13857.13,21730.83,29,369.36,15,109.0,104.9,108.7,116.0,135.5,115.4,112.96,11.02,B - Đạt
202503,EMP_1103,DVKD_009,VUNG_2,1562.92,7689.95,12183.38,12,188.51,7,89.9,93.4,88.1,80.0,79.7,87.5,87.28,5.78,C - Cần nỗ lực
202503,EMP_1104,DVKD_009,VUNG_2,2002.87,9833.6,17123.09,23,449.95,8,128.4,130.9,119.9,135.3,131.2,114.3,126.91,11.05,A - Xuất sắc
202503,EMP_1105,DVKD_009,VUNG_2,1461.5,7805.08,14348.54,14,283.68,8,86.2,89.4,93.3,93.3,101.4,88.9,92.15,4.29,B - Đạt
202503,EMP_1106,DVKD_009,VUNG_2,884.36,4188.62,7295.31,9,128.07,4,55.1,58.7,60.7,50.0,45.5,57.1,55.65,0.0,D - Không đạt
202503,EMP_1107,DVKD_009,VUNG_2,2277.38,11012.71,19102.62,20,294.74,14,146.2,156.1,150.9,142.9,162.7,175.0,151.47,18.06,A - Xuất sắc
202503,EMP_1108,DVKD_009,VUNG_2,1548.49,8904.8,11675.91,12,228.19,8,69.7,69.8,64.4,70.6,59.7,61.5,66.45,0.0,D - Không đạt
202503,EMP_1109,DVKD_009,VUNG_2,1739.13,7103.09,12144.27,15,201.48,7,99.3,100.5,99.0,100.0,85.2,77.8,97.33,2.94,B - Đạt
202503,EMP_1110,DVKD_010,VUNG_2,915.07,5020.19,9133.58,9,224.43,4,100.7,103.5,97.7,112.5,122.1,80.0,104.46,13.05,B - Đạt
202503,EMP_1111,DVKD_010,VUNG_2,1005.92,5253.81,6295.63,9,120.21,3,95.1,98.4,88.9,81.8,112.7,75.0,94.74,4.18,B - Đạt
202503,EMP_1112,DVKD_010,VUNG_2,928.04,5680.93,7960.16,8,195.83,5,102.6,100.0,106.5,100.0,104.1,125.0,103.54,10.61,B - Đạt
202503,EMP_1113,DVKD_010,VUNG_2,2998.79,15850.81,30346.03,21,356.35,13,137.2,136.0,148.3,123.5,121.2,118.2,137.13,26.54,A - Xuất sắc
202503,EMP_1114,DVKD_010,VUNG_2,1670.11,8690.41,12671.67,11,248.27,8,100.6,104.2,92.9,84.6,100.2,100.0,96.78,4.12,B - Đạt
202503,EMP_1115,DVKD_010,VUNG_2,1607.67,8973.6,10746.54,13,180.97,7,100.7,100.2,99.0,100.0,81.9,100.0,97.14,5.05,B - Đạt
202503,EMP_1116,DVKD_010,VUNG_2,3408.39,17365.8,22624.72,28,578.92,21,136.8,125.8,132.5,147.4,142.5,140.0,135.56,21.46,A - Xuất sắc
202503,EMP_1117,DVKD_010,VUNG_2,888.79,5655.32,7802.51,9,103.96,4,99.9,94.5,98.3,90.0,95.5,80.0,96.88,3.5,B - Đạt
202503,EMP_1118,DVKD_010,VUNG_2,1908.88,10926.95,15507.44,16,261.85,8,108.3,115.1,114.6,106.7,91.7,114.3,108.87,15.59,B - Đạt
202503,EMP_1119,DVKD_010,VUNG_2,1608.57,7863.44,13887.77,16,187.96,10,101.8,108.7,110.1,114.3,106.0,100.0,107.62,14.23,B - Đạt
202503,EMP_1120,DVKD_011,VUNG_2,907.34,3992.73,6851.43,10,110.78,5,89.1,87.6,96.3,100.0,102.7,100.0,94.52,5.24,B - Đạt
202503,EMP_1121,DVKD_011,VUNG_2,1107.95,5235.01,9131.04,10,134.58,5,124.7,111.8,110.7,111.1,104.5,125.0,113.47,10.92,B - Đạt
202503,EMP_1122,DVKD_011,VUNG_2,1453.69,7573.0,9432.35,15,281.78,7,145.8,138.9,139.0,136.4,171.3,140.0,145.27,31.24,A - Xuất sắc
202503,EMP_1123,DVKD_011,VUNG_2,1661.73,9353.88,18104.2,16,265.43,9,111.4,122.0,125.5,123.1,93.7,100.0,116.44,12.55,B - Đạt
202503,EMP_1124,DVKD_011,VUNG_2,2294.92,13146.87,20510.7,19,326.64,11,108.4,110.9,100.1,105.6,99.7,100.0,104.28,8.91,B - Đạt
202503,EMP_1125,DVKD_011,VUNG_2,1072.34,5578.88,6870.42,9,112.46,5,71.6,68.9,63.5,69.2,61.9,71.4,66.67,0.0,D - Không đạt
202503,EMP_1126,DVKD_011,VUNG_2,2272.7,8335.9,16297.38,19,412.85,12,91.2,86.0,92.1,90.5,90.9,85.7,90.62,5.39,B - Đạt
202503,EMP_1127,DVKD_011,VUNG_2,952.21,5327.95,9732.84,10,192.82,7,68.2,67.0,69.7,66.7,63.4,70.0,67.67,0.0,D - Không đạt
202503,EMP_1128,DVKD_011,VUNG_2,1667.57,11190.43,16556.52,23,269.03,15,119.5,132.4,119.8,135.3,102.0,150.0,120.5,15.88,A - Xuất sắc
202503,EMP_1129,DVKD_011,VUNG_2,1459.01,7710.62,12669.82,17,352.18,10,97.2,94.9,98.4,106.2,111.7,100.0,100.35,12.4,B - Đạt
202503,EMP_1130,DVKD_011,VUNG_2,794.22,4117.54,7548.43,7,149.95,6,54.9,57.1,56.6,50.0,67.2,66.7,57.18,0.0,D - Không đạt
202503,EMP_1131,DVKD_011,VUNG_2,1687.37,11249.37,17061.56,16,325.41,12,88.3,93.6,83.3,80.0,100.1,100.0,88.28,5.81,C - Cần nỗ lực
202503,EMP_1132,DVKD_011,VUNG_2,904.1,5039.2,7470.11,8,106.15,5,92.7,88.8,84.8,80.0,78.9,100.0,86.01,3.54,C - Cần nỗ lực
202503,EMP_1133,DVKD_011,VUNG_2,1794.64,9769.64,21509.41,19,216.68,11,94.5,95.4,99.2,82.6,77.0,91.7,92.47,3.47,B - Đạt
202503,EMP_1134,DVKD_012,VUNG_2,1062.5,4277.41,7112.93,12,136.14,3,102.6,96.2,106.4,120.0,105.0,75.0,105.07,9.29,B - Đạt
202503,EMP_1135,DVKD_012,VUNG_2,546.01,2549.78,4021.73,6,61.63,3,60.1,56.5,60.1,60.0,52.9,60.0,58.47,0.0,D - Không đạt
202503,EMP_1136,DVKD_012,VUNG_2,1008.4,5057.53,8439.47,10,111.37,3,101.1,105.1,111.4,111.1,94.5,75.0,105.31,15.73,B - Đạt
202503,EMP_1137,DVKD_012,VUNG_2,2768.54,18396.26,29739.13,31,547.9,12,140.8,142.2,151.6,155.0,161.7,133.3,149.34,18.13,A - Xuất sắc
202503,EMP_1138,DVKD_012,VUNG_2,2276.54,14248.75,15565.13,19,481.96,11,104.6,109.4,98.9,90.5,107.3,110.0,102.32,8.93,B - Đạt
202503,EMP_1139,DVKD_012,VUNG_2,482.8,2808.88,4759.73,4,69.45,4,57.6,54.1,54.2,50.0,50.3,66.7,54.03,0.0,D - Không đạt
202503,EMP_1140,DVKD_012,VUNG_2,1624.26,8080.42,10842.61,14,226.71,7,91.2,90.1,94.4,100.0,87.2,77.8,92.44,5.99,B - Đạt
202503,EMP_1141,DVKD_012,VUNG_2,1520.74,6570.62,10930.69,11,212.26,8,65.8,62.8,70.3,64.7,68.7,72.7,67.25,0.0,D - Không đạt
202503,EMP_1142,DVKD_012,VUNG_2,1193.56,5529.99,9577.75,14,273.91,6,59.2,56.2,60.6,56.0,55.9,50.0,58.43,0.0,D - Không đạt
202503,EMP_1143,DVKD_012,VUNG_2,1780.15,8692.28,20284.84,24,426.76,11,127.5,127.2,130.7,133.3,143.7,157.1,131.58,24.2,A - Xuất sắc
202503,EMP_1144,DVKD_013,VUNG_2,791.6,4040.4,8744.58,9,144.76,4,88.4,93.9,97.2,90.0,105.3,80.0,95.0,4.99,B - Đạt
202503,EMP_1145,DVKD_013,VUNG_2,1298.79,6793.97,10107.95,12,138.3,8,137.3,139.4,124.3,150.0,125.7,133.3,132.59,34.71,A - Xuất sắc
202503,EMP_1146,DVKD_013,VUNG_2,957.8,4552.5,8511.44,8,168.0,5,104.8,106.6,101.5,88.9,104.8,125.0,102.32,14.72,B - Đạt
202503,EMP_1147,DVKD_013,VUNG_2,1354.11,7334.39,14770.78,17,286.46,8,67.2,68.6,71.9,73.9,84.1,72.7,72.26,0.0,C - Cần nỗ lực
202503,EMP_1148,DVKD_013,VUNG_2,1274.16,8415.94,11005.02,15,257.92,6,90.6,91.0,84.7,93.8,100.1,85.7,90.34,2.36,B - Đạt
202503,EMP_1149,DVKD_013,VUNG_2,2123.41,14014.66,15958.78,17,634.05,14,154.5,153.6,146.0,130.8,181.8,175.0,153.12,25.19,A - Xuất sắc
202503,EMP_1150,DVKD_013,VUNG_2,1022.46,6470.71,9153.03,12,194.69,6,69.7,73.5,66.6,66.7,76.7,66.7,69.94,0.0,D - Không đạt
202503,EMP_1151,DVKD_013,VUNG_2,1664.42,9473.76,16837.72,15,459.91,11,114.5,108.3,118.6,107.1,133.4,122.2,117.1,9.42,B - Đạt
202503,EMP_1152,DVKD_013,VUNG_2,1378.36,9500.52,12731.96,15,165.87,8,99.2,101.0,99.9,107.1,94.4,100.0,99.78,2.41,B - Đạt
202503,EMP_1153,DVKD_013,VUNG_2,1579.02,8757.57,16145.96,14,389.75,10,108.8,107.3,110.0,100.0,114.8,111.1,109.02,8.06,B - Đạt
202503,EMP_1154,DVKD_013,VUNG_2,1352.53,7228.92,14158.29,11,171.33,8,84.5,91.4,92.9,78.6,90.0,80.0,88.71,2.06,C - Cần nỗ lực
202503,EMP_1155,DVKD_013,VUNG_2,1708.2,13316.99,18266.64,18,306.92,15,123.2,133.3,133.4,112.5,135.4,150.0,129.05,15.17,A - Xuất sắc
202503,EMP_1156,DVKD_013,VUNG_2,2228.36,11839.86,16612.61,30,304.73,11,156.4,157.4,151.3,166.7,170.5,137.5,157.91,28.25,A - Xuất sắc
202503,EMP_1157,DVKD_014,VUNG_2,1025.05,5688.39,9391.2,8,155.01,6,115.4,112.0,120.2,100.0,94.5,100.0,111.89,11.65,B - Đạt
202503,EMP_1158,DVKD_014,VUNG_2,974.19,5515.55,8610.49,9,127.75,5,99.2,97.7,105.2,100.0,80.2,100.0,98.31,2.67,B - Đạt
202503,EMP_1159,DVKD_014,VUNG_2,1083.38,4519.29,8280.88,6,97.8,7,102.9,99.3,94.0,85.7,88.4,116.7,95.35,5.72,B - Đạt
202503,EMP_1160,DVKD_014,VUNG_2,907.31,3703.68,5150.3,8,146.12,4,53.1,54.4,46.2,53.3,42.7,40.0,49.34,0.0,D - Không đạt
202503,EMP_1161,DVKD_014,VUNG_2,1766.4,8701.42,16411.98,17,428.66,12,107.4,111.5,108.3,106.2,135.4,120.0,112.41,9.1,B - Đạt
202503,EMP_1162,DVKD_014,VUNG_2,1833.32,8121.56,12364.92,16,217.25,8,103.6,98.8,109.5,88.9,115.6,114.3,105.27,16.75,B - Đạt
202503,EMP_1163,DVKD_014,VUNG_2,1694.95,7750.65,10647.74,13,237.24,8,101.7,95.1,96.4,108.3,83.9,114.3,96.85,4.7,B - Đạt
202503,EMP_1164,DVKD_014,VUNG_2,2116.49,11239.31,15758.68,25,403.93,12,108.6,104.0,100.4,100.0,121.5,85.7,106.11,14.49,B - Đạt
202503,EMP_1165,DVKD_014,VUNG_2,989.21,5090.3,7597.46,10,184.62,5,107.0,110.3,106.3,100.0,115.8,100.0,107.87,14.06,B - Đạt
202503,EMP_1166,DVKD_014,VUNG_2,808.97,5180.36,7551.34,7,101.02,5,48.2,52.1,49.5,50.0,49.7,55.6,49.64,0.0,D - Không đạt
202503,EMP_1167,DVKD_014,VUNG_2,1782.1,10821.51,15053.28,19,238.43,10,91.0,83.3,98.4,100.0,78.9,100.0,91.52,4.0,B - Đạt
202503,EMP_1168,DVKD_014,VUNG_2,1583.21,10697.8,12425.34,20,292.42,9,117.2,109.2,112.3,125.0,93.0,100.0,111.44,11.88,B - Đạt
202503,EMP_1169,DVKD_014,VUNG_2,1547.1,8280.09,12929.85,15,368.24,9,101.6,102.3,103.7,93.8,122.5,90.0,104.79,12.36,B - Đạt
202503,EMP_1170,DVKD_015,VUNG_2,937.73,5463.46,7732.1,7,142.42,5,96.1,102.6,99.2,87.5,93.3,83.3,96.88,4.57,B - Đạt
202503,EMP_1171,DVKD_015,VUNG_2,944.37,5509.84,7537.76,7,130.29,6,90.4,99.4,88.9,87.5,82.4,100.0,89.73,6.0,C - Cần nỗ lực
202503,EMP_1172,DVKD_015,VUNG_2,521.06,3575.67,5200.73,6,146.88,4,61.2,61.2,59.3,60.0,76.7,66.7,62.74,0.0,D - Không đạt
202503,EMP_1173,DVKD_015,VUNG_2,1499.62,7454.69,13192.69,18,171.16,8,98.7,94.9,94.4,105.9,84.8,100.0,95.26,2.87,B - Đạt
202503,EMP_1174,DVKD_015,VUNG_2,1461.81,7605.86,12611.42,13,153.87,8,85.2,88.7,90.2,92.9,81.5,80.0,87.69,4.1,C - Cần nỗ lực
202503,EMP_1175,DVKD_015,VUNG_2,1293.94,8098.05,11654.25,13,234.36,9,88.7,93.7,79.8,76.5,90.4,100.0,85.37,4.83,C - Cần nỗ lực
202503,EMP_1176,DVKD_015,VUNG_2,1636.88,7486.04,10847.34,14,364.55,10,75.5,77.4,71.6,70.0,90.7,83.3,76.15,0.0,C - Cần nỗ lực
202503,EMP_1177,DVKD_015,VUNG_2,2067.51,10977.15,20238.58,17,530.69,13,142.3,140.3,147.6,130.8,176.6,162.5,147.85,32.38,A - Xuất sắc
202503,EMP_1178,DVKD_015,VUNG_2,2369.69,12244.82,22674.96,20,281.07,15,112.7,108.5,110.2,95.2,96.6,107.1,107.03,15.58,B - Đạt
202503,EMP_1179,DVKD_015,VUNG_2,1645.92,7588.44,12700.29,16,264.58,9,97.5,94.2,99.8,94.1,98.5,100.0,97.62,4.16,B - Đạt
202503,EMP_1180,DVKD_015,VUNG_2,1921.56,13404.99,21816.22,25,307.29,14,101.1,97.7,111.5,113.6,94.5,116.7,104.49,12.82,B - Đạt
202503,EMP_1181,DVKD_015,VUNG_2,2520.86,11619.99,20063.93,18,270.28,11,145.6,154.1,140.9,128.6,136.4,122.2,142.15,27.31,A - Xuất sắc
202503,EMP_1182,DVKD_015,VUNG_2,1159.3,5350.5,9597.81,9,162.4,6,46.2,41.9,44.1,45.0,37.9,42.9,43.45,0.0,D - Không đạt
202503,EMP_1183,DVKD_015,VUNG_2,1597.43,7879.75,15407.03,17,252.15,9,105.6,109.4,104.1,106.2,108.4,100.0,106.12,13.8,B - Đạt
202503,EMP_1184,DVKD_016,VUNG_2,983.54,7265.24,6736.78,11,247.75,6,114.8,121.7,103.6,110.0,132.3,100.0,114.06,13.57,B - Đạt
202503,EMP_1185,DVKD_016,VUNG_2,795.44,4946.25,6065.72,10,166.38,5,94.7,89.0,91.4,100.0,111.3,100.0,95.71,2.03,B - Đạt
202503,EMP_1186,DVKD_016,VUNG_2,737.4,3574.57,5384.82,6,144.58,4,71.0,72.0,66.5,60.0,70.0,66.7,68.32,0.0,D - Không đạt
202503,EMP_1187,DVKD_016,VUNG_2,2737.01,11958.77,25037.63,30,231.87,14,119.8,121.0,116.5,125.0,94.5,107.7,115.55,15.47,B - Đạt
202503,EMP_1188,DVKD_016,VUNG_2,839.85,4206.5,7875.93,9,138.86,5,87.5,96.7,90.7,100.0,101.5,83.3,93.35,5.15,B - Đạt
202503,EMP_1189,DVKD_016,VUNG_2,1430.62,7240.9,12317.97,13,282.69,8,138.3,137.2,141.9,130.0,142.5,133.3,139.19,28.95,A - Xuất sắc
202503,EMP_1190,DVKD_016,VUNG_2,1691.45,9232.47,12433.36,20,254.73,6,105.6,114.0,108.9,125.0,119.5,85.7,112.04,9.84,B - Đạt
202503,EMP_1191,DVKD_016,VUNG_2,2383.75,11333.77,19335.79,27,553.19,14,103.2,95.3,104.9,112.5,114.1,100.0,105.17,9.6,B - Đạt
202503,EMP_1192,DVKD_016,VUNG_2,1784.34,11813.27,19531.31,22,378.16,11,122.2,118.4,131.0,122.2,109.7,122.2,122.83,14.15,A - Xuất sắc
202503,EMP_1193,DVKD_016,VUNG_2,1385.17,7032.14,15885.37,16,288.57,6,100.3,97.1,102.2,94.1,107.8,85.7,100.99,14.24,B - Đạt
202503,EMP_1194,DVKD_016,VUNG_2,2098.6,12397.94,22582.48,19,550.5,13,148.5,152.8,156.8,126.7,158.5,130.0,151.37,29.44,A - Xuất sắc
202503,EMP_1195,DVKD_016,VUNG_2,1343.54,7710.31,12658.66,17,356.3,10,95.6,96.0,91.3,106.2,118.5,100.0,98.65,2.87,B - Đạt
202503,EMP_1196,DVKD_016,VUNG_2,1302.58,7905.27,12145.32,15,186.86,6,91.7,97.3,83.9,93.8,74.3,85.7,87.41,3.94,C - Cần nỗ lực
202503,EMP_1197,DVKD_016,VUNG_2,1643.24,7999.35,16040.65,15,282.42,8,104.1,102.4,116.2,93.8,114.1,100.0,108.55,14.18,B - Đạt
202503,EMP_1198,DVKD_017,VUNG_3,921.57,6404.56,7246.84,10,192.95,7,104.3,112.6,105.0,100.0,110.3,116.7,106.26,12.54,B - Đạt
202503,EMP_1199,DVKD_017,VUNG_3,1206.39,6915.3,11182.71,9,222.51,5,119.7,129.4,120.3,112.5,111.6,125.0,119.43,13.37,B - Đạt
202503,EMP_1200,DVKD_017,VUNG_3,1380.11,7696.28,12499.96,12,181.41,9,131.5,136.8,142.1,120.0,147.1,150.0,137.19,32.85,A - Xuất sắc
202503,EMP_1201,DVKD_017,VUNG_3,888.61,5970.28,9129.5,10,177.02,6,60.9,68.9,66.6,62.5,76.6,60.0,66.61,0.0,D - Không đạt
202503,EMP_1202,DVKD_017,VUNG_3,2629.0,11515.29,20024.01,21,278.95,12,106.0,105.4,94.4,105.0,90.6,109.1,99.44,3.57,B - Đạt
202503,EMP_1203,DVKD_017,VUNG_3,1585.51,9643.82,11471.44,18,270.79,10,100.1,104.5,95.7,100.0,94.9,111.1,98.43,2.87,B - Đạt
202503,EMP_1204,DVKD_017,VUNG_3,959.06,4825.53,6740.9,12,105.35,4,95.2,98.2,99.1,109.1,89.9,80.0,97.61,5.18,B - Đạt
202503,EMP_1205,DVKD_017,VUNG_3,1638.53,6183.47,10375.55,12,256.1,6,91.7,82.4,80.8,100.0,85.7,100.0,86.42,3.37,C - Cần nỗ lực
202503,EMP_1206,DVKD_017,VUNG_3,1018.24,5819.75,10095.99,9,186.11,6,105.9,116.4,113.4,112.5,131.5,120.0,114.6,9.19,B - Đạt
202503,EMP_1207,DVKD_017,VUNG_3,1849.65,7374.61,15818.31,15,381.6,12,108.7,105.7,114.0,107.1,115.4,120.0,110.95,10.12,B - Đạt
202503,EMP_1208,DVKD_017,VUNG_3,485.17,3101.65,3460.19,5,85.28,3,50.9,52.9,52.2,45.5,51.5,60.0,51.2,0.0,D - Không đạt
202503,EMP_1209,DVKD_018,VUNG_3,886.9,5671.13,10297.86,12,175.45,3,108.9,103.5,111.6,109.1,113.8,75.0,109.79,9.07,B - Đạt
202503,EMP_1210,DVKD_018,VUNG_3,868.59,5118.47,8403.89,9,130.05,4,101.2,93.6,110.2,90.0,101.8,100.0,102.18,11.7,B - Đạt
202503,EMP_1211,DVKD_018,VUNG_3,990.31,4169.94,9380.33,7,170.22,5,104.5,98.8,106.9,87.5,122.9,100.0,105.55,12.39,B - Đạt
202503,EMP_1212,DVKD_018,VUNG_3,1608.94,9830.07,11498.22,14,264.73,11,99.6,99.9,88.1,107.7,103.9,110.0,97.08,5.7,B - Đạt
202503,EMP_1213,DVKD_018,VUNG_3,937.86,4718.08,7151.87,9,141.05,7,97.3,90.1,95.2,100.0,85.1,116.7,93.92,5.52,B - Đạt
202503,EMP_1214,DVKD_018,VUNG_3,1391.3,10000.88,14862.67,12,286.6,8,100.8,101.3,101.0,85.7,112.8,88.9,101.23,16.39,B - Đạt
202503,EMP_1215,DVKD_018,VUNG_3,1287.16,8459.95,10744.44,15,388.05,7,93.1,101.5,90.8,107.1,115.3,116.7,98.28,4.05,B - Đạt
202503,EMP_1216,DVKD_018,VUNG_3,1184.2,5140.91,9725.02,8,203.36,8,70.9,63.0,63.1,57.1,70.3,80.0,65.52,0.0,D - Không đạt
202503,EMP_1217,DVKD_018,VUNG_3,923.56,4626.57,9900.53,8,198.61,4,110.2,105.4,107.5,100.0,102.2,100.0,106.31,15.82,B - Đạt
202503,EMP_1218,DVKD_018,VUNG_3,1502.23,7214.93,11842.66,14,245.27,11,110.2,105.4,107.6,100.0,112.2,122.2,107.85,13.16,B - Đạt
202503,EMP_1219,DVKD_018,VUNG_3,1540.52,6957.77,13607.9,12,400.35,9,162.6,159.6,147.0,133.3,191.2,180.0,158.05,32.82,A - Xuất sắc
202503,EMP_1220,DVKD_018,VUNG_3,699.67,3222.47,6471.29,9,157.29,2,73.8,71.5,71.1,90.0,83.3,50.0,75.55,0.0,C - Cần nỗ lực
202503,EMP_1221,DVKD_018,VUNG_3,1396.65,8433.22,11835.52,10,242.88,5,89.4,92.8,88.9,83.3,84.8,71.4,88.44,5.36,C - Cần nỗ lực
202503,EMP_1222,DVKD_018,VUNG_3,1995.93,10194.28,18470.95,16,229.25,8,129.4,128.6,121.4,106.7,114.0,133.3,121.9,14.16,A - Xuất sắc
202503,EMP_1223,DVKD_019,VUNG_3,776.95,3836.82,6490.73,7,109.93,4,91.8,91.3,83.5,100.0,80.8,80.0,87.99,4.94,C - Cần nỗ lực
202503,EMP_1224,DVKD_019,VUNG_3,921.7,5151.28,8498.37,10,153.0,7,104.9,95.9,109.8,100.0,97.8,116.7,103.71,13.02,B - Đạt
202503,EMP_1225,DVKD_019,VUNG_3,1428.6,7002.86,10932.5,11,267.89,9,140.6,156.2,143.5,157.1,157.0,150.0,148.06,20.81,A - Xuất sắc
202503,EMP_1226,DVKD_019,VUNG_3,1583.87,7636.78,13560.66,12,269.19,7,105.0,107.7,95.5,100.0,112.8,100.0,102.75,10.85,B - Đạt
202503,EMP_1227,DVKD_019,VUNG_3,1448.5,7704.69,12023.55,16,324.1,7,91.6,87.8,85.2,94.1,108.3,100.0,91.54,4.15,B - Đạt
202503,EMP_1228,DVKD_019,VUNG_3,1652.88,6870.51,11195.12,14,203.75,7,94.7,92.0,101.5,107.7,115.2,87.5,101.05,9.31,B - Đạt
202503,EMP_1229,DVKD_019,VUNG_3,1911.74,11000.03,14269.27,20,234.21,13,97.0,100.3,88.3,90.9,77.7,100.0,90.95,3.27,B - Đạt
202503,EMP_1230,DVKD_019,VUNG_3,1537.75,8000.55,12932.07,20,224.09,10,107.1,104.3,112.6,117.6,100.5,100.0,108.67,15.94,B - Đạt
202503,EMP_1231,DVKD_019,VUNG_3,1534.31,7230.18,11906.16,13,220.39,10,102.4,97.0,104.9,86.7,80.1,100.0,97.55,5.41,B - Đạt
202503,EMP_1232,DVKD_019,VUNG_3,997.06,6153.64,6647.12,10,140.13,4,103.7,107.2,97.7,111.1,95.6,100.0,101.65,9.3,B - Đạt
202503,EMP_1233,DVKD_019,VUNG_3,2237.86,11788.51,20254.58,22,340.79,12,129.5,126.6,147.4,129.4,132.4,133.3,135.75,26.81,A - Xuất sắc
202503,EMP_1234,DVKD_020,VUNG_3,807.66,4641.36,6611.49,8,179.01,5,99.4,103.7,102.0,88.9,89.3,125.0,98.39,5.08,B - Đạt
202503,EMP_1235,DVKD_020,VUNG_3,789.91,4223.79,6930.74,9,80.52,6,96.9,98.9,91.1,100.0,76.4,120.0,92.41,2.68,B - Đạt
202503,EMP_1236,DVKD_020,VUNG_3,1365.69,8785.1,11617.19,11,217.41,7,153.9,157.0,156.3,157.1,155.8,140.0,155.81,24.12,A - Xuất sắc
202503,EMP_1237,DVKD_020,VUNG_3,2434.99,12237.95,20266.98,22,450.74,13,155.1,157.7,149.2,157.1,152.1,162.5,153.17,31.1,A - Xuất sắc
202503,EMP_1238,DVKD_020,VUNG_3,971.13,5126.92,6436.4,8,177.56,5,60.2,66.2,56.6,66.7,55.8,55.6,59.83,0.0,D - Không đạt
202503,EMP_1239,DVKD_020,VUNG_3,2920.11,14044.05,21712.15,29,288.64,18,116.9,123.8,114.4,126.1,107.2,138.5,116.53,16.29,B - Đạt
202503,EMP_1240,DVKD_020,VUNG_3,3297.39,17500.44,25734.04,30,540.38,13,163.8,159.1,158.7,150.0,190.2,130.0,163.89,26.56,A - Xuất sắc
202503,EMP_1241,DVKD_020,VUNG_3,831.31,4942.39,8473.57,12,135.2,7,97.4,92.4,91.1,109.1,97.2,116.7,95.58,5.46,B - Đạt
202503,EMP_1242,DVKD_020,VUNG_3,2361.38,12780.13,19311.36,21,394.57,13,117.4,110.5,106.6,110.5,119.3,130.0,112.18,8.8,B - Đạt
202503,EMP_1243,DVKD_020,VUNG_3,1326.16,8902.17,13767.99,12,237.53,8,96.4,98.5,96.8,80.0,96.6,80.0,95.24,2.55,B - Đạt
202503,EMP_1244,DVKD_020,VUNG_3,1730.54,9653.52,14894.03,11,178.29,7,102.7,107.7,109.0,91.7,92.1,100.0,102.97,9.93,B - Đạt
202503,EMP_1245,DVKD_020,VUNG_3,1350.64,7167.24,11161.28,13,203.89,6,90.1,98.1,90.3,86.7,81.2,85.7,89.7,3.07,C - Cần nỗ lực
202503,EMP_1246,DVKD_020,VUNG_3,1138.04,5715.02,10190.11,10,192.83,9,122.3,111.6,126.9,111.1,150.4,150.0,125.4,16.67,A - Xuất sắc
202503,EMP_1247,DVKD_020,VUNG_3,1313.81,7190.33,13659.57,11,273.77,6,89.1,82.8,88.4,91.7,82.0,75.0,87.11,2.64,C - Cần nỗ lực
202503,EMP_1248,DVKD_021,VUNG_3,1738.64,8752.27,12194.88,16,308.72,6,165.0,151.1,153.6,160.0,184.6,150.0,161.36,32.29,A - Xuất sắc
202503,EMP_1249,DVKD_021,VUNG_3,1042.02,4272.68,9099.2,11,243.29,5,108.9,101.5,100.7,110.0,126.8,125.0,107.71,14.75,B - Đạt
202503,EMP_1250,DVKD_021,VUNG_3,502.24,3106.93,4027.05,5,120.13,3,51.5,53.6,53.4,50.0,58.4,50.0,53.36,0.0,D - Không đạt
202503,EMP_1251,DVKD_021,VUNG_3,1089.31,4677.3,9041.49,8,211.79,5,66.1,58.7,60.2,66.7,69.7,62.5,63.52,0.0,D - Không đạt
202503,EMP_1252,DVKD_021,VUNG_3,2341.46,11457.86,19794.73,24,495.88,11,109.1,104.6,107.3,109.1,109.3,110.0,107.82,13.84,B - Đạt
202503,EMP_1253,DVKD_021,VUNG_3,2139.59,12822.13,19219.47,20,299.14,14,149.1,155.7,140.9,133.3,167.9,175.0,148.46,20.42,A - Xuất sắc
202503,EMP_1254,DVKD_021,VUNG_3,829.54,4359.57,7267.66,10,118.68,6,92.2,89.5,105.5,100.0,85.3,100.0,96.19,3.28,B - Đạt
202503,EMP_1255,DVKD_021,VUNG_3,1507.57,10003.08,12187.9,13,388.4,8,107.9,100.1,112.8,86.7,117.3,100.0,107.73,13.69,B - Đạt
202503,EMP_1256,DVKD_021,VUNG_3,1466.07,7537.64,12710.32,17,202.72,8,92.3,91.0,82.8,100.0,104.5,100.0,91.38,5.91,B - Đạt
202503,EMP_1257,DVKD_021,VUNG_3,1976.85,8710.89,11755.26,13,330.97,10,111.8,118.7,103.5,100.0,137.2,125.0,112.56,10.67,B - Đạt
202503,EMP_1258,DVKD_021,VUNG_3,1965.86,8578.24,17683.62,16,360.1,11,115.7,122.6,116.4,123.1,141.1,122.2,121.53,14.16,A - Xuất sắc
202503,EMP_1259,DVKD_021,VUNG_3,1969.53,11668.57,17770.26,25,412.96,13,142.5,130.4,128.3,147.1,148.7,144.4,137.1,28.28,A - Xuất sắc
202503,EMP_1260,DVKD_022,VUNG_3,598.85,4459.54,5448.93,7,85.5,3,73.8,74.6,68.9,77.8,73.6,75.0,72.57,0.0,C - Cần nỗ lực
202503,EMP_1261,DVKD_022,VUNG_3,921.54,5925.35,9161.29,12,143.67,6,105.1,104.2,111.4,120.0,86.7,100.0,105.9,9.02,B - Đạt
202503,EMP_1262,DVKD_022,VUNG_3,995.64,4953.82,9491.33,10,166.33,7,102.6,99.6,114.3,90.9,93.4,116.7,103.7,8.6,B - Đạt
202503,EMP_1263,DVKD_022,VUNG_3,2387.37,12623.48,15944.59,19,411.36,10,96.9,94.5,96.0,90.5,113.0,83.3,98.0,5.3,B - Đạt
202503,EMP_1264,DVKD_022,VUNG_3,1003.27,5554.26,10581.45,11,239.8,6,63.4,70.1,71.6,73.3,79.0,60.0,70.61,0.0,C - Cần nỗ lực
202503,EMP_1265,DVKD_022,VUNG_3,1510.73,7885.01,11383.43,15,249.04,8,94.3,89.9,89.6,93.8,92.0,88.9,91.6,5.28,B - Đạt
202503,EMP_1266,DVKD_022,VUNG_3,2000.17,10756.77,14436.54,19,177.45,9,117.7,108.6,110.7,118.8,96.5,90.0,110.81,9.03,B - Đạt
202503,EMP_1267,DVKD_022,VUNG_3,1250.23,6633.65,9930.1,13,217.43,6,129.8,124.7,126.8,144.4,161.2,120.0,134.16,28.96,A - Xuất sắc
202503,EMP_1268,DVKD_022,VUNG_3,1804.14,9769.66,16744.31,18,286.04,7,111.0,105.0,117.1,105.9,91.7,87.5,108.83,13.7,B - Đạt
202503,EMP_1269,DVKD_022,VUNG_3,1938.06,9503.09,13284.37,17,235.24,9,116.9,107.3,110.6,100.0,105.3,90.0,109.83,16.8,B - Đạt
202503,EMP_1270,DVKD_022,VUNG_3,865.68,4684.06,9069.06,7,127.97,6,105.4,96.5,99.8,87.5,85.5,120.0,97.33,4.34,B - Đạt
202503,EMP_1271,DVKD_022,VUNG_3,1994.5,8826.02,14258.49,14,334.12,11,117.5,111.7,102.3,100.0,131.5,137.5,111.66,16.26,B - Đạt
202503,EMP_1272,DVKD_022,VUNG_3,2072.94,12022.61,14393.04,22,323.23,11,129.1,133.5,131.5,129.4,146.7,137.5,133.27,30.11,A - Xuất sắc
202503,EMP_1273,DVKD_022,VUNG_3,2397.77,10952.08,21523.73,23,586.02,14,104.2,92.6,101.0,109.5,122.4,107.7,104.6,14.46,B - Đạt
202503,EMP_1274,DVKD_023,VUNG_3,917.38,5308.84,6646.33,9,187.12,6,88.0,96.5,85.1,100.0,100.0,100.0,91.26,2.41,B - Đạt
202503,EMP_1275,DVKD_023,VUNG_3,799.84,5300.79,7603.97,9,169.6,4,88.1,92.6,97.8,90.0,84.0,80.0,91.74,2.26,B - Đạt
202503,EMP_1276,DVKD_023,VUNG_3,1059.78,6913.61,8816.94,11,222.11,6,114.9,115.7,109.3,122.2,138.6,100.0,117.34,16.77,B - Đạt
202503,EMP_1277,DVKD_023,VUNG_3,1311.41,7600.12,10380.52,16,336.32,6,90.6,97.7,94.5,94.1,113.5,85.7,96.81,5.65,B - Đạt
202503,EMP_1278,DVKD_023,VUNG_3,1646.79,9602.5,15993.49,20,280.79,9,106.3,107.4,109.0,117.6,109.5,112.5,109.02,10.3,B - Đạt
202503,EMP_1279,DVKD_023,VUNG_3,2369.07,12835.58,18392.72,19,198.98,13,96.9,101.9,88.0,100.0,79.2,108.3,92.19,3.53,B - Đạt
202503,EMP_1280,DVKD_023,VUNG_3,1031.49,6010.74,7992.67,10,134.84,5,65.6,70.6,63.1,76.9,64.7,55.6,66.47,0.0,D - Không đạt
202503,EMP_1281,DVKD_023,VUNG_3,1936.84,8839.16,14557.68,14,397.1,10,122.9,114.7,122.0,107.7,143.5,111.1,122.92,9.23,A - Xuất sắc
202503,EMP_1282,DVKD_023,VUNG_3,1506.76,9569.42,15642.81,11,191.94,6,107.0,111.6,111.1,91.7,92.4,85.7,105.4,13.31,B - Đạt
202503,EMP_1283,DVKD_023,VUNG_3,1289.02,5570.48,11399.57,14,191.93,5,71.6,76.9,77.3,82.4,83.4,71.4,77.24,0.0,C - Cần nỗ lực
202503,EMP_1284,DVKD_023,VUNG_3,2542.06,15202.54,26989.11,32,422.7,14,124.6,120.4,135.6,133.3,134.3,127.3,130.14,20.79,A - Xuất sắc
202503,EMP_1285,DVKD_023,VUNG_3,1910.51,12165.73,15997.88,25,326.94,9,93.0,96.5,97.6,100.0,107.1,75.0,97.95,2.78,B - Đạt
202503,EMP_1286,DVKD_023,VUNG_3,1359.88,8360.23,14816.16,17,252.14,7,98.3,102.5,107.8,100.0,90.9,77.8,101.31,8.25,B - Đạt
202503,EMP_1287,DVKD_024,VUNG_3,903.9,4788.35,7169.18,12,221.78,4,101.0,101.0,92.1,109.1,110.4,100.0,100.1,10.23,B - Đạt
202503,EMP_1288,DVKD_024,VUNG_3,780.07,4356.43,7654.22,7,167.51,4,95.0,101.4,106.2,87.5,80.8,100.0,97.0,4.23,B - Đạt
202503,EMP_1289,DVKD_024,VUNG_3,1254.08,5246.56,8830.17,11,169.05,6,118.1,109.9,121.5,122.2,115.7,100.0,118.11,12.37,B - Đạt
202503,EMP_1290,DVKD_024,VUNG_3,1183.24,7986.98,13746.17,14,350.19,6,84.6,92.8,90.1,87.5,102.3,85.7,90.7,5.49,B - Đạt
202503,EMP_1291,DVKD_024,VUNG_3,1928.68,9896.24,11613.84,16,195.32,12,116.6,107.4,106.9,106.7,108.4,133.3,109.61,11.7,B - Đạt
202503,EMP_1292,DVKD_024,VUNG_3,1244.99,6691.13,13614.85,15,264.26,6,148.6,152.9,151.6,150.0,163.3,150.0,152.64,24.25,A - Xuất sắc
202503,EMP_1293,DVKD_024,VUNG_3,2268.09,9538.11,18426.77,16,369.66,12,97.0,99.0,104.0,84.2,96.9,109.1,98.45,5.48,B - Đạt
202503,EMP_1294,DVKD_024,VUNG_3,1618.47,9537.59,12228.11,14,318.42,8,98.0,97.3,97.2,100.0,93.8,88.9,97.18,3.8,B - Đạt
202503,EMP_1295,DVKD_024,VUNG_3,1460.89,10791.57,11753.44,16,230.09,10,76.0,77.8,71.0,80.0,93.3,83.3,77.52,0.0,C - Cần nỗ lực
202503,EMP_1296,DVKD_024,VUNG_3,1807.24,8830.42,14248.95,19,254.25,7,106.6,101.1,101.6,105.6,119.4,77.8,105.84,14.75,B - Đạt
202503,EMP_1297,DVKD_024,VUNG_3,1498.65,8870.28,9891.33,16,140.62,9,95.5,92.9,84.4,100.0,75.7,100.0,88.7,2.68,C - Cần nỗ lực
202503,EMP_1298,DVKD_024,VUNG_3,1406.12,6282.61,10135.58,14,207.26,8,91.6,91.1,87.0,87.5,95.2,88.9,90.04,3.95,B - Đạt
202504,EMP_1001,DVKD_001,VUNG_1,1105.33,6374.35,9149.04,14,195.37,7,110.0,106.8,103.0,127.3,130.7,116.7,111.9,13.85,B - Đạt
202504,EMP_1002,DVKD_001,VUNG_1,848.98,6924.68,8087.08,8,154.94,7,104.2,117.4,115.4,114.3,102.2,116.7,110.81,12.46,B - Đạt
202504,EMP_1003,DVKD_001,VUNG_1,1133.81,5066.07,8114.1,9,185.89,7,114.2,104.5,104.0,100.0,123.7,116.7,109.18,9.63,B - Đạt
202504,EMP_1004,DVKD_001,VUNG_1,2370.08,14243.49,16683.7,21,258.26,11,152.1,146.3,150.0,150.0,133.2,157.1,147.45,20.66,A - Xuất sắc
202504,EMP_1005,DVKD_001,VUNG_1,962.8,6452.98,8404.93,9,192.46,5,66.7,67.8,70.0,56.2,75.5,55.6,68.29,0.0,D - Không đạt
202504,EMP_1006,DVKD_001,VUNG_1,1839.05,10050.57,12932.35,17,295.16,7,75.0,73.9,73.1,73.9,77.7,70.0,74.46,0.0,C - Cần nỗ lực
202504,EMP_1007,DVKD_001,VUNG_1,1851.63,12394.55,16012.63,22,396.86,8,127.1,137.8,134.4,137.5,122.2,114.3,131.56,22.2,A - Xuất sắc
202504,EMP_1008,DVKD_001,VUNG_1,1085.61,5844.58,7609.42,12,158.97,4,67.1,67.6,60.3,75.0,79.2,66.7,67.4,0.0,D - Không đạt
202504,EMP_1009,DVKD_001,VUNG_1,1026.44,4341.54,8041.92,8,204.13,7,48.8,45.1,51.3,44.4,58.8,50.0,50.18,0.0,D - Không đạt
202504,EMP_1010,DVKD_001,VUNG_1,1599.89,6048.04,9553.19,10,223.1,8,91.2,84.0,83.1,76.9,87.1,88.9,85.24,2.96,C - Cần nỗ lực
202504,EMP_1011,DVKD_001,VUNG_1,1536.44,10479.77,13617.1,18,293.53,9,107.3,112.8,110.6,112.5,126.7,100.0,112.71,14.48,B - Đạt
202504,EMP_1012,DVKD_001,VUNG_1,1680.0,8634.32,10932.69,14,231.84,10,105.6,105.0,94.3,93.3,115.7,125.0,101.84,10.11,B - Đạt
202504,EMP_1013,DVKD_001,VUNG_1,1771.11,11650.03,15973.69,18,456.96,13,124.9,129.2,120.2,112.5,149.9,130.0,126.41,14.23,A - Xuất sắc
202504,EMP_1014,DVKD_001,VUNG_1,2746.61,11282.04,25831.9,23,583.05,10,109.5,109.9,119.2,109.5,125.2,100.0,115.31,11.29,B - Đạt
202504,EMP_1015,DVKD_002,VUNG_1,1033.96,4728.08,8584.76,8,198.1,4,103.4,98.9,105.3,100.0,100.3,80.0,102.58,15.0,B - Đạt
202504,EMP_1016,DVKD_002,VUNG_1,904.94,5129.12,9845.68,9,228.1,6,111.2,99.2,111.4,90.0,131.9,100.0,110.45,15.12,B - Đạt
202504,EMP_1017,DVKD_002,VUNG_1,1123.72,5068.16,8030.47,9,237.46,5,105.3,102.9,94.7,112.5,124.5,100.0,104.83,9.68,B - Đạt
202504,EMP_1018,DVKD_002,VUNG_1,1296.92,6356.04,10786.36,13,209.95,8,142.9,141.3,133.8,130.0,136.1,160.0,137.16,22.39,A - Xuất sắc
202504,EMP_1019,DVKD_002,VUNG_1,1641.93,7168.45,12058.75,17,284.31,8,103.2,104.7,111.5,106.2,101.2,100.0,106.33,8.83,B - Đạt
202504,EMP_1020,DVKD_002,VUNG_1,1057.99,5420.66,9394.18,13,113.74,5,112.6,109.3,104.6,118.2,99.7,83.3,107.93,13.95,B - Đạt
202504,EMP_1021,DVKD_002,VUNG_1,1474.92,8122.06,15864.29,12,265.91,7,93.3,92.9,103.2,92.3,116.3,87.5,100.05,8.77,B - Đạt
202504,EMP_1022,DVKD_002,VUNG_1,945.38,6129.79,9412.82,13,280.25,7,68.6,70.3,71.0,72.2,84.6,77.8,72.45,0.0,C - Cần nỗ lực
202504,EMP_1023,DVKD_002,VUNG_1,1950.32,12934.57,16322.42,16,254.83,9,141.1,146.0,129.4,123.1,141.8,112.5,136.04,26.6,A - Xuất sắc
202504,EMP_1024,DVKD_002,VUNG_1,764.74,2911.39,5618.22,6,82.08,5,73.3,68.9,70.5,66.7,58.6,83.3,68.8,0.0,D - Không đạt
202504,EMP_1025,DVKD_002,VUNG_1,2126.63,11319.13,19231.69,16,387.47,14,99.3,95.7,94.0,94.1,86.0,107.7,94.39,2.42,B - Đạt
202504,EMP_1026,DVKD_003,VUNG_1,867.58,5339.01,8999.52,8,153.38,4,95.1,89.0,97.1,88.9,106.8,100.0,96.02,4.84,B - Đạt
202504,EMP_1027,DVKD_003,VUNG_1,1465.3,7537.86,13231.76,14,267.1,9,156.6,148.2,146.0,140.0,144.5,150.0,148.16,27.22,A - Xuất sắc
202504,EMP_1028,DVKD_003,VUNG_1,1302.19,8426.87,9946.1,14,281.77,6,153.9,156.2,138.8,155.6,159.2,150.0,149.93,27.67,A - Xuất sắc
202504,EMP_1029,DVKD_003,VUNG_1,2319.36,10246.88,21042.19,20,464.31,14,108.3,106.7,110.8,111.1,117.2,107.7,110.55,12.69,B - Đạt
202504,EMP_1030,DVKD_003,VUNG_1,894.05,5213.06,6860.4,10,157.38,6,55.9,61.5,63.4,62.5,61.1,66.7,60.8,0.0,D - Không đạt
202504,EMP_1031,DVKD_003,VUNG_1,1784.32,8808.61,14275.2,17,314.55,6,104.9,98.0,108.7,100.0,131.5,85.7,108.7,15.15,B - Đạt
202504,EMP_1032,DVKD_003,VUNG_1,781.69,3748.41,8508.56,7,106.97,5,50.1,52.6,55.4,46.7,47.6,62.5,51.62,0.0,D - Không đạt
202504,EMP_1033,DVKD_003,VUNG_1,1267.51,8375.23,11940.21,15,301.55,8,145.6,140.7,146.6,150.0,179.8,160.0,150.78,24.69,A - Xuất sắc
202504,EMP_1034,DVKD_003,VUNG_1,798.13,5559.96,7410.23,11,126.69,3,93.8,95.4,96.6,110.0,90.9,75.0,96.2,5.39,B - Đạt
202504,EMP_1035,DVKD_003,VUNG_1,853.32,5851.22,9664.12,7,157.58,6,104.1,103.2,105.7,100.0,102.2,100.0,103.83,15.16,B - Đạt
202504,EMP_1036,DVKD_004,VUNG_1,602.2,3710.95,4679.99,5,77.2,2,63.8,67.5,71.3,62.5,53.6,50.0,65.32,0.0,D - Không đạt
202504,EMP_1037,DVKD_004,VUNG_1,1203.5,6252.68,8969.62,14,187.95,6,121.6,121.0,129.0,140.0,110.0,100.0,124.2,11.99,A - Xuất sắc
202504,EMP_1038,DVKD_004,VUNG_1,865.28,3697.13,5333.81,9,131.66,5,88.6,89.2,81.9,90.0,77.4,83.3,84.8,2.31,C - Cần nỗ lực
202504,EMP_1039,DVKD_004,VUNG_1,2080.94,11964.4,20524.55,20,369.49,12,137.4,136.0,149.9,142.9,144.5,133.3,143.18,18.07,A - Xuất sắc
202504,EMP_1040,DVKD_004,VUNG_1,1545.78,9831.57,14127.6,14,245.31,8,93.8,100.3,101.8,82.4,98.6,88.9,97.15,2.94,B - Đạt
202504,EMP_1041,DVKD_004,VUNG_1,1086.15,5046.38,7822.13,11,135.3,3,107.3,102.0,106.1,110.0,110.4,75.0,106.82,16.71,B - Đạt
202504,EMP_1042,DVKD_004,VUNG_1,2258.55,11425.68,17697.13,19,319.51,10,97.9,90.9,87.4,100.0,79.1,111.1,90.56,2.38,B - Đạt
202504,EMP_1043,DVKD_004,VUNG_1,1461.62,8397.16,14882.57,15,241.93,9,105.3,108.9,119.3,93.8,96.0,128.6,108.19,13.2,B - Đạt
202504,EMP_1044,DVKD_004,VUNG_1,1627.82,8593.29,11849.38,16,401.86,7,95.4,95.7,94.4,94.1,115.1,100.0,97.92,3.63,B - Đạt
202504,EMP_1045,DVKD_004,VUNG_1,2017.52,10853.59,16496.86,22,356.05,13,113.9,109.1,113.9,129.4,113.7,130.0,114.7,9.03,B - Đạt
202504,EMP_1046,DVKD_004,VUNG_1,1505.45,8409.72,12888.32,13,242.85,7,98.5,97.4,88.5,81.2,100.6,100.0,93.42,2.36,B - Đạt
202504,EMP_1047,DVKD_004,VUNG_1,1675.15,8901.39,16415.2,21,269.32,10,101.3,111.2,108.0,123.5,116.6,125.0,109.65,16.83,B - Đạt
202504,EMP_1048,DVKD_005,VUNG_1,738.9,5554.06,6229.94,8,192.48,5,88.6,99.0,84.8,80.0,101.8,100.0,89.95,2.43,C - Cần nỗ lực
202504,EMP_1049,DVKD_005,VUNG_1,555.7,2509.77,4630.88,5,113.75,2,56.9,52.0,58.3,62.5,68.2,50.0,58.91,0.0,D - Không đạt
202504,EMP_1050,DVKD_005,VUNG_1,970.33,6244.07,10730.11,10,132.43,6,117.5,105.6,122.3,111.1,107.7,100.0,115.29,13.58,B - Đạt
202504,EMP_1051,DVKD_005,VUNG_1,1590.79,7422.35,11492.37,12,285.03,7,68.7,64.5,68.0,70.6,71.9,58.3,68.49,0.0,D - Không đạt
202504,EMP_1052,DVKD_005,VUNG_1,1953.26,9899.09,20927.76,21,417.96,14,135.3,129.8,144.6,150.0,121.0,155.6,137.06,26.16,A - Xuất sắc
202504,EMP_1053,DVKD_005,VUNG_1,1337.37,9538.53,10422.56,19,331.53,7,95.6,98.5,92.8,105.6,99.1,87.5,96.58,5.7,B - Đạt
202504,EMP_1054,DVKD_005,VUNG_1,2245.1,13677.32,18966.62,17,430.6,13,131.3,143.1,123.0,121.4,146.7,130.0,131.49,27.12,A - Xuất sắc
202504,EMP_1055,DVKD_005,VUNG_1,1485.19,8180.57,12148.93,14,290.73,5,91.4,91.5,85.0,87.5,91.4,71.4,88.78,2.72,C - Cần nỗ lực
202504,EMP_1056,DVKD_005,VUNG_1,1950.4,11779.89,16845.79,22,286.0,10,92.2,97.3,105.9,100.0,110.9,76.9,101.34,16.79,B - Đạt
202504,EMP_1057,DVKD_005,VUNG_1,1871.36,8197.33,14117.91,22,269.65,11,111.7,110.2,116.5,122.2,100.6,110.0,112.54,16.44,B - Đạt
202504,EMP_1058,DVKD_005,VUNG_1,418.41,2491.25,4116.59,4,60.03,3,51.0,56.9,49.2,44.4,49.5,60.0,50.37,0.0,D - Không đạt
202504,EMP_1059,DVKD_006,VUNG_1,653.64,3099.89,3819.06,4,86.45,2,61.3,57.9,55.6,50.0,61.8,40.0,57.74,0.0,D - Không đạt
202504,EMP_1060,DVKD_006,VUNG_1,877.7,5087.37,8082.28,12,160.22,5,102.7,98.2,90.0,109.1,79.4,100.0,94.72,5.06,B - Đạt
202504,EMP_1061,DVKD_006,VUNG_1,588.55,3716.41,7131.59,8,118.86,3,70.3,70.8,76.9,80.0,62.7,60.0,72.51,0.0,C - Cần nỗ lực
202504,EMP_1062,DVKD_006,VUNG_1,2329.63,12018.97,18754.99,23,429.42,10,100.4,98.1,100.0,109.5,126.4,90.9,104.73,11.15,B - Đạt
202504,EMP_1063,DVKD_006,VUNG_1,1597.84,9567.39,15897.65,14,288.22,8,99.1,97.7,103.2,93.3,106.4,114.3,100.84,15.72,B - Đạt
202504,EMP_1064,DVKD_006,VUNG_1,1636.17,8854.93,12537.32,14,171.29,6,104.6,94.8,107.5,100.0,90.8,85.7,101.62,14.44,B - Đạt
202504,EMP_1065,DVKD_006,VUNG_1,1698.49,7357.18,13390.13,22,367.86,13,113.1,105.8,110.6,129.4,129.6,130.0,115.23,11.09,B - Đạt
202504,EMP_1066,DVKD_006,VUNG_1,525.98,3100.91,4827.79,6,107.08,3,56.9,54.0,54.3,66.7,67.8,60.0,58.17,0.0,D - Không đạt
202504,EMP_1067,DVKD_006,VUNG_1,2175.16,14853.48,18271.83,28,334.54,10,139.9,148.9,137.2,155.6,143.7,125.0,142.44,27.85,A - Xuất sắc
202504,EMP_1068,DVKD_006,VUNG_1,1588.1,10498.37,14452.74,17,274.53,7,100.5,109.0,100.1,94.4,127.0,116.7,105.0,9.55,B - Đạt
202504,EMP_1069,DVKD_006,VUNG_1,1784.77,9533.22,13006.1,17,394.6,11,101.2,97.6,113.6,94.4,113.2,110.0,106.12,16.33,B - Đạt
202504,EMP_1070,DVKD_006,VUNG_1,1661.14,10751.19,11650.71,17,264.39,9,108.1,111.4,107.7,121.4,94.3,128.6,107.72,8.31,B - Đạt
202504,EMP_1071,DVKD_006,VUNG_1,2753.02,16282.52,17739.22,31,412.57,13,126.5,130.3,114.1,134.8,139.3,118.2,125.48,16.84,A - Xuất sắc
202504,EMP_1072,DVKD_006,VUNG_1,957.36,5402.76,7461.65,12,217.9,6,109.1,103.2,109.7,120.0,112.7,120.0,110.05,12.56,B - Đạt
202504,EMP_1073,DVKD_007,VUNG_1,779.13,3657.07,5778.53,6,111.61,3,76.2,73.2,80.5,60.0,63.7,60.0,73.76,0.0,C - Cần nỗ lực
202504,EMP_1074,DVKD_007,VUNG_1,1298.42,5586.82,9275.95,12,210.45,7,122.6,132.6,123.4,133.3,142.9,116.7,128.5,14.27,A - Xuất sắc
202504,EMP_1075,DVKD_007,VUNG_1,1499.19,6479.48,14558.77,14,311.99,5,150.0,142.7,160.7,127.3,164.0,125.0,152.48,20.08,A - Xuất sắc
202504,EMP_1076,DVKD_007,VUNG_1,2024.6,12367.14,18741.76,21,407.05,8,94.0,100.8,100.7,87.5,84.4,80.0,95.27,3.19,B - Đạt
202504,EMP_1077,DVKD_007,VUNG_1,1578.95,10082.33,15209.43,22,273.65,7,115.6,111.3,117.4,122.2,126.0,100.0,117.81,15.02,B - Đạt
202504,EMP_1078,DVKD_007,VUNG_1,1989.94,11386.79,14798.97,23,424.48,9,115.2,115.3,127.1,135.3,147.0,100.0,126.16,13.43,A - Xuất sắc
202504,EMP_1079,DVKD_007,VUNG_1,673.78,3568.06,5628.13,5,106.7,4,71.5,69.8,67.7,62.5,78.3,66.7,70.03,0.0,C - Cần nỗ lực
202504,EMP_1080,DVKD_007,VUNG_1,1650.86,7538.34,12767.34,18,205.18,7,109.4,101.8,115.0,105.9,103.8,100.0,109.03,9.32,B - Đạt
202504,EMP_1081,DVKD_007,VUNG_1,1147.82,5223.26,9328.66,8,282.04,6,120.0,127.2,115.9,100.0,141.1,120.0,120.81,9.55,A - Xuất sắc
202504,EMP_1082,DVKD_007,VUNG_1,1573.77,8975.95,12271.03,11,348.15,7,65.8,66.1,68.5,57.9,75.5,63.6,67.45,0.0,D - Không đạt
202504,EMP_1083,DVKD_008,VUNG_1,981.98,4575.24,7018.48,7,128.23,6,94.2,97.0,91.9,87.5,85.2,100.0,91.8,3.5,B - Đạt
202504,EMP_1084,DVKD_008,VUNG_1,474.58,2693.51,3815.85,4,102.89,3,53.3,53.0,58.1,44.4,63.2,60.0,55.53,0.0,D - Không đạt
202504,EMP_1085,DVKD_008,VUNG_1,1438.66,6914.4,11751.42,16,272.23,8,159.6,163.6,168.5,160.0,152.1,160.0,162.23,20.33,A - Xuất sắc
202504,EMP_1086,DVKD_008,VUNG_1,1651.85,10054.71,11759.96,20,291.46,8,102.4,103.5,95.5,111.1,130.9,88.9,105.3,10.54,B - Đạt
202504,EMP_1087,DVKD_008,VUNG_1,2051.19,11435.68,16892.69,17,458.11,10,122.7,134.8,137.5,113.3,138.5,100.0,131.12,19.87,A - Xuất sắc
202504,EMP_1088,DVKD_008,VUNG_1,2266.94,12008.72,16389.95,15,236.92,8,131.2,120.5,126.5,125.0,117.3,114.3,125.24,11.75,A - Xuất sắc
202504,EMP_1089,DVKD_008,VUNG_1,971.31,5518.06,6016.79,8,138.53,6,98.0,96.9,86.4,88.9,84.8,100.0,90.88,5.21,B - Đạt
202504,EMP_1090,DVKD_008,VUNG_1,1836.86,11777.91,18016.48,17,294.86,9,132.1,128.8,120.5,130.8,145.3,150.0,129.39,8.29,A - Xuất sắc
202504,EMP_1091,DVKD_008,VUNG_1,1758.09,9732.34,14561.2,20,227.28,7,101.0,99.1,109.4,111.1,115.3,87.5,106.81,14.52,B - Đạt
202504,EMP_1092,DVKD_008,VUNG_1,1282.29,5754.14,8432.54,9,161.51,6,73.6,69.0,66.6,60.0,59.9,66.7,67.04,0.0,D - Không đạt
202504,EMP_1093,DVKD_008,VUNG_1,2898.69,16420.79,27690.26,29,614.87,21,137.8,141.2,148.3,126.1,126.7,161.5,139.15,31.43,A - Xuất sắc
202504,EMP_1094,DVKD_008,VUNG_1,1150.61,6805.05,11196.83,11,189.93,5,135.3,134.7,122.9,122.2,147.5,125.0,131.39,33.81,A - Xuất sắc
202504,EMP_1095,DVKD_008,VUNG_1,2822.14,14738.79,16558.49,20,354.65,15,112.8,106.8,109.2,111.1,94.2,107.1,107.68,8.35,B - Đạt
202504,EMP_1096,DVKD_009,VUNG_2,1138.38,7152.67,12510.34,13,225.57,7,129.1,135.1,141.8,130.0,108.6,140.0,131.46,29.19,A - Xuất sắc
202504,EMP_1097,DVKD_009,VUNG_2,1005.99,5179.24,9949.32,10,215.09,4,110.6,113.9,110.0,125.0,104.8,100.0,111.46,8.94,B - Đạt
202504,EMP_1098,DVKD_009,VUNG_2,980.5,5610.68,6635.68,8,110.16,4,95.5,98.6,83.8,80.0,101.2,100.0,91.18,5.94,B - Đạt
202504,EMP_1099,DVKD_009,VUNG_2,949.01,5899.13,9961.53,9,119.05,4,46.9,49.6,50.2,42.9,45.8,40.0,47.89,0.0,D - Không đạt
202504,EMP_1100,DVKD_009,VUNG_2,1705.2,10622.24,15819.06,16,314.77,12,109.4,115.6,112.9,123.1,116.0,120.0,113.92,14.97,B - Đạt
202504,EMP_1101,DVKD_009,VUNG_2,1838.71,10540.77,10392.92,18,296.4,6,107.2,108.1,95.3,112.5,94.7,85.7,101.83,10.17,B - Đạt
202504,EMP_1102,DVKD_009,VUNG_2,2437.97,10580.55,18425.94,17,313.08,10,103.8,103.7,105.8,89.5,90.6,83.3,101.08,8.9,B - Đạt
202504,EMP_1103,DVKD_009,VUNG_2,2385.98,12844.83,20531.07,22,462.02,14,139.9,142.9,132.4,129.4,139.5,140.0,136.62,21.51,A - Xuất sắc
202504,EMP_1104,DVKD_009,VUNG_2,2111.84,9755.66,15541.14,19,407.32,13,128.6,126.1,137.5,126.7,149.4,130.0,134.27,33.68,A - Xuất sắc
202504,EMP_1105,DVKD_009,VUNG_2,754.18,4506.8,6669.69,9,114.49,5,54.6,48.3,52.0,52.9,50.9,50.0,52.02,0.0,D - Không đạt
202504,EMP_1106,DVKD_009,VUNG_2,1348.81,7518.97,12096.74,14,241.0,8,86.6,88.6,81.5,77.8,102.5,88.9,86.62,2.97,C - Cần nỗ lực
202504,EMP_1107,DVKD_009,VUNG_2,1487.61,10097.69,14095.04,18,250.1,7,100.3,102.1,106.2,100.0,113.0,77.8,104.51,15.07,B - Đạt
202504,EMP_1108,DVKD_009,VUNG_2,2192.28,10552.59,17173.45,19,455.66,13,99.4,100.1,104.8,105.6,100.6,92.9,102.2,16.99,B - Đạt
202504,EMP_1109,DVKD_009,VUNG_2,777.36,4704.35,6967.72,9,198.59,5,54.6,55.1,56.3,60.0,59.2,62.5,56.5,0.0,D - Không đạt
202504,EMP_1110,DVKD_010,VUNG_2,462.86,3389.54,4650.65,4,103.68,4,56.9,59.4,51.4,50.0,61.1,66.7,55.29,0.0,D - Không đạt
202504,EMP_1111,DVKD_010,VUNG_2,911.73,4502.86,7288.67,10,163.53,3,94.3,86.3,81.9,90.9,109.5,75.0,90.7,3.22,B - Đạt
202504,EMP_1112,DVKD_010,VUNG_2,1030.97,5986.94,9367.97,9,125.44,8,111.9,112.9,114.3,112.5,110.1,133.3,112.68,12.01,B - Đạt
202504,EMP_1113,DVKD_010,VUNG_2,2022.51,12891.34,19246.25,22,445.61,12,105.4,96.4,114.8,104.8,107.4,120.0,107.58,11.6,B - Đạt
202504,EMP_1114,DVKD_010,VUNG_2,977.21,4499.94,8610.58,8,133.61,3,55.0,53.6,57.5,57.1,49.4,42.9,55.03,0.0,D - Không đạt
202504,EMP_1115,DVKD_010,VUNG_2,1221.77,6264.61,9576.33,12,191.21,4,79.3,71.2,77.6,70.6,61.6,57.1,73.97,0.0,C - Cần nỗ lực
202504,EMP_1116,DVKD_010,VUNG_2,3002.08,13218.46,21357.85,28,358.65,17,134.6,137.8,134.3,116.7,121.3,154.5,131.19,29.19,A - Xuất sắc
202504,EMP_1117,DVKD_010,VUNG_2,1023.26,4668.32,7747.08,8,146.52,6,99.5,99.2,99.3,100.0,84.3,120.0,97.15,4.48,B - Đạt
202504,EMP_1118,DVKD_010,VUNG_2,1134.58,6678.09,12881.07,12,210.95,7,71.8,80.7,82.6,66.7,88.3,87.5,78.88,0.0,C - Cần nỗ lực
202504,EMP_1119,DVKD_010,VUNG_2,2394.89,12178.21,20857.04,23,286.07,17,147.0,147.1,137.2,143.8,126.1,170.0,140.13,31.0,A - Xuất sắc
202504,EMP_1120,DVKD_011,VUNG_2,1013.34,5439.43,9232.24,11,102.97,5,112.3,114.8,113.7,100.0,95.6,100.0,109.43,13.85,B - Đạt
202504,EMP_1121,DVKD_011,VUNG_2,1245.57,5372.57,8993.52,9,172.51,5,118.4,118.3,108.5,112.5,96.1,125.0,110.98,10.59,B - Đạt
202504,EMP_1122,DVKD_011,VUNG_2,742.38,4207.45,8366.09,10,110.93,3,88.3,83.0,92.9,90.9,82.1,75.0,88.45,3.09,C - Cần nỗ lực
202504,EMP_1123,DVKD_011,VUNG_2,1588.04,8962.63,11788.81,15,306.51,10,109.5,113.4,101.9,107.1,100.7,111.1,105.87,8.96,B - Đạt
202504,EMP_1124,DVKD_011,VUNG_2,2151.89,12327.61,15136.93,21,358.59,13,101.4,93.8,97.4,100.0,87.7,108.3,96.66,3.88,B - Đạt
202504,EMP_1125,DVKD_011,VUNG_2,1673.13,6269.13,13539.89,11,205.02,10,93.5,85.6,93.7,78.6,89.2,100.0,90.25,4.08,B - Đạt
202504,EMP_1126,DVKD_011,VUNG_2,3466.04,19229.66,23985.43,36,618.12,19,152.4,151.4,152.4,150.0,183.6,172.7,156.69,30.51,A - Xuất sắc
202504,EMP_1127,DVKD_011,VUNG_2,1537.69,7690.34,15984.04,11,297.18,6,103.7,105.7,109.0,91.7,94.0,85.7,103.2,11.84,B - Đạt
202504,EMP_1128,DVKD_011,VUNG_2,1828.97,9693.46,14742.82,17,172.06,8,111.9,104.8,98.1,113.3,95.9,88.9,103.75,14.88,B - Đạt
202504,EMP_1129,DVKD_011,VUNG_2,2067.96,9600.02,13518.11,22,351.13,14,129.6,123.7,122.1,129.4,147.3,140.0,128.72,13.54,A - Xuất sắc
202504,EMP_1130,DVKD_011,VUNG_2,1555.69,11701.0,16870.14,17,260.43,13,109.0,119.4,115.8,106.2,115.9,130.0,113.7,9.31,B - Đạt
202504,EMP_1131,DVKD_011,VUNG_2,1926.81,13225.85,20307.46,25,297.76,11,101.6,104.4,106.7,100.0,84.6,100.0,101.09,13.19,B - Đạt
202504,EMP_1132,DVKD_011,VUNG_2,698.01,3860.33,5272.02,5,127.88,2,67.4,69.1,64.8,62.5,67.8,50.0,66.31,0.0,D - Không đạt
202504,EMP_1133,DVKD_011,VUNG_2,2360.55,10842.31,20960.39,22,294.47,12,105.5,111.8,105.1,100.0,88.8,100.0,103.25,11.22,B - Đạt
202504,EMP_1134,DVKD_012,VUNG_2,866.86,3779.95,5328.3,10,112.8,6,89.6,90.1,81.3,90.9,72.7,100.0,84.36,5.92,C - Cần nỗ lực
202504,EMP_1135,DVKD_012,VUNG_2,725.63,4694.17,7070.36,9,133.92,4,87.0,83.6,84.5,90.0,96.3,80.0,87.31,3.24,C - Cần nỗ lực
202504,EMP_1136,DVKD_012,VUNG_2,953.78,6544.15,7952.69,12,119.65,7,114.5,112.7,118.2,109.1,102.3,116.7,113.16,14.47,B - Đạt
202504,EMP_1137,DVKD_012,VUNG_2,3714.74,19371.51,27422.35,41,763.65,17,157.6,151.5,164.3,170.8,182.3,141.7,164.06,18.63,A - Xuất sắc
202504,EMP_1138,DVKD_012,VUNG_2,2156.59,13165.73,23245.5,25,309.48,15,106.9,107.8,117.8,125.0,107.4,125.0,112.73,10.93,B - Đạt
202504,EMP_1139,DVKD_012,VUNG_2,847.53,3578.33,7482.44,8,87.25,4,88.5,84.2,94.7,100.0,73.6,66.7,88.94,3.28,C - Cần nỗ lực
202504,EMP_1140,DVKD_012,VUNG_2,2068.84,14239.49,19928.37,25,502.86,12,145.9,153.5,144.7,147.1,168.3,150.0,150.1,28.15,A - Xuất sắc
202504,EMP_1141,DVKD_012,VUNG_2,2817.52,10714.25,19966.66,27,402.63,11,112.0,110.5,117.0,112.5,105.3,110.0,112.57,13.22,B - Đạt
202504,EMP_1142,DVKD_012,VUNG_2,2742.95,16190.89,22066.68,24,650.3,13,123.5,132.5,117.0,109.1,155.1,108.3,125.87,9.54,A - Xuất sắc
202504,EMP_1143,DVKD_012,VUNG_2,1733.4,8085.6,13970.26,15,301.56,6,104.7,104.1,111.5,115.4,94.4,85.7,106.52,11.28,B - Đạt
202504,EMP_1144,DVKD_013,VUNG_2,651.4,3386.54,5103.74,4,79.85,4,67.5,65.0,64.1,57.1,62.5,80.0,64.14,0.0,D - Không đạt
202504,EMP_1145,DVKD_013,VUNG_2,1742.23,9136.65,13115.92,12,352.62,6,162.8,166.9,154.6,150.0,171.4,150.0,160.56,29.33,A - Xuất sắc
202504,EMP_1146,DVKD_013,VUNG_2,1417.73,8820.39,12284.15,12,198.68,8,153.0,153.8,161.0,171.4,145.5,133.3,156.63,21.09,A - Xuất sắc
202504,EMP_1147,DVKD_013,VUNG_2,2564.57,14455.86,20611.65,20,393.54,10,104.9,103.6,97.0,111.1,86.4,100.0,99.79,3.73,B - Đạt
202504,EMP_1148,DVKD_013,VUNG_2,1515.06,8507.09,13617.11,18,244.26,9,94.9,98.9,98.9,105.9,77.8,112.5,95.44,2.1,B - Đạt
202504,EMP_1149,DVKD_013,VUNG_2,1277.11,8528.01,10765.29,11,212.83,6,93.5,90.7,98.4,84.6,100.8,85.7,95.0,2.04,B - Đạt
202504,EMP_1150,DVKD_013,VUNG_2,1673.31,9657.41,11338.32,18,268.71,7,98.8,97.0,93.6,105.9,96.4,87.5,97.06,4.66,B - Đạt
202504,EMP_1151,DVKD_013,VUNG_2,2670.31,10747.84,20281.69,18,319.22,10,149.9,152.6,134.4,120.0,131.2,142.9,139.08,32.67,A - Xuất sắc
202504,EMP_1152,DVKD_013,VUNG_2,2150.05,10580.76,17551.17,19,403.84,10,128.6,128.2,121.8,146.2,135.1,111.1,128.89,10.45,A - Xuất sắc
202504,EMP_1153,DVKD_013,VUNG_2,1449.65,7553.14,11420.92,18,172.35,7,102.2,107.3,90.6,112.5,88.1,100.0,97.82,4.94,B - Đạt
202504,EMP_1154,DVKD_013,VUNG_2,1446.01,8281.71,13222.12,15,218.57,11,100.5,98.7,95.2,93.8,114.3,110.0,99.77,2.65,B - Đạt
202504,EMP_1155,DVKD_013,VUNG_2,1503.54,9037.07,10793.57,18,329.02,8,91.0,91.1,97.6,105.9,111.2,100.0,97.84,2.64,B - Đạt
202504,EMP_1156,DVKD_013,VUNG_2,1934.63,7625.68,12278.63,21,359.36,12,111.8,110.5,104.9,123.5,127.4,120.0,112.7,15.51,B - Đạt
202504,EMP_1157,DVKD_014,VUNG_2,786.36,4308.08,8352.08,7,113.88,5,90.8,88.0,93.0,100.0,80.6,100.0,90.54,5.52,B - Đạt
202504,EMP_1158,DVKD_014,VUNG_2,1015.13,6024.07,9747.99,9,197.43,4,110.5,115.3,109.6,100.0,111.5,100.0,110.0,11.95,B - Đạt
202504,EMP_1159,DVKD_014,VUNG_2,1055.98,6141.31,7290.66,10,124.78,5,105.3,102.8,101.3,100.0,112.2,100.0,104.03,12.4,B - Đạt
202504,EMP_1160,DVKD_014,VUNG_2,2273.05,10654.44,21826.07,20,305.53,12,135.0,136.3,148.2,117.6,110.5,120.0,134.4,19.54,A - Xuất sắc
202504,EMP_1161,DVKD_014,VUNG_2,1366.71,8446.83,13928.31,13,229.93,7,99.1,94.9,103.3,100.0,111.1,87.5,101.83,12.69,B - Đạt
202504,EMP_1162,DVKD_014,VUNG_2,2598.21,13091.59,17875.65,29,570.86,14,150.2,139.9,140.2,170.6,183.4,175.0,152.17,29.15,A - Xuất sắc
202504,EMP_1163,DVKD_014,VUNG_2,1194.5,5554.61,8768.96,8,230.04,5,68.4,65.1,65.8,61.5,70.1,71.4,66.56,0.0,D - Không đạt
202504,EMP_1164,DVKD_014,VUNG_2,2050.09,11081.88,13435.94,19,246.6,13,93.8,90.8,88.7,86.4,84.8,108.3,89.47,5.31,C - Cần nỗ lực
202504,EMP_1165,DVKD_014,VUNG_2,483.53,2518.01,3724.59,3,61.13,2,46.0,43.2,41.9,37.5,42.4,33.3,42.75,0.0,D - Không đạt
202504,EMP_1166,DVKD_014,VUNG_2,1466.06,6788.09,13152.59,13,221.2,5,87.0,85.5,84.3,100.0,78.0,71.4,85.78,5.85,C - Cần nỗ lực
202504,EMP_1167,DVKD_014,VUNG_2,1409.53,6899.12,9236.42,11,239.43,8,62.6,60.5,60.4,57.9,74.6,57.1,62.84,0.0,D - Không đạt
202504,EMP_1168,DVKD_014,VUNG_2,1497.7,7394.0,12271.94,15,181.44,10,88.1,97.9,93.1,100.0,86.0,111.1,92.19,3.96,B - Đạt
202504,EMP_1169,DVKD_014,VUNG_2,1599.65,11081.77,15749.09,14,401.95,11,111.2,115.3,106.1,107.7,117.6,122.2,110.64,10.59,B - Đạt
202504,EMP_1170,DVKD_015,VUNG_2,1240.61,8308.03,11302.24,14,246.94,8,151.5,153.5,147.5,155.6,154.8,160.0,151.31,33.24,A - Xuất sắc
202504,EMP_1171,DVKD_015,VUNG_2,1173.53,4803.51,7727.98,9,158.39,4,111.5,104.3,100.1,100.0,88.1,100.0,101.77,14.88,B - Đạt
202504,EMP_1172,DVKD_015,VUNG_2,832.06,5230.19,6619.7,9,98.44,5,95.4,94.2,96.6,100.0,84.8,100.0,94.51,5.06,B - Đạt
202504,EMP_1173,DVKD_015,VUNG_2,1814.06,9687.23,15034.94,14,279.52,9,103.6,112.1,114.7,116.7,126.7,112.5,113.53,13.23,B - Đạt
202504,EMP_1174,DVKD_015,VUNG_2,1362.49,7237.35,15543.44,13,306.86,7,100.8,101.5,108.0,92.9,97.5,87.5,102.14,8.25,B - Đạt
202504,EMP_1175,DVKD_015,VUNG_2,1352.53,6378.06,12409.08,11,183.25,6,94.6,89.1,100.9,84.6,75.9,85.7,92.17,5.41,B - Đạt
202504,EMP_1176,DVKD_015,VUNG_2,3144.64,16821.53,22810.83,30,403.4,16,146.2,149.8,144.3,150.0,159.7,160.0,148.48,34.84,A - Xuất sắc
202504,EMP_1177,DVKD_015,VUNG_2,1616.71,7456.69,14724.0,16,353.2,10,106.4,105.2,107.3,114.3,115.4,100.0,108.68,11.96,B - Đạt
202504,EMP_1178,DVKD_015,VUNG_2,3014.32,16986.77,22550.29,33,654.68,13,143.2,133.8,133.2,132.0,139.9,130.0,136.67,20.08,A - Xuất sắc
202504,EMP_1179,DVKD_015,VUNG_2,1368.56,9319.29,10685.69,16,302.13,11,89.5,94.1,84.7,94.1,89.7,110.0,89.0,4.39,C - Cần nỗ lực
202504,EMP_1180,DVKD_015,VUNG_2,1484.9,8936.24,11115.35,12,214.26,6,59.4,64.0,60.2,66.7,69.0,66.7,62.54,0.0,D - Không đạt
202504,EMP_1181,DVKD_015,VUNG_2,1330.68,8285.6,10996.55,16,202.84,7,89.9,88.5,90.8,100.0,90.5,87.5,91.11,5.77,B - Đạt
202504,EMP_1182,DVKD_015,VUNG_2,3410.39,18492.53,32117.13,26,466.3,11,151.8,147.4,157.3,152.9,154.6,122.2,153.59,30.13,A - Xuất sắc
202504,EMP_1183,DVKD_015,VUNG_2,1410.83,8368.76,13159.67,20,219.08,12,101.6,95.9,102.9,111.1,108.7,120.0,103.21,10.79,B - Đạt
202504,EMP_1184,DVKD_016,VUNG_2,1127.96,5980.04,7683.22,9,178.2,5,105.6,100.7,101.6,100.0,89.0,100.0,100.41,8.57,B - Đạt
202504,EMP_1185,DVKD_016,VUNG_2,931.71,5259.7,8465.43,9,180.33,6,93.5,98.7,98.7,90.0,98.5,100.0,96.5,3.26,B - Đạt
202504,EMP_1186,DVKD_016,VUNG_2,706.77,4120.71,5634.23,7,121.6,4,77.2,80.8,70.2,70.0,61.8,66.7,72.26,0.0,C - Cần nỗ lực
202504,EMP_1187,DVKD_016,VUNG_2,2396.86,14430.94,20029.63,29,466.83,12,114.4,114.9,110.4,116.0,120.2,120.0,114.11,14.22,B - Đạt
202504,EMP_1188,DVKD_016,VUNG_2,1459.37,7355.99,9644.67,14,332.81,5,143.0,140.4,143.4,140.0,166.2,125.0,145.93,24.98,A - Xuất sắc
202504,EMP_1189,DVKD_016,VUNG_2,1061.6,5610.84,10550.65,12,283.39,7,126.3,126.3,120.0,120.0,145.4,116.7,126.33,14.4,A - Xuất sắc
202504,EMP_1190,DVKD_016,VUNG_2,2099.09,8913.4,15451.46,18,338.6,9,118.2,117.8,105.0,112.5,123.9,128.6,113.81,8.96,B - Đạt
202504,EMP_1191,DVKD_016,VUNG_2,2295.84,11945.86,17433.12,16,297.04,15,97.3,102.6,95.6,94.1,85.4,115.4,95.39,4.81,B - Đạt
202504,EMP_1192,DVKD_016,VUNG_2,1999.65,8368.83,16177.12,15,343.19,10,113.1,106.5,115.8,107.1,114.7,125.0,112.69,9.23,B - Đạt
202504,EMP_1193,DVKD_016,VUNG_2,1569.15,10432.26,12228.81,19,252.15,11,109.6,105.9,101.7,118.8,103.9,122.2,106.34,8.84,B - Đạt
202504,EMP_1194,DVKD_016,VUNG_2,1605.19,10443.84,15628.71,18,255.09,11,108.3,110.2,100.8,105.9,98.8,122.2,104.29,11.7,B - Đạt
202504,EMP_1195,DVKD_016,VUNG_2,1234.6,6053.82,7113.42,9,201.57,6,69.1,63.7,62.3,64.3,76.8,60.0,66.59,0.0,D - Không đạt
202504,EMP_1196,DVKD_016,VUNG_2,1828.2,12153.11,18360.8,25,364.57,13,130.5,122.8,127.8,138.9,107.9,130.0,125.85,14.38,A - Xuất sắc
202504,EMP_1197,DVKD_016,VUNG_2,1204.46,5877.18,7919.67,12,171.14,5,73.4,71.4,65.5,80.0,58.8,62.5,68.81,0.0,D - Không đạt
202504,EMP_1198,DVKD_017,VUNG_3,1107.51,5499.54,7796.76,13,219.63,6,109.3,105.7,109.0,130.0,115.2,100.0,111.61,8.4,B - Đạt
202504,EMP_1199,DVKD_017,VUNG_3,910.93,5279.28,6897.67,9,173.81,4,95.0,93.3,89.6,90.0,109.3,80.0,94.5,4.46,B - Đạt
202504,EMP_1200,DVKD_017,VUNG_3,801.64,5732.19,8701.24,7,150.27,4,96.1,96.9,97.4,100.0,99.0,80.0,97.5,3.51,B - Đạt
202504,EMP_1201,DVKD_017,VUNG_3,2318.61,9530.83,18967.59,21,309.93,9,129.9,133.7,134.7,131.2,108.2,112.5,129.03,12.06,A - Xuất sắc
202504,EMP_1202,DVKD_017,VUNG_3,2222.12,9694.99,19778.77,16,365.64,15,103.6,98.4,98.5,94.1,117.5,100.0,102.17,13.25,B - Đạt
202504,EMP_1203,DVKD_017,VUNG_3,1685.6,8860.85,13757.96,12,359.91,9,94.9,102.9,102.0,92.3,107.1,112.5,100.16,16.34,B - Đạt
202504,EMP_1204,DVKD_017,VUNG_3,1055.48,6517.38,9833.56,10,139.98,5,107.8,112.5,110.2,100.0,101.5,100.0,107.62,15.52,B - Đạt
202504,EMP_1205,DVKD_017,VUNG_3,1439.54,10652.36,15053.19,14,326.48,9,101.6,106.6,102.4,93.3,113.8,112.5,103.63,13.69,B - Đạt
202504,EMP_1206,DVKD_017,VUNG_3,1476.92,7677.1,12949.69,14,247.23,8,148.9,136.2,151.8,140.0,142.0,160.0,146.09,21.69,A - Xuất sắc
202504,EMP_1207,DVKD_017,VUNG_3,1535.18,7815.96,10461.73,13,309.61,8,96.0,87.7,94.8,100.0,93.8,100.0,94.4,5.44,B - Đạt
202504,EMP_1208,DVKD_017,VUNG_3,1041.09,5861.34,8080.8,10,170.61,4,106.0,99.3,103.1,100.0,121.1,80.0,105.64,11.87,B - Đạt
202504,EMP_1209,DVKD_018,VUNG_3,1630.46,8678.83,10285.5,15,381.03,7,155.5,158.4,154.3,166.7,182.5,140.0,160.68,23.09,A - Xuất sắc
202504,EMP_1210,DVKD_018,VUNG_3,967.27,6545.77,10112.0,10,198.71,6,117.9,113.1,115.5,125.0,97.9,100.0,114.05,9.03,B - Đạt
202504,EMP_1211,DVKD_018,VUNG_3,877.79,4786.54,6586.15,10,94.76,5,93.2,92.3,96.7,111.1,83.9,83.3,94.68,3.3,B - Đạt
202504,EMP_1212,DVKD_018,VUNG_3,1291.47,6846.46,13336.43,18,353.16,8,88.1,85.3,95.8,100.0,100.9,80.0,93.48,2.62,B - Đạt
202504,EMP_1213,DVKD_018,VUNG_3,1313.92,8579.11,11096.21,16,190.71,10,150.1,155.0,142.3,160.0,154.9,166.7,149.81,28.97,A - Xuất sắc
202504,EMP_1214,DVKD_018,VUNG_3,1770.14,8464.16,13935.31,18,279.22,10,101.6,101.2,90.5,105.9,95.5,100.0,97.17,5.98,B - Đạt
202504,EMP_1215,DVKD_018,VUNG_3,1920.1,11012.1,16728.25,17,315.52,9,110.6,119.1,108.2,130.8,120.4,100.0,114.52,12.62,B - Đạt
202504,EMP_1216,DVKD_018,VUNG_3,1740.67,7612.31,14133.12,22,316.07,7,111.1,98.4,100.7,122.2,120.8,116.7,108.12,11.58,B - Đạt
202504,EMP_1217,DVKD_018,VUNG_3,1050.91,5451.09,6920.77,9,143.97,5,112.2,105.7,101.4,112.5,110.4,100.0,107.21,14.48,B - Đạt
202504,EMP_1218,DVKD_018,VUNG_3,1229.84,6614.41,11849.02,15,349.49,8,88.3,93.5,85.1,88.2,109.2,88.9,91.09,5.22,B - Đạt
202504,EMP_1219,DVKD_018,VUNG_3,1156.0,5712.03,10774.57,12,167.6,6,135.3,129.9,136.9,109.1,150.5,120.0,134.71,21.16,A - Xuất sắc
202504,EMP_1220,DVKD_018,VUNG_3,615.18,3815.24,5218.61,6,118.72,4,66.9,69.6,75.6,66.7,59.2,66.7,69.17,0.0,D - Không đạt
202504,EMP_1221,DVKD_018,VUNG_3,1480.95,6856.95,11998.01,18,237.06,7,92.7,91.6,88.6,100.0,92.8,87.5,91.84,4.54,B - Đạt
202504,EMP_1222,DVKD_018,VUNG_3,1665.51,10521.83,13804.69,21,313.38,8,108.8,111.4,103.5,116.7,101.3,133.3,107.0,15.05,B - Đạt
202504,EMP_1223,DVKD_019,VUNG_3,803.73,5292.24,8892.07,7,215.12,5,98.8,98.2,103.1,100.0,116.6,100.0,103.0,12.21,B - Đạt
202504,EMP_1224,DVKD_019,VUNG_3,1647.93,8175.68,13834.31,14,245.16,8,153.2,165.6,156.9,155.6,131.4,160.0,153.33,21.37,A - Xuất sắc
202504,EMP_1225,DVKD_019,VUNG_3,1328.77,7556.76,13014.89,14,244.2,9,140.1,137.7,142.6,140.0,162.1,150.0,143.91,29.62,A - Xuất sắc
202504,EMP_1226,DVKD_019,VUNG_3,1546.0,7407.88,12826.29,16,300.7,6,96.0,101.1,97.2,94.1,98.1,85.7,97.31,5.0,B - Đạt
202504,EMP_1227,DVKD_019,VUNG_3,1681.36,9352.04,10593.61,13,244.69,8,94.3,96.9,88.8,86.7,87.7,88.9,91.02,2.87,B - Đạt
202504,EMP_1228,DVKD_019,VUNG_3,1127.06,6144.83,8367.07,12,143.06,5,67.8,73.4,68.2,80.0,58.0,55.6,68.53,0.0,D - Không đạt
202504,EMP_1229,DVKD_019,VUNG_3,1373.6,7196.67,12541.97,15,273.8,5,60.3,65.0,60.2,62.5,66.8,50.0,62.16,0.0,D - Không đạt
202504,EMP_1230,DVKD_019,VUNG_3,1425.28,7716.49,10498.43,12,188.41,7,94.8,98.8,91.8,80.0,79.1,87.5,90.51,3.94,B - Đạt
202504,EMP_1231,DVKD_019,VUNG_3,2709.09,13762.34,21563.66,25,460.36,15,159.5,163.2,163.2,166.7,165.9,187.5,163.03,26.37,A - Xuất sắc
202504,EMP_1232,DVKD_019,VUNG_3,1461.05,5835.08,13486.9,9,246.12,8,151.3,142.8,147.8,128.6,179.3,133.3,150.73,30.62,A - Xuất sắc
202504,EMP_1233,DVKD_019,VUNG_3,947.38,4320.68,8067.52,7,140.68,5,56.1,61.8,62.5,53.8,49.9,50.0,58.04,0.0,D - Không đạt
202504,EMP_1234,DVKD_020,VUNG_3,787.57,4223.33,8285.88,9,161.78,4,95.4,97.8,96.1,90.0,80.9,80.0,93.29,3.37,B - Đạt
202504,EMP_1235,DVKD_020,VUNG_3,964.4,4798.6,7349.13,8,142.53,5,90.4,100.1,94.7,100.0,84.2,83.3,93.39,4.39,B - Đạt
202504,EMP_1236,DVKD_020,VUNG_3,579.44,3956.33,5374.44,7,119.89,3,70.8,66.1,62.1,70.0,64.3,75.0,66.0,0.0,D - Không đạt
202504,EMP_1237,DVKD_020,VUNG_3,997.15,4745.6,8931.07,8,193.03,4,65.5,60.3,69.4,57.1,67.0,57.1,65.47,0.0,D - Không đạt
202504,EMP_1238,DVKD_020,VUNG_3,1589.16,8464.37,11006.1,12,224.15,8,103.9,101.6,96.7,85.7,82.2,100.0,95.96,5.34,B - Đạt
202504,EMP_1239,DVKD_020,VUNG_3,2178.79,10394.24,12570.44,20,317.99,10,95.2,85.3,82.2,87.0,95.6,71.4,88.41,2.91,C - Cần nỗ lực
202504,EMP_1240,DVKD_020,VUNG_3,2385.51,15667.5,22629.67,27,338.1,13,118.0,122.8,111.6,122.7,114.2,130.0,116.38,12.52,B - Đạt
202504,EMP_1241,DVKD_020,VUNG_3,613.71,3076.99,4962.82,5,128.51,3,66.2,68.4,68.7,62.5,63.0,50.0,66.55,0.0,D - Không đạt
202504,EMP_1242,DVKD_020,VUNG_3,1726.83,12439.48,15759.07,19,486.63,14,86.8,90.4,84.7,90.5,104.8,100.0,89.67,4.7,C - Cần nỗ lực
202504,EMP_1243,DVKD_020,VUNG_3,788.67,3886.79,4938.07,8,156.23,4,46.0,46.3,42.4,57.1,56.5,57.1,47.47,0.0,D - Không đạt
202504,EMP_1244,DVKD_020,VUNG_3,909.56,4940.5,8772.53,10,168.3,7,62.5,65.6,67.2,58.8,56.6,70.0,63.35,0.0,D - Không đạt
202504,EMP_1245,DVKD_020,VUNG_3,919.48,6217.18,9618.29,12,158.9,8,68.0,68.9,78.2,75.0,72.6,80.0,73.09,0.0,C - Cần nỗ lực
202504,EMP_1246,DVKD_020,VUNG_3,903.95,5732.1,7534.11,7,182.5,4,104.5,116.1,103.9,87.5,92.1,100.0,102.47,15.9,B - Đạt
202504,EMP_1247,DVKD_020,VUNG_3,1595.51,9065.8,15054.84,16,267.01,8,113.5,103.0,100.0,106.7,99.5,100.0,104.42,11.19,B - Đạt
202504,EMP_1248,DVKD_021,VUNG_3,977.25,5919.81,6473.0,10,231.9,5,99.6,99.7,94.5,100.0,116.8,100.0,100.45,11.35,B - Đạt
202504,EMP_1249,DVKD_021,VUNG_3,746.85,4273.23,7428.87,8,160.58,4,91.8,85.9,95.9,88.9,84.9,80.0,91.03,5.12,B - Đạt
202504,EMP_1250,DVKD_021,VUNG_3,916.8,6268.28,9416.96,9,180.53,5,100.7,106.7,111.7,100.0,121.0,100.0,108.42,14.59,B - Đạt
202504,EMP_1251,DVKD_021,VUNG_3,1202.87,7452.62,9527.61,9,213.34,6,75.5,77.2,68.4,64.3,89.0,66.7,74.17,0.0,C - Cần nỗ lực
202504,EMP_1252,DVKD_021,VUNG_3,2922.59,17165.07,26761.52,28,599.08,15,140.3,134.3,135.4,155.6,164.2,115.4,142.8,23.45,A - Xuất sắc
202504,EMP_1253,DVKD_021,VUNG_3,1694.72,8382.94,12980.8,14,207.29,6,99.3,101.2,92.7,93.3,115.0,85.7,99.03,3.95,B - Đạt
202504,EMP_1254,DVKD_021,VUNG_3,1143.75,7427.72,10423.16,13,263.0,7,134.7,131.2,147.8,118.2,127.3,140.0,136.0,23.61,A - Xuất sắc
202504,EMP_1255,DVKD_021,VUNG_3,1357.14,7488.63,11075.15,14,272.09,9,85.5,85.4,91.8,77.8,101.9,100.0,89.38,3.57,C - Cần nỗ lực
202504,EMP_1256,DVKD_021,VUNG_3,1742.43,9377.37,11607.42,17,326.48,8,106.5,108.6,97.9,113.3,97.7,100.0,103.17,16.23,B - Đạt
202504,EMP_1257,DVKD_021,VUNG_3,1617.07,9075.86,12765.64,14,148.81,9,91.8,101.4,85.4,87.5,78.7,112.5,88.61,5.21,C - Cần nỗ lực
202504,EMP_1258,DVKD_021,VUNG_3,1606.61,7885.97,14192.62,18,300.72,8,110.3,111.0,107.1,105.9,94.2,100.0,106.43,10.06,B - Đạt
202504,EMP_1259,DVKD_021,VUNG_3,1327.64,7171.22,9564.58,16,178.45,7,88.2,90.1,85.5,100.0,99.0,87.5,90.34,5.58,B - Đạt
202504,EMP_1260,DVKD_022,VUNG_3,902.34,4637.0,8660.34,10,121.97,5,98.4,94.4,95.1,100.0,82.7,100.0,94.45,3.87,B - Đạt
202504,EMP_1261,DVKD_022,VUNG_3,849.06,5716.63,8089.19,8,139.92,5,103.6,107.4,113.6,100.0,94.0,125.0,105.87,13.18,B - Đạt
202504,EMP_1262,DVKD_022,VUNG_3,877.23,4987.87,8389.08,10,123.67,4,98.5,96.5,99.5,111.1,103.1,80.0,100.5,15.6,B - Đạt
202504,EMP_1263,DVKD_022,VUNG_3,2321.66,9075.78,17706.55,18,256.3,12,99.0,91.5,88.4,94.7,78.4,109.1,90.64,5.11,B - Đạt
202504,EMP_1264,DVKD_022,VUNG_3,1723.69,8715.84,12209.2,14,337.89,7,99.3,108.7,105.9,100.0,123.3,87.5,106.69,8.54,B - Đạt
202504,EMP_1265,DVKD_022,VUNG_3,1574.2,8228.94,10491.44,15,285.88,10,89.5,100.2,89.0,93.8,115.5,111.1,95.26,3.83,B - Đạt
202504,EMP_1266,DVKD_022,VUNG_3,1683.08,8095.98,15071.05,13,285.2,10,114.8,102.8,110.3,108.3,104.7,125.0,109.26,12.09,B - Đạt
202504,EMP_1267,DVKD_022,VUNG_3,672.1,2945.36,4637.85,7,108.31,3,65.7,63.6,61.6,70.0,62.4,75.0,63.88,0.0,D - Không đạt
202504,EMP_1268,DVKD_022,VUNG_3,2425.68,12401.75,19529.32,17,451.16,12,155.3,146.9,164.9,141.7,148.3,171.4,154.99,28.32,A - Xuất sắc
202504,EMP_1269,DVKD_022,VUNG_3,2329.5,12248.2,19592.59,25,332.74,12,141.4,133.8,127.8,138.9,137.8,150.0,134.71,30.84,A - Xuất sắc
202504,EMP_1270,DVKD_022,VUNG_3,903.54,5705.41,6502.34,9,181.66,4,90.9,95.9,86.8,100.0,96.4,100.0,91.95,2.5,B - Đạt
202504,EMP_1271,DVKD_022,VUNG_3,2535.78,11484.7,23571.26,17,444.08,12,152.1,155.3,153.6,130.8,132.3,150.0,148.01,30.09,A - Xuất sắc
202504,EMP_1272,DVKD_022,VUNG_3,1675.03,9156.45,11380.68,15,190.22,7,104.4,105.1,102.4,93.8,108.1,100.0,103.3,13.3,B - Đạt
202504,EMP_1273,DVKD_022,VUNG_3,2115.14,13790.54,19242.54,23,365.45,15,107.5,112.8,112.2,109.5,106.8,107.1,110.03,13.58,B - Đạt
202504,EMP_1274,DVKD_023,VUNG_3,422.81,2470.71,4946.7,6,93.44,3,51.8,50.1,53.2,60.0,63.0,60.0,54.53,0.0,D - Không đạt
202504,EMP_1275,DVKD_023,VUNG_3,1047.29,5769.89,8621.22,10,189.63,5,103.3,103.7,106.6,111.1,106.8,100.0,105.82,10.55,B - Đạt
202504,EMP_1276,DVKD_023,VUNG_3,933.97,4855.47,7685.55,8,174.51,4,98.4,92.3,92.7,100.0,112.0,80.0,97.69,2.96,B - Đạt
202504,EMP_1277,DVKD_023,VUNG_3,1363.79,8896.56,13821.49,16,320.41,8,99.1,94.5,98.6,100.0,122.4,80.0,101.82,12.52,B - Đạt
202504,EMP_1278,DVKD_023,VUNG_3,1424.97,9354.1,14559.84,17,230.36,10,96.2,95.4,102.6,106.2,80.3,111.1,96.94,5.52,B - Đạt
202504,EMP_1279,DVKD_023,VUNG_3,1961.18,11390.96,21023.6,19,292.03,13,103.3,102.7,114.1,100.0,93.7,118.2,105.22,16.18,B - Đạt
202504,EMP_1280,DVKD_023,VUNG_3,1635.35,7192.25,15109.64,15,238.08,10,101.7,92.7,99.5,88.2,80.6,100.0,95.06,3.67,B - Đạt
202504,EMP_1281,DVKD_023,VUNG_3,1811.74,10571.18,17256.24,16,420.86,12,113.7,114.2,114.8,100.0,134.6,120.0,115.92,15.48,B - Đạt
202504,EMP_1282,DVKD_023,VUNG_3,1641.37,8781.17,16015.96,17,214.05,8,109.7,104.5,118.2,106.2,88.1,100.0,108.31,8.23,B - Đạt
202504,EMP_1283,DVKD_023,VUNG_3,1771.16,9052.77,13941.05,19,266.49,10,98.7,105.6,107.9,111.8,116.9,125.0,107.0,11.59,B - Đạt
202504,EMP_1284,DVKD_023,VUNG_3,1973.77,11682.47,20292.08,17,408.17,10,101.4,98.3,100.5,81.0,84.3,100.0,96.01,5.4,B - Đạt
202504,EMP_1285,DVKD_023,VUNG_3,2152.83,9568.59,18036.6,16,292.65,8,89.6,86.1,94.0,80.0,90.6,80.0,89.81,2.86,C - Cần nỗ lực
202504,EMP_1286,DVKD_023,VUNG_3,1414.06,7994.45,12289.51,15,168.53,10,103.3,109.4,99.5,115.4,92.1,100.0,102.41,16.59,B - Đạt
202504,EMP_1287,DVKD_024,VUNG_3,1327.12,7330.67,11203.92,11,240.75,8,134.9,129.3,147.4,122.2,142.6,160.0,138.32,28.94,A - Xuất sắc
202504,EMP_1288,DVKD_024,VUNG_3,967.64,4980.08,10326.69,10,140.48,6,109.8,110.5,118.6,125.0,106.9,120.0,114.07,11.65,B - Đạt
202504,EMP_1289,DVKD_024,VUNG_3,1034.05,7228.14,8378.33,9,181.79,4,115.0,120.6,119.4,112.5,127.7,100.0,119.03,10.74,B - Đạt
202504,EMP_1290,DVKD_024,VUNG_3,2068.37,11603.04,16342.31,18,303.72,15,142.1,140.7,151.0,120.0,143.5,150.0,143.0,32.71,A - Xuất sắc
202504,EMP_1291,DVKD_024,VUNG_3,1533.33,8279.17,12493.06,20,268.95,7,99.6,107.1,97.2,117.6,96.8,100.0,101.26,13.88,B - Đạt
202504,EMP_1292,DVKD_024,VUNG_3,1023.76,4654.37,7168.79,9,242.4,4,109.1,101.7,98.5,100.0,120.6,100.0,105.09,14.06,B - Đạt
202504,EMP_1293,DVKD_024,VUNG_3,2324.36,10374.77,15636.69,16,380.23,8,98.6,104.9,99.8,88.9,85.6,88.9,97.05,5.58,B - Đạt
202504,EMP_1294,DVKD_024,VUNG_3,2456.84,13850.18,22227.24,18,345.11,9,145.4,151.8,151.0,128.6,150.2,112.5,147.36,33.14,A - Xuất sắc
202504,EMP_1295,DVKD_024,VUNG_3,2318.57,12093.35,18437.94,22,446.77,14,97.1,95.2,92.7,95.7,111.3,100.0,97.26,4.36,B - Đạt
202504,EMP_1296,DVKD_024,VUNG_3,1491.22,9942.35,13441.02,14,302.38,6,108.8,106.7,109.7,100.0,107.8,85.7,107.77,13.22,B - Đạt
202504,EMP_1297,DVKD_024,VUNG_3,1370.49,9639.32,12630.34,16,270.05,7,90.3,101.4,98.7,100.0,110.1,100.0,98.85,3.98,B - Đạt
202504,EMP_1298,DVKD_024,VUNG_3,1322.46,7404.97,12829.71,15,134.29,7,91.2,94.9,89.1,88.2,74.8,77.8,88.26,3.62,C - Cần nỗ lực
202505,EMP_1001,DVKD_001,VUNG_1,952.89,4841.97,7516.04,6,230.24,5,93.2,96.7,85.9,85.7,110.1,83.3,92.96,2.18,B - Đạt
202505,EMP_1002,DVKD_001,VUNG_1,939.7,6098.04,9644.0,11,128.56,5,113.4,106.6,109.4,110.0,111.8,100.0,110.4,12.87,B - Đạt
202505,EMP_1003,DVKD_001,VUNG_1,724.5,3804.63,4940.26,8,133.41,4,68.6,73.8,65.1,80.0,70.3,80.0,69.55,0.0,D - Không đạt
202505,EMP_1004,DVKD_001,VUNG_1,2313.16,14483.94,16125.26,25,483.12,13,142.5,156.3,142.0,147.1,169.8,144.4,148.95,25.57,A - Xuất sắc
202505,EMP_1005,DVKD_001,VUNG_1,1254.86,7497.69,9868.38,13,373.52,11,91.8,94.4,86.7,100.0,117.7,110.0,95.11,3.92,B - Đạt
202505,EMP_1006,DVKD_001,VUNG_1,1343.37,8702.3,11108.17,15,276.12,8,66.2,63.6,62.1,75.0,75.1,61.5,66.59,0.0,D - Không đạt
202505,EMP_1007,DVKD_001,VUNG_1,1961.89,10617.51,15498.83,18,325.84,8,124.8,127.2,115.9,112.5,115.6,114.3,119.44,8.02,B - Đạt
202505,EMP_1008,DVKD_001,VUNG_1,1000.36,5312.73,7703.9,11,159.55,5,57.7,58.6,53.5,61.1,49.3,50.0,55.44,0.0,D - Không đạt
202505,EMP_1009,DVKD_001,VUNG_1,2538.34,13412.02,20275.27,16,401.28,14,101.9,100.7,93.1,94.1,85.4,107.7,95.38,4.32,B - Đạt
202505,EMP_1010,DVKD_001,VUNG_1,1435.3,6342.96,14437.38,12,309.66,6,88.6,89.7,93.6,92.3,97.6,85.7,92.23,4.98,B - Đạt
202505,EMP_1011,DVKD_001,VUNG_1,1279.85,7515.31,9825.0,12,206.92,9,89.0,86.9,84.8,92.3,75.7,90.0,85.55,3.73,C - Cần nỗ lực
202505,EMP_1012,DVKD_001,VUNG_1,1820.0,7466.97,15343.39,18,377.78,8,107.2,97.6,109.6,100.0,118.2,100.0,107.53,10.77,B - Đạt
202505,EMP_1013,DVKD_001,VUNG_1,2201.76,13975.08,17189.05,19,420.71,12,133.1,142.7,131.6,135.7,154.5,150.0,137.48,27.98,A - Xuất sắc
202505,EMP_1014,DVKD_001,VUNG_1,2131.95,10289.47,13885.02,20,248.77,13,91.1,96.5,91.6,100.0,95.0,92.9,93.56,4.84,B - Đạt
202505,EMP_1015,DVKD_002,VUNG_1,1112.44,4840.49,7490.05,13,133.29,4,104.4,109.3,97.6,118.2,112.2,100.0,105.31,14.75,B - Đạt
202505,EMP_1016,DVKD_002,VUNG_1,605.06,2790.44,4964.52,8,97.89,2,69.4,66.5,65.3,72.7,68.0,50.0,67.65,0.0,D - Không đạt
202505,EMP_1017,DVKD_002,VUNG_1,767.96,4888.92,6156.85,7,136.4,5,85.7,91.0,88.4,87.5,90.7,83.3,88.37,3.07,C - Cần nỗ lực
202505,EMP_1018,DVKD_002,VUNG_1,605.32,2929.16,4838.29,8,145.73,4,73.2,69.1,70.8,80.0,74.5,66.7,72.62,0.0,C - Cần nỗ lực
202505,EMP_1019,DVKD_002,VUNG_1,1036.34,5664.21,8262.66,12,135.25,4,60.9,59.0,60.1,75.0,63.3,57.1,62.1,0.0,D - Không đạt
202505,EMP_1020,DVKD_002,VUNG_1,872.01,4978.19,8478.84,11,126.81,5,97.1,95.7,98.3,110.0,76.4,83.3,95.5,2.42,B - Đạt
202505,EMP_1021,DVKD_002,VUNG_1,1507.52,9589.82,13620.93,22,324.47,8,109.5,102.9,114.8,129.4,102.1,100.0,111.25,9.96,B - Đạt
202505,EMP_1022,DVKD_002,VUNG_1,1523.04,9457.22,12432.07,17,274.81,6,98.7,106.2,94.0,106.2,85.1,85.7,96.89,5.79,B - Đạt
202505,EMP_1023,DVKD_002,VUNG_1,1944.45,13393.52,19138.47,19,555.74,16,143.1,154.6,151.2,146.2,180.1,160.0,153.52,29.98,A - Xuất sắc
202505,EMP_1024,DVKD_002,VUNG_1,900.29,4755.75,7158.84,9,128.12,7,109.4,102.6,109.0,112.5,114.6,116.7,109.33,10.63,B - Đạt
202505,EMP_1025,DVKD_002,VUNG_1,2814.44,13536.75,15853.35,23,404.42,17,116.3,103.6,104.6,127.8,92.4,130.8,107.86,11.09,B - Đạt
202505,EMP_1026,DVKD_003,VUNG_1,1504.78,7459.48,13234.79,12,223.41,10,141.4,128.9,152.2,150.0,121.8,166.7,141.23,18.31,A - Xuất sắc
202505,EMP_1027,DVKD_003,VUNG_1,1176.4,6674.21,8620.69,10,198.82,5,113.5,115.8,101.4,100.0,126.3,125.0,110.18,9.13,B - Đạt
202505,EMP_1028,DVKD_003,VUNG_1,852.91,5563.66,9439.11,10,186.02,5,104.0,99.9,106.0,125.0,113.3,125.0,107.58,9.6,B - Đạt
202505,EMP_1029,DVKD_003,VUNG_1,1644.34,8212.24,14402.82,13,292.01,11,73.2,74.0,69.8,76.5,70.9,78.6,72.12,0.0,C - Cần nỗ lực
202505,EMP_1030,DVKD_003,VUNG_1,1566.79,9757.27,13377.93,17,246.74,13,104.5,100.5,101.3,121.4,124.6,130.0,107.48,8.06,B - Đạt
202505,EMP_1031,DVKD_003,VUNG_1,1727.0,9013.97,15328.17,14,307.73,9,117.6,111.6,112.3,107.7,108.7,100.0,112.52,9.22,B - Đạt
202505,EMP_1032,DVKD_003,VUNG_1,2178.77,11001.76,14898.06,19,318.42,9,126.3,127.5,135.5,135.7,113.1,128.6,128.66,13.93,A - Xuất sắc
202505,EMP_1033,DVKD_003,VUNG_1,1479.3,8700.7,12183.47,11,230.18,9,165.8,162.4,145.5,137.5,161.3,150.0,154.68,27.82,A - Xuất sắc
202505,EMP_1034,DVKD_003,VUNG_1,736.15,3059.08,5077.88,5,100.64,3,68.2,62.0,65.8,62.5,80.5,50.0,67.7,0.0,D - Không đạt
202505,EMP_1035,DVKD_003,VUNG_1,1587.64,7516.46,14310.84,14,375.75,9,166.4,151.8,165.5,155.6,190.5,150.0,166.43,29.96,A - Xuất sắc
202505,EMP_1036,DVKD_004,VUNG_1,1159.27,5221.36,11760.5,12,204.02,5,134.4,122.5,128.1,109.1,129.9,100.0,127.2,11.19,A - Xuất sắc
202505,EMP_1037,DVKD_004,VUNG_1,935.43,4049.47,8018.49,8,128.43,5,95.4,93.8,86.0,80.0,88.9,100.0,89.35,5.61,C - Cần nỗ lực
202505,EMP_1038,DVKD_004,VUNG_1,1299.73,5426.51,11064.88,13,238.95,8,134.4,132.1,119.5,118.2,164.0,160.0,131.66,30.22,A - Xuất sắc
202505,EMP_1039,DVKD_004,VUNG_1,1541.8,8417.53,12044.82,14,240.27,9,99.4,104.7,105.8,100.0,120.7,100.0,105.69,9.93,B - Đạt
202505,EMP_1040,DVKD_004,VUNG_1,1355.04,5829.77,10920.25,13,193.04,8,88.6,85.4,93.3,81.2,97.8,80.0,90.41,2.71,B - Đạt
202505,EMP_1041,DVKD_004,VUNG_1,881.46,5063.33,7952.55,11,138.97,4,96.0,98.6,87.2,100.0,79.0,80.0,91.16,5.06,B - Đạt
202505,EMP_1042,DVKD_004,VUNG_1,1852.34,10869.93,16866.49,25,415.47,14,96.5,96.3,95.5,104.2,97.1,100.0,96.98,2.25,B - Đạt
202505,EMP_1043,DVKD_004,VUNG_1,2197.74,10636.73,23461.21,24,334.71,10,148.2,145.6,155.3,141.2,127.7,142.9,146.52,21.15,A - Xuất sắc
202505,EMP_1044,DVKD_004,VUNG_1,1731.72,12560.99,15249.67,20,488.18,9,124.7,128.2,123.5,142.9,142.3,112.5,129.26,11.23,A - Xuất sắc
202505,EMP_1045,DVKD_004,VUNG_1,2037.79,11627.05,21267.38,15,251.71,15,135.5,126.7,143.8,125.0,108.9,150.0,132.04,34.16,A - Xuất sắc
202505,EMP_1046,DVKD_004,VUNG_1,1836.05,7921.31,12986.62,13,195.75,10,106.3,101.7,102.5,108.3,94.8,125.0,102.75,14.86,B - Đạt
202505,EMP_1047,DVKD_004,VUNG_1,2558.46,11644.56,17429.89,24,425.17,12,147.7,147.7,151.3,150.0,127.3,120.0,146.13,33.06,A - Xuất sắc
202505,EMP_1048,DVKD_005,VUNG_1,1027.59,6295.84,7849.4,9,181.48,6,114.3,113.4,111.8,112.5,135.9,100.0,116.35,15.17,B - Đạt
202505,EMP_1049,DVKD_005,VUNG_1,903.03,6429.41,10252.84,10,187.96,5,110.9,122.3,115.6,125.0,107.6,125.0,115.17,15.27,B - Đạt
202505,EMP_1050,DVKD_005,VUNG_1,918.21,5987.76,7565.31,10,234.1,7,108.8,109.7,110.7,111.1,118.4,116.7,111.27,9.73,B - Đạt
202505,EMP_1051,DVKD_005,VUNG_1,1084.83,6313.31,10777.75,9,114.19,6,48.1,46.3,51.1,47.4,42.0,42.9,47.89,0.0,D - Không đạt
202505,EMP_1052,DVKD_005,VUNG_1,1841.81,9687.62,12464.57,20,313.9,9,104.7,109.5,111.7,117.6,99.2,100.0,108.33,13.38,B - Đạt
202505,EMP_1053,DVKD_005,VUNG_1,940.95,4509.03,7257.37,10,176.98,4,55.2,53.4,60.1,58.8,54.4,44.4,56.88,0.0,D - Không đạt
202505,EMP_1054,DVKD_005,VUNG_1,1556.9,8183.52,13110.79,15,196.49,9,95.2,85.2,100.0,88.2,97.5,90.0,95.03,4.27,B - Đạt
202505,EMP_1055,DVKD_005,VUNG_1,1326.99,7035.95,15003.89,12,215.67,6,96.8,96.7,98.4,80.0,80.5,85.7,93.22,4.76,B - Đạt
202505,EMP_1056,DVKD_005,VUNG_1,2941.7,18492.94,26680.7,29,591.95,12,145.1,150.2,141.0,126.1,138.4,133.3,141.52,22.71,A - Xuất sắc
202505,EMP_1057,DVKD_005,VUNG_1,1316.79,6617.53,10637.47,16,212.48,11,94.1,96.6,96.7,100.0,87.8,110.0,95.03,3.51,B - Đạt
202505,EMP_1058,DVKD_005,VUNG_1,419.98,2384.48,4539.88,5,76.19,3,49.2,49.0,48.6,55.6,44.9,50.0,48.95,0.0,D - Không đạt
202505,EMP_1059,DVKD_006,VUNG_1,1184.34,6220.08,8014.18,9,202.73,8,115.1,115.5,106.6,100.0,97.9,133.3,108.09,13.88,B - Đạt
202505,EMP_1060,DVKD_006,VUNG_1,1022.11,5723.75,7864.11,10,112.11,4,97.8,99.6,102.4,100.0,82.1,80.0,97.54,5.62,B - Đạt
202505,EMP_1061,DVKD_006,VUNG_1,645.9,3023.5,6416.59,6,122.31,3,67.7,67.9,74.1,66.7,71.6,60.0,70.45,0.0,C - Cần nỗ lực
202505,EMP_1062,DVKD_006,VUNG_1,2041.89,11273.09,20771.07,21,300.54,14,98.4,108.9,107.0,110.5,109.8,100.0,105.9,13.99,B - Đạt
202505,EMP_1063,DVKD_006,VUNG_1,2881.85,13120.6,22754.9,20,368.27,16,161.3,146.2,157.6,133.3,158.1,160.0,154.46,31.3,A - Xuất sắc
202505,EMP_1064,DVKD_006,VUNG_1,1389.74,8156.06,12310.92,15,254.24,6,95.0,102.3,91.5,100.0,96.2,75.0,95.55,2.41,B - Đạt
202505,EMP_1065,DVKD_006,VUNG_1,1671.9,10378.72,15709.4,18,389.55,12,123.6,135.9,123.7,120.0,116.2,133.3,124.01,13.57,A - Xuất sắc
202505,EMP_1066,DVKD_006,VUNG_1,939.95,5260.55,8973.51,7,153.03,7,98.6,102.8,96.8,87.5,85.4,116.7,95.51,3.04,B - Đạt
202505,EMP_1067,DVKD_006,VUNG_1,1491.86,9071.31,10129.74,14,178.08,6,96.2,99.5,88.7,87.5,77.5,85.7,90.39,5.95,B - Đạt
202505,EMP_1068,DVKD_006,VUNG_1,2011.27,9205.18,17423.28,19,269.01,10,116.3,122.9,114.8,126.7,95.8,142.9,114.73,12.24,B - Đạt
202505,EMP_1069,DVKD_006,VUNG_1,1772.84,9661.25,13263.98,13,304.29,7,104.3,106.5,104.4,100.0,105.1,87.5,104.35,10.56,B - Đạt
202505,EMP_1070,DVKD_006,VUNG_1,1499.26,9571.44,10660.49,17,282.29,7,101.1,98.9,95.2,100.0,127.7,116.7,102.59,10.84,B - Đạt
202505,EMP_1071,DVKD_006,VUNG_1,2639.2,10471.78,21078.62,24,399.07,10,109.7,109.2,118.9,126.3,126.6,100.0,117.04,12.66,B - Đạt
202505,EMP_1072,DVKD_006,VUNG_1,901.48,5105.09,8546.71,8,157.18,4,88.1,97.7,93.3,100.0,102.4,100.0,94.69,2.1,B - Đạt
202505,EMP_1073,DVKD_007,VUNG_1,946.23,5038.22,9354.48,10,135.88,4,109.4,119.6,106.6,100.0,118.0,100.0,110.3,10.3,B - Đạt
202505,EMP_1074,DVKD_007,VUNG_1,1638.72,7034.61,12516.73,15,245.05,8,157.6,155.8,141.6,150.0,130.7,133.3,146.94,20.69,A - Xuất sắc
202505,EMP_1075,DVKD_007,VUNG_1,965.39,5475.99,8920.52,7,121.5,5,113.0,111.5,108.1,100.0,112.9,125.0,109.74,8.35,B - Đạt
202505,EMP_1076,DVKD_007,VUNG_1,2283.47,13276.84,17576.85,22,370.03,14,113.1,107.4,105.6,115.8,94.4,127.3,107.08,15.49,B - Đạt
202505,EMP_1077,DVKD_007,VUNG_1,1807.37,10340.61,16313.17,18,298.2,10,108.2,114.3,110.9,112.5,104.7,111.1,109.96,16.65,B - Đạt
202505,EMP_1078,DVKD_007,VUNG_1,2104.76,9329.38,21598.32,20,228.91,12,132.7,131.5,141.4,133.3,124.1,133.3,134.33,27.93,A - Xuất sắc
202505,EMP_1079,DVKD_007,VUNG_1,1170.55,6648.48,6871.18,8,125.36,6,110.3,115.1,100.9,88.9,103.5,120.0,104.57,10.41,B - Đạt
202505,EMP_1080,DVKD_007,VUNG_1,1074.68,5392.92,10170.15,9,215.28,6,74.2,65.8,66.9,60.0,82.5,75.0,70.21,0.0,C - Cần nỗ lực
202505,EMP_1081,DVKD_007,VUNG_1,1092.41,6192.3,7986.19,9,132.26,5,104.6,104.8,112.7,112.5,107.9,125.0,108.75,11.11,B - Đạt
202505,EMP_1082,DVKD_007,VUNG_1,3612.49,17232.61,23221.93,34,381.89,18,159.2,161.0,150.8,141.7,153.8,163.6,153.97,26.77,A - Xuất sắc
202505,EMP_1083,DVKD_008,VUNG_1,1120.82,6866.13,10314.85,12,246.01,6,112.6,115.2,120.1,120.0,124.8,120.0,118.19,8.15,B - Đạt
202505,EMP_1084,DVKD_008,VUNG_1,1080.5,6120.54,8349.71,10,193.98,4,105.4,118.9,113.3,111.1,99.4,100.0,109.86,14.66,B - Đạt
202505,EMP_1085,DVKD_008,VUNG_1,959.96,4537.23,7465.46,9,226.32,5,102.8,100.7,98.4,90.0,108.8,100.0,100.56,9.32,B - Đạt
202505,EMP_1086,DVKD_008,VUNG_1,1205.64,8914.78,12874.35,15,164.79,10,88.9,99.6,99.4,83.3,82.7,100.0,92.69,2.98,B - Đạt
202505,EMP_1087,DVKD_008,VUNG_1,1433.09,6941.27,13427.96,11,245.71,7,89.7,95.2,89.8,84.6,83.2,77.8,89.07,5.84,C - Cần nỗ lực
202505,EMP_1088,DVKD_008,VUNG_1,724.1,4468.79,5776.9,9,138.0,4,51.6,47.3,48.9,52.9,55.7,40.0,50.76,0.0,D - Không đạt
202505,EMP_1089,DVKD_008,VUNG_1,796.96,4526.78,6823.14,8,121.19,6,93.3,88.0,94.3,88.9,80.9,100.0,90.56,4.4,B - Đạt
202505,EMP_1090,DVKD_008,VUNG_1,1996.22,11409.08,20866.35,23,364.73,10,138.0,153.0,140.2,135.3,121.0,125.0,138.2,26.75,A - Xuất sắc
202505,EMP_1091,DVKD_008,VUNG_1,1471.07,7878.62,11137.12,16,154.76,8,91.2,83.1,82.3,100.0,85.3,100.0,86.86,4.92,C - Cần nỗ lực
202505,EMP_1092,DVKD_008,VUNG_1,1541.93,7695.06,14483.59,13,365.95,7,93.6,95.3,96.2,86.7,105.2,100.0,95.81,2.55,B - Đạt
202505,EMP_1093,DVKD_008,VUNG_1,2007.76,12315.38,14895.98,27,422.1,14,99.5,98.9,88.2,108.0,113.3,107.7,98.37,3.51,B - Đạt
202505,EMP_1094,DVKD_008,VUNG_1,995.62,5955.67,6650.76,12,148.6,7,103.1,99.3,98.6,109.1,85.4,116.7,98.9,4.26,B - Đạt
202505,EMP_1095,DVKD_008,VUNG_1,2738.0,11706.11,18087.27,21,278.98,12,114.4,105.5,112.0,110.5,101.8,85.7,109.94,9.3,B - Đạt
202505,EMP_1096,DVKD_009,VUNG_2,1594.12,7835.7,14195.4,15,283.36,6,157.5,157.4,168.1,166.7,158.0,120.0,162.19,26.65,A - Xuất sắc
202505,EMP_1097,DVKD_009,VUNG_2,586.65,3288.62,5010.05,5,128.13,3,58.6,55.9,57.2,62.5,62.6,75.0,58.7,0.0,D - Không đạt
202505,EMP_1098,DVKD_009,VUNG_2,1117.17,6203.97,9180.75,12,237.12,6,112.2,113.3,112.7,109.1,129.9,100.0,114.89,8.65,B - Đạt
202505,EMP_1099,DVKD_009,VUNG_2,2423.74,13788.98,18248.25,19,261.0,12,101.1,108.6,96.2,100.0,99.3,120.0,100.13,14.15,B - Đạt
202505,EMP_1100,DVKD_009,VUNG_2,1422.6,6647.98,9552.7,15,220.73,10,88.5,89.5,84.5,88.2,89.4,100.0,87.35,4.45,C - Cần nỗ lực
202505,EMP_1101,DVKD_009,VUNG_2,1564.79,9067.81,10896.82,13,279.38,9,102.5,104.9,93.5,92.9,111.8,112.5,100.15,16.18,B - Đạt
202505,EMP_1102,DVKD_009,VUNG_2,2644.86,14988.32,20049.09,27,395.71,20,120.4,124.2,114.3,128.6,150.7,142.9,124.2,9.17,A - Xuất sắc
202505,EMP_1103,DVKD_009,VUNG_2,1436.33,7858.16,14469.09,14,215.58,10,96.5,94.1,92.8,116.7,91.5,111.1,96.11,4.49,B - Đạt
202505,EMP_1104,DVKD_009,VUNG_2,2392.94,8920.3,19323.55,18,359.65,10,133.1,129.7,143.9,120.0,158.4,125.0,138.86,18.2,A - Xuất sắc
202505,EMP_1105,DVKD_009,VUNG_2,2624.21,11001.15,17432.57,28,509.86,12,167.0,152.4,148.2,175.0,173.5,150.0,160.0,33.01,A - Xuất sắc
202505,EMP_1106,DVKD_009,VUNG_2,1656.48,9195.33,12177.33,14,222.68,10,108.1,115.5,111.4,107.7,117.6,111.1,111.75,11.22,B - Đạt
202505,EMP_1107,DVKD_009,VUNG_2,1608.13,9339.59,12758.08,18,394.79,10,107.2,110.1,118.1,128.6,129.0,125.0,116.86,13.84,B - Đạt
202505,EMP_1108,DVKD_009,VUNG_2,2047.12,13006.78,21444.71,21,470.46,8,99.9,105.8,106.1,110.5,121.1,88.9,107.2,16.75,B - Đạt
202505,EMP_1109,DVKD_009,VUNG_2,1490.9,10886.92,16067.42,16,334.51,12,110.3,119.3,104.6,123.1,98.8,120.0,109.21,10.19,B - Đạt
202505,EMP_1110,DVKD_010,VUNG_2,944.4,3858.63,7676.61,9,109.1,5,89.5,84.6,98.3,100.0,79.2,100.0,91.35,3.4,B - Đạt
202505,EMP_1111,DVKD_010,VUNG_2,1016.73,5456.32,8870.49,7,172.18,4,99.1,104.2,96.1,87.5,86.0,100.0,95.69,5.1,B - Đạt
202505,EMP_1112,DVKD_010,VUNG_2,624.06,2444.26,4452.05,7,90.25,4,63.1,59.2,57.2,63.6,62.2,80.0,60.37,0.0,D - Không đạt
202505,EMP_1113,DVKD_010,VUNG_2,3293.38,16042.46,23494.96,33,352.69,22,154.3,155.3,152.9,150.0,128.7,169.2,149.69,34.27,A - Xuất sắc
202505,EMP_1114,DVKD_010,VUNG_2,1301.33,5851.51,9819.23,8,186.82,7,76.9,70.8,76.3,61.5,91.0,87.5,76.35,0.0,C - Cần nỗ lực
202505,EMP_1115,DVKD_010,VUNG_2,1913.4,8979.96,13706.32,16,237.45,9,111.9,104.2,106.2,123.1,107.1,112.5,109.15,13.9,B - Đạt
202505,EMP_1116,DVKD_010,VUNG_2,2652.16,11404.21,24241.61,21,321.99,15,105.7,114.2,116.6,95.5,96.5,115.4,108.39,13.65,B - Đạt
202505,EMP_1117,DVKD_010,VUNG_2,1059.79,5057.69,9114.68,11,153.31,6,108.5,115.4,101.2,122.2,130.5,120.0,111.65,8.4,B - Đạt
202505,EMP_1118,DVKD_010,VUNG_2,1282.97,7311.73,12052.67,15,285.01,7,86.2,83.3,81.4,100.0,108.6,77.8,88.82,4.31,C - Cần nỗ lực
202505,EMP_1119,DVKD_010,VUNG_2,1579.4,10202.26,14897.42,21,299.79,8,110.3,107.6,116.5,123.5,108.0,100.0,113.04,8.75,B - Đạt
202505,EMP_1120,DVKD_011,VUNG_2,499.12,2632.0,3997.48,6,85.46,3,54.3,51.2,49.8,60.0,52.5,50.0,52.56,0.0,D - Không đạt
202505,EMP_1121,DVKD_011,VUNG_2,723.44,4805.68,6292.34,8,127.08,5,88.3,86.9,84.3,88.9,100.8,100.0,88.62,4.65,C - Cần nỗ lực
202505,EMP_1122,DVKD_011,VUNG_2,1365.23,9028.67,14549.42,15,346.69,8,149.7,152.0,162.3,150.0,180.4,160.0,159.09,19.27,A - Xuất sắc
202505,EMP_1123,DVKD_011,VUNG_2,1079.85,6352.59,8090.26,13,142.75,9,74.7,70.4,68.9,76.5,64.0,90.0,70.6,0.0,C - Cần nỗ lực
202505,EMP_1124,DVKD_011,VUNG_2,1837.32,11714.25,15013.14,19,349.15,13,95.6,104.3,93.1,95.0,95.5,118.2,95.95,2.6,B - Đạt
202505,EMP_1125,DVKD_011,VUNG_2,1735.25,10005.07,14776.76,17,364.62,11,101.4,104.2,108.2,100.0,115.8,122.2,106.22,13.58,B - Đạt
202505,EMP_1126,DVKD_011,VUNG_2,2750.2,14833.28,21207.94,25,559.09,16,124.1,119.1,119.7,113.6,125.4,123.1,120.95,9.63,A - Xuất sắc
202505,EMP_1127,DVKD_011,VUNG_2,1671.69,8778.24,12395.16,17,362.96,8,93.5,95.6,99.4,100.0,114.6,114.3,99.69,5.09,B - Đạt
202505,EMP_1128,DVKD_011,VUNG_2,1927.33,10998.23,16696.81,17,325.54,8,111.1,113.4,111.7,106.2,108.3,114.3,110.75,11.03,B - Đạt
202505,EMP_1129,DVKD_011,VUNG_2,1373.04,7989.13,12948.29,12,261.33,8,100.9,100.3,100.2,92.3,90.6,88.9,98.16,2.89,B - Đạt
202505,EMP_1130,DVKD_011,VUNG_2,1519.14,10778.64,13520.18,13,321.0,10,103.1,113.9,101.5,92.9,97.6,111.1,102.31,16.82,B - Đạt
202505,EMP_1131,DVKD_011,VUNG_2,2240.86,13311.0,18490.14,27,418.2,15,109.2,99.0,110.6,112.5,126.5,125.0,111.08,16.71,B - Đạt
202505,EMP_1132,DVKD_011,VUNG_2,1140.88,6616.79,8770.27,8,133.67,5,107.2,118.9,111.5,114.3,103.5,125.0,110.62,14.74,B - Đạt
202505,EMP_1133,DVKD_011,VUNG_2,3410.24,16043.86,23435.03,24,607.94,12,145.1,143.4,131.5,133.3,144.1,120.0,138.75,20.94,A - Xuất sắc
202505,EMP_1134,DVKD_012,VUNG_2,584.88,2995.05,6529.12,5,142.81,3,63.6,62.3,70.3,55.6,80.2,60.0,67.44,0.0,D - Không đạt
202505,EMP_1135,DVKD_012,VUNG_2,795.72,3501.74,5373.51,6,122.13,3,77.9,70.2,68.9,85.7,64.5,75.0,72.37,0.0,C - Cần nỗ lực
202505,EMP_1136,DVKD_012,VUNG_2,512.36,2962.37,4491.34,4,128.81,2,56.6,54.2,59.2,50.0,61.7,50.0,57.26,0.0,D - Không đạt
202505,EMP_1137,DVKD_012,VUNG_2,1933.76,10461.22,20687.41,28,326.61,13,101.3,104.8,100.9,116.7,94.7,108.3,102.23,14.99,B - Đạt
202505,EMP_1138,DVKD_012,VUNG_2,2575.91,12496.87,20968.55,21,466.33,16,105.7,108.2,110.2,110.5,100.7,114.3,107.38,15.66,B - Đạt
202505,EMP_1139,DVKD_012,VUNG_2,796.82,4603.65,6230.94,9,150.33,5,85.1,86.5,86.0,81.8,80.0,83.3,84.53,2.95,C - Cần nỗ lực
202505,EMP_1140,DVKD_012,VUNG_2,2460.98,13406.25,18114.54,26,409.3,17,141.5,145.9,151.1,152.9,119.8,170.0,143.41,21.2,A - Xuất sắc
202505,EMP_1141,DVKD_012,VUNG_2,2999.64,18741.04,29708.92,27,609.81,16,149.0,143.8,154.1,142.1,186.3,160.0,154.91,30.69,A - Xuất sắc
202505,EMP_1142,DVKD_012,VUNG_2,1786.06,13747.17,17447.14,19,260.96,14,92.8,99.6,91.9,79.2,99.6,100.0,93.16,3.18,B - Đạt
202505,EMP_1143,DVKD_012,VUNG_2,1353.58,9032.58,12022.98,14,274.42,7,99.6,102.5,93.2,93.3,102.3,77.8,97.57,5.61,B - Đạt
202505,EMP_1144,DVKD_013,VUNG_2,929.28,3940.5,6929.52,8,152.39,5,95.7,91.6,94.4,88.9,91.2,100.0,93.27,3.48,B - Đạt
202505,EMP_1145,DVKD_013,VUNG_2,908.84,4485.73,8018.64,11,228.06,3,94.4,90.1,100.6,100.0,116.6,75.0,99.81,5.43,B - Đạt
202505,EMP_1146,DVKD_013,VUNG_2,1169.75,6221.72,12190.68,14,284.94,5,140.3,136.3,134.8,155.6,163.9,125.0,142.84,21.62,A - Xuất sắc
202505,EMP_1147,DVKD_013,VUNG_2,2571.89,13809.64,17171.65,20,521.82,13,103.4,116.2,103.9,100.0,109.5,92.9,106.07,16.98,B - Đạt
202505,EMP_1148,DVKD_013,VUNG_2,1668.52,9444.78,15358.97,14,211.61,8,101.1,102.0,109.0,100.0,102.0,100.0,104.02,8.9,B - Đạt
202505,EMP_1149,DVKD_013,VUNG_2,1945.83,10544.33,13588.88,18,342.16,8,116.0,110.4,104.1,120.0,133.0,100.0,113.95,10.03,B - Đạt
202505,EMP_1150,DVKD_013,VUNG_2,1771.02,10857.73,14187.63,19,339.04,11,108.2,111.6,105.9,105.6,99.8,122.2,106.38,11.29,B - Đạt
202505,EMP_1151,DVKD_013,VUNG_2,2061.2,13268.1,21881.0,25,326.41,10,141.4,145.8,143.7,147.1,118.8,142.9,140.05,32.92,A - Xuất sắc
202505,EMP_1152,DVKD_013,VUNG_2,1491.88,7786.19,12577.13,14,273.04,8,94.9,102.3,92.0,87.5,79.4,80.0,91.93,5.74,B - Đạt
202505,EMP_1153,DVKD_013,VUNG_2,1399.92,9067.53,12075.05,18,255.83,8,100.3,99.0,102.4,105.9,97.6,80.0,100.99,15.07,B - Đạt
202505,EMP_1154,DVKD_013,VUNG_2,2269.86,12165.63,23067.83,23,269.66,12,146.4,154.6,163.3,135.3,152.3,133.3,153.32,24.91,A - Xuất sắc
202505,EMP_1155,DVKD_013,VUNG_2,1703.49,8031.51,14430.28,17,232.41,11,100.7,91.2,100.1,100.0,97.4,110.0,98.5,5.25,B - Đạt
202505,EMP_1156,DVKD_013,VUNG_2,1612.58,7038.43,13523.84,19,247.16,9,93.8,91.9,102.6,105.6,92.4,100.0,97.56,4.06,B - Đạt
202505,EMP_1157,DVKD_014,VUNG_2,667.42,2917.09,5201.79,5,167.16,4,67.2,62.6,64.9,62.5,80.9,66.7,67.29,0.0,D - Không đạt
202505,EMP_1158,DVKD_014,VUNG_2,998.94,5565.92,9574.68,9,210.8,7,114.6,109.7,110.1,100.0,140.1,116.7,114.66,10.89,B - Đạt
202505,EMP_1159,DVKD_014,VUNG_2,970.4,5413.44,5988.05,7,114.68,4,98.2,100.2,92.1,87.5,86.5,100.0,93.54,5.05,B - Đạt
202505,EMP_1160,DVKD_014,VUNG_2,936.27,4480.43,6916.09,9,196.13,7,65.3,64.1,63.8,69.2,77.2,70.0,66.77,0.0,D - Không đạt
202505,EMP_1161,DVKD_014,VUNG_2,1723.12,10931.49,17296.7,21,282.49,8,109.2,117.1,118.7,123.5,128.5,88.9,118.03,13.23,B - Đạt
202505,EMP_1162,DVKD_014,VUNG_2,1905.36,11090.09,18613.74,19,372.59,10,137.4,132.4,140.0,118.8,141.7,142.9,136.34,27.46,A - Xuất sắc
202505,EMP_1163,DVKD_014,VUNG_2,1350.86,7515.73,11234.16,12,316.04,8,92.1,98.2,102.1,80.0,114.8,100.0,98.71,2.56,B - Đạt
202505,EMP_1164,DVKD_014,VUNG_2,2307.88,10460.56,17013.41,15,458.99,12,97.9,99.8,103.3,83.3,115.2,100.0,101.21,15.79,B - Đạt
202505,EMP_1165,DVKD_014,VUNG_2,991.11,4800.51,7993.13,10,104.27,5,94.4,97.6,89.7,100.0,86.0,100.0,92.54,5.48,B - Đạt
202505,EMP_1166,DVKD_014,VUNG_2,1714.77,6933.51,12006.59,15,322.95,6,100.8,96.3,95.8,115.4,96.5,85.7,99.19,5.29,B - Đạt
202505,EMP_1167,DVKD_014,VUNG_2,1847.51,14092.24,16820.31,21,301.94,8,93.7,102.4,86.1,105.0,103.1,88.9,94.88,2.51,B - Đạt
202505,EMP_1168,DVKD_014,VUNG_2,2197.01,14023.45,19827.93,19,571.27,11,135.6,145.3,130.7,135.7,166.2,137.5,139.94,29.65,A - Xuất sắc
202505,EMP_1169,DVKD_014,VUNG_2,1732.07,9688.51,11224.81,17,218.99,10,97.0,97.6,102.6,106.2,78.5,100.0,97.2,4.41,B - Đạt
202505,EMP_1170,DVKD_015,VUNG_2,820.94,5710.38,6913.5,7,134.36,5,92.8,101.9,103.9,87.5,87.5,83.3,96.72,3.56,B - Đạt
202505,EMP_1171,DVKD_015,VUNG_2,526.82,3099.33,6612.87,7,86.24,3,64.5,71.1,71.2,77.8,67.6,60.0,69.63,0.0,D - Không đạt
202505,EMP_1172,DVKD_015,VUNG_2,1485.65,6050.07,10721.83,13,309.06,9,140.3,148.0,146.4,162.5,176.9,180.0,151.3,28.2,A - Xuất sắc
202505,EMP_1173,DVKD_015,VUNG_2,1083.38,5782.02,9952.43,9,175.92,6,65.1,62.7,70.5,64.3,66.3,60.0,66.73,0.0,D - Không đạt
202505,EMP_1174,DVKD_015,VUNG_2,1919.11,11825.45,16571.78,23,305.45,14,139.6,139.3,145.4,143.8,111.4,140.0,137.77,29.12,A - Xuất sắc
202505,EMP_1175,DVKD_015,VUNG_2,714.39,4982.61,5697.38,6,108.29,5,51.9,50.5,46.6,42.9,42.7,50.0,47.55,0.0,D - Không đạt
202505,EMP_1176,DVKD_015,VUNG_2,2278.22,14920.89,21922.86,25,289.81,15,107.7,115.6,119.3,119.0,98.2,107.1,112.65,8.8,B - Đạt
202505,EMP_1177,DVKD_015,VUNG_2,1787.86,7073.6,14935.48,14,258.73,8,100.8,97.1,101.0,100.0,88.0,114.3,98.31,2.18,B - Đạt
202505,EMP_1178,DVKD_015,VUNG_2,3195.11,14004.58,18602.75,25,358.17,18,132.4,125.1,118.6,138.9,127.6,138.5,126.41,8.56,A - Xuất sắc
202505,EMP_1179,DVKD_015,VUNG_2,1862.52,9671.07,14466.97,14,188.28,7,109.9,100.9,112.2,100.0,95.1,87.5,106.15,16.13,B - Đạt
202505,EMP_1180,DVKD_015,VUNG_2,3078.55,14212.29,18332.59,24,584.41,14,123.5,120.6,112.1,120.0,144.9,107.7,121.93,12.11,A - Xuất sắc
202505,EMP_1181,DVKD_015,VUNG_2,1883.12,9775.05,15963.13,12,318.91,10,110.9,105.0,114.2,100.0,95.6,111.1,107.78,13.5,B - Đạt
202505,EMP_1182,DVKD_015,VUNG_2,2268.99,15755.9,17238.27,24,375.41,14,111.0,114.9,108.1,120.0,88.7,100.0,108.12,11.59,B - Đạt
202505,EMP_1183,DVKD_015,VUNG_2,1544.94,7743.39,13652.55,15,188.71,9,103.2,99.6,95.1,100.0,97.7,90.0,98.68,2.91,B - Đạt
202505,EMP_1184,DVKD_016,VUNG_2,495.36,2992.43,4480.69,5,96.18,3,60.9,55.0,61.2,55.6,57.8,75.0,59.12,0.0,D - Không đạt
202505,EMP_1185,DVKD_016,VUNG_2,1112.44,5233.5,7169.43,10,208.34,5,111.0,111.2,109.2,111.1,119.9,100.0,111.75,8.22,B - Đạt
202505,EMP_1186,DVKD_016,VUNG_2,1182.73,5079.62,10947.6,7,187.26,6,118.0,122.1,120.0,100.0,92.3,120.0,113.66,14.9,B - Đạt
202505,EMP_1187,DVKD_016,VUNG_2,2481.23,11284.37,16844.71,27,496.73,11,100.2,101.9,96.3,117.4,114.3,110.0,102.92,12.58,B - Đạt
202505,EMP_1188,DVKD_016,VUNG_2,1001.04,4822.47,5939.45,7,166.22,4,96.0,95.4,88.6,100.0,90.1,100.0,92.83,4.63,B - Đạt
202505,EMP_1189,DVKD_016,VUNG_2,479.23,2681.61,3916.13,4,109.04,3,56.3,54.5,52.7,44.4,56.6,60.0,53.62,0.0,D - Không đạt
202505,EMP_1190,DVKD_016,VUNG_2,875.9,3665.23,6282.3,7,92.8,4,49.5,47.8,46.3,53.8,41.3,44.4,47.33,0.0,D - Không đạt
202505,EMP_1191,DVKD_016,VUNG_2,2629.55,15345.53,22820.56,29,564.54,22,133.5,129.8,141.6,152.6,145.2,157.1,139.44,24.93,A - Xuất sắc
202505,EMP_1192,DVKD_016,VUNG_2,1135.6,6047.52,9140.65,13,217.29,9,72.5,72.8,83.2,86.7,72.6,90.0,77.72,0.0,C - Cần nỗ lực
202505,EMP_1193,DVKD_016,VUNG_2,1809.82,8362.92,12194.49,19,283.19,10,103.3,95.9,100.2,111.8,103.1,111.1,101.93,14.32,B - Đạt
202505,EMP_1194,DVKD_016,VUNG_2,1546.83,7987.18,12961.36,19,229.74,7,99.3,104.4,90.9,111.8,91.4,100.0,97.19,4.54,B - Đạt
202505,EMP_1195,DVKD_016,VUNG_2,815.19,3711.19,6567.03,8,84.97,4,49.3,47.0,51.2,47.1,43.5,50.0,48.53,0.0,D - Không đạt
202505,EMP_1196,DVKD_016,VUNG_2,1500.34,7972.99,11041.79,14,238.36,8,93.0,100.9,100.9,107.7,93.9,100.0,98.55,5.53,B - Đạt
202505,EMP_1197,DVKD_016,VUNG_2,1712.17,10593.5,13602.89,15,225.27,13,105.0,113.5,107.9,115.4,111.5,130.0,109.3,8.86,B - Đạt
202505,EMP_1198,DVKD_017,VUNG_3,934.33,5221.12,9814.91,8,182.91,7,109.8,119.7,124.7,100.0,96.5,116.7,113.52,16.16,B - Đạt
202505,EMP_1199,DVKD_017,VUNG_3,722.34,4400.17,6422.4,6,81.81,4,70.1,74.6,75.8,75.0,70.6,66.7,73.33,0.0,C - Cần nỗ lực
202505,EMP_1200,DVKD_017,VUNG_3,968.5,4472.08,7321.38,13,169.72,4,98.6,107.1,98.2,118.2,121.0,100.0,105.05,12.1,B - Đạt
202505,EMP_1201,DVKD_017,VUNG_3,1679.58,9526.45,18470.66,22,291.72,8,113.5,120.0,119.7,129.4,122.3,100.0,119.55,8.13,B - Đạt
202505,EMP_1202,DVKD_017,VUNG_3,1412.21,7323.89,14221.91,19,304.58,7,70.3,72.7,65.3,76.0,74.7,70.0,70.14,0.0,C - Cần nỗ lực
202505,EMP_1203,DVKD_017,VUNG_3,1637.2,9012.37,11070.14,17,255.53,8,95.9,92.3,84.4,94.4,82.8,100.0,89.22,5.68,C - Cần nỗ lực
202505,EMP_1204,DVKD_017,VUNG_3,786.51,5562.54,7265.73,9,161.11,7,95.4,98.4,88.1,90.0,117.9,116.7,96.13,2.08,B - Đạt
202505,EMP_1205,DVKD_017,VUNG_3,1044.16,4805.79,7581.31,11,151.06,4,64.8,69.7,59.2,68.8,66.7,57.1,64.26,0.0,D - Không đạt
202505,EMP_1206,DVKD_017,VUNG_3,744.18,5170.14,7354.14,8,195.77,3,89.2,88.7,87.1,88.9,105.6,75.0,90.82,3.27,B - Đạt
202505,EMP_1207,DVKD_017,VUNG_3,1959.22,9857.3,12605.59,18,321.83,7,117.1,119.3,105.8,128.6,132.9,100.0,116.99,16.35,B - Đạt
202505,EMP_1208,DVKD_017,VUNG_3,1678.54,9002.07,10642.23,9,340.62,6,157.9,167.1,148.2,128.6,193.1,150.0,158.24,18.77,A - Xuất sắc
202505,EMP_1209,DVKD_018,VUNG_3,636.09,3770.4,5281.21,7,106.49,4,65.9,63.6,66.3,77.8,75.1,80.0,68.27,0.0,D - Không đạt
202505,EMP_1210,DVKD_018,VUNG_3,1113.29,4452.2,7506.54,10,108.71,3,103.6,107.4,99.4,100.0,86.5,75.0,99.77,3.61,B - Đạt
202505,EMP_1211,DVKD_018,VUNG_3,957.33,6949.7,7991.69,8,137.64,5,114.1,122.0,114.5,100.0,102.0,125.0,112.2,12.89,B - Đạt
202505,EMP_1212,DVKD_018,VUNG_3,1505.95,8300.96,13585.3,13,360.6,6,90.2,92.3,94.9,81.2,106.2,75.0,93.66,3.88,B - Đạt
202505,EMP_1213,DVKD_018,VUNG_3,891.11,3947.89,9264.31,9,161.14,4,94.3,94.9,101.8,90.0,81.2,80.0,94.62,2.57,B - Đạt
202505,EMP_1214,DVKD_018,VUNG_3,2036.25,10309.0,19346.5,22,250.47,13,124.4,121.9,126.2,122.2,134.7,144.4,125.98,11.78,A - Xuất sắc
202505,EMP_1215,DVKD_018,VUNG_3,1558.96,7583.83,17042.11,18,181.87,8,107.9,97.8,110.9,120.0,94.5,88.9,106.63,9.25,B - Đạt
202505,EMP_1216,DVKD_018,VUNG_3,1055.14,4946.72,7227.77,10,205.74,6,62.1,60.4,60.3,58.8,62.5,60.0,60.95,0.0,D - Không đạt
202505,EMP_1217,DVKD_018,VUNG_3,1103.21,5838.6,7390.4,11,142.39,4,109.3,113.9,100.7,110.0,114.4,100.0,107.81,8.07,B - Đạt
202505,EMP_1218,DVKD_018,VUNG_3,1591.55,8440.38,12965.77,13,330.83,9,93.9,103.0,98.9,100.0,104.1,112.5,99.16,4.07,B - Đạt
202505,EMP_1219,DVKD_018,VUNG_3,539.19,2334.07,4120.9,4,98.27,2,51.9,51.0,49.4,50.0,55.6,50.0,51.25,0.0,D - Không đạt
202505,EMP_1220,DVKD_018,VUNG_3,932.33,5407.05,7793.97,9,198.14,5,98.8,95.6,101.9,100.0,105.7,100.0,100.56,9.68,B - Đạt
202505,EMP_1221,DVKD_018,VUNG_3,1457.33,10133.0,14534.04,18,262.9,11,104.7,112.4,111.1,105.9,115.4,122.2,109.82,8.85,B - Đạt
202505,EMP_1222,DVKD_018,VUNG_3,1400.92,7825.6,12112.49,12,337.89,8,98.2,97.3,93.6,92.3,99.9,114.3,96.12,4.33,B - Đạt
202505,EMP_1223,DVKD_019,VUNG_3,1142.39,5068.67,9661.2,11,143.68,5,110.9,112.7,110.2,122.2,102.5,125.0,110.8,10.73,B - Đạt
202505,EMP_1224,DVKD_019,VUNG_3,628.4,3825.29,4683.63,7,82.8,4,70.0,67.9,61.3,70.0,65.9,80.0,66.03,0.0,D - Không đạt
202505,EMP_1225,DVKD_019,VUNG_3,962.86,4823.34,7926.39,8,109.83,5,90.5,91.3,90.5,88.9,103.4,100.0,92.39,2.91,B - Đạt
202505,EMP_1226,DVKD_019,VUNG_3,1117.15,5445.37,9626.75,12,170.42,6,69.6,68.1,66.5,75.0,70.0,66.7,68.89,0.0,D - Không đạt
202505,EMP_1227,DVKD_019,VUNG_3,1613.69,7394.05,14381.98,16,297.01,12,94.2,105.6,95.2,100.0,110.4,120.0,99.27,4.8,B - Đạt
202505,EMP_1228,DVKD_019,VUNG_3,868.16,4504.03,5602.43,10,144.17,5,53.9,48.3,46.8,58.8,50.5,50.0,50.55,0.0,D - Không đạt
202505,EMP_1229,DVKD_019,VUNG_3,1728.82,9253.9,17237.35,14,216.01,11,87.5,82.3,93.6,77.8,83.8,91.7,87.33,4.92,C - Cần nỗ lực
202505,EMP_1230,DVKD_019,VUNG_3,1835.75,12244.1,18146.62,17,262.78,13,126.3,135.1,125.0,141.7,108.3,144.4,126.01,14.84,A - Xuất sắc
202505,EMP_1231,DVKD_019,VUNG_3,1432.55,7817.47,15595.85,16,373.68,10,99.4,96.2,102.5,100.0,107.3,100.0,101.25,15.87,B - Đạt
202505,EMP_1232,DVKD_019,VUNG_3,918.35,4397.1,9096.44,9,127.29,5,97.3,96.6,99.4,90.0,91.3,100.0,96.3,3.37,B - Đạt
202505,EMP_1233,DVKD_019,VUNG_3,1526.29,8666.12,11940.34,13,187.84,8,89.3,89.8,85.0,86.7,76.7,80.0,85.72,5.86,C - Cần nỗ lực
202505,EMP_1234,DVKD_020,VUNG_3,937.58,5161.47,8363.1,8,161.13,4,88.7,86.6,94.4,88.9,110.8,80.0,93.71,5.35,B - Đạt
202505,EMP_1235,DVKD_020,VUNG_3,842.52,4757.26,7459.97,12,222.76,5,102.2,100.0,111.8,120.0,110.7,100.0,108.28,16.5,B - Đạt
202505,EMP_1236,DVKD_020,VUNG_3,924.41,4671.85,8569.55,9,146.96,7,98.4,95.4,103.0,81.8,110.7,116.7,99.75,3.13,B - Đạt
202505,EMP_1237,DVKD_020,VUNG_3,1156.58,4731.13,7076.92,10,133.46,6,65.6,64.5,64.5,71.4,60.7,75.0,64.89,0.0,D - Không đạt
202505,EMP_1238,DVKD_020,VUNG_3,1058.85,5709.41,8347.21,9,200.7,4,73.7,75.1,69.5,75.0,88.8,57.1,74.83,0.0,C - Cần nỗ lực
202505,EMP_1239,DVKD_020,VUNG_3,2150.55,11631.43,14667.57,21,462.58,9,92.6,101.6,87.3,91.3,101.2,90.0,93.25,4.6,B - Đạt
202505,EMP_1240,DVKD_020,VUNG_3,2373.16,11347.02,22259.82,26,452.89,13,115.9,114.7,117.3,118.2,121.0,100.0,117.2,14.86,B - Đạt
202505,EMP_1241,DVKD_020,VUNG_3,1415.65,8571.98,11464.69,11,217.1,6,143.4,152.4,149.7,122.2,167.4,120.0,148.44,28.67,A - Xuất sắc
202505,EMP_1242,DVKD_020,VUNG_3,2240.88,10523.75,17158.41,23,494.78,12,92.3,96.1,91.4,104.5,101.5,85.7,95.15,3.65,B - Đạt
202505,EMP_1243,DVKD_020,VUNG_3,1685.49,9358.56,12219.36,18,400.11,8,97.7,103.2,92.5,100.0,120.4,100.0,100.34,16.83,B - Đạt
202505,EMP_1244,DVKD_020,VUNG_3,2578.52,11495.82,18456.54,23,414.53,16,143.4,155.4,140.3,143.8,138.0,160.0,143.34,24.48,A - Xuất sắc
202505,EMP_1245,DVKD_020,VUNG_3,2139.61,11326.47,17804.28,23,537.35,14,152.0,151.9,158.1,164.3,159.9,155.6,156.53,30.05,A - Xuất sắc
202505,EMP_1246,DVKD_020,VUNG_3,928.21,5910.37,8678.94,9,123.23,4,98.1,99.4,100.9,100.0,113.0,100.0,101.7,16.74,B - Đạt
202505,EMP_1247,DVKD_020,VUNG_3,1422.51,7145.96,11251.83,17,209.87,8,87.7,84.1,90.2,100.0,72.5,80.0,86.98,5.37,C - Cần nỗ lực
202505,EMP_1248,DVKD_021,VUNG_3,954.77,6258.21,8853.46,9,102.11,6,107.3,110.2,115.7,100.0,95.3,100.0,108.14,12.54,B - Đạt
202505,EMP_1249,DVKD_021,VUNG_3,1251.98,7372.69,10435.41,10,160.91,4,133.5,135.8,139.3,111.1,139.9,100.0,134.59,23.4,A - Xuất sắc
202505,EMP_1250,DVKD_021,VUNG_3,784.9,4363.81,8238.78,10,118.93,5,88.4,93.1,88.6,100.0,108.4,83.3,93.34,4.69,B - Đạt
202505,EMP_1251,DVKD_021,VUNG_3,850.59,5056.71,8298.24,10,138.71,4,62.9,60.6,58.0,62.5,58.0,57.1,60.06,0.0,D - Không đạt
202505,EMP_1252,DVKD_021,VUNG_3,2186.47,10597.04,23155.38,26,538.58,12,101.2,110.7,114.8,108.3,111.1,120.0,109.58,9.32,B - Đạt
202505,EMP_1253,DVKD_021,VUNG_3,1740.67,9524.39,14203.38,21,374.34,6,109.0,115.3,114.3,116.7,117.3,85.7,113.81,16.02,B - Đạt
202505,EMP_1254,DVKD_021,VUNG_3,1068.93,4429.34,8097.26,6,121.69,5,99.0,97.6,91.2,85.7,93.0,100.0,93.83,4.45,B - Đạt
202505,EMP_1255,DVKD_021,VUNG_3,1470.19,7704.53,11484.86,14,252.61,8,94.9,101.4,102.4,100.0,102.3,100.0,100.12,15.29,B - Đạt
202505,EMP_1256,DVKD_021,VUNG_3,984.27,5687.28,8840.03,12,297.59,5,71.9,75.7,69.5,70.6,86.4,62.5,73.68,0.0,C - Cần nỗ lực
202505,EMP_1257,DVKD_021,VUNG_3,1322.72,8809.92,12036.67,13,208.91,7,97.3,95.3,100.3,92.9,89.2,87.5,96.39,3.71,B - Đạt
202505,EMP_1258,DVKD_021,VUNG_3,1269.83,6425.57,10788.83,9,261.32,5,71.6,66.5,76.9,64.3,78.9,55.6,73.06,0.0,C - Cần nỗ lực
202505,EMP_1259,DVKD_021,VUNG_3,1433.15,8855.28,10459.75,11,389.54,9,101.3,97.1,92.2,91.7,113.6,90.0,98.37,5.09,B - Đạt
202505,EMP_1260,DVKD_022,VUNG_3,954.22,4948.59,8244.13,9,90.62,4,91.9,84.7,90.2,100.0,82.8,80.0,89.67,2.51,C - Cần nỗ lực
202505,EMP_1261,DVKD_022,VUNG_3,803.93,5281.91,8289.12,10,86.87,5,89.7,89.3,95.2,90.9,76.4,100.0,89.69,3.99,C - Cần nỗ lực
202505,EMP_1262,DVKD_022,VUNG_3,1183.52,5490.38,9314.3,10,145.91,4,113.9,110.9,110.1,125.0,117.7,100.0,113.8,15.26,B - Đạt
202505,EMP_1263,DVKD_022,VUNG_3,2210.81,9796.39,18893.5,20,449.83,9,92.4,94.6,92.1,87.0,95.7,100.0,92.58,3.7,B - Đạt
202505,EMP_1264,DVKD_022,VUNG_3,1391.0,5753.94,9333.38,11,189.93,5,80.0,75.0,76.8,73.3,82.2,71.4,77.79,0.0,C - Cần nỗ lực
202505,EMP_1265,DVKD_022,VUNG_3,1783.72,8380.93,16531.22,19,316.74,7,102.4,106.6,112.3,111.8,114.4,100.0,109.23,15.31,B - Đạt
202505,EMP_1266,DVKD_022,VUNG_3,1000.26,5253.47,7388.44,7,131.61,5,57.6,58.0,62.1,53.8,63.9,55.6,59.8,0.0,D - Không đạt
202505,EMP_1267,DVKD_022,VUNG_3,1435.14,7473.43,10351.65,18,254.61,6,155.8,146.7,139.1,163.6,182.2,150.0,153.33,29.02,A - Xuất sắc
202505,EMP_1268,DVKD_022,VUNG_3,1440.49,9340.46,14413.48,21,373.48,7,105.8,102.6,117.5,123.5,129.2,100.0,114.69,9.87,B - Đạt
202505,EMP_1269,DVKD_022,VUNG_3,1506.72,8064.23,10427.16,15,206.28,8,90.2,94.4,95.2,107.1,112.3,114.3,97.59,3.25,B - Đạt
202505,EMP_1270,DVKD_022,VUNG_3,894.99,5711.27,8303.35,8,168.69,5,100.9,102.6,97.0,100.0,113.4,83.3,101.58,14.21,B - Đạt
202505,EMP_1271,DVKD_022,VUNG_3,2048.93,11860.78,19745.08,25,326.23,15,151.4,142.2,136.1,156.2,156.2,166.7,145.87,25.78,A - Xuất sắc
202505,EMP_1272,DVKD_022,VUNG_3,1298.4,8862.87,12172.67,14,256.84,11,94.5,102.5,90.9,100.0,104.4,110.0,96.47,5.56,B - Đạt
202505,EMP_1273,DVKD_022,VUNG_3,905.12,6593.65,7074.32,9,131.75,6,44.4,48.2,46.1,40.9,49.1,50.0,45.92,0.0,D - Không đạt
202505,EMP_1274,DVKD_023,VUNG_3,530.42,2620.61,3878.68,4,70.74,4,51.3,47.5,50.1,50.0,56.9,66.7,51.02,0.0,D - Không đạt
202505,EMP_1275,DVKD_023,VUNG_3,1254.41,5631.71,11558.34,11,166.77,6,119.9,127.8,127.5,110.0,129.8,150.0,124.24,14.39,A - Xuất sắc
202505,EMP_1276,DVKD_023,VUNG_3,1515.74,8551.51,13400.99,12,274.85,9,143.5,151.2,155.4,150.0,159.4,150.0,151.85,31.58,A - Xuất sắc
202505,EMP_1277,DVKD_023,VUNG_3,1531.81,9102.92,13273.31,17,197.25,7,100.9,107.2,102.3,106.2,82.0,87.5,100.03,11.11,B - Đạt
202505,EMP_1278,DVKD_023,VUNG_3,2131.46,15440.43,18724.01,28,476.56,12,153.1,156.8,156.9,175.0,174.3,171.4,160.35,25.8,A - Xuất sắc
202505,EMP_1279,DVKD_023,VUNG_3,2303.52,12198.43,18686.05,25,518.49,10,98.8,87.7,94.7,108.7,111.8,83.3,98.64,4.82,B - Đạt
202505,EMP_1280,DVKD_023,VUNG_3,1715.96,8989.25,13131.19,12,240.48,8,101.0,102.8,97.8,92.3,83.3,100.0,96.62,4.82,B - Đạt
202505,EMP_1281,DVKD_023,VUNG_3,2295.5,15425.21,19710.71,21,472.3,15,158.8,159.9,161.8,140.0,177.7,166.7,160.97,25.58,A - Xuất sắc
202505,EMP_1282,DVKD_023,VUNG_3,1560.06,8271.34,11981.29,19,315.46,9,106.4,106.6,94.7,118.8,100.1,112.5,102.63,14.14,B - Đạt
202505,EMP_1283,DVKD_023,VUNG_3,1581.28,6802.63,10013.32,13,274.96,9,88.0,85.7,86.9,81.2,100.0,90.0,88.39,3.8,C - Cần nỗ lực
202505,EMP_1284,DVKD_023,VUNG_3,1970.99,8941.84,18012.37,25,330.42,9,92.9,93.0,97.6,100.0,97.6,81.8,95.97,3.97,B - Đạt
202505,EMP_1285,DVKD_023,VUNG_3,3527.21,16175.72,32250.7,32,603.86,14,156.5,143.5,153.9,152.4,131.1,127.3,149.42,28.46,A - Xuất sắc
202505,EMP_1286,DVKD_023,VUNG_3,1292.63,9446.91,10457.21,13,285.97,7,91.3,96.3,89.6,100.0,98.3,100.0,93.38,5.86,B - Đạt
202505,EMP_1287,DVKD_024,VUNG_3,747.43,4025.32,8759.23,7,135.44,5,91.5,93.0,95.6,77.8,93.3,83.3,92.06,3.4,B - Đạt
202505,EMP_1288,DVKD_024,VUNG_3,541.25,2307.74,4027.93,5,65.96,2,50.6,53.5,52.1,50.0,61.6,50.0,53.15,0.0,D - Không đạt
202505,EMP_1289,DVKD_024,VUNG_3,665.68,3870.16,5241.56,5,64.89,3,61.8,66.9,59.9,55.6,61.6,60.0,61.25,0.0,D - Không đạt
202505,EMP_1290,DVKD_024,VUNG_3,1092.56,6344.17,7258.92,10,167.35,5,67.6,66.8,67.1,66.7,57.8,71.4,65.74,0.0,D - Không đạt
202505,EMP_1291,DVKD_024,VUNG_3,1723.92,10167.37,12412.98,14,248.05,5,98.9,101.8,94.1,100.0,121.3,83.3,101.12,8.04,B - Đạt
202505,EMP_1292,DVKD_024,VUNG_3,796.31,3930.66,6292.35,8,133.89,4,75.1,69.9,74.9,88.9,87.0,80.0,77.41,0.0,C - Cần nỗ lực
202505,EMP_1293,DVKD_024,VUNG_3,2380.73,10438.28,16870.39,22,308.27,10,108.1,107.1,99.3,100.0,110.9,90.9,104.48,10.11,B - Đạt
202505,EMP_1294,DVKD_024,VUNG_3,1039.19,7155.28,7901.25,10,214.25,6,73.8,72.5,69.9,71.4,74.3,66.7,72.08,0.0,C - Cần nỗ lực
202505,EMP_1295,DVKD_024,VUNG_3,2239.05,11104.07,20076.87,27,389.35,14,98.7,98.1,111.3,108.0,109.6,107.7,105.58,12.78,B - Đạt
202505,EMP_1296,DVKD_024,VUNG_3,1864.99,7898.95,14129.13,17,174.41,10,104.6,99.3,99.9,113.3,89.6,111.1,100.78,16.66,B - Đạt
202505,EMP_1297,DVKD_024,VUNG_3,1416.58,6718.45,14025.47,18,226.39,7,99.4,97.1,93.8,105.9,115.5,100.0,100.16,16.97,B - Đạt
202505,EMP_1298,DVKD_024,VUNG_3,2285.26,14003.71,21227.12,25,395.0,13,149.3,146.8,148.4,166.7,129.8,162.5,147.42,30.56,A - Xuất sắc
202506,EMP_1001,DVKD_001,VUNG_1,635.92,3705.16,5992.58,5,79.53,4,71.8,72.7,71.3,62.5,72.5,80.0,70.94,0.0,C - Cần nỗ lực
202506,EMP_1002,DVKD_001,VUNG_1,793.61,5218.97,7716.65,11,156.43,4,94.6,104.9,106.5,110.0,97.7,80.0,102.31,15.7,B - Đạt
202506,EMP_1003,DVKD_001,VUNG_1,795.17,4497.11,7868.35,10,163.94,5,92.3,87.8,97.5,100.0,104.8,100.0,96.09,5.3,B - Đạt
202506,EMP_1004,DVKD_001,VUNG_1,1498.12,9555.68,11387.23,13,196.84,8,94.9,97.3,93.7,86.7,90.8,80.0,93.41,4.85,B - Đạt
202506,EMP_1005,DVKD_001,VUNG_1,2520.8,13973.91,23842.78,23,433.15,11,155.0,158.9,169.6,164.3,159.7,157.1,162.33,33.2,A - Xuất sắc
202506,EMP_1006,DVKD_001,VUNG_1,1742.92,9699.42,16949.45,17,203.48,11,85.5,86.2,89.2,81.0,73.9,100.0,84.71,2.37,C - Cần nỗ lực
202506,EMP_1007,DVKD_001,VUNG_1,1065.15,5602.67,7784.43,7,184.56,5,62.7,59.0,56.7,58.3,76.4,71.4,61.66,0.0,D - Không đạt
202506,EMP_1008,DVKD_001,VUNG_1,1515.78,6466.38,12749.25,15,259.9,9,92.5,89.9,100.9,100.0,94.2,100.0,96.05,5.7,B - Đạt
202506,EMP_1009,DVKD_001,VUNG_1,2586.19,12801.22,16435.68,20,241.39,13,103.6,105.8,99.4,105.3,95.0,108.3,101.34,14.65,B - Đạt
202506,EMP_1010,DVKD_001,VUNG_1,1860.87,10287.32,15066.35,15,388.02,11,127.4,119.9,111.8,125.0,135.1,122.2,121.73,12.99,A - Xuất sắc
202506,EMP_1011,DVKD_001,VUNG_1,1756.87,10566.55,17494.12,16,276.18,13,111.1,115.3,120.2,114.3,127.7,130.0,117.72,15.51,B - Đạt
202506,EMP_1012,DVKD_001,VUNG_1,1425.22,8198.4,10114.33,16,197.38,10,99.7,91.0,91.5,100.0,88.3,111.1,93.85,4.6,B - Đạt
202506,EMP_1013,DVKD_001,VUNG_1,1431.3,8034.33,11006.18,10,189.26,9,91.1,96.4,96.6,76.9,93.4,100.0,92.74,5.87,B - Đạt
202506,EMP_1014,DVKD_001,VUNG_1,1176.6,5243.99,10423.98,9,142.78,8,51.0,50.4,51.8,50.0,47.4,57.1,50.55,0.0,D - Không đạt
202506,EMP_1015,DVKD_002,VUNG_1,1062.52,4228.33,7158.64,10,152.02,5,103.5,97.3,100.6,111.1,99.2,100.0,101.67,15.67,B - Đạt
202506,EMP_1016,DVKD_002,VUNG_1,584.53,2302.71,4181.05,6,108.45,3,55.4,56.2,58.2,60.0,61.3,50.0,57.84,0.0,D - Không đạt
202506,EMP_1017,DVKD_002,VUNG_1,707.01,3961.61,6665.84,5,95.21,4,76.1,69.7,80.0,71.4,68.4,80.0,74.88,0.0,C - Cần nỗ lực
202506,EMP_1018,DVKD_002,VUNG_1,1123.75,6390.44,9999.1,10,144.37,4,113.7,116.8,114.5,111.1,94.3,100.0,111.27,13.97,B - Đạt
202506,EMP_1019,DVKD_002,VUNG_1,2953.36,14085.32,20681.44,26,358.9,10,167.7,157.5,175.0,162.5,170.0,142.9,168.55,31.35,A - Xuất sắc
202506,EMP_1020,DVKD_002,VUNG_1,1049.49,4038.32,7660.11,9,112.57,5,99.0,95.5,90.5,100.0,103.9,100.0,96.34,2.01,B - Đạt
202506,EMP_1021,DVKD_002,VUNG_1,1237.13,5825.9,8330.47,9,148.95,8,70.5,70.4,75.5,64.3,82.3,80.0,73.38,0.0,C - Cần nỗ lực
202506,EMP_1022,DVKD_002,VUNG_1,1037.93,6414.61,8340.97,12,213.72,5,68.2,70.9,66.2,75.0,61.3,71.4,67.55,0.0,D - Không đạt
202506,EMP_1023,DVKD_002,VUNG_1,1484.84,6934.03,13273.38,12,274.25,8,91.4,93.3,97.8,85.7,113.8,80.0,96.72,2.32,B - Đạt
202506,EMP_1024,DVKD_002,VUNG_1,1080.33,5132.3,10134.44,8,129.28,6,115.6,125.5,127.0,100.0,121.1,120.0,120.34,16.23,A - Xuất sắc
202506,EMP_1025,DVKD_002,VUNG_1,1135.11,7085.5,10653.8,12,222.49,6,55.1,54.6,56.0,50.0,71.7,60.0,57.32,0.0,D - Không đạt
202506,EMP_1026,DVKD_003,VUNG_1,1572.4,5888.79,11419.62,13,266.94,7,153.8,139.9,155.5,130.0,142.9,140.0,148.29,33.05,A - Xuất sắc
202506,EMP_1027,DVKD_003,VUNG_1,437.56,2193.1,3791.67,4,49.59,3,49.7,49.3,52.1,44.4,42.4,50.0,48.85,0.0,D - Không đạt
202506,EMP_1028,DVKD_003,VUNG_1,862.08,5070.32,7080.21,10,192.49,5,102.8,99.7,105.9,111.1,111.8,100.0,105.6,15.32,B - Đạt
202506,EMP_1029,DVKD_003,VUNG_1,2342.88,11254.86,17009.57,27,407.9,14,95.5,91.4,107.1,108.0,94.5,100.0,100.04,12.71,B - Đạt
202506,EMP_1030,DVKD_003,VUNG_1,694.68,3319.88,7195.03,7,107.4,5,43.0,41.6,46.5,50.0,40.1,50.0,44.28,0.0,D - Không đạt
202506,EMP_1031,DVKD_003,VUNG_1,1870.34,7651.46,12402.64,17,225.37,9,106.9,108.6,110.5,106.2,124.1,128.6,110.92,14.55,B - Đạt
202506,EMP_1032,DVKD_003,VUNG_1,1451.59,7801.51,13183.11,15,246.67,6,93.3,96.7,94.9,88.2,76.7,75.0,91.37,4.08,B - Đạt
202506,EMP_1033,DVKD_003,VUNG_1,1070.81,5710.97,6900.81,7,251.55,5,100.8,105.8,91.0,87.5,123.4,83.3,100.18,13.9,B - Đạt
202506,EMP_1034,DVKD_003,VUNG_1,865.6,5383.0,6311.62,8,122.51,4,97.6,90.0,97.3,100.0,103.9,100.0,97.54,5.75,B - Đạt
202506,EMP_1035,DVKD_003,VUNG_1,973.64,5176.53,8511.17,9,95.83,3,97.2,92.4,102.9,90.0,79.8,75.0,95.14,5.35,B - Đạt
202506,EMP_1036,DVKD_004,VUNG_1,913.04,4753.05,8295.23,11,145.43,5,103.0,94.7,92.6,110.0,111.2,100.0,100.04,12.7,B - Đạt
202506,EMP_1037,DVKD_004,VUNG_1,1188.19,6338.72,9760.4,17,191.06,7,134.3,131.6,146.6,154.5,112.0,140.0,136.87,31.2,A - Xuất sắc
202506,EMP_1038,DVKD_004,VUNG_1,733.05,3097.53,4622.15,6,114.02,4,69.2,62.1,69.8,60.0,76.6,66.7,68.53,0.0,D - Không đạt
202506,EMP_1039,DVKD_004,VUNG_1,1660.95,9705.57,17888.16,13,333.47,9,113.6,112.5,120.1,108.3,132.2,90.0,117.97,9.48,B - Đạt
202506,EMP_1040,DVKD_004,VUNG_1,956.26,4855.01,7709.8,7,165.17,5,63.3,60.3,62.1,58.3,57.8,55.6,61.11,0.0,D - Không đạt
202506,EMP_1041,DVKD_004,VUNG_1,1063.74,4334.01,7344.52,9,133.45,6,105.3,106.2,105.4,112.5,114.8,120.0,107.62,15.41,B - Đạt
202506,EMP_1042,DVKD_004,VUNG_1,2185.83,13400.58,21431.69,21,371.05,13,113.1,113.3,101.1,105.0,120.9,92.9,109.29,14.7,B - Đạt
202506,EMP_1043,DVKD_004,VUNG_1,2352.29,15289.27,16814.02,18,362.76,9,148.1,155.2,135.5,138.5,170.1,128.6,147.09,22.81,A - Xuất sắc
202506,EMP_1044,DVKD_004,VUNG_1,1588.21,9148.2,10642.79,17,377.41,8,104.0,100.1,98.0,113.3,108.9,88.9,102.98,15.65,B - Đạt
202506,EMP_1045,DVKD_004,VUNG_1,1688.84,7681.63,11559.78,17,264.6,7,95.7,97.8,89.8,100.0,114.6,100.0,97.21,4.36,B - Đạt
202506,EMP_1046,DVKD_004,VUNG_1,2320.82,11068.78,19049.03,22,300.23,9,141.4,155.5,151.3,146.7,146.6,128.6,148.29,33.24,A - Xuất sắc
202506,EMP_1047,DVKD_004,VUNG_1,1432.62,8703.3,13101.81,11,188.31,11,95.6,95.0,106.9,84.6,99.1,122.2,98.89,5.74,B - Đạt
202506,EMP_1048,DVKD_005,VUNG_1,632.27,3934.64,6018.56,5,128.89,3,75.1,72.9,72.1,62.5,77.6,60.0,72.83,0.0,C - Cần nỗ lực
202506,EMP_1049,DVKD_005,VUNG_1,922.69,4551.4,7978.3,10,118.95,4,97.5,98.2,109.3,100.0,93.1,80.0,101.33,9.38,B - Đạt
202506,EMP_1050,DVKD_005,VUNG_1,912.28,5023.05,8061.66,8,129.48,5,100.5,92.5,88.8,88.9,78.0,100.0,90.67,4.02,B - Đạt
202506,EMP_1051,DVKD_005,VUNG_1,2133.39,11444.43,15824.31,20,322.17,13,106.9,104.4,104.4,111.1,113.1,100.0,107.0,14.69,B - Đạt
202506,EMP_1052,DVKD_005,VUNG_1,1527.01,7836.06,11166.72,14,342.76,8,109.2,100.9,101.5,116.7,103.0,88.9,105.08,13.78,B - Đạt
202506,EMP_1053,DVKD_005,VUNG_1,1732.53,9254.43,15790.98,16,294.2,8,104.0,112.9,101.9,106.7,110.6,100.0,105.86,12.56,B - Đạt
202506,EMP_1054,DVKD_005,VUNG_1,1785.39,9097.56,16681.0,15,269.88,9,109.5,106.5,118.2,115.4,130.0,90.0,115.76,11.34,B - Đạt
202506,EMP_1055,DVKD_005,VUNG_1,830.18,5436.26,7226.07,10,184.88,7,59.0,61.0,55.6,62.5,54.2,70.0,57.74,0.0,D - Không đạt
202506,EMP_1056,DVKD_005,VUNG_1,1578.21,7263.88,12327.71,15,147.73,10,64.0,66.5,72.7,68.2,53.7,71.4,66.3,0.0,D - Không đạt
202506,EMP_1057,DVKD_005,VUNG_1,1679.35,10478.97,15277.31,17,179.66,7,112.6,112.1,107.2,113.3,100.1,100.0,108.83,12.96,B - Đạt
202506,EMP_1058,DVKD_005,VUNG_1,1284.88,8221.34,12503.4,12,259.01,8,149.1,162.0,138.6,150.0,181.5,133.3,152.31,29.33,A - Xuất sắc
202506,EMP_1059,DVKD_006,VUNG_1,1095.44,4946.71,10368.04,8,158.86,6,114.8,112.2,112.0,100.0,98.0,100.0,109.43,11.27,B - Đạt
202506,EMP_1060,DVKD_006,VUNG_1,826.72,4127.44,4636.94,7,124.61,3,77.1,75.4,67.2,70.0,68.4,75.0,71.37,0.0,C - Cần nỗ lực
202506,EMP_1061,DVKD_006,VUNG_1,821.41,4280.79,8715.61,8,215.11,4,95.8,88.5,98.1,88.9,102.5,100.0,95.83,4.31,B - Đạt
202506,EMP_1062,DVKD_006,VUNG_1,2788.7,12496.98,23681.11,28,413.59,10,110.8,114.4,110.6,112.0,89.7,100.0,108.22,12.56,B - Đạt
202506,EMP_1063,DVKD_006,VUNG_1,1651.75,8350.98,12481.94,14,221.87,10,103.8,101.7,113.6,93.3,91.5,125.0,104.02,10.68,B - Đạt
202506,EMP_1064,DVKD_006,VUNG_1,644.58,4736.8,5343.9,9,142.09,4,45.7,48.6,45.5,50.0,42.0,44.4,45.94,0.0,D - Không đạt
202506,EMP_1065,DVKD_006,VUNG_1,907.59,4210.31,8243.52,10,170.72,5,53.8,50.2,58.1,58.8,57.1,50.0,55.76,0.0,D - Không đạt
202506,EMP_1066,DVKD_006,VUNG_1,940.07,6133.62,9513.13,11,199.85,7,105.4,103.2,111.9,110.0,127.0,116.7,111.05,13.64,B - Đạt
202506,EMP_1067,DVKD_006,VUNG_1,897.54,5234.61,8077.45,11,232.05,5,64.9,63.6,65.0,64.7,72.0,71.4,65.78,0.0,D - Không đạt
202506,EMP_1068,DVKD_006,VUNG_1,1609.47,8299.79,11904.88,20,403.48,8,110.4,110.7,108.5,117.6,124.3,133.3,112.58,14.71,B - Đạt
202506,EMP_1069,DVKD_006,VUNG_1,1778.98,9792.3,14881.28,20,381.1,7,107.6,104.5,108.8,117.6,110.7,100.0,109.02,13.95,B - Đạt
202506,EMP_1070,DVKD_006,VUNG_1,2565.31,14407.57,19161.78,19,427.81,15,150.1,153.7,167.2,135.7,170.7,187.5,158.27,24.49,A - Xuất sắc
202506,EMP_1071,DVKD_006,VUNG_1,2046.52,14126.7,21793.09,19,520.84,15,106.0,109.9,111.2,90.5,127.2,125.0,110.03,10.41,B - Đạt
202506,EMP_1072,DVKD_006,VUNG_1,991.24,5527.44,8430.08,10,196.49,4,105.3,97.0,97.5,90.9,109.5,100.0,100.52,13.02,B - Đạt
202506,EMP_1073,DVKD_007,VUNG_1,918.47,5571.42,6423.87,9,153.47,4,95.8,102.7,90.3,90.0,81.0,100.0,92.11,3.1,B - Đạt
202506,EMP_1074,DVKD_007,VUNG_1,784.45,4245.19,7279.38,7,180.58,4,74.0,81.8,80.0,70.0,87.3,80.0,78.86,0.0,C - Cần nỗ lực
202506,EMP_1075,DVKD_007,VUNG_1,1193.9,5758.14,11260.4,12,195.71,6,117.1,116.0,134.8,133.3,126.1,100.0,126.1,15.57,A - Xuất sắc
202506,EMP_1076,DVKD_007,VUNG_1,1555.02,6691.35,11926.51,12,301.36,7,63.0,62.3,61.2,63.2,64.6,58.3,62.52,0.0,D - Không đạt
202506,EMP_1077,DVKD_007,VUNG_1,1567.92,7179.32,12454.97,14,198.4,10,95.4,101.8,90.6,100.0,91.8,100.0,94.6,2.86,B - Đạt
202506,EMP_1078,DVKD_007,VUNG_1,1683.63,9554.01,13222.79,16,263.2,8,100.4,106.4,96.9,100.0,91.1,100.0,98.64,5.7,B - Đạt
202506,EMP_1079,DVKD_007,VUNG_1,873.81,4712.39,6392.68,7,193.66,5,97.7,94.7,96.2,100.0,125.5,83.3,101.12,12.91,B - Đạt
202506,EMP_1080,DVKD_007,VUNG_1,2254.78,11309.35,18282.27,23,439.24,12,137.1,134.9,145.1,143.8,161.8,133.3,143.94,24.92,A - Xuất sắc
202506,EMP_1081,DVKD_007,VUNG_1,818.25,4528.13,8195.86,7,228.97,4,91.9,98.0,100.6,77.8,114.0,100.0,97.76,3.12,B - Đạt
202506,EMP_1082,DVKD_007,VUNG_1,1969.1,10843.34,18491.21,24,249.77,10,93.4,96.7,103.2,96.0,90.6,111.1,97.16,5.99,B - Đạt
202506,EMP_1083,DVKD_008,VUNG_1,680.07,2969.01,5359.82,7,80.96,4,71.0,72.4,72.3,77.8,71.9,66.7,72.48,0.0,C - Cần nỗ lực
202506,EMP_1084,DVKD_008,VUNG_1,892.56,4389.47,7669.78,10,116.46,6,101.5,95.1,102.1,100.0,95.4,120.0,99.68,2.59,B - Đạt
202506,EMP_1085,DVKD_008,VUNG_1,1489.26,6911.89,15321.04,15,275.56,11,165.5,161.7,173.4,150.0,153.7,183.3,164.38,31.64,A - Xuất sắc
202506,EMP_1086,DVKD_008,VUNG_1,2482.16,11737.27,17227.8,23,488.11,11,152.7,148.1,153.0,164.3,168.1,137.5,155.59,32.55,A - Xuất sắc
202506,EMP_1087,DVKD_008,VUNG_1,2004.91,9762.8,17334.49,14,295.14,11,113.6,107.8,114.0,116.7,119.5,137.5,114.06,13.64,B - Đạt
202506,EMP_1088,DVKD_008,VUNG_1,1713.18,9285.29,18124.25,23,248.05,12,122.5,123.2,121.4,127.8,115.3,133.3,121.67,16.89,A - Xuất sắc
202506,EMP_1089,DVKD_008,VUNG_1,1135.24,4651.4,9752.36,10,156.78,6,112.6,113.5,109.1,100.0,119.3,120.0,111.25,13.42,B - Đạt
202506,EMP_1090,DVKD_008,VUNG_1,1631.48,10775.91,11830.64,15,205.27,11,103.7,110.5,103.0,115.4,103.4,110.0,105.6,13.57,B - Đạt
202506,EMP_1091,DVKD_008,VUNG_1,1730.65,8712.11,14596.59,18,409.06,9,110.3,103.6,99.4,105.9,119.4,90.0,106.41,8.99,B - Đạt
202506,EMP_1092,DVKD_008,VUNG_1,1423.06,10665.61,15289.37,12,262.81,7,98.9,108.2,108.8,92.3,82.3,100.0,100.61,12.2,B - Đạt
202506,EMP_1093,DVKD_008,VUNG_1,2067.09,11307.66,19618.42,21,395.9,12,93.3,98.4,93.1,87.5,89.0,92.3,92.77,2.09,B - Đạt
202506,EMP_1094,DVKD_008,VUNG_1,886.36,4256.75,8009.86,6,115.73,5,92.0,94.1,87.1,75.0,76.4,100.0,86.56,3.01,C - Cần nỗ lực
202506,EMP_1095,DVKD_008,VUNG_1,2881.93,15793.67,28594.79,23,638.09,15,122.0,117.4,132.8,127.8,136.8,136.4,127.89,11.07,A - Xuất sắc
202506,EMP_1096,DVKD_009,VUNG_2,948.9,5568.99,7793.43,12,273.0,4,105.9,107.2,108.5,120.0,137.5,100.0,113.15,12.16,B - Đạt
202506,EMP_1097,DVKD_009,VUNG_2,536.75,3414.19,5434.97,5,152.99,4,64.4,65.1,58.9,62.5,73.3,66.7,63.73,0.0,D - Không đạt
202506,EMP_1098,DVKD_009,VUNG_2,1201.19,5913.1,8541.87,10,194.03,6,111.3,117.2,123.0,125.0,101.7,100.0,116.21,12.12,B - Đạt
202506,EMP_1099,DVKD_009,VUNG_2,2035.35,12987.47,20317.75,21,315.52,10,96.9,93.6,96.3,95.5,125.5,100.0,100.34,14.67,B - Đạt
202506,EMP_1100,DVKD_009,VUNG_2,2672.98,11047.94,24360.41,22,348.54,11,151.2,155.5,166.3,169.2,140.5,122.2,157.32,30.37,A - Xuất sắc
202506,EMP_1101,DVKD_009,VUNG_2,2209.25,9445.31,15921.09,18,288.32,8,145.6,133.1,145.0,150.0,154.3,114.3,145.26,33.39,A - Xuất sắc
202506,EMP_1102,DVKD_009,VUNG_2,1428.9,7791.27,15230.04,15,264.66,9,73.7,73.1,81.1,71.4,95.2,90.0,79.19,0.0,C - Cần nỗ lực
202506,EMP_1103,DVKD_009,VUNG_2,1535.66,7176.04,13745.59,15,301.01,7,99.7,88.0,102.3,100.0,104.8,77.8,99.65,2.97,B - Đạt
202506,EMP_1104,DVKD_009,VUNG_2,1469.0,6789.03,13176.48,17,372.37,10,102.5,96.9,97.4,113.3,114.3,100.0,102.72,15.62,B - Đạt
202506,EMP_1105,DVKD_009,VUNG_2,2146.91,10927.64,16327.55,22,316.9,11,148.6,151.5,149.8,169.2,138.1,137.5,149.94,20.69,A - Xuất sắc
202506,EMP_1106,DVKD_009,VUNG_2,1546.23,7228.5,11969.61,13,224.1,6,106.9,97.0,97.6,100.0,90.7,85.7,99.04,5.21,B - Đạt
202506,EMP_1107,DVKD_009,VUNG_2,981.94,4542.16,10017.09,7,116.02,6,71.7,66.1,67.5,58.3,65.5,75.0,67.12,0.0,D - Không đạt
202506,EMP_1108,DVKD_009,VUNG_2,2280.24,11338.14,20274.18,30,401.21,14,113.1,107.3,115.3,120.0,112.5,127.3,113.6,12.81,B - Đạt
202506,EMP_1109,DVKD_009,VUNG_2,1550.0,9917.78,18072.51,13,282.08,10,113.0,119.3,116.7,100.0,95.9,111.1,111.38,11.54,B - Đạt
202506,EMP_1110,DVKD_010,VUNG_2,1102.83,4887.65,10296.59,11,136.36,6,113.6,102.6,119.0,100.0,88.7,120.0,108.75,12.53,B - Đạt
202506,EMP_1111,DVKD_010,VUNG_2,1344.62,7989.42,9249.09,13,204.65,9,142.7,142.5,138.0,144.4,110.5,150.0,136.37,28.05,A - Xuất sắc
202506,EMP_1112,DVKD_010,VUNG_2,915.79,4656.95,7672.3,9,197.18,4,95.3,89.6,97.0,100.0,101.6,80.0,96.45,4.11,B - Đạt
202506,EMP_1113,DVKD_010,VUNG_2,3210.32,19616.45,33281.55,31,454.87,19,148.8,153.1,156.3,129.2,152.5,158.3,150.66,30.26,A - Xuất sắc
202506,EMP_1114,DVKD_010,VUNG_2,1713.67,7275.48,11358.1,17,344.2,9,104.2,100.9,96.1,113.3,128.3,100.0,105.4,11.03,B - Đạt
202506,EMP_1115,DVKD_010,VUNG_2,1583.06,9601.67,15455.54,11,277.14,7,97.3,108.4,105.6,91.7,105.1,100.0,102.48,8.77,B - Đạt
202506,EMP_1116,DVKD_010,VUNG_2,1805.96,8753.22,16254.07,19,279.1,13,87.5,87.2,96.6,95.0,75.9,92.9,89.65,5.45,C - Cần nỗ lực
202506,EMP_1117,DVKD_010,VUNG_2,1689.09,6359.13,13464.05,14,308.05,7,164.3,149.9,156.5,155.6,170.2,140.0,159.42,34.47,A - Xuất sắc
202506,EMP_1118,DVKD_010,VUNG_2,1186.42,7299.64,7982.96,12,171.92,5,74.5,75.4,72.9,66.7,62.2,62.5,71.45,0.0,C - Cần nỗ lực
202506,EMP_1119,DVKD_010,VUNG_2,1064.69,6547.78,9315.28,13,150.45,6,71.4,73.0,77.7,81.2,77.7,60.0,75.77,0.0,C - Cần nỗ lực
202506,EMP_1120,DVKD_011,VUNG_2,1490.79,7534.55,11375.55,15,196.8,8,145.1,148.9,137.6,150.0,169.5,133.3,147.2,31.21,A - Xuất sắc
202506,EMP_1121,DVKD_011,VUNG_2,1191.85,5230.41,9119.27,9,214.08,6,121.4,115.3,119.9,112.5,149.7,120.0,123.31,15.14,A - Xuất sắc
202506,EMP_1122,DVKD_011,VUNG_2,1388.37,6555.91,11508.9,13,172.32,8,155.6,147.4,160.8,162.5,151.8,160.0,156.31,27.17,A - Xuất sắc
202506,EMP_1123,DVKD_011,VUNG_2,1477.82,9303.64,12750.97,13,198.3,8,101.0,94.8,107.2,92.9,79.8,100.0,98.25,5.51,B - Đạt
202506,EMP_1124,DVKD_011,VUNG_2,1182.51,5890.26,10315.66,14,260.09,5,59.8,60.3,56.5,63.6,60.1,50.0,59.14,0.0,D - Không đạt
202506,EMP_1125,DVKD_011,VUNG_2,1847.52,7848.97,12140.76,17,302.1,12,115.4,102.0,109.7,100.0,127.0,133.3,111.59,15.4,B - Đạt
202506,EMP_1126,DVKD_011,VUNG_2,1585.09,9093.62,12588.63,12,310.84,10,67.7,70.5,64.1,63.2,65.5,71.4,66.08,0.0,D - Không đạt
202506,EMP_1127,DVKD_011,VUNG_2,1489.85,9572.26,13029.11,15,214.83,8,96.0,97.6,98.1,93.8,86.9,100.0,95.39,3.57,B - Đạt
202506,EMP_1128,DVKD_011,VUNG_2,1532.2,8168.67,10773.86,15,350.14,6,85.8,85.1,80.5,88.2,103.8,85.7,86.78,3.87,C - Cần nỗ lực
202506,EMP_1129,DVKD_011,VUNG_2,1245.47,6103.78,11717.26,14,189.1,5,74.5,66.8,75.7,82.4,61.3,71.4,72.57,0.0,C - Cần nỗ lực
202506,EMP_1130,DVKD_011,VUNG_2,807.0,5329.21,7936.16,7,133.84,6,59.0,57.3,56.4,58.3,59.9,66.7,57.9,0.0,D - Không đạt
202506,EMP_1131,DVKD_011,VUNG_2,2472.74,13601.87,21566.2,29,413.21,10,108.5,115.9,99.7,116.0,94.6,90.9,105.19,11.52,B - Đạt
202506,EMP_1132,DVKD_011,VUNG_2,866.46,5224.44,7890.63,8,121.79,5,103.3,105.9,93.9,88.9,114.2,83.3,100.59,11.88,B - Đạt
202506,EMP_1133,DVKD_011,VUNG_2,2138.54,16660.91,25079.29,31,458.15,15,109.7,123.4,116.5,124.0,120.5,136.4,117.19,15.23,B - Đạt
202506,EMP_1134,DVKD_012,VUNG_2,849.32,5117.22,10733.61,9,155.33,7,102.1,104.8,116.4,112.5,103.2,116.7,108.72,14.94,B - Đạt
202506,EMP_1135,DVKD_012,VUNG_2,1146.73,7361.56,11384.33,12,254.52,5,128.7,124.8,143.9,120.0,155.1,100.0,136.52,29.73,A - Xuất sắc
202506,EMP_1136,DVKD_012,VUNG_2,1036.31,7589.05,12487.88,13,241.82,5,124.5,134.9,134.3,144.4,157.1,125.0,136.37,21.05,A - Xuất sắc
202506,EMP_1137,DVKD_012,VUNG_2,2390.25,12194.86,24023.14,29,439.33,11,117.0,111.0,118.1,126.1,108.0,110.0,116.04,13.89,B - Đạt
202506,EMP_1138,DVKD_012,VUNG_2,2060.63,10081.16,14678.73,21,349.16,12,87.1,86.9,91.6,87.5,85.9,92.3,88.5,5.7,C - Cần nỗ lực
202506,EMP_1139,DVKD_012,VUNG_2,962.45,5302.94,8104.24,9,168.19,5,100.0,100.9,103.0,90.0,100.1,83.3,100.2,14.32,B - Đạt
202506,EMP_1140,DVKD_012,VUNG_2,1777.31,10021.75,20521.9,20,503.97,11,129.1,133.9,141.3,142.9,146.9,137.5,138.14,32.71,A - Xuất sắc
202506,EMP_1141,DVKD_012,VUNG_2,1956.16,10759.98,20471.59,25,446.73,14,100.1,92.8,106.0,104.2,121.5,116.7,104.69,9.68,B - Đạt
202506,EMP_1142,DVKD_012,VUNG_2,1089.08,6610.23,10605.51,12,168.13,7,55.0,58.3,55.9,63.2,67.1,50.0,58.44,0.0,D - Không đạt
202506,EMP_1143,DVKD_012,VUNG_2,2030.49,13689.87,20376.39,15,331.09,11,144.6,140.1,144.9,125.0,125.2,122.2,139.16,27.83,A - Xuất sắc
202506,EMP_1144,DVKD_013,VUNG_2,943.56,4970.48,6953.03,8,185.89,6,106.3,114.5,103.4,100.0,130.4,120.0,109.5,9.23,B - Đạt
202506,EMP_1145,DVKD_013,VUNG_2,926.47,4818.48,6699.91,9,209.56,7,101.8,95.2,98.0,100.0,125.2,116.7,102.81,9.9,B - Đạt
202506,EMP_1146,DVKD_013,VUNG_2,1044.5,4501.27,7917.87,12,139.08,5,111.3,109.2,109.0,120.0,90.7,125.0,107.96,11.35,B - Đạt
202506,EMP_1147,DVKD_013,VUNG_2,2199.53,10187.25,15036.53,23,301.3,12,90.9,91.7,85.0,100.0,94.9,85.7,90.46,4.99,B - Đạt
202506,EMP_1148,DVKD_013,VUNG_2,1704.37,9655.41,11472.72,13,204.31,10,99.8,103.8,92.6,92.9,88.8,100.0,95.54,3.92,B - Đạt
202506,EMP_1149,DVKD_013,VUNG_2,2488.47,10886.16,14895.3,20,300.89,12,150.6,146.0,133.6,142.9,155.0,171.4,143.85,32.25,A - Xuất sắc
202506,EMP_1150,DVKD_013,VUNG_2,2618.6,15582.36,16951.65,20,402.7,12,162.0,159.9,155.1,153.8,166.8,150.0,159.17,25.31,A - Xuất sắc
202506,EMP_1151,DVKD_013,VUNG_2,1749.47,9321.61,16266.75,16,227.58,11,119.7,115.3,119.6,133.3,125.9,110.0,121.3,10.18,A - Xuất sắc
202506,EMP_1152,DVKD_013,VUNG_2,684.65,4375.74,6102.53,7,180.2,5,47.9,44.1,49.7,53.8,55.2,50.0,49.65,0.0,D - Không đạt
202506,EMP_1153,DVKD_013,VUNG_2,1570.91,9052.89,11286.45,18,268.29,8,101.5,90.9,94.3,105.9,84.4,88.9,95.27,3.39,B - Đạt
202506,EMP_1154,DVKD_013,VUNG_2,1894.34,8380.06,16054.76,15,347.92,11,114.7,107.3,125.1,115.4,141.1,110.0,121.26,12.52,A - Xuất sắc
202506,EMP_1155,DVKD_013,VUNG_2,1649.49,11048.93,15249.71,18,211.94,8,110.7,119.5,112.6,112.5,95.4,114.3,110.57,11.37,B - Đạt
202506,EMP_1156,DVKD_013,VUNG_2,1614.3,6266.91,11962.65,17,202.59,7,94.6,88.6,98.7,100.0,88.1,87.5,94.7,3.93,B - Đạt
202506,EMP_1157,DVKD_014,VUNG_2,1159.64,6790.5,8594.7,8,220.78,6,113.8,117.8,107.1,100.0,137.4,100.0,114.21,16.63,B - Đạt
202506,EMP_1158,DVKD_014,VUNG_2,1018.82,4627.95,6958.74,10,180.32,7,104.1,110.3,102.5,100.0,108.7,116.7,104.75,9.12,B - Đạt
202506,EMP_1159,DVKD_014,VUNG_2,938.45,4201.75,10072.45,8,127.74,4,105.0,101.5,114.7,100.0,90.3,80.0,105.16,8.7,B - Đạt
202506,EMP_1160,DVKD_014,VUNG_2,1641.82,8984.35,13384.76,14,302.11,10,113.0,113.5,120.9,107.7,103.4,100.0,113.87,13.22,B - Đạt
202506,EMP_1161,DVKD_014,VUNG_2,1640.89,9693.05,13807.1,12,241.11,9,109.4,109.4,104.3,100.0,134.0,90.0,110.36,16.14,B - Đạt
202506,EMP_1162,DVKD_014,VUNG_2,1894.62,12982.47,18763.69,20,406.66,14,127.0,135.3,131.8,133.3,146.5,140.0,133.48,25.66,A - Xuất sắc
202506,EMP_1163,DVKD_014,VUNG_2,1882.74,8602.18,13677.37,14,329.25,10,115.2,104.4,115.7,100.0,105.1,125.0,110.72,16.43,B - Đạt
202506,EMP_1164,DVKD_014,VUNG_2,1398.31,7490.39,13234.45,15,265.13,7,70.9,72.5,66.7,71.4,72.7,70.0,69.99,0.0,D - Không đạt
202506,EMP_1165,DVKD_014,VUNG_2,986.48,4638.17,7453.76,9,129.85,5,96.7,100.7,98.0,90.0,99.3,100.0,97.47,2.14,B - Đạt
202506,EMP_1166,DVKD_014,VUNG_2,1994.97,9179.09,18587.71,18,321.93,9,135.1,131.7,144.2,128.6,120.1,112.5,134.88,26.05,A - Xuất sắc
202506,EMP_1167,DVKD_014,VUNG_2,1909.49,9592.7,16301.91,21,306.69,10,96.7,88.4,90.4,84.0,74.9,90.9,88.71,4.78,C - Cần nỗ lực
202506,EMP_1168,DVKD_014,VUNG_2,2153.26,11392.9,17230.19,16,385.52,12,142.2,152.6,132.3,123.1,116.8,120.0,134.57,21.1,A - Xuất sắc
202506,EMP_1169,DVKD_014,VUNG_2,922.89,5800.56,8250.55,10,122.31,4,61.2,65.3,67.7,58.8,68.5,57.1,64.95,0.0,D - Không đạt
202506,EMP_1170,DVKD_015,VUNG_2,493.42,3187.67,3881.55,5,121.41,2,58.5,55.1,53.8,55.6,62.2,50.0,56.61,0.0,D - Không đạt
202506,EMP_1171,DVKD_015,VUNG_2,614.42,3187.7,4881.44,4,119.78,2,57.2,58.1,59.4,57.1,65.0,50.0,59.27,0.0,D - Không đạt
202506,EMP_1172,DVKD_015,VUNG_2,756.92,4109.7,6956.92,5,150.09,4,73.1,78.1,74.6,62.5,77.6,66.7,73.99,0.0,C - Cần nỗ lực
202506,EMP_1173,DVKD_015,VUNG_2,1704.83,7903.74,12331.92,21,276.48,12,109.2,96.3,107.3,116.7,116.1,120.0,108.39,16.81,B - Đạt
202506,EMP_1174,DVKD_015,VUNG_2,1076.81,6211.98,7584.55,9,186.06,4,63.1,68.6,62.0,69.2,76.3,57.1,66.13,0.0,D - Không đạt
202506,EMP_1175,DVKD_015,VUNG_2,2191.35,10802.96,22245.77,22,616.85,13,155.5,154.6,150.7,137.5,178.2,130.0,155.29,26.2,A - Xuất sắc
202506,EMP_1176,DVKD_015,VUNG_2,1876.72,10875.69,18591.66,21,262.86,7,90.3,86.7,97.2,84.0,85.2,70.0,90.78,3.03,B - Đạt
202506,EMP_1177,DVKD_015,VUNG_2,2282.99,13816.33,20327.12,25,302.18,12,160.8,161.0,162.4,156.2,138.9,171.4,157.65,33.0,A - Xuất sắc
202506,EMP_1178,DVKD_015,VUNG_2,3475.84,18595.84,24551.96,26,443.28,23,143.3,152.8,145.3,130.0,143.3,164.3,144.09,26.28,A - Xuất sắc
202506,EMP_1179,DVKD_015,VUNG_2,1679.06,9463.14,16220.5,17,292.18,9,112.9,104.7,107.4,106.2,123.3,112.5,110.63,14.05,B - Đạt
202506,EMP_1180,DVKD_015,VUNG_2,1372.14,6439.56,10618.88,11,172.95,9,62.1,64.1,58.6,61.1,63.6,69.2,61.3,0.0,D - Không đạt
202506,EMP_1181,DVKD_015,VUNG_2,1429.66,9343.2,13475.26,11,360.32,9,96.6,102.3,96.5,84.6,119.1,100.0,99.59,2.65,B - Đạt
202506,EMP_1182,DVKD_015,VUNG_2,1975.53,9998.09,19746.53,28,365.66,11,100.1,98.3,100.2,116.7,128.5,91.7,105.79,15.45,B - Đạt
202506,EMP_1183,DVKD_015,VUNG_2,1374.06,8202.42,12818.9,12,198.0,8,95.2,85.8,84.4,80.0,102.6,100.0,89.6,5.64,C - Cần nỗ lực
202506,EMP_1184,DVKD_016,VUNG_2,1072.85,5793.82,9188.63,7,130.26,7,104.1,106.4,105.8,87.5,119.2,116.7,105.64,8.62,B - Đạt
202506,EMP_1185,DVKD_016,VUNG_2,873.07,5378.05,6852.83,7,141.59,5,95.4,100.4,101.3,87.5,97.9,100.0,97.8,3.45,B - Đạt
202506,EMP_1186,DVKD_016,VUNG_2,1438.12,7814.26,10952.73,13,257.27,9,134.6,131.7,146.3,118.2,143.5,150.0,137.95,25.86,A - Xuất sắc
202506,EMP_1187,DVKD_016,VUNG_2,3405.26,18741.72,22163.17,36,533.74,22,153.0,153.3,144.2,156.5,168.6,169.2,152.66,32.48,A - Xuất sắc
202506,EMP_1188,DVKD_016,VUNG_2,1306.74,5802.59,13675.88,14,229.38,7,134.9,131.7,148.6,155.6,127.1,175.0,140.11,26.71,A - Xuất sắc
202506,EMP_1189,DVKD_016,VUNG_2,962.16,5601.99,7469.73,9,147.54,4,94.3,96.5,94.6,90.0,118.8,80.0,97.98,3.08,B - Đạt
202506,EMP_1190,DVKD_016,VUNG_2,1603.77,7568.22,17511.43,14,353.42,9,107.4,99.0,115.4,107.7,123.2,90.0,111.34,12.11,B - Đạt
202506,EMP_1191,DVKD_016,VUNG_2,1269.35,8252.37,11266.25,13,166.3,7,63.1,63.2,56.5,61.9,55.8,63.6,59.59,0.0,D - Không đạt
202506,EMP_1192,DVKD_016,VUNG_2,2157.7,9814.19,19995.85,17,245.81,9,128.0,132.6,135.5,121.4,134.9,128.6,131.69,29.98,A - Xuất sắc
202506,EMP_1193,DVKD_016,VUNG_2,2044.47,12894.85,18349.2,20,483.6,15,151.4,157.0,158.3,142.9,145.9,166.7,152.98,22.33,A - Xuất sắc
202506,EMP_1194,DVKD_016,VUNG_2,1680.3,8883.05,12444.35,16,344.44,9,94.4,98.4,98.4,94.1,118.1,112.5,99.92,3.5,B - Đạt
202506,EMP_1195,DVKD_016,VUNG_2,1939.92,11044.32,13565.95,14,255.09,10,113.7,116.7,114.6,93.3,107.1,125.0,111.43,14.32,B - Đạt
202506,EMP_1196,DVKD_016,VUNG_2,807.84,5682.62,6209.92,6,167.58,4,55.3,57.4,49.6,50.0,61.1,57.1,53.96,0.0,D - Không đạt
202506,EMP_1197,DVKD_016,VUNG_2,2150.56,10900.46,19750.67,22,276.17,12,134.4,145.1,141.1,146.7,115.9,150.0,136.81,26.21,A - Xuất sắc
202506,EMP_1198,DVKD_017,VUNG_3,1275.07,7349.1,11651.77,17,213.72,11,147.1,162.3,149.9,170.0,165.8,183.3,155.45,18.25,A - Xuất sắc
202506,EMP_1199,DVKD_017,VUNG_3,912.4,5553.5,7995.07,7,83.46,4,93.5,92.9,88.4,87.5,73.2,80.0,87.98,2.75,C - Cần nỗ lực
202506,EMP_1200,DVKD_017,VUNG_3,1090.94,6853.48,10746.91,14,224.53,7,121.0,118.2,123.7,140.0,147.1,116.7,127.34,15.62,A - Xuất sắc
202506,EMP_1201,DVKD_017,VUNG_3,1555.84,8411.83,13530.85,12,193.61,8,102.5,95.1,89.6,100.0,96.3,88.9,95.69,3.14,B - Đạt
202506,EMP_1202,DVKD_017,VUNG_3,852.28,5473.84,9421.09,10,168.57,6,44.8,44.7,51.5,55.6,44.1,50.0,48.11,0.0,D - Không đạt
202506,EMP_1203,DVKD_017,VUNG_3,1709.53,8962.83,15834.31,21,328.55,12,123.1,122.8,109.8,140.0,101.7,120.0,116.88,15.31,B - Đạt
202506,EMP_1204,DVKD_017,VUNG_3,851.72,4275.99,8633.56,9,184.66,5,94.2,94.0,92.4,90.0,112.0,83.3,95.79,3.72,B - Đạt
202506,EMP_1205,DVKD_017,VUNG_3,1623.02,8139.93,17944.09,20,320.45,10,115.2,109.0,122.1,117.6,96.0,100.0,114.05,16.3,B - Đạt
202506,EMP_1206,DVKD_017,VUNG_3,1416.28,7719.66,11149.56,15,202.06,8,149.2,155.3,148.9,166.7,133.1,160.0,149.34,31.93,A - Xuất sắc
202506,EMP_1207,DVKD_017,VUNG_3,1367.53,6471.71,14814.44,15,272.32,10,95.0,87.1,100.6,100.0,101.1,100.0,97.19,4.9,B - Đạt
202506,EMP_1208,DVKD_017,VUNG_3,637.68,3323.73,4903.09,4,105.16,3,61.1,57.5,67.2,57.1,75.0,75.0,64.38,0.0,D - Không đạt
202506,EMP_1209,DVKD_018,VUNG_3,530.46,2301.99,4449.78,5,62.83,2,51.8,49.9,48.3,45.5,57.1,40.0,50.45,0.0,D - Không đạt
202506,EMP_1210,DVKD_018,VUNG_3,876.34,4597.43,6400.79,9,147.76,5,91.5,91.4,85.5,90.0,94.8,100.0,89.73,3.43,C - Cần nỗ lực
202506,EMP_1211,DVKD_018,VUNG_3,933.17,6069.8,6971.45,7,218.51,5,97.6,102.8,107.4,87.5,118.7,100.0,103.97,10.0,B - Đạt
202506,EMP_1212,DVKD_018,VUNG_3,1325.95,8045.87,13737.99,11,242.37,8,96.8,91.6,90.6,84.6,111.0,100.0,94.76,2.59,B - Đạt
202506,EMP_1213,DVKD_018,VUNG_3,1025.11,5490.9,8850.5,11,257.01,5,115.4,113.6,114.0,122.2,125.2,125.0,116.79,9.78,B - Đạt
202506,EMP_1214,DVKD_018,VUNG_3,2271.42,10510.44,20063.06,16,354.37,14,129.1,136.1,142.2,133.3,112.9,140.0,132.72,31.04,A - Xuất sắc
202506,EMP_1215,DVKD_018,VUNG_3,1592.74,8139.57,14455.64,19,275.79,9,96.9,106.2,103.4,111.8,93.7,100.0,101.58,10.9,B - Đạt
202506,EMP_1216,DVKD_018,VUNG_3,1919.17,7918.53,14145.55,14,294.04,9,109.2,109.0,107.7,100.0,101.1,90.0,106.51,13.02,B - Đạt
202506,EMP_1217,DVKD_018,VUNG_3,1236.76,5926.39,10036.24,10,165.4,6,127.1,132.7,123.4,125.0,110.5,100.0,123.95,8.62,A - Xuất sắc
202506,EMP_1218,DVKD_018,VUNG_3,957.48,4894.05,6466.63,9,79.48,5,53.9,53.2,51.3,64.3,43.9,55.6,52.42,0.0,D - Không đạt
202506,EMP_1219,DVKD_018,VUNG_3,1469.03,7382.57,11298.12,15,221.43,8,147.9,137.5,133.2,166.7,121.5,133.3,139.11,30.51,A - Xuất sắc
202506,EMP_1220,DVKD_018,VUNG_3,718.64,4587.32,5503.03,7,121.81,3,72.0,80.7,73.2,87.5,91.3,75.0,78.17,0.0,C - Cần nỗ lực
202506,EMP_1221,DVKD_018,VUNG_3,1668.09,7306.54,14137.84,15,307.09,8,98.8,104.8,101.7,83.3,120.4,114.3,102.41,14.65,B - Đạt
202506,EMP_1222,DVKD_018,VUNG_3,1741.0,11663.33,13320.79,18,388.0,10,112.8,118.5,100.8,112.5,134.1,125.0,112.62,10.05,B - Đạt
202506,EMP_1223,DVKD_019,VUNG_3,572.64,2934.7,4945.03,4,118.62,3,58.7,62.6,63.5,57.1,57.4,60.0,60.61,0.0,D - Không đạt
202506,EMP_1224,DVKD_019,VUNG_3,910.7,6086.55,8054.33,7,152.56,5,105.0,106.8,104.3,87.5,86.7,100.0,100.53,10.02,B - Đạt
202506,EMP_1225,DVKD_019,VUNG_3,977.68,5255.73,6855.43,8,211.39,5,90.6,89.7,94.9,100.0,104.0,100.0,94.92,5.1,B - Đạt
202506,EMP_1226,DVKD_019,VUNG_3,1826.16,8591.84,12433.71,18,315.21,10,124.1,126.2,113.2,112.5,150.0,125.0,123.32,10.93,A - Xuất sắc
202506,EMP_1227,DVKD_019,VUNG_3,1309.28,6989.62,9803.17,13,180.63,6,76.5,73.7,77.9,76.5,87.6,75.0,78.23,0.0,C - Cần nỗ lực
202506,EMP_1228,DVKD_019,VUNG_3,1881.81,9412.06,16593.43,21,339.44,9,113.1,108.4,115.0,123.5,109.4,90.0,113.55,13.11,B - Đạt
202506,EMP_1229,DVKD_019,VUNG_3,2098.77,13787.09,20905.51,21,342.11,13,103.4,99.5,104.6,100.0,115.6,118.2,104.72,14.12,B - Đạt
202506,EMP_1230,DVKD_019,VUNG_3,1787.0,7869.73,14681.34,17,217.79,9,113.6,108.5,115.9,113.3,105.1,128.6,112.34,12.41,B - Đạt
202506,EMP_1231,DVKD_019,VUNG_3,1861.53,6792.85,14495.84,17,369.82,10,107.4,99.7,107.8,121.4,127.3,100.0,110.77,16.68,B - Đạt
202506,EMP_1232,DVKD_019,VUNG_3,1286.9,7541.52,10714.32,11,158.73,7,142.3,144.8,142.1,137.5,115.8,140.0,138.15,27.31,A - Xuất sắc
202506,EMP_1233,DVKD_019,VUNG_3,2091.22,10197.85,17669.19,22,490.53,15,137.2,148.6,130.1,129.4,151.2,150.0,137.75,26.65,A - Xuất sắc
202506,EMP_1234,DVKD_020,VUNG_3,852.11,4911.22,7974.38,9,172.45,6,94.7,97.8,99.3,100.0,102.3,100.0,98.44,2.35,B - Đạt
202506,EMP_1235,DVKD_020,VUNG_3,938.24,5122.47,10797.53,8,187.31,4,108.4,114.6,118.6,114.3,93.4,100.0,111.24,13.37,B - Đạt
202506,EMP_1236,DVKD_020,VUNG_3,1230.32,5929.57,9119.03,11,157.9,7,125.3,125.4,129.8,122.2,113.7,116.7,124.84,14.25,A - Xuất sắc
202506,EMP_1237,DVKD_020,VUNG_3,1503.14,7853.71,14130.46,19,205.5,7,94.5,89.5,100.5,105.6,81.3,77.8,94.98,2.28,B - Đạt
202506,EMP_1238,DVKD_020,VUNG_3,1365.93,9454.46,12689.08,14,252.31,4,88.2,95.6,88.5,82.4,101.1,66.7,90.77,3.93,B - Đạt
202506,EMP_1239,DVKD_020,VUNG_3,2251.05,11843.45,22573.94,23,406.26,12,109.2,105.6,109.0,100.0,132.9,109.1,111.23,12.07,B - Đạt
202506,EMP_1240,DVKD_020,VUNG_3,2745.73,15400.31,23920.8,19,522.63,11,109.2,118.2,119.3,111.8,114.2,91.7,115.09,11.73,B - Đạt
202506,EMP_1241,DVKD_020,VUNG_3,495.57,3190.96,3880.08,6,77.39,3,55.5,54.0,55.1,66.7,68.1,50.0,58.14,0.0,D - Không đạt
202506,EMP_1242,DVKD_020,VUNG_3,3775.12,20990.29,23176.25,40,517.02,15,156.6,154.7,138.6,166.7,144.7,150.0,149.24,24.75,A - Xuất sắc
202506,EMP_1243,DVKD_020,VUNG_3,1730.45,10176.76,16708.4,19,311.12,8,124.9,128.1,127.6,126.7,136.6,133.3,128.26,10.31,A - Xuất sắc
202506,EMP_1244,DVKD_020,VUNG_3,1448.93,9937.26,15546.43,16,175.66,7,96.8,100.3,105.0,106.7,89.5,100.0,100.09,15.51,B - Đạt
202506,EMP_1245,DVKD_020,VUNG_3,869.84,4665.43,6211.11,6,133.08,4,51.4,51.2,50.6,42.9,51.1,50.0,50.2,0.0,D - Không đạt
202506,EMP_1246,DVKD_020,VUNG_3,795.85,3581.04,5743.99,9,170.63,5,91.1,85.2,84.6,90.0,108.1,100.0,90.38,4.77,B - Đạt
202506,EMP_1247,DVKD_020,VUNG_3,1557.52,8416.89,13508.09,12,233.18,7,101.3,92.8,95.8,92.3,81.6,100.0,94.24,2.85,B - Đạt
202506,EMP_1248,DVKD_021,VUNG_3,1460.85,7282.78,12151.13,17,250.7,9,145.7,140.4,148.8,170.0,125.9,150.0,145.45,20.11,A - Xuất sắc
202506,EMP_1249,DVKD_021,VUNG_3,787.33,4239.04,8473.29,7,137.72,3,92.3,90.5,96.9,100.0,77.2,75.0,92.14,5.9,B - Đạt
202506,EMP_1250,DVKD_021,VUNG_3,1065.46,4201.7,8298.12,9,138.6,4,102.2,96.7,97.8,112.5,103.7,80.0,101.09,10.2,B - Đạt
202506,EMP_1251,DVKD_021,VUNG_3,1865.81,8424.08,12717.6,15,215.06,8,105.7,106.3,98.0,88.2,114.7,80.0,102.69,9.24,B - Đạt
202506,EMP_1252,DVKD_021,VUNG_3,1100.34,4892.19,11184.55,10,142.11,4,47.6,48.8,52.0,45.5,42.0,44.4,48.27,0.0,D - Không đạt
202506,EMP_1253,DVKD_021,VUNG_3,1621.87,8624.5,16222.06,15,362.94,9,108.7,100.8,109.4,100.0,109.6,112.5,107.03,12.2,B - Đạt
202506,EMP_1254,DVKD_021,VUNG_3,786.14,3667.36,5802.11,7,177.42,4,76.2,78.4,74.9,77.8,88.0,66.7,78.0,0.0,C - Cần nỗ lực
202506,EMP_1255,DVKD_021,VUNG_3,1178.06,6537.56,8198.8,10,164.75,6,66.3,71.0,64.5,71.4,63.9,75.0,66.53,0.0,D - Không đạt
202506,EMP_1256,DVKD_021,VUNG_3,2272.7,12094.39,22165.36,17,327.68,11,148.5,159.0,143.3,141.7,138.4,183.3,146.06,25.66,A - Xuất sắc
202506,EMP_1257,DVKD_021,VUNG_3,2586.56,16058.73,22977.96,18,404.53,13,156.6,164.4,154.4,138.5,161.0,162.5,155.85,33.14,A - Xuất sắc
202506,EMP_1258,DVKD_021,VUNG_3,1485.77,7140.21,12799.0,12,299.18,9,99.4,96.6,97.3,100.0,108.7,100.0,99.7,5.1,B - Đạt
202506,EMP_1259,DVKD_021,VUNG_3,1708.39,7467.19,15667.15,16,214.86,10,108.6,103.3,116.2,106.7,107.4,125.0,110.09,9.55,B - Đạt
202506,EMP_1260,DVKD_022,VUNG_3,659.13,2749.69,4042.66,4,141.89,4,65.3,63.2,62.2,57.1,79.5,80.0,65.21,0.0,D - Không đạt
202506,EMP_1261,DVKD_022,VUNG_3,446.72,3218.86,3789.05,5,99.26,3,54.4,55.6,54.4,50.0,64.4,60.0,55.64,0.0,D - Không đạt
202506,EMP_1262,DVKD_022,VUNG_3,966.34,4344.25,7336.22,6,169.51,5,98.2,88.5,86.8,85.7,117.0,100.0,94.32,4.99,B - Đạt
202506,EMP_1263,DVKD_022,VUNG_3,1856.88,12370.49,14744.64,19,325.14,11,89.2,92.5,81.8,86.4,106.5,84.6,89.42,5.38,C - Cần nỗ lực
202506,EMP_1264,DVKD_022,VUNG_3,1249.22,7091.92,10307.06,12,152.48,8,89.9,93.4,87.9,80.0,73.2,88.9,86.23,5.25,C - Cần nỗ lực
202506,EMP_1265,DVKD_022,VUNG_3,2012.94,8949.32,12450.21,14,405.09,9,114.8,118.2,114.3,116.7,120.5,90.0,116.18,15.21,B - Đạt
202506,EMP_1266,DVKD_022,VUNG_3,1726.1,9125.81,13184.03,14,324.0,8,109.3,102.1,103.6,100.0,120.9,100.0,107.03,9.69,B - Đạt
202506,EMP_1267,DVKD_022,VUNG_3,1072.15,5492.31,10581.22,9,228.22,5,113.5,114.6,124.7,112.5,138.5,125.0,121.23,14.13,A - Xuất sắc
202506,EMP_1268,DVKD_022,VUNG_3,1479.49,7866.59,14210.8,20,278.32,10,106.9,106.1,103.6,111.1,118.1,111.1,107.73,11.44,B - Đạt
202506,EMP_1269,DVKD_022,VUNG_3,1595.01,8426.78,17104.1,19,389.75,6,100.6,107.8,111.8,105.6,118.5,85.7,108.78,11.16,B - Đạt
202506,EMP_1270,DVKD_022,VUNG_3,958.37,5303.13,7171.64,7,127.85,5,101.4,97.3,106.5,87.5,90.3,100.0,99.52,2.66,B - Đạt
202506,EMP_1271,DVKD_022,VUNG_3,1956.48,11205.86,20300.08,17,422.09,12,127.0,127.7,131.2,130.8,121.4,120.0,128.12,15.01,A - Xuất sắc
202506,EMP_1272,DVKD_022,VUNG_3,1703.8,11020.12,13057.71,17,305.74,11,106.9,117.5,104.4,100.0,113.7,122.2,107.94,14.39,B - Đạt
202506,EMP_1273,DVKD_022,VUNG_3,1872.7,12069.47,20402.41,22,425.29,14,96.9,97.0,95.7,110.0,103.2,100.0,98.75,3.83,B - Đạt
202506,EMP_1274,DVKD_023,VUNG_3,1369.22,7415.97,12027.08,17,229.61,9,137.3,141.7,139.2,154.5,123.2,150.0,138.23,19.57,A - Xuất sắc
202506,EMP_1275,DVKD_023,VUNG_3,985.93,4408.39,7726.54,9,192.1,5,106.4,96.1,100.3,100.0,112.0,100.0,102.92,13.3,B - Đạt
202506,EMP_1276,DVKD_023,VUNG_3,1150.51,5477.12,7504.03,11,266.33,6,107.9,105.0,98.6,110.0,131.0,120.0,107.88,10.9,B - Đạt
202506,EMP_1277,DVKD_023,VUNG_3,1350.6,8769.47,12147.78,15,273.27,6,87.5,91.8,82.0,100.0,98.2,85.7,89.08,5.94,C - Cần nỗ lực
202506,EMP_1278,DVKD_023,VUNG_3,1659.1,9411.85,15320.16,21,200.95,11,105.9,103.1,111.7,116.7,105.3,110.0,108.5,11.61,B - Đạt
202506,EMP_1279,DVKD_023,VUNG_3,2141.88,15812.69,25376.35,23,267.59,12,108.6,113.4,123.1,109.5,101.4,92.3,113.4,8.95,B - Đạt
202506,EMP_1280,DVKD_023,VUNG_3,2398.33,14006.93,18306.72,22,536.64,12,144.8,140.2,148.8,137.5,183.0,171.4,150.51,23.57,A - Xuất sắc
202506,EMP_1281,DVKD_023,VUNG_3,1156.4,8040.57,12691.52,11,311.51,7,85.4,94.3,90.8,84.6,92.9,100.0,89.67,2.13,C - Cần nỗ lực
202506,EMP_1282,DVKD_023,VUNG_3,1779.63,8686.04,12727.91,12,289.43,9,102.4,109.0,114.0,100.0,129.8,112.5,111.32,16.77,B - Đạt
202506,EMP_1283,DVKD_023,VUNG_3,1828.53,7619.97,12944.28,17,244.15,11,107.0,103.7,105.6,94.4,109.8,122.2,105.17,11.02,B - Đạt
202506,EMP_1284,DVKD_023,VUNG_3,1902.25,10184.84,18662.54,21,480.63,12,95.8,102.5,107.4,105.0,120.2,120.0,105.44,13.03,B - Đạt
202506,EMP_1285,DVKD_023,VUNG_3,2567.32,15609.91,19332.56,21,418.05,12,126.9,124.3,125.8,116.7,143.6,120.0,127.61,9.08,A - Xuất sắc
202506,EMP_1286,DVKD_023,VUNG_3,2113.51,11791.17,20224.27,28,292.79,10,150.1,155.8,151.1,155.6,164.9,142.9,154.07,26.88,A - Xuất sắc
202506,EMP_1287,DVKD_024,VUNG_3,893.16,4516.16,8300.09,9,202.44,3,94.7,96.5,92.8,90.0,104.9,75.0,95.36,5.92,B - Đạt
202506,EMP_1288,DVKD_024,VUNG_3,935.0,4193.01,7611.42,7,169.79,7,105.8,95.6,110.5,87.5,124.6,116.7,106.91,12.89,B - Đạt
202506,EMP_1289,DVKD_024,VUNG_3,971.41,5238.71,8499.68,12,166.52,4,107.5,104.4,112.7,120.0,90.9,100.0,107.61,16.65,B - Đạt
202506,EMP_1290,DVKD_024,VUNG_3,924.15,5344.24,6734.77,9,131.93,5,53.1,54.5,50.7,52.9,46.0,50.0,51.38,0.0,D - Không đạt
202506,EMP_1291,DVKD_024,VUNG_3,1523.54,8168.84,10398.22,14,179.05,8,93.8,98.5,90.7,100.0,78.6,80.0,91.76,2.7,B - Đạt
202506,EMP_1292,DVKD_024,VUNG_3,859.01,6495.68,7160.85,9,151.96,5,103.1,111.6,109.9,100.0,86.7,125.0,103.98,16.13,B - Đạt
202506,EMP_1293,DVKD_024,VUNG_3,1303.24,7075.73,10298.0,14,201.48,8,56.2,55.9,61.5,56.0,46.8,66.7,56.58,0.0,D - Không đạt
202506,EMP_1294,DVKD_024,VUNG_3,2124.75,10451.44,17715.65,20,312.34,10,130.1,139.2,137.4,142.9,123.9,142.9,134.37,21.6,A - Xuất sắc
202506,EMP_1295,DVKD_024,VUNG_3,2960.87,16921.73,29577.19,27,540.21,22,150.3,152.2,137.7,135.0,168.3,157.1,147.34,22.96,A - Xuất sắc
202506,EMP_1296,DVKD_024,VUNG_3,1659.52,11178.57,11883.35,14,221.16,10,112.2,114.1,101.9,100.0,88.5,125.0,104.11,8.67,B - Đạt
202506,EMP_1297,DVKD_024,VUNG_3,1564.16,8126.23,13122.37,15,316.28,8,94.4,93.9,89.7,100.0,96.7,88.9,93.59,5.1,B - Đạt
202506,EMP_1298,DVKD_024,VUNG_3,1365.07,8907.69,13709.6,15,210.17,10,95.4,98.3,92.7,83.3,89.2,100.0,92.75,5.28,B - Đạt
